0,1,8330
1,1,9410
2,1,140
3,1,2370
4,1,560
5,1,40
6,1,1170
7,1,1360
8,1,2610
9,1,590
10,1,130
11,1,90
12,1,4170
13,1,11770
14,1,1520
15,1,9610
16,1,1810
17,1,150
18,1,690
19,1,3140
20,1,5730
21,1,9400
22,1,60
23,1,47320
24,1,3740
25,1,29700
26,1,1050
27,1,60
28,1,100
29,1,4510
30,1,11820
31,1,420
32,1,7450
33,1,60
34,1,1410
35,1,220
36,1,1490
37,1,1710
38,1,4000
39,1,4800
40,1,400
41,1,2070
42,1,16170
43,1,70
44,1,610
45,1,2890
46,1,560
47,1,17510
48,1,4520
49,1,250
50,1,490
51,1,930
52,1,4820
53,1,44320
54,1,2610
55,1,11390
56,1,920
57,1,4930
58,1,1100
59,1,260
60,1,220
61,1,5060
62,1,19810
63,1,550
64,1,350
65,1,670
66,1,130
67,1,270
68,1,1290
69,1,1450
70,1,120
71,1,2100
72,1,2100
73,1,3360
74,1,6130
75,1,50
76,1,1080
77,1,6920
78,1,8330
79,1,130
80,1,70
81,1,1150
82,1,730
83,1,2150
84,1,4830
85,1,10940
86,1,19710
87,1,860
88,1,500
89,1,480
90,1,15610
91,1,1080
92,1,7020
93,1,1340
94,1,2340
95,1,40210
96,1,410
97,1,20
98,1,370
99,1,10550
100,1,25330
101,1,27500
102,1,690
103,1,45450
104,1,4270
105,1,800
106,1,1270
107,1,54210
108,1,14110
109,1,87110
110,1,3480
111,1,30
112,1,19890
113,1,12280
114,1,3590
115,1,15400
116,1,40
117,1,6220
118,1,2370
119,1,42240
120,1,700
121,1,500000
122,1,1590
123,1,13800
124,1,7590
125,1,4420
126,1,46540
127,1,5880
128,1,35120
129,1,1810
130,1,90
131,1,3650
132,1,25800
133,1,45460
134,1,10050
135,1,1240
136,1,90
137,1,16170
138,1,870
139,1,1150
140,1,190
141,1,57430
142,1,570
143,1,3150
144,1,14110
145,1,20
146,1,560
147,1,8230
148,1,660
149,1,3670
150,1,8220
151,1,7390
152,1,37970
153,1,20690
154,1,2550
155,1,2730
156,1,200
157,1,15930
158,1,590
159,1,4190
160,1,1600
161,1,50
162,1,45110
163,1,600
164,1,810
165,1,890
166,1,1170
167,1,1360
168,1,4100
169,1,65940
170,1,4390
171,1,7150
172,1,21560
173,1,6340
174,1,150
175,1,1950
176,1,1960
177,1,2250
178,1,640
179,1,9020
180,1,830
181,1,2100
182,1,760
183,1,11590
184,1,4840
185,1,2590
186,1,3500
187,1,890
188,1,840
189,1,25250
190,1,5620
191,1,660
192,1,12960
193,1,20340
194,1,50
195,1,2410
196,1,510
197,1,4380
198,1,10990
199,1,160
200,1,140
201,1,510
202,1,4020
203,1,200
204,1,520
205,1,3300
206,1,74630
207,1,7410
208,1,60
209,1,4290
210,1,1050
211,1,16460
212,1,109270
213,1,150
214,1,500
215,1,890
216,1,4920
217,1,1470
218,1,5180
219,1,1880
220,1,3170
221,1,740
222,1,150
223,1,1170
224,1,20020
225,1,9600
226,1,7530
227,1,1330
228,1,450
229,1,1580
230,1,2380
231,1,5900
232,1,830
233,1,90
234,1,6040
235,1,16430
236,1,320
237,1,690
238,1,110
239,1,27030
240,1,10500
241,1,36680
242,1,2530
243,1,7970
244,1,18800
245,1,21470
246,1,3790
247,1,1040
248,1,1240
249,1,11180
250,1,25570
251,1,99190
252,1,900
253,1,29410
254,1,1260
255,1,100
256,1,880
257,1,1240
258,1,6070
259,1,41450
260,1,10
261,1,2210
262,1,1080
263,1,60
264,1,3490
265,1,14830
266,1,1700
267,1,2500
268,1,12680
269,1,1330
270,1,4840
271,1,66770
272,1,300
273,1,4910
274,1,290
275,1,7640
276,1,200
277,1,71920
278,1,74580
279,1,490
280,1,740
281,1,810
282,1,690
283,1,3290
284,1,60
285,1,3120
286,1,20
287,1,29190
288,1,690
289,1,290
290,1,100020
291,1,37710
292,1,7640
293,1,700
294,1,540
295,1,5010
296,1,4080
297,1,880
298,1,690
299,1,6050
300,1,210
301,1,85530
302,1,320
303,1,7180
304,1,8000
305,1,18380
306,1,1270
307,1,730
308,1,11300
309,1,310
310,1,5350
311,1,810
312,1,11870
313,1,1020
314,1,880
315,1,540
316,1,356250
317,1,120
318,1,1070
319,1,1490
320,1,3480
321,1,3660
322,1,200
323,1,6850
324,1,600
325,1,1190
326,1,180
327,1,460
328,1,2310
329,1,980
330,1,47670
331,1,8860
332,1,110
333,1,4150
334,1,18940
335,1,25300
336,1,70
337,1,90
338,1,670
339,1,1990
340,1,320
341,1,50
342,1,4410
343,1,860
344,1,3320
345,1,120
346,1,370
347,1,230
348,1,18500
349,1,25830
350,1,3050
351,1,4400
352,1,1490
353,1,2710
354,1,32870
355,1,3270
356,1,60
357,1,870
358,1,270
359,1,23950
360,1,1310
361,1,1690
362,1,54270
363,1,1780
364,1,13230
365,1,13520
366,1,730
367,1,500000
368,1,420
369,1,30
370,1,1030
371,1,1530
372,1,3930
373,1,1880
374,1,2110
375,1,34310
376,1,770
377,1,8850
378,1,27330
379,1,6170
380,1,7190
381,1,150
382,1,2270
383,1,1600
384,1,910
385,1,1280
386,1,2670
387,1,1700
388,1,11870
389,1,7020
390,1,7420
391,1,12520
392,1,6750
393,1,24220
394,1,1920
395,1,10920
396,1,3060
397,1,390
398,1,30
399,1,80
400,1,4000
401,1,1560
402,1,110
403,1,9040
404,1,390
405,1,2070
406,1,7040
407,1,3400
408,1,6790
409,1,18280
410,1,10610
411,1,2440
412,1,300
413,1,1860
414,1,2650
415,1,100
416,1,35210
417,1,3720
418,1,2160
419,1,3160
420,1,540
421,1,2450
422,1,310
423,1,430
424,1,200
425,1,31590
426,1,25590
427,1,6980
428,1,7160
429,1,24080
430,1,2350
431,1,7500
432,1,13190
433,1,1760
434,1,270
435,1,4270
436,1,130
437,1,1160
438,1,1590
439,1,1890
440,1,480
441,1,350
442,1,4530
443,1,1450
444,1,6740
445,1,1970
446,1,5560
447,1,1080
448,1,12100
449,1,2510
450,1,8990
451,1,9500
452,1,40
453,1,280
454,1,3400
455,1,210
456,1,4020
457,1,2140
458,1,29700
459,1,140
460,1,920
461,1,1760
462,1,890
463,1,9070
464,1,6710
465,1,460
466,1,3560
467,1,4170
468,1,260
469,1,5200
470,1,8550
471,1,40370
472,1,170
473,1,7470
474,1,79000
475,1,1850
476,1,300
477,1,14880
478,1,26600
479,1,1210
480,1,60530
481,1,5830
482,1,5370
483,1,30
484,1,760
485,1,9000
486,1,8480
487,1,520
488,1,8690
489,1,45440
490,1,23430
491,1,26410
492,1,65740
493,1,1200
494,1,6090
495,1,21400
496,1,1840
497,1,70
498,1,920
499,1,650
500,1,14620
501,1,5190
502,1,10070
503,1,9090
504,1,44530
505,1,19260
506,1,530
507,1,60
508,1,6500
509,1,430
510,1,33660
511,1,770
512,1,5160
513,1,12640
514,1,4300
515,1,3000
516,1,17400
517,1,30410
518,1,870
519,1,370
520,1,13680
521,1,6120
522,1,12590
523,1,2900
524,1,180
525,1,1570
526,1,2310
527,1,3500
528,1,100
529,1,6280
530,1,2080
531,1,250
532,1,3000
533,1,25760
534,1,1780
535,1,1320
536,1,25500
537,1,10
538,1,10
539,1,1960
540,1,4180
541,1,1340
542,1,140
543,1,400
544,1,60
545,1,1370
546,1,150
547,1,3480
548,1,2670
549,1,9980
550,1,790
551,1,590
552,1,330
553,1,3630
554,1,1770
555,1,4340
556,1,300
557,1,4850
558,1,8370
559,1,24660
560,1,5180
561,1,9420
562,1,3900
563,1,65440
564,1,12520
565,1,63080
566,1,60
567,1,7800
568,1,200
569,1,90
570,1,80
571,1,1410
572,1,15420
573,1,4220
574,1,670
575,1,77920
576,1,780
577,1,990
578,1,55390
579,1,2080
580,1,13050
581,1,2080
582,1,560
583,1,580
584,1,290
585,1,1890
586,1,79960
587,1,3610
588,1,840
589,1,30870
590,1,4330
591,1,500000
592,1,7950
593,1,1310
594,1,3290
595,1,1010
596,1,6650
597,1,10240
598,1,29200
599,1,6980
600,1,6360
601,1,8760
602,1,150
603,1,3130
604,1,53300
605,1,3570
606,1,5030
607,1,70
608,1,26100
609,1,850
610,1,2620
611,1,1930
612,1,14480
613,1,660
614,1,1360
615,1,140
616,1,1070
617,1,4500
618,1,3190
619,1,940
620,1,2780
621,1,960
622,1,210
623,1,710
624,1,4720
625,1,1030
626,1,800
627,1,100
628,1,1560
629,1,570
630,1,3320
631,1,13260
632,1,3060
633,1,3640
634,1,6770
635,1,1560
636,1,1700
637,1,8360
638,1,1620
639,1,1230
640,1,100
641,1,2590
642,1,1800
643,1,600
644,1,5080
645,1,1200
646,1,1100
647,1,76120
648,1,6810
649,1,6660
650,1,520
651,1,1520
652,1,18670
653,1,770
654,1,870
655,1,1200
656,1,1270
657,1,1260
658,1,19230
659,1,2120
660,1,50
661,1,170
662,1,230
663,1,7670
664,1,280
665,1,260
666,1,1730
667,1,2590
668,1,22060
669,1,50
670,1,1850
671,1,150
672,1,260
673,1,12720
674,1,410
675,1,9120
676,1,1100
677,1,32230
678,1,1000
679,1,230
680,1,90
681,1,5630
682,1,2600
683,1,12140
684,1,12060
685,1,3920
686,1,660
687,1,2260
688,1,610
689,1,130
690,1,6130
691,1,500000
692,1,90
693,1,4110
694,1,13210
695,1,830
696,1,410
697,1,30
698,1,1550
699,1,1860
700,1,300
701,1,2100
702,1,50
703,1,64380
704,1,1840
705,1,30
706,1,110
707,1,1500
708,1,220
709,1,30
710,1,100
711,1,720
712,1,920
713,1,27700
714,1,500
715,1,150
716,1,2010
717,1,1770
718,1,3310
719,1,2220
720,1,29640
721,1,540
722,1,520
723,1,3530
724,1,4520
725,1,70
726,1,3620
727,1,510
728,1,1170
729,1,110
730,1,2370
731,1,2390
732,1,12280
733,1,200
734,1,30
735,1,2030
736,1,430
737,1,1380
738,1,1670
739,1,17630
740,1,423350
741,1,1610
742,1,1120
743,1,30750
744,1,72170
745,1,530
746,1,300
747,1,600
748,1,960
749,1,1680
750,1,7810
751,1,160
752,1,10210
753,1,1220
754,1,120
755,1,310
756,1,670
757,1,1490
758,1,35900
759,1,3760
760,1,900
761,1,670
762,1,410
763,1,480
764,1,580
765,1,64280
766,1,800
767,1,500000
768,1,3010
769,1,3280
770,1,2260
771,1,1140
772,1,230
773,1,640
774,1,2030
775,1,320
776,1,24380
777,1,8300
778,1,100400
779,1,150
780,1,1790
781,1,4230
782,1,50080
783,1,11360
784,1,90
785,1,640
786,1,25430
787,1,1430
788,1,380
789,1,5190
790,1,2450
791,1,1890
792,1,9000
793,1,150
794,1,10690
795,1,1700
796,1,7670
797,1,1180
798,1,500000
799,1,40
800,1,7200
801,1,760
802,1,180
803,1,890
804,1,1400
805,1,3490
806,1,6370
807,1,2310
808,1,3850
809,1,730
810,1,1280
811,1,9780
812,1,8440
813,1,3070
814,1,2250
815,1,50
816,1,7050
817,1,270
818,1,13780
819,1,30
820,1,60
821,1,14120
822,1,280
823,1,180
824,1,430
825,1,6500
826,1,11930
827,1,22890
828,1,9580
829,1,600
830,1,130
831,1,32230
832,1,4800
833,1,8430
834,1,420
835,1,90
836,1,100
837,1,1330
838,1,1050
839,1,34280
840,1,8660
841,1,3000
842,1,2670
843,1,830
844,1,5570
845,1,196660
846,1,8090
847,1,11780
848,1,1540
849,1,4320
850,1,6210
851,1,6360
852,1,3670
853,1,400
854,1,620
855,1,5160
856,1,2290
857,1,110
858,1,3110
859,1,5170
860,1,4490
861,1,5640
862,1,10440
863,1,5950
864,1,420
865,1,6240
866,1,39410
867,1,710
868,1,450
869,1,560
870,1,980
871,1,410
872,1,60
873,1,170
874,1,3240
875,1,4890
876,1,730
877,1,1070
878,1,830
879,1,24320
880,1,1510
881,1,1590
882,1,3310
883,1,4240
884,1,13080
885,1,220
886,1,430
887,1,40300
888,1,520
889,1,17460
890,1,3440
891,1,9590
892,1,70
893,1,2110
894,1,80
895,1,1250
896,1,4560
897,1,6300
898,1,460
899,1,1550
900,1,200
901,1,74060
902,1,10860
903,1,3830
904,1,480
905,1,110
906,1,6930
907,1,74050
908,1,1520
909,1,4630
910,1,8150
911,1,8260
912,1,2170
913,1,150
914,1,500
915,1,3940
916,1,5820
917,1,20880
918,1,4870
919,1,20800
920,1,14290
921,1,60
922,1,4510
923,1,130
924,1,2030
925,1,6430
926,1,270
927,1,84440
928,1,670
929,1,111630
930,1,34490
931,1,84920
932,1,320
933,1,2000
934,1,49120
935,1,950
936,1,950
937,1,5040
938,1,2330
939,1,1310
940,1,11280
941,1,240
942,1,1300
943,1,1080
944,1,91180
945,1,17230
946,1,1850
947,1,5440
948,1,20100
949,1,2270
950,1,41430
951,1,230
952,1,790
953,1,82560
954,1,2110
955,1,2540
956,1,6260
957,1,660
958,1,1260
959,1,12000
960,1,1740
961,1,9310
962,1,6200
963,1,2360
964,1,420
965,1,530
966,1,3540
967,1,90
968,1,13550
969,1,510
970,1,13460
971,1,8860
972,1,2980
973,1,6710
974,1,1300
975,1,10890
976,1,16260
977,1,840
978,1,20
979,1,540
980,1,1250
981,1,3430
982,1,39850
983,1,8220
984,1,1010
985,1,1070
986,1,3270
987,1,3760
988,1,2860
989,1,99120
990,1,4360
991,1,3170
992,1,600
993,1,12390
994,1,3730
995,1,2300
996,1,28650
997,1,9270
998,1,7100
999,1,2170
1000,1,190
1001,1,1510
1002,1,15550
1003,1,5050
1004,1,280
1005,1,2040
1006,1,12960
1007,1,30
1008,1,14560
1009,1,41760
1010,1,1060
1011,1,25850
1012,1,6670
1013,1,5140
1014,1,6000
1015,1,3100
1016,1,2000
1017,1,140
1018,1,1110
1019,1,160
1020,1,12950
1021,1,3280
1022,1,6570
1023,1,1630
1024,1,260000
1025,1,590
1026,1,6680
1027,1,23450
1028,1,2440
1029,1,1020
1030,1,8580
1031,1,1820
1032,1,4650
1033,1,6680
1034,1,7730
1035,1,450
1036,1,1600
1037,1,500
1038,1,20380
1039,1,220
1040,1,26210
1041,1,730
1042,1,17660
1043,1,24360
1044,1,1390
1045,1,4320
1046,1,290
1047,1,380
1048,1,40160
1049,1,60
1050,1,2090
1051,1,9840
1052,1,5610
1053,1,990
1054,1,45660
1055,1,1300
1056,1,5840
1057,1,50
1058,1,110
1059,1,43420
1060,1,3490
1061,1,540
1062,1,500000
1063,1,340
1064,1,3360
1065,1,950
1066,1,36250
1067,1,60
1068,1,2550
1069,1,19900
1070,1,76780
1071,1,14950
1072,1,3690
1073,1,560
1074,1,160
1075,1,4790
1076,1,1080
1077,1,13030
1078,1,17500
1079,1,7170
1080,1,1160
1081,1,70
1082,1,5030
1083,1,5370
1084,1,4600
1085,1,810
1086,1,28420
1087,1,150
1088,1,1910
1089,1,3010
1090,1,1160
1091,1,109930
1092,1,540
1093,1,1720
1094,1,280
1095,1,340
1096,1,2290
1097,1,4640
1098,1,1000
1099,1,2280
1100,1,8710
1101,1,3100
1102,1,170
1103,1,7690
1104,1,3300
1105,1,1730
1106,1,230
1107,1,2880
1108,1,1100
1109,1,11670
1110,1,3500
1111,1,16140
1112,1,220
1113,1,26820
1114,1,580
1115,1,5650
1116,1,5060
1117,1,1640
1118,1,440
1119,1,16040
1120,1,8930
1121,1,500
1122,1,30
1123,1,2550
1124,1,6350
1125,1,135780
1126,1,2770
1127,1,44590
1128,1,5960
1129,1,520
1130,1,6110
1131,1,2950
1132,1,1750
1133,1,540
1134,1,20
1135,1,4120
1136,1,3550
1137,1,3000
1138,1,16440
1139,1,500000
1140,1,1880
1141,1,730
1142,1,70
1143,1,200
1144,1,4430
1145,1,72000
1146,1,740
1147,1,4910
1148,1,20
1149,1,230
1150,1,830
1151,1,480
1152,1,2230
1153,1,100
1154,1,510
1155,1,12460
1156,1,2060
1157,1,15900
1158,1,370
1159,1,150
1160,1,69090
1161,1,17240
1162,1,10190
1163,1,460
1164,1,81840
1165,1,18870
1166,1,25770
1167,1,20
1168,1,1240
1169,1,2530
1170,1,7710
1171,1,21240
1172,1,1070
1173,1,1810
1174,1,2050
1175,1,25050
1176,1,2640
1177,1,7740
1178,1,1410
1179,1,30
1180,1,8480
1181,1,8180
1182,1,1710
1183,1,210
1184,1,4690
1185,1,13990
1186,1,220
1187,1,740
1188,1,2610
1189,1,3140
1190,1,5180
1191,1,2270
1192,1,29250
1193,1,1000
1194,1,1610
1195,1,12480
1196,1,5540
1197,1,8810
1198,1,1190
1199,1,3190
1200,1,150
1201,1,2370
1202,1,12300
1203,1,790
1204,1,1590
1205,1,12880
1206,1,4900
1207,1,1900
1208,1,15920
1209,1,540
1210,1,1530
1211,1,140
1212,1,700
1213,1,33080
1214,1,350
1215,1,220590
1216,1,62880
1217,1,200
1218,1,820
1219,1,3290
1220,1,480
1221,1,480
1222,1,1730
1223,1,1610
1224,1,6040
1225,1,1170
1226,1,9470
1227,1,60
1228,1,310
1229,1,590
1230,1,3620
1231,1,20
1232,1,90
1233,1,720
1234,1,33440
1235,1,1800
1236,1,440
1237,1,1060
1238,1,22000
1239,1,4190
1240,1,80
1241,1,240
1242,1,500000
1243,1,70
1244,1,780
1245,1,650
1246,1,3320
1247,1,11360
1248,1,170
1249,1,20
1250,1,73340
1251,1,1340
1252,1,13800
1253,1,51410
1254,1,1550
1255,1,100
1256,1,10650
1257,1,4750
1258,1,340
1259,1,410
1260,1,50
1261,1,90
1262,1,5050
1263,1,17300
1264,1,8040
1265,1,20350
1266,1,2920
1267,1,90
1268,1,470
1269,1,7840
1270,1,760
1271,1,2680
1272,1,3260
1273,1,50
1274,1,16410
1275,1,1350
1276,1,4540
1277,1,400
1278,1,14980
1279,1,35560
1280,1,100
1281,1,17300
1282,1,10330
1283,1,3270
1284,1,1400
1285,1,4920
1286,1,2540
1287,1,13250
1288,1,1660
1289,1,19260
1290,1,246920
1291,1,120
1292,1,920
1293,1,333180
1294,1,1440
1295,1,13390
1296,1,2230
1297,1,210
1298,1,500000
1299,1,2030
1300,1,1520
1301,1,5440
1302,1,11170
1303,1,9470
1304,1,940
1305,1,19750
1306,1,16520
1307,1,990
1308,1,330
1309,1,740
1310,1,60
1311,1,38760
1312,1,1060
1313,1,10240
1314,1,560
1315,1,980
1316,1,110
1317,1,480
1318,1,16010
1319,1,1560
1320,1,2550
1321,1,12100
1322,1,5190
1323,1,610
1324,1,3160
1325,1,3010
1326,1,690
1327,1,600
1328,1,300
1329,1,19810
1330,1,2060
1331,1,500
1332,1,6300
1333,1,7100
1334,1,7030
1335,1,1720
1336,1,20
1337,1,32590
1338,1,24340
1339,1,340
1340,1,5940
1341,1,910
1342,1,26220
1343,1,990
1344,1,180
1345,1,3070
1346,1,2060
1347,1,11820
1348,1,220
1349,1,270
1350,1,18180
1351,1,3100
1352,1,10
1353,1,880
1354,1,1030
1355,1,42200
1356,1,57180
1357,1,27620
1358,1,1040
1359,1,12440
1360,1,3900
1361,1,4790
1362,1,840
1363,1,1390
1364,1,40470
1365,1,160
1366,1,270
1367,1,2860
1368,1,22400
1369,1,29350
1370,1,7420
1371,1,24460
1372,1,180
1373,1,1070
1374,1,3360
1375,1,6980
1376,1,2360
1377,1,500000
1378,1,30
1379,1,6560
1380,1,370
1381,1,3590
1382,1,1270
1383,1,14730
1384,1,1440
1385,1,6600
1386,1,2870
1387,1,6610
1388,1,1110
1389,1,1320
1390,1,6840
1391,1,6000
1392,1,7220
1393,1,90
1394,1,30
1395,1,360
1396,1,9150
1397,1,33970
1398,1,43270
1399,1,3600
1400,1,1810
1401,1,4000
1402,1,10910
1403,1,1400
1404,1,2090
1405,1,410
1406,1,20
1407,1,3190
1408,1,10
1409,1,21150
1410,1,8120
1411,1,11450
1412,1,13460
1413,1,3530
1414,1,60
1415,1,270
1416,1,10
1417,1,13600
1418,1,560
1419,1,10890
1420,1,370
1421,1,10240
1422,1,20060
1423,1,1360
1424,1,470
1425,1,440
1426,1,8640
1427,1,1170
1428,1,8240
1429,1,70
1430,1,650
1431,1,70
1432,1,300
1433,1,310
1434,1,13450
1435,1,500
1436,1,2080
1437,1,20450
1438,1,30
1439,1,100
1440,1,11370
1441,1,20
1442,1,5970
1443,1,10230
1444,1,150
1445,1,200
1446,1,1400
1447,1,8510
1448,1,970
1449,1,10
1450,1,100
1451,1,8100
1452,1,2870
1453,1,20010
1454,1,1000
1455,1,2490
1456,1,4230
1457,1,400
1458,1,7190
1459,1,1170
1460,1,1030
1461,1,340290
1462,1,2040
1463,1,2000
1464,1,950
1465,1,21540
1466,1,7140
1467,1,138020
1468,1,64420
1469,1,2290
1470,1,10220
1471,1,110
1472,1,50
1473,1,1590
1474,1,2440
1475,1,340
1476,1,4700
1477,1,6060
1478,1,1470
1479,1,60400
1480,1,6010
1481,1,5920
1482,1,900
1483,1,40530
1484,1,100
1485,1,2600
1486,1,4540
1487,1,3110
1488,1,100
1489,1,450
1490,1,1620
1491,1,4320
1492,1,130
1493,1,40360
1494,1,480
1495,1,16060
1496,1,140
1497,1,18670
1498,1,6960
1499,1,300
1500,1,7270
1501,1,1670
1502,1,620
1503,1,48390
1504,1,1210
1505,1,31500
1506,1,100
1507,1,30
1508,1,1850
1509,1,1300
1510,1,2090
1511,1,940
1512,1,570
1513,1,1580
1514,1,25220
1515,1,41420
1516,1,400
1517,1,121420
1518,1,2020
1519,1,1330
1520,1,7700
1521,1,3820
1522,1,430
1523,1,80
1524,1,2710
1525,1,270
1526,1,320
1527,1,330
1528,1,270
1529,1,14200
1530,1,5030
1531,1,1520
1532,1,15340
1533,1,15920
1534,1,4880
1535,1,3040
1536,1,340
1537,1,1230
1538,1,10600
1539,1,2100
1540,1,1000
1541,1,410
1542,1,120
1543,1,14850
1544,1,120
1545,1,4220
1546,1,290
1547,1,390
1548,1,3520
1549,1,3570
1550,1,660
1551,1,2560
1552,1,4140
1553,1,40
1554,1,630
1555,1,60
1556,1,2340
1557,1,6180
1558,1,360
1559,1,18500
1560,1,57120
1561,1,180
1562,1,4610
1563,1,500000
1564,1,2550
1565,1,4180
1566,1,35480
1567,1,2950
1568,1,4060
1569,1,350
1570,1,1450
1571,1,3460
1572,1,22080
1573,1,90
1574,1,6810
1575,1,3780
1576,1,2830
1577,1,300
1578,1,18380
1579,1,6140
1580,1,9510
1581,1,2420
1582,1,50
1583,1,39420
1584,1,440
1585,1,410
1586,1,2630
1587,1,1330
1588,1,2610
1589,1,30
1590,1,75230
1591,1,320
1592,1,210
1593,1,4280
1594,1,4330
1595,1,4710
1596,1,4480
1597,1,19400
1598,1,1200
1599,1,240
1600,1,6820
1601,1,8310
1602,1,1090
1603,1,380
1604,1,31450
1605,1,3380
1606,1,13540
1607,1,330
1608,1,9300
1609,1,1710
1610,1,40580
1611,1,10170
1612,1,130
1613,1,910
1614,1,1920
1615,1,660
1616,1,2770
1617,1,30
1618,1,170
1619,1,6010
1620,1,3970
1621,1,1630
1622,1,4160
1623,1,3130
1624,1,90
1625,1,21700
1626,1,2020
1627,1,80
1628,1,2390
1629,1,20210
1630,1,23670
1631,1,320
1632,1,40
1633,1,450
1634,1,870
1635,1,740
1636,1,1040
1637,1,14540
1638,1,30350
1639,1,4130
1640,1,63650
1641,1,1220
1642,1,15430
1643,1,300
1644,1,530
1645,1,600
1646,1,2250
1647,1,2320
1648,1,2270
1649,1,720
1650,1,42810
1651,1,690
1652,1,4650
1653,1,20
1654,1,2980
1655,1,7470
1656,1,2350
1657,1,2240
1658,1,1090
1659,1,1630
1660,1,940
1661,1,2340
1662,1,6470
1663,1,11300
1664,1,1660
1665,1,620
1666,1,1880
1667,1,100
1668,1,9330
1669,1,9570
1670,1,46980
1671,1,240
1672,1,2270
1673,1,85750
1674,1,600
1675,1,2920
1676,1,5100
1677,1,30
1678,1,12740
1679,1,1100
1680,1,40
1681,1,22740
1682,1,570
1683,1,7120
1684,1,3000
1685,1,15320
1686,1,2190
1687,1,4530
1688,1,25240
1689,1,54380
1690,1,500
1691,1,280
1692,1,25710
1693,1,300
1694,1,10020
1695,1,1000
1696,1,3190
1697,1,120
1698,1,1740
1699,1,8760
1700,1,4450
1701,1,730
1702,1,3850
1703,1,290
1704,1,1230
1705,1,690
1706,1,1920
1707,1,27700
1708,1,1280
1709,1,7700
1710,1,9700
1711,1,2450
1712,1,22860
1713,1,14220
1714,1,6830
1715,1,310
1716,1,1490
1717,1,10560
1718,1,350
1719,1,770
1720,1,4570
1721,1,3840
1722,1,3450
1723,1,980
1724,1,120
1725,1,190
1726,1,14670
1727,1,32690
1728,1,11840
1729,1,5830
1730,1,1000
1731,1,80
1732,1,6250
1733,1,1380
1734,1,3130
1735,1,1230
1736,1,11620
1737,1,930
1738,1,100
1739,1,2340
1740,1,4370
1741,1,4050
1742,1,630
1743,1,6000
1744,1,9180
1745,1,8460
1746,1,900
1747,1,140
1748,1,3210
1749,1,4600
1750,1,770
1751,1,8100
1752,1,570
1753,1,780
1754,1,2690
1755,1,7680
1756,1,4790
1757,1,280
1758,1,930
1759,1,1600
1760,1,750
1761,1,180
1762,1,11180
1763,1,2020
1764,1,700
1765,1,4030
1766,1,550
1767,1,2850
1768,1,107910
1769,1,620
1770,1,680
1771,1,7560
1772,1,19880
1773,1,27150
1774,1,1010
1775,1,500000
1776,1,450
1777,1,10360
1778,1,6070
1779,1,4270
1780,1,120
1781,1,2270
1782,1,4160
1783,1,190
1784,1,24510
1785,1,750
1786,1,60
1787,1,4500
1788,1,540
1789,1,40
1790,1,21630
1791,1,6940
1792,1,6330
1793,1,18200
1794,1,70
1795,1,10220
1796,1,2530
1797,1,1230
1798,1,510
1799,1,910
1800,1,2720
1801,1,1970
1802,1,1930
1803,1,340
1804,1,5330
1805,1,160
1806,1,3120
1807,1,120
1808,1,6120
1809,1,3820
1810,1,40
1811,1,1700
1812,1,9220
1813,1,4220
1814,1,230
1815,1,5210
1816,1,520
1817,1,60
1818,1,1210
1819,1,10010
1820,1,720
1821,1,4920
1822,1,9240
1823,1,2690
1824,1,18100
1825,1,21760
1826,1,50
1827,1,236780
1828,1,40
1829,1,9240
1830,1,1820
1831,1,3510
1832,1,880
1833,1,2180
1834,1,12330
1835,1,1880
1836,1,1270
1837,1,300
1838,1,43720
1839,1,273670
1840,1,350
1841,1,16430
1842,1,1260
1843,1,3000
1844,1,430
1845,1,1040
1846,1,270
1847,1,170
1848,1,770
1849,1,2190
1850,1,15080
1851,1,570
1852,1,60
1853,1,1150
1854,1,480
1855,1,2210
1856,1,12550
1857,1,4070
1858,1,1390
1859,1,2220
1860,1,22060
1861,1,7590
1862,1,1080
1863,1,8470
1864,1,1350
1865,1,1100
1866,1,1770
1867,1,100
1868,1,19230
1869,1,2320
1870,1,25000
1871,1,3490
1872,1,6760
1873,1,43700
1874,1,40
1875,1,820
1876,1,25130
1877,1,150
1878,1,750
1879,1,5550
1880,1,7270
1881,1,750
1882,1,2930
1883,1,1790
1884,1,42620
1885,1,330
1886,1,800
1887,1,3530
1888,1,5850
1889,1,62920
1890,1,5680
1891,1,1440
1892,1,6940
1893,1,160
1894,1,1550
1895,1,600
1896,1,3310
1897,1,1160
1898,1,280
1899,1,510
1900,1,120
1901,1,26300
1902,1,18010
1903,1,2060
1904,1,14300
1905,1,50
1906,1,3110
1907,1,1670
1908,1,1180
1909,1,1260
1910,1,2000
1911,1,900
1912,1,1660
1913,1,1400
1914,1,90
1915,1,17910
1916,1,1200
1917,1,540
1918,1,4350
1919,1,330
1920,1,13140
1921,1,59440
1922,1,1430
1923,1,1050
1924,1,1260
1925,1,5930
1926,1,37530
1927,1,26080
1928,1,13860
1929,1,5520
1930,1,20070
1931,1,100
1932,1,15890
1933,1,220
1934,1,2670
1935,1,3000
1936,1,310
1937,1,31420
1938,1,420
1939,1,1220
1940,1,460
1941,1,3630
1942,1,560
1943,1,410
1944,1,7530
1945,1,43610
1946,1,10970
1947,1,460
1948,1,4560
1949,1,1440
1950,1,260
1951,1,66970
1952,1,11850
1953,1,3300
1954,1,5340
1955,1,23120
1956,1,3640
1957,1,11350
1958,1,19140
1959,1,1590
1960,1,7700
1961,1,4680
1962,1,16080
1963,1,2590
1964,1,15660
1965,1,3020
1966,1,1240
1967,1,4930
1968,1,2560
1969,1,510
1970,1,3390
1971,1,620
1972,1,33410
1973,1,25230
1974,1,3290
1975,1,570
1976,1,5220
1977,1,14410
1978,1,320
1979,1,180
1980,1,5880
1981,1,750
1982,1,18380
1983,1,1240
1984,1,3660
1985,1,2590
1986,1,4730
1987,1,4620
1988,1,2020
1989,1,3560
1990,1,1350
1991,1,1360
1992,1,600
1993,1,13140
1994,1,460
1995,1,2570
1996,1,24760
1997,1,2780
1998,1,7620
1999,1,30540
2000,1,409800
2001,1,600
2002,1,38860
2003,1,3690
2004,1,7420
2005,1,8040
2006,1,120
2007,1,1400
2008,1,650
2009,1,80
2010,1,30130
2011,1,60
2012,1,240
2013,1,610
2014,1,4550
2015,1,1140
2016,1,10330
2017,1,770
2018,1,3120
2019,1,90
2020,1,4700
2021,1,2100
2022,1,1830
2023,1,27600
2024,1,520
2025,1,4830
2026,1,580
2027,1,470
2028,1,116110
2029,1,23550
2030,1,10130
2031,1,19500
2032,1,2180
2033,1,10630
2034,1,109630
2035,1,57940
2036,1,1970
2037,1,370
2038,1,2500
2039,1,150
2040,1,4590
2041,1,1660
2042,1,100
2043,1,5100
2044,1,6430
2045,1,3650
2046,1,3240
2047,1,15070
2048,1,4050
2049,1,280
2050,1,1000
2051,1,2260
2052,1,8800
2053,1,840
2054,1,2320
2055,1,6110
2056,1,19840
2057,1,3600
2058,1,900
2059,1,850
2060,1,8530
2061,1,17160
2062,1,710
2063,1,260
2064,1,500
2065,1,390
2066,1,2190
2067,1,350
2068,1,260
2069,1,6180
2070,1,230
2071,1,480
2072,1,1030
2073,1,980
2074,1,2280
2075,1,3110
2076,1,11380
2077,1,33670
2078,1,8100
2079,1,400
2080,1,320
2081,1,27550
2082,1,1850
2083,1,150
2084,1,6050
2085,1,31500
2086,1,11220
2087,1,2200
2088,1,18220
2089,1,60
2090,1,10
2091,1,6600
2092,1,900
2093,1,88540
2094,1,2350
2095,1,120
2096,1,27240
2097,1,1920
2098,1,1520
2099,1,3520
2100,1,3950
2101,1,500000
2102,1,840
2103,1,14300
2104,1,4240
2105,1,3250
2106,1,140
2107,1,260
2108,1,7740
2109,1,2680
2110,1,5500
2111,1,240
2112,1,540
2113,1,5520
2114,1,570
2115,1,9600
2116,1,230
2117,1,40
2118,1,500000
2119,1,24230
2120,1,650
2121,1,3560
2122,1,2620
2123,1,560
2124,1,1020
2125,1,17800
2126,1,1520
2127,1,99740
2128,1,150300
2129,1,30270
2130,1,930
2131,1,3430
2132,1,630
2133,1,11720
2134,1,160
2135,1,230
2136,1,5380
2137,1,1450
2138,1,280
2139,1,600
2140,1,148420
2141,1,12040
2142,1,6150
2143,1,1800
2144,1,1740
2145,1,13140
2146,1,1850
2147,1,530
2148,1,5390
2149,1,180
2150,1,220
2151,1,9240
2152,1,7340
2153,1,47100
2154,1,480
2155,1,620
2156,1,10710
2157,1,1720
2158,1,18050
2159,1,14050
2160,1,301830
2161,1,1510
2162,1,2100
2163,1,2310
2164,1,2550
2165,1,1410
2166,1,330
2167,1,14410
2168,1,1930
2169,1,22020
2170,1,2960
2171,1,6300
2172,1,530
2173,1,21020
2174,1,640
2175,1,740
2176,1,250
2177,1,560
2178,1,14100
2179,1,250
2180,1,14730
2181,1,6180
2182,1,13830
2183,1,70
2184,1,65540
2185,1,1480
2186,1,13600
2187,1,260
2188,1,90
2189,1,210
2190,1,60
2191,1,2020
2192,1,23660
2193,1,1250
2194,1,1590
2195,1,1090
2196,1,3260
2197,1,32330
2198,1,44270
2199,1,2640
2200,1,14510
2201,1,780
2202,1,2050
2203,1,17350
2204,1,1070
2205,1,2430
2206,1,17610
2207,1,1690
2208,1,4100
2209,1,1160
2210,1,20
2211,1,630
2212,1,250
2213,1,17370
2214,1,2700
2215,1,60
2216,1,60
2217,1,150
2218,1,2210
2219,1,3440
2220,1,31030
2221,1,360
2222,1,6770
2223,1,30860
2224,1,4190
2225,1,3140
2226,1,43220
2227,1,147810
2228,1,1050
2229,1,50
2230,1,15170
2231,1,500
2232,1,110
2233,1,40
2234,1,2530
2235,1,6200
2236,1,33660
2237,1,6110
2238,1,25520
2239,1,300
2240,1,580
2241,1,840
2242,1,11000
2243,1,5220
2244,1,500000
2245,1,15470
2246,1,3330
2247,1,2920
2248,1,50
2249,1,240
2250,1,25250
2251,1,110
2252,1,60
2253,1,8560
2254,1,10
2255,1,6270
2256,1,170
2257,1,4170
2258,1,22710
2259,1,110
2260,1,2280
2261,1,18120
2262,1,670
2263,1,18970
2264,1,2330
2265,1,106370
2266,1,8610
2267,1,240
2268,1,3360
2269,1,780
2270,1,2840
2271,1,450
2272,1,2940
2273,1,5290
2274,1,23550
2275,1,5900
2276,1,68330
2277,1,35240
2278,1,280
2279,1,4240
2280,1,1580
2281,1,3830
2282,1,300
2283,1,10460
2284,1,2380
2285,1,6480
2286,1,10290
2287,1,1030
2288,1,790
2289,1,3940
2290,1,110
2291,1,660
2292,1,780
2293,1,140
2294,1,6420
2295,1,710
2296,1,250
2297,1,340
2298,1,48900
2299,1,1110
2300,1,15020
2301,1,790
2302,1,170
2303,1,500000
2304,1,1840
2305,1,8790
2306,1,400
2307,1,40
2308,1,19310
2309,1,750
2310,1,8410
2311,1,8850
2312,1,8560
2313,1,4180
2314,1,14500
2315,1,700
2316,1,30
2317,1,2740
2318,1,2200
2319,1,1060
2320,1,6770
2321,1,8200
2322,1,6630
2323,1,113900
2324,1,180
2325,1,20
2326,1,4410
2327,1,2860
2328,1,2140
2329,1,300
2330,1,20370
2331,1,3190
2332,1,25500
2333,1,430
2334,1,70
2335,1,170
2336,1,1700
2337,1,20550
2338,1,59600
2339,1,5020
2340,1,500000
2341,1,60
2342,1,1040
2343,1,6340
2344,1,3050
2345,1,8230
2346,1,295060
2347,1,1770
2348,1,4890
2349,1,120
2350,1,50
2351,1,940
2352,1,8020
2353,1,120
2354,1,10
2355,1,1750
2356,1,175850
2357,1,1160
2358,1,4650
2359,1,240
2360,1,5100
2361,1,3330
2362,1,35350
2363,1,9360
2364,1,1800
2365,1,4440
2366,1,3000
2367,1,7120
2368,1,2080
2369,1,9250
2370,1,340
2371,1,940
2372,1,4280
2373,1,1280
2374,1,1840
2375,1,2310
2376,1,190
2377,1,3910
2378,1,700
2379,1,3430
2380,1,13080
2381,1,60
2382,1,5270
2383,1,5170
2384,1,4680
2385,1,450
2386,1,1920
2387,1,2110
2388,1,4120
2389,1,35100
2390,1,320
2391,1,520
2392,1,22800
2393,1,1200
2394,1,10550
2395,1,60
2396,1,35760
2397,1,21670
2398,1,68760
2399,1,14250
2400,1,8740
2401,1,10640
2402,1,3840
2403,1,1010
2404,1,640
2405,1,430
2406,1,19000
2407,1,1150
2408,1,300
2409,1,500000
2410,1,1790
2411,1,1000
2412,1,980
2413,1,920
2414,1,14430
2415,1,28740
2416,1,60
2417,1,3540
2418,1,6770
2419,1,44870
2420,1,690
2421,1,30
2422,1,2080
2423,1,820
2424,1,24760
2425,1,500000
2426,1,4070
2427,1,700
2428,1,14440
2429,1,380
2430,1,3770
2431,1,4090
2432,1,43120
2433,1,370
2434,1,30
2435,1,4400
2436,1,1370
2437,1,450
2438,1,35110
2439,1,1010
2440,1,2430
2441,1,6360
2442,1,2300
2443,1,1550
2444,1,930
2445,1,52640
2446,1,4160
2447,1,2760
2448,1,174070
2449,1,19020
2450,1,1600
2451,1,1170
2452,1,7830
2453,1,1500
2454,1,1400
2455,1,49010
2456,1,5230
2457,1,13020
2458,1,200
2459,1,2050
2460,1,1400
2461,1,860
2462,1,500000
2463,1,1760
2464,1,11050
2465,1,4240
2466,1,300
2467,1,4500
2468,1,130
2469,1,4820
2470,1,180
2471,1,8770
2472,1,2060
2473,1,8690
2474,1,230
2475,1,1000
2476,1,420
2477,1,110
2478,1,280
2479,1,90
2480,1,880
2481,1,550
2482,1,17730
2483,1,54400
2484,1,3470
2485,1,1080
2486,1,7470
2487,1,3650
2488,1,200
2489,1,1230
2490,1,790
2491,1,7900
2492,1,16020
2493,1,210
2494,1,510
2495,1,5100
2496,1,30
2497,1,54780
2498,1,280
2499,1,900
2500,1,6890
2501,1,33370
2502,1,7000
2503,1,4140
2504,1,17900
2505,1,174040
2506,1,280
2507,1,4610
2508,1,8570
2509,1,30
2510,1,950
2511,1,7620
2512,1,50
2513,1,2710
2514,1,390
2515,1,20310
2516,1,450
2517,1,2560
2518,1,16170
2519,1,4690
2520,1,3660
2521,1,1920
2522,1,110
2523,1,14060
2524,1,1070
2525,1,3080
2526,1,5700
2527,1,1840
2528,1,36790
2529,1,850
2530,1,200
2531,1,1370
2532,1,110
2533,1,7040
2534,1,2030
2535,1,10070
2536,1,5310
2537,1,370
2538,1,16190
2539,1,730
2540,1,2950
2541,1,500000
2542,1,15260
2543,1,10210
2544,1,12160
2545,1,15900
2546,1,470
2547,1,9060
2548,1,10610
2549,1,39190
2550,1,500
2551,1,1340
2552,1,23750
2553,1,260
2554,1,4790
2555,1,1170
2556,1,2160
2557,1,470
2558,1,2970
2559,1,610
2560,1,30100
2561,1,13060
2562,1,1470
2563,1,3620
2564,1,2850
2565,1,3160
2566,1,5410
2567,1,2230
2568,1,940
2569,1,800
2570,1,740
2571,1,3200
2572,1,940
2573,1,1270
2574,1,300
2575,1,1520
2576,1,530
2577,1,7480
2578,1,4760
2579,1,8120
2580,1,350
2581,1,19560
2582,1,580
2583,1,930
2584,1,10
2585,1,18670
2586,1,160
2587,1,570
2588,1,46590
2589,1,50
2590,1,7890
2591,1,1000
2592,1,10030
2593,1,280
2594,1,7620
2595,1,690
2596,1,500
2597,1,5120
2598,1,6890
2599,1,1460
2600,1,1850
2601,1,270
2602,1,32560
2603,1,530
2604,1,7230
2605,1,18780
2606,1,250
2607,1,9300
2608,1,2620
2609,1,62150
2610,1,730
2611,1,3160
2612,1,12180
2613,1,1540
2614,1,100
2615,1,10200
2616,1,1000
2617,1,9350
2618,1,2440
2619,1,42000
2620,1,94620
2621,1,6130
2622,1,10
2623,1,50120
2624,1,1000
2625,1,1500
2626,1,6300
2627,1,1180
2628,1,1340
2629,1,20520
2630,1,390
2631,1,70
2632,1,640
2633,1,3160
2634,1,87590
2635,1,16370
2636,1,230
2637,1,22770
2638,1,25980
2639,1,9880
2640,1,570
2641,1,300
2642,1,94540
2643,1,5050
2644,1,1150
2645,1,210
2646,1,6530
2647,1,5240
2648,1,2510
2649,1,13170
2650,1,120640
2651,1,300
2652,1,23750
2653,1,1990
2654,1,2050
2655,1,27660
2656,1,1250
2657,1,4110
2658,1,520
2659,1,10
2660,1,73950
2661,1,230
2662,1,320
2663,1,1900
2664,1,5720
2665,1,6570
2666,1,640
2667,1,6780
2668,1,5600
2669,1,7350
2670,1,3610
2671,1,7330
2672,1,650
2673,1,320
2674,1,1160
2675,1,13180
2676,1,17630
2677,1,500000
2678,1,10650
2679,1,3000
2680,1,12570
2681,1,2280
2682,1,68650
2683,1,320
2684,1,4890
2685,1,50
2686,1,100
2687,1,280
2688,1,690
2689,1,2860
2690,1,6300
2691,1,2130
2692,1,27000
2693,1,320
2694,1,360
2695,1,61340
2696,1,37480
2697,1,120
2698,1,10620
2699,1,2300
2700,1,480
2701,1,2050
2702,1,3650
2703,1,1690
2704,1,2750
2705,1,60
2706,1,40
2707,1,1600
2708,1,3290
2709,1,330
2710,1,320
2711,1,6630
2712,1,30
2713,1,120
2714,1,2250
2715,1,2900
2716,1,11860
2717,1,3860
2718,1,42000
2719,1,60
2720,1,190
2721,1,300
2722,1,500
2723,1,1230
2724,1,100
2725,1,140
2726,1,510
2727,1,330
2728,1,6650
2729,1,40530
2730,1,100
2731,1,1720
2732,1,1800
2733,1,1080
2734,1,5360
2735,1,19200
2736,1,120
2737,1,30100
2738,1,740
2739,1,110
2740,1,11970
2741,1,9890
2742,1,1730
2743,1,110
2744,1,500000
2745,1,3350
2746,1,29570
2747,1,2590
2748,1,20
2749,1,1350
2750,1,790
2751,1,160
2752,1,1680
2753,1,19640
2754,1,180
2755,1,2880
2756,1,220
2757,1,440
2758,1,50
2759,1,13080
2760,1,8360
2761,1,720
2762,1,20850
2763,1,14660
2764,1,4310
2765,1,500000
2766,1,3460
2767,1,660
2768,1,1890
2769,1,3820
2770,1,700
2771,1,16120
2772,1,11450
2773,1,6220
2774,1,1000
2775,1,6000
2776,1,120
2777,1,5050
2778,1,6300
2779,1,210
2780,1,6120
2781,1,8780
2782,1,2290
2783,1,270
2784,1,40
2785,1,1590
2786,1,3310
2787,1,22070
2788,1,2900
2789,1,290
2790,1,1560
2791,1,2620
2792,1,3150
2793,1,2370
2794,1,660
2795,1,500000
2796,1,420
2797,1,3010
2798,1,1540
2799,1,4710
2800,1,71070
2801,1,195050
2802,1,3210
2803,1,120
2804,1,8600
2805,1,260
2806,1,30
2807,1,6580
2808,1,7040
2809,1,2040
2810,1,10360
2811,1,160
2812,1,30
2813,1,80
2814,1,770
2815,1,300
2816,1,33650
2817,1,2770
2818,1,49780
2819,1,220
2820,1,8070
2821,1,630
2822,1,5060
2823,1,2680
2824,1,8590
2825,1,14200
2826,1,590
2827,1,2780
2828,1,30
2829,1,200
2830,1,300
2831,1,1450
2832,1,4960
2833,1,620
2834,1,260
2835,1,13470
2836,1,8940
2837,1,5370
2838,1,1100
2839,1,1420
2840,1,38270
2841,1,6270
2842,1,460
2843,1,13220
2844,1,660
2845,1,1780
2846,1,2620
2847,1,300
2848,1,520
2849,1,630
2850,1,60
2851,1,67860
2852,1,54700
2853,1,2410
2854,1,6710
2855,1,349080
2856,1,2260
2857,1,7430
2858,1,1260
2859,1,48160
2860,1,1080
2861,1,11770
2862,1,660
2863,1,350
2864,1,520
2865,1,15120
2866,1,270
2867,1,11990
2868,1,200
2869,1,210
2870,1,9960
2871,1,1300
2872,1,15120
2873,1,800
2874,1,610
2875,1,1350
2876,1,500000
2877,1,1050
2878,1,310
2879,1,150
2880,1,35140
2881,1,29070
2882,1,148510
2883,1,1320
2884,1,4060
2885,1,300
2886,1,2240
2887,1,300
2888,1,2050
2889,1,1200
2890,1,4980
2891,1,1130
2892,1,2420
2893,1,22070
2894,1,10710
2895,1,640
2896,1,200
2897,1,7490
2898,1,140
2899,1,4690
2900,1,1880
2901,1,400
2902,1,8820
2903,1,430
2904,1,14720
2905,1,1400
2906,1,14260
2907,1,560
2908,1,1710
2909,1,27190
2910,1,130
2911,1,4820
2912,1,330
2913,1,4910
2914,1,7590
2915,1,75760
2916,1,2720
2917,1,1270
2918,1,400
2919,1,100
2920,1,1600
2921,1,79270
2922,1,3870
2923,1,6150
2924,1,2350
2925,1,5700
2926,1,70
2927,1,5390
2928,1,1860
2929,1,2240
2930,1,660
2931,1,1140
2932,1,1690
2933,1,3120
2934,1,2040
2935,1,1490
2936,1,22440
2937,1,1880
2938,1,10490
2939,1,210
2940,1,4690
2941,1,420
2942,1,87990
2943,1,180
2944,1,500000
2945,1,320
2946,1,45830
2947,1,5110
2948,1,8350
2949,1,9350
2950,1,1380
2951,1,690
2952,1,2050
2953,1,900
2954,1,3270
2955,1,230
2956,1,2040
2957,1,22100
2958,1,1740
2959,1,2920
2960,1,1010
2961,1,2370
2962,1,5110
2963,1,5870
2964,1,59640
2965,1,5740
2966,1,2100
2967,1,1180
2968,1,2540
2969,1,3350
2970,1,36090
2971,1,8910
2972,1,230
2973,1,2300
2974,1,5220
2975,1,120
2976,1,26160
2977,1,30
2978,1,36160
2979,1,240
2980,1,480
2981,1,3050
2982,1,12080
2983,1,1580
2984,1,4140
2985,1,1480
2986,1,3990
2987,1,4180
2988,1,2160
2989,1,17330
2990,1,1160
2991,1,3250
2992,1,600
2993,1,500000
2994,1,30300
2995,1,3440
2996,1,500000
2997,1,980
2998,1,650
2999,1,120
3000,1,63330
3001,1,31670
3002,1,23260
3003,1,70
3004,1,1240
3005,1,740
3006,1,640
3007,1,60
3008,1,700
3009,1,2020
3010,1,5570
3011,1,17260
3012,1,1680
3013,1,1010
3014,1,3220
3015,1,2690
3016,1,100
3017,1,170
3018,1,9890
3019,1,3130
3020,1,7770
3021,1,10310
3022,1,1260
3023,1,3150
3024,1,400
3025,1,1360
3026,1,500
3027,1,9920
3028,1,580
3029,1,4020
3030,1,6900
3031,1,5110
3032,1,430
3033,1,60
3034,1,1590
3035,1,40
3036,1,11390
3037,1,1080
3038,1,2620
3039,1,4120
3040,1,4000
3041,1,6500
3042,1,590
3043,1,24320
3044,1,2550
3045,1,1940
3046,1,1450
3047,1,1860
3048,1,3410
3049,1,1400
3050,1,640
3051,1,2630
3052,1,320
3053,1,5100
3054,1,22190
3055,1,250
3056,1,3260
3057,1,420
3058,1,2200
3059,1,1180
3060,1,4310
3061,1,3670
3062,1,760
3063,1,20
3064,1,230
3065,1,2390
3066,1,890
3067,1,640
3068,1,12060
3069,1,30
3070,1,340
3071,1,1510
3072,1,800
3073,1,430
3074,1,2010
3075,1,940
3076,1,620
3077,1,2230
3078,1,24570
3079,1,1140
3080,1,400
3081,1,9730
3082,1,400
3083,1,10680
3084,1,300
3085,1,500000
3086,1,2940
3087,1,1150
3088,1,140
3089,1,10170
3090,1,260
3091,1,230
3092,1,170
3093,1,100
3094,1,780
3095,1,1370
3096,1,50
3097,1,1150
3098,1,2760
3099,1,12600
3100,1,7430
3101,1,230
3102,1,1020
3103,1,2200
3104,1,170
3105,1,4200
3106,1,1150
3107,1,210
3108,1,2650
3109,1,20160
3110,1,39210
3111,1,400
3112,1,2190
3113,1,110
3114,1,21890
3115,1,71520
3116,1,270
3117,1,124690
3118,1,6150
3119,1,6660
3120,1,1070
3121,1,420
3122,1,52610
3123,1,550
3124,1,500
3125,1,1240
3126,1,390
3127,1,600
3128,1,330
3129,1,1690
3130,1,280
3131,1,9640
3132,1,990
3133,1,19810
3134,1,2560
3135,1,15780
3136,1,2870
3137,1,19380
3138,1,900
3139,1,700
3140,1,2820
3141,1,10250
3142,1,23130
3143,1,1120
3144,1,11200
3145,1,920
3146,1,820
3147,1,490
3148,1,31450
3149,1,22340
3150,1,18530
3151,1,2000
3152,1,300
3153,1,240
3154,1,14570
3155,1,2780
3156,1,670
3157,1,7620
3158,1,1940
3159,1,19490
3160,1,4060
3161,1,28000
3162,1,560
3163,1,740
3164,1,500000
3165,1,3030
3166,1,1070
3167,1,1060
3168,1,750
3169,1,2320
3170,1,800
3171,1,60260
3172,1,420
3173,1,5790
3174,1,3220
3175,1,1630
3176,1,1350
3177,1,2170
3178,1,12430
3179,1,10320
3180,1,3130
3181,1,110
3182,1,2460
3183,1,400
3184,1,4400
3185,1,340
3186,1,5580
3187,1,960
3188,1,7010
3189,1,9960
3190,1,3230
3191,1,90
3192,1,2060
3193,1,3440
3194,1,2300
3195,1,1780
3196,1,2520
3197,1,3640
3198,1,8620
3199,1,29610
3200,1,10710
3201,1,11160
3202,1,1250
3203,1,1850
3204,1,11740
3205,1,51540
3206,1,1630
3207,1,9530
3208,1,6720
3209,1,1690
3210,1,1540
3211,1,16830
3212,1,90
3213,1,1180
3214,1,2090
3215,1,800
3216,1,7920
3217,1,330
3218,1,138980
3219,1,2380
3220,1,17650
3221,1,41600
3222,1,12340
3223,1,5430
3224,1,11930
3225,1,770
3226,1,2220
3227,1,280
3228,1,11340
3229,1,6860
3230,1,3860
3231,1,6380
3232,1,2920
3233,1,3580
3234,1,280
3235,1,3090
3236,1,6990
3237,1,16550
3238,1,51180
3239,1,4220
3240,1,7190
3241,1,9600
3242,1,2090
3243,1,4680
3244,1,60
3245,1,6160
3246,1,1940
3247,1,4760
3248,1,2230
3249,1,480
3250,1,39720
3251,1,7660
3252,1,760
3253,1,13390
3254,1,130
3255,1,1180
3256,1,5270
3257,1,13290
3258,1,700
3259,1,13330
3260,1,650
3261,1,850
3262,1,8340
3263,1,2850
3264,1,7150
3265,1,27220
3266,1,19110
3267,1,24090
3268,1,1510
3269,1,810
3270,1,10240
3271,1,20000
3272,1,68730
3273,1,20240
3274,1,900
3275,1,2580
3276,1,820
3277,1,2850
3278,1,9740
3279,1,7000
3280,1,530
3281,1,7900
3282,1,5870
3283,1,240
3284,1,370
3285,1,29280
3286,1,27560
3287,1,2180
3288,1,1160
3289,1,5560
3290,1,9480
3291,1,7830
3292,1,2240
3293,1,30
3294,1,250
3295,1,6600
3296,1,510
3297,1,440
3298,1,2020
3299,1,1380
3300,1,2130
3301,1,3370
3302,1,890
3303,1,2350
3304,1,270
3305,1,7340
3306,1,6760
3307,1,1390
3308,1,4580
3309,1,3230
3310,1,7570
3311,1,4170
3312,1,440
3313,1,1570
3314,1,4380
3315,1,21000
3316,1,17420
3317,1,25210
3318,1,830
3319,1,11060
3320,1,500000
3321,1,220
3322,1,2760
3323,1,7580
3324,1,6980
3325,1,450
3326,1,58100
3327,1,1420
3328,1,10120
3329,1,290
3330,1,147110
3331,1,530
3332,1,1230
3333,1,5290
3334,1,10
3335,1,100
3336,1,25590
3337,1,24590
3338,1,600
3339,1,4470
3340,1,60
3341,1,1140
3342,1,2210
3343,1,8360
3344,1,1970
3345,1,310
3346,1,690
3347,1,5120
3348,1,1130
3349,1,13000
3350,1,1200
3351,1,4860
3352,1,3670
3353,1,120
3354,1,1440
3355,1,80
3356,1,4910
3357,1,12600
3358,1,8180
3359,1,500000
3360,1,360
3361,1,170
3362,1,11400
3363,1,460
3364,1,12380
3365,1,19280
3366,1,1180
3367,1,1630
3368,1,124640
3369,1,450
3370,1,8820
3371,1,2790
3372,1,29610
3373,1,30
3374,1,540
3375,1,19630
3376,1,4000
3377,1,7170
3378,1,11810
3379,1,920
3380,1,16060
3381,1,350
3382,1,2410
3383,1,110
3384,1,1830
3385,1,1370
3386,1,40600
3387,1,3390
3388,1,2500
3389,1,1190
3390,1,420
3391,1,500000
3392,1,990
3393,1,5280
3394,1,750
3395,1,7580
3396,1,3780
3397,1,1590
3398,1,3530
3399,1,3060
3400,1,2410
3401,1,2630
3402,1,170
3403,1,13000
3404,1,17930
3405,1,2320
3406,1,9460
3407,1,2500
3408,1,7600
3409,1,1460
3410,1,1460
3411,1,190
3412,1,1350
3413,1,130
3414,1,7110
3415,1,5370
3416,1,1230
3417,1,7540
3418,1,100
3419,1,5430
3420,1,470
3421,1,1190
3422,1,2350
3423,1,3030
3424,1,10
3425,1,2120
3426,1,14870
3427,1,44610
3428,1,2340
3429,1,540
3430,1,400
3431,1,760
3432,1,5550
3433,1,50
3434,1,15030
3435,1,3320
3436,1,3410
3437,1,860
3438,1,6170
3439,1,19760
3440,1,50
3441,1,8380
3442,1,1360
3443,1,2400
3444,1,20650
3445,1,3170
3446,1,220
3447,1,21160
3448,1,15800
3449,1,360
3450,1,600
3451,1,12710
3452,1,2040
3453,1,2450
3454,1,6200
3455,1,9680
3456,1,1090
3457,1,2940
3458,1,140
3459,1,190
3460,1,1080
3461,1,2830
3462,1,17570
3463,1,5470
3464,1,5020
3465,1,650
3466,1,14310
3467,1,1450
3468,1,4310
3469,1,400
3470,1,50
3471,1,18620
3472,1,2660
3473,1,10120
3474,1,160
3475,1,14340
3476,1,110760
3477,1,970
3478,1,15280
3479,1,60
3480,1,1460
3481,1,1060
3482,1,1290
3483,1,10
3484,1,120
3485,1,560
3486,1,2070
3487,1,1500
3488,1,9470
3489,1,1470
3490,1,1800
3491,1,1640
3492,1,250
3493,1,18000
3494,1,1320
3495,1,10060
3496,1,500
3497,1,21780
3498,1,46600
3499,1,2170
3500,1,3220
3501,1,2610
3502,1,1450
3503,1,62630
3504,1,7750
3505,1,610
3506,1,1400
3507,1,48500
3508,1,290
3509,1,70
3510,1,11830
3511,1,450
3512,1,1340
3513,1,9740
3514,1,750
3515,1,1540
3516,1,480
3517,1,180
3518,1,460
3519,1,1310
3520,1,15990
3521,1,11040
3522,1,500000
3523,1,60
3524,1,1810
3525,1,320
3526,1,850
3527,1,1200
3528,1,600
3529,1,16720
3530,1,150
3531,1,12020
3532,1,2680
3533,1,500000
3534,1,4090
3535,1,2190
3536,1,7750
3537,1,620
3538,1,6910
3539,1,10540
3540,1,1860
3541,1,220
3542,1,30
3543,1,4660
3544,1,120
3545,1,690
3546,1,1760
3547,1,50
3548,1,690
3549,1,1000
3550,1,48020
3551,1,210
3552,1,31020
3553,1,29310
3554,1,7420
3555,1,3970
3556,1,1970
3557,1,10620
3558,1,4480
3559,1,8340
3560,1,1200
3561,1,5600
3562,1,150
3563,1,2860
3564,1,820
3565,1,150
3566,1,11810
3567,1,1290
3568,1,2670
3569,1,2090
3570,1,30530
3571,1,3820
3572,1,2990
3573,1,6400
3574,1,18660
3575,1,2910
3576,1,5630
3577,1,660
3578,1,1280
3579,1,770
3580,1,450
3581,1,15520
3582,1,430
3583,1,10720
3584,1,3160
3585,1,20200
3586,1,34740
3587,1,1790
3588,1,630
3589,1,53690
3590,1,18200
3591,1,196910
3592,1,2770
3593,1,1020
3594,1,70
3595,1,300
3596,1,610
3597,1,1120
3598,1,9240
3599,1,108750
3600,1,4000
3601,1,14430
3602,1,20
3603,1,38830
3604,1,1340
3605,1,40
3606,1,380
3607,1,2300
3608,1,490
3609,1,3620
3610,1,620
3611,1,1190
3612,1,650
3613,1,1370
3614,1,350
3615,1,5400
3616,1,4540
3617,1,160
3618,1,1260
3619,1,48980
3620,1,70
3621,1,12240
3622,1,2340
3623,1,22000
3624,1,6060
3625,1,160
3626,1,46190
3627,1,2550
3628,1,71960
3629,1,10670
3630,1,23640
3631,1,670
3632,1,4710
3633,1,940
3634,1,500000
3635,1,130
3636,1,4830
3637,1,4400
3638,1,2340
3639,1,60
3640,1,2890
3641,1,80
3642,1,27680
3643,1,200
3644,1,480
3645,1,90
3646,1,52030
3647,1,1040
3648,1,500000
3649,1,900
3650,1,8970
3651,1,46810
3652,1,22270
3653,1,8390
3654,1,3970
3655,1,270
3656,1,2490
3657,1,1000
3658,1,150
3659,1,2250
3660,1,45190
3661,1,490
3662,1,2250
3663,1,1340
3664,1,470
3665,1,510
3666,1,24750
3667,1,2000
3668,1,560
3669,1,60
3670,1,550
3671,1,2170
3672,1,12070
3673,1,2980
3674,1,4150
3675,1,1010
3676,1,270
3677,1,1230
3678,1,5840
3679,1,4460
3680,1,1060
3681,1,18940
3682,1,6000
3683,1,1130
3684,1,140
3685,1,2690
3686,1,24200
3687,1,14000
3688,1,110
3689,1,70
3690,1,2570
3691,1,6580
3692,1,25660
3693,1,30
3694,1,5170
3695,1,20350
3696,1,50
3697,1,7690
3698,1,20
3699,1,1050
3700,1,6610
3701,1,30960
3702,1,3950
3703,1,8400
3704,1,3370
3705,1,1000
3706,1,130
3707,1,131230
3708,1,6150
3709,1,500000
3710,1,79680
3711,1,70
3712,1,400
3713,1,30670
3714,1,4700
3715,1,320
3716,1,180
3717,1,40820
3718,1,2000
3719,1,5260
3720,1,8790
3721,1,220
3722,1,73520
3723,1,6580
3724,1,880
3725,1,54460
3726,1,2470
3727,1,1270
3728,1,430
3729,1,11200
3730,1,210
3731,1,7980
3732,1,2670
3733,1,205200
3734,1,2450
3735,1,520
3736,1,2160
3737,1,18480
3738,1,120
3739,1,6960
3740,1,760
3741,1,480
3742,1,440
3743,1,14830
3744,1,500000
3745,1,144970
3746,1,1730
3747,1,1750
3748,1,1020
3749,1,70
3750,1,19730
3751,1,250
3752,1,1680
3753,1,23550
3754,1,6060
3755,1,25780
3756,1,21590
3757,1,57850
3758,1,35060
3759,1,2000
3760,1,560
3761,1,8300
3762,1,630
3763,1,15090
3764,1,350
3765,1,80550
3766,1,300
3767,1,5500
3768,1,3130
3769,1,460
3770,1,2800
3771,1,5060
3772,1,1330
3773,1,1040
3774,1,500000
3775,1,4550
3776,1,1070
3777,1,980
3778,1,860
3779,1,13470
3780,1,4130
3781,1,10700
3782,1,3490
3783,1,2120
3784,1,9000
3785,1,2640
3786,1,5200
3787,1,2940
3788,1,11330
3789,1,3630
3790,1,24330
3791,1,420
3792,1,3350
3793,1,2420
3794,1,2090
3795,1,5560
3796,1,3590
3797,1,12970
3798,1,12100
3799,1,100
3800,1,80
3801,1,10000
3802,1,3700
3803,1,21860
3804,1,6070
3805,1,1620
3806,1,1960
3807,1,8550
3808,1,13210
3809,1,10650
3810,1,10070
3811,1,120
3812,1,2400
3813,1,39600
3814,1,51400
3815,1,1040
3816,1,340
3817,1,13050
3818,1,500000
3819,1,950
3820,1,6490
3821,1,660
3822,1,430
3823,1,20170
3824,1,22540
3825,1,3210
3826,1,2240
3827,1,6550
3828,1,25030
3829,1,3910
3830,1,450
3831,1,2360
3832,1,1200
3833,1,15490
3834,1,1180
3835,1,45190
3836,1,180
3837,1,140
3838,1,140
3839,1,2190
3840,1,4570
3841,1,950
3842,1,1340
3843,1,380
3844,1,16130
3845,1,16690
3846,1,750
3847,1,24190
3848,1,690
3849,1,980
3850,1,20390
3851,1,11550
3852,1,1650
3853,1,1140
3854,1,6710
3855,1,130
3856,1,900
3857,1,1470
3858,1,9740
3859,1,20340
3860,1,20
3861,1,47360
3862,1,15100
3863,1,3010
3864,1,180
3865,1,2430
3866,1,1030
3867,1,120
3868,1,11020
3869,1,2800
3870,1,510
3871,1,300
3872,1,50
3873,1,12070
3874,1,34930
3875,1,1240
3876,1,5980
3877,1,880
3878,1,4080
3879,1,2860
3880,1,2830
3881,1,26880
3882,1,880
3883,1,4680
3884,1,1340
3885,1,980
3886,1,3650
3887,1,11210
3888,1,430
3889,1,21200
3890,1,250
3891,1,3570
3892,1,14720
3893,1,230
3894,1,3300
3895,1,7610
3896,1,270
3897,1,500000
3898,1,1280
3899,1,2550
3900,1,22470
3901,1,350
3902,1,1190
3903,1,500000
3904,1,70
3905,1,400
3906,1,41230
3907,1,9080
3908,1,930
3909,1,3510
3910,1,660
3911,1,860
3912,1,670
3913,1,2350
3914,1,51660
3915,1,23950
3916,1,5190
3917,1,410
3918,1,70
3919,1,5720
3920,1,320
3921,1,1700
3922,1,3470
3923,1,500000
3924,1,21610
3925,1,7430
3926,1,1490
3927,1,2220
3928,1,122190
3929,1,240
3930,1,6780
3931,1,100
3932,1,1160
3933,1,116360
3934,1,10270
3935,1,16870
3936,1,5760
3937,1,1210
3938,1,240
3939,1,3630
3940,1,20
3941,1,24610
3942,1,7400
3943,1,17250
3944,1,480
3945,1,49980
3946,1,5500
3947,1,8660
3948,1,125390
3949,1,2200
3950,1,1590
3951,1,660
3952,1,28570
3953,1,1030
3954,1,2550
3955,1,340
3956,1,2110
3957,1,40
3958,1,12790
3959,1,2130
3960,1,650
3961,1,220
3962,1,760
3963,1,5370
3964,1,86960
3965,1,980
3966,1,4940
3967,1,6290
3968,1,30
3969,1,7450
3970,1,710
3971,1,30440
3972,1,3350
3973,1,16800
3974,1,4070
3975,1,1910
3976,1,750
3977,1,15130
3978,1,12120
3979,1,2430
3980,1,4570
3981,1,2510
3982,1,470
3983,1,530
3984,1,440
3985,1,70
3986,1,150
3987,1,1120
3988,1,1440
3989,1,100
3990,1,3400
3991,1,5520
3992,1,37050
3993,1,1470
3994,1,2790
3995,1,8320
3996,1,9800
3997,1,140
3998,1,210
3999,1,22380
4000,1,102520
4001,1,35260
4002,1,2920
4003,1,19820
4004,1,58900
4005,1,12080
4006,1,2840
4007,1,90
4008,1,21240
4009,1,20890
4010,1,2470
4011,1,12040
4012,1,2820
4013,1,1420
4014,1,5960
4015,1,27240
4016,1,1170
4017,1,4040
4018,1,10490
4019,1,26060
4020,1,300
4021,1,1350
4022,1,8450
4023,1,5700
4024,1,22970
4025,1,8220
4026,1,4640
4027,1,920
4028,1,110
4029,1,1080
4030,1,1810
4031,1,30390
4032,1,26600
4033,1,890
4034,1,41440
4035,1,86600
4036,1,910
4037,1,360
4038,1,500000
4039,1,620
4040,1,199030
4041,1,13610
4042,1,1320
4043,1,9260
4044,1,18250
4045,1,6070
4046,1,30
4047,1,270
4048,1,242500
4049,1,310
4050,1,500000
4051,1,7170
4052,1,3010
4053,1,12350
4054,1,1410
4055,1,2070
4056,1,370
4057,1,540
4058,1,460
4059,1,3940
4060,1,5040
4061,1,2370
4062,1,320
4063,1,3160
4064,1,470
4065,1,1110
4066,1,6090
4067,1,2740
4068,1,3370
4069,1,1450
4070,1,790
4071,1,15170
4072,1,430
4073,1,3310
4074,1,940
4075,1,500
4076,1,19660
4077,1,6030
4078,1,18570
4079,1,2350
4080,1,290
4081,1,510
4082,1,15780
4083,1,5440
4084,1,1450
4085,1,220
4086,1,130
4087,1,120
4088,1,36830
4089,1,12000
4090,1,1060
4091,1,1970
4092,1,50090
4093,1,5200
4094,1,4350
4095,1,1030
4096,1,220
4097,1,15500
4098,1,1180
4099,1,12350
4100,1,480
4101,1,8020
4102,1,180
4103,1,57830
4104,1,12850
4105,1,150
4106,1,18370
4107,1,540
4108,1,129990
4109,1,1250
4110,1,22360
4111,1,2380
4112,1,10
4113,1,200
4114,1,14210
4115,1,3470
4116,1,72510
4117,1,520
4118,1,1110
4119,1,10320
4120,1,7030
4121,1,780
4122,1,3530
4123,1,200
4124,1,37820
4125,1,3980
4126,1,620
4127,1,7220
4128,1,5770
4129,1,20060
4130,1,20070
4131,1,30
4132,1,240
4133,1,200
4134,1,10
4135,1,25100
4136,1,980
4137,1,3290
4138,1,600
4139,1,1670
4140,1,140
4141,1,21140
4142,1,4550
4143,1,3370
4144,1,54790
4145,1,800
4146,1,3310
4147,1,630
4148,1,6830
4149,1,350
4150,1,4000
4151,1,1460
4152,1,1350
4153,1,13260
4154,1,3900
4155,1,8530
4156,1,5680
4157,1,830
4158,1,5270
4159,1,300
4160,1,1890
4161,1,6140
4162,1,6340
4163,1,290
4164,1,1430
4165,1,6950
4166,1,15640
4167,1,6980
4168,1,1350
4169,1,4040
4170,1,380
4171,1,1510
4172,1,9010
4173,1,1270
4174,1,10550
4175,1,3540
4176,1,3000
4177,1,16710
4178,1,720
4179,1,3330
4180,1,82050
4181,1,4690
4182,1,100
4183,1,60
4184,1,30
4185,1,2420
4186,1,2610
4187,1,15580
4188,1,13020
4189,1,360
4190,1,4440
4191,1,40
4192,1,3780
4193,1,22650
4194,1,36090
4195,1,250
4196,1,1030
4197,1,2860
4198,1,6580
4199,1,48460
4200,1,460
4201,1,3730
4202,1,4060
4203,1,970
4204,1,2640
4205,1,1130
4206,1,26930
4207,1,30
4208,1,8620
4209,1,220
4210,1,2120
4211,1,14560
4212,1,2160
4213,1,140
4214,1,100
4215,1,154710
4216,1,16680
4217,1,90
4218,1,200
4219,1,960
4220,1,2820
4221,1,690
4222,1,340
4223,1,150
4224,1,2560
4225,1,17650
4226,1,2970
4227,1,66570
4228,1,360
4229,1,6420
4230,1,810
4231,1,1680
4232,1,160
4233,1,6740
4234,1,620
4235,1,15580
4236,1,4100
4237,1,3930
4238,1,4190
4239,1,240
4240,1,900
4241,1,15390
4242,1,140
4243,1,390
4244,1,320
4245,1,80
4246,1,1840
4247,1,2100
4248,1,490
4249,1,108230
4250,1,1010
4251,1,33870
4252,1,23280
4253,1,7170
4254,1,2130
4255,1,1450
4256,1,4300
4257,1,1740
4258,1,2200
4259,1,440
4260,1,870
4261,1,50
4262,1,3370
4263,1,14020
4264,1,10
4265,1,1210
4266,1,16600
4267,1,500000
4268,1,1200
4269,1,1070
4270,1,2100
4271,1,20680
4272,1,16870
4273,1,8300
4274,1,710
4275,1,4010
4276,1,1140
4277,1,250
4278,1,2620
4279,1,30730
4280,1,7000
4281,1,15550
4282,1,22980
4283,1,70
4284,1,300
4285,1,60
4286,1,410
4287,1,30000
4288,1,1700
4289,1,450
4290,1,8000
4291,1,22790
4292,1,16380
4293,1,90
4294,1,4600
4295,1,1060
4296,1,2010
4297,1,30
4298,1,10750
4299,1,740
4300,1,400
4301,1,3520
4302,1,8400
4303,1,300
4304,1,7110
4305,1,150
4306,1,30040
4307,1,5210
4308,1,220
4309,1,10380
4310,1,2820
4311,1,370
4312,1,10640
4313,1,15940
4314,1,1380
4315,1,520
4316,1,2810
4317,1,3500
4318,1,150
4319,1,500000
4320,1,2170
4321,1,5660
4322,1,170
4323,1,770
4324,1,1300
4325,1,9730
4326,1,3660
4327,1,1870
4328,1,60
4329,1,2020
4330,1,3030
4331,1,1400
4332,1,82950
4333,1,5450
4334,1,650
4335,1,150
4336,1,2190
4337,1,7020
4338,1,20
4339,1,5800
4340,1,25120
4341,1,6850
4342,1,360
4343,1,9520
4344,1,200
4345,1,1650
4346,1,300
4347,1,290
4348,1,30
4349,1,340
4350,1,6700
4351,1,4470
4352,1,470
4353,1,1500
4354,1,600
4355,1,11540
4356,1,24040
4357,1,3600
4358,1,3150
4359,1,25180
4360,1,120
4361,1,3050
4362,1,50
4363,1,127510
4364,1,120
4365,1,2710
4366,1,160020
4367,1,2980
4368,1,1420
4369,1,450
4370,1,3230
4371,1,3420
4372,1,30
4373,1,30
4374,1,10460
4375,1,950
4376,1,1070
4377,1,470
4378,1,490
4379,1,1760
4380,1,250
4381,1,170
4382,1,7680
4383,1,1970
4384,1,9640
4385,1,210
4386,1,13710
4387,1,930
4388,1,30930
4389,1,230
4390,1,3920
4391,1,1170
4392,1,6770
4393,1,10040
4394,1,30
4395,1,7530
4396,1,340
4397,1,54000
4398,1,900
4399,1,4540
4400,1,17320
4401,1,2410
4402,1,14110
4403,1,21070
4404,1,580
4405,1,2830
4406,1,10210
4407,1,8030
4408,1,10750
4409,1,1470
4410,1,600
4411,1,50030
4412,1,500
4413,1,4650
4414,1,360
4415,1,2100
4416,1,1010
4417,1,2770
4418,1,420
4419,1,260
4420,1,5840
4421,1,170
4422,1,24340
4423,1,620
4424,1,4780
4425,1,880
4426,1,7520
4427,1,8250
4428,1,3900
4429,1,5620
4430,1,2220
4431,1,2440
4432,1,12900
4433,1,800
4434,1,3690
4435,1,2240
4436,1,9750
4437,1,90
4438,1,100
4439,1,3500
4440,1,2720
4441,1,11040
4442,1,770
4443,1,3000
4444,1,31420
4445,1,2040
4446,1,7300
4447,1,1610
4448,1,50
4449,1,10090
4450,1,7500
4451,1,600
4452,1,6060
4453,1,6340
4454,1,2530
4455,1,2180
4456,1,12760
4457,1,1030
4458,1,3700
4459,1,3120
4460,1,880
4461,1,12800
4462,1,18030
4463,1,14340
4464,1,5470
4465,1,80
4466,1,270
4467,1,11890
4468,1,62420
4469,1,640
4470,1,13710
4471,1,16250
4472,1,7380
4473,1,680
4474,1,4620
4475,1,110
4476,1,5780
4477,1,2950
4478,1,1580
4479,1,7250
4480,1,4910
4481,1,1150
4482,1,200
4483,1,7310
4484,1,1450
4485,1,80
4486,1,650
4487,1,3720
4488,1,12540
4489,1,1460
4490,1,2020
4491,1,1040
4492,1,6900
4493,1,340
4494,1,6970
4495,1,1800
4496,1,130
4497,1,920
4498,1,1300
4499,1,1360
4500,1,1410
4501,1,9310
4502,1,32920
4503,1,4080
4504,1,520
4505,1,2640
4506,1,320
4507,1,260
4508,1,22120
4509,1,260
4510,1,4300
4511,1,1060
4512,1,170
4513,1,580
4514,1,1530
4515,1,27090
4516,1,39340
4517,1,1130
4518,1,140
4519,1,7340
4520,1,8030
4521,1,200
4522,1,260
4523,1,3630
4524,1,200
4525,1,420
4526,1,5730
4527,1,300
4528,1,380
4529,1,2410
4530,1,9500
4531,1,1380
4532,1,290
4533,1,10500
4534,1,14520
4535,1,16880
4536,1,420
4537,1,6290
4538,1,3180
4539,1,18660
4540,1,1090
4541,1,910
4542,1,20720
4543,1,210
4544,1,400
4545,1,12940
4546,1,380
4547,1,120
4548,1,2600
4549,1,4690
4550,1,6870
4551,1,4340
4552,1,2060
4553,1,680
4554,1,28930
4555,1,9190
4556,1,990
4557,1,58400
4558,1,210
4559,1,6260
4560,1,80
4561,1,450
4562,1,910
4563,1,43160
4564,1,410
4565,1,9190
4566,1,4930
4567,1,1460
4568,1,20120
4569,1,12350
4570,1,1960
4571,1,40
4572,1,860
4573,1,1540
4574,1,120
4575,1,5300
4576,1,48250
4577,1,340
4578,1,6650
4579,1,28720
4580,1,18030
4581,1,135890
4582,1,720
4583,1,670
4584,1,130
4585,1,14020
4586,1,111840
4587,1,850
4588,1,100
4589,1,1140
4590,1,3920
4591,1,18530
4592,1,830
4593,1,530
4594,1,4360
4595,1,6130
4596,1,510
4597,1,2670
4598,1,133060
4599,1,3330
4600,1,630
4601,1,4780
4602,1,230
4603,1,1070
4604,1,1220
4605,1,33130
4606,1,310
4607,1,2660
4608,1,1030
4609,1,6540
4610,1,23010
4611,1,300
4612,1,6300
4613,1,8420
4614,1,1270
4615,1,90
4616,1,1710
4617,1,21470
4618,1,1310
4619,1,59960
4620,1,15250
4621,1,2350
4622,1,6980
4623,1,680
4624,1,9950
4625,1,3970
4626,1,2860
4627,1,7500
4628,1,500000
4629,1,19500
4630,1,1350
4631,1,510
4632,1,810
4633,1,4950
4634,1,2460
4635,1,39840
4636,1,6330
4637,1,90
4638,1,510
4639,1,170
4640,1,9650
4641,1,80
4642,1,210
4643,1,2140
4644,1,440
4645,1,270
4646,1,13700
4647,1,37390
4648,1,45160
4649,1,1890
4650,1,70
4651,1,3890
4652,1,300
4653,1,1800
4654,1,1480
4655,1,1310
4656,1,4200
4657,1,2310
4658,1,15750
4659,1,360
4660,1,3480
4661,1,2030
4662,1,1460
4663,1,7150
4664,1,4040
4665,1,3560
4666,1,1380
4667,1,50
4668,1,30
4669,1,1270
4670,1,9560
4671,1,610
4672,1,5060
4673,1,1690
4674,1,34220
4675,1,2930
4676,1,4050
4677,1,7230
4678,1,1500
4679,1,1670
4680,1,1870
4681,1,340
4682,1,600
4683,1,7810
4684,1,400
4685,1,7120
4686,1,26490
4687,1,430
4688,1,40
4689,1,3040
4690,1,680
4691,1,260
4692,1,38830
4693,1,10450
4694,1,26200
4695,1,2040
4696,1,11560
4697,1,23390
4698,1,2780
4699,1,750
4700,1,5260
4701,1,1870
4702,1,320
4703,1,660
4704,1,360
4705,1,11070
4706,1,2590
4707,1,1350
4708,1,6940
4709,1,3130
4710,1,23130
4711,1,23980
4712,1,2770
4713,1,2600
4714,1,5040
4715,1,16420
4716,1,1620
4717,1,1220
4718,1,9860
4719,1,3880
4720,1,2240
4721,1,300
4722,1,700
4723,1,60
4724,1,2520
4725,1,2220
4726,1,5000
4727,1,8970
4728,1,5360
4729,1,6070
4730,1,8420
4731,1,3520
4732,1,4600
4733,1,8900
4734,1,1940
4735,1,1210
4736,1,1350
4737,1,10010
4738,1,1770
4739,1,150
4740,1,5410
4741,1,1340
4742,1,990
4743,1,110
4744,1,4920
4745,1,5570
4746,1,5200
4747,1,12600
4748,1,1030
4749,1,1150
4750,1,48550
4751,1,1230
4752,1,9450
4753,1,11170
4754,1,30
4755,1,1800
4756,1,20
4757,1,8890
4758,1,230
4759,1,9050
4760,1,20
4761,1,240
4762,1,350
4763,1,24600
4764,1,60
4765,1,810
4766,1,6730
4767,1,18160
4768,1,230
4769,1,4000
4770,1,6620
4771,1,1220
4772,1,4390
4773,1,3030
4774,1,11140
4775,1,3870
4776,1,500000
4777,1,20
4778,1,12350
4779,1,2620
4780,1,900
4781,1,2150
4782,1,470
4783,1,570
4784,1,42290
4785,1,990
4786,1,4270
4787,1,55260
4788,1,18100
4789,1,4640
4790,1,260
4791,1,980
4792,1,610
4793,1,14280
4794,1,14530
4795,1,250
4796,1,290
4797,1,2370
4798,1,35790
4799,1,10490
4800,1,4640
4801,1,5970
4802,1,23440
4803,1,510
4804,1,100
4805,1,210
4806,1,3590
4807,1,580
4808,1,28930
4809,1,3000
4810,1,410
4811,1,2350
4812,1,1810
4813,1,260
4814,1,1180
4815,1,1380
4816,1,13300
4817,1,2890
4818,1,18710
4819,1,3090
4820,1,1110
4821,1,110
4822,1,1570
4823,1,1490
4824,1,2260
4825,1,12080
4826,1,2550
4827,1,3250
4828,1,500000
4829,1,610
4830,1,4990
4831,1,9970
4832,1,44460
4833,1,580
4834,1,9860
4835,1,17370
4836,1,960
4837,1,22520
4838,1,2930
4839,1,12240
4840,1,8380
4841,1,4610
4842,1,6040
4843,1,5600
4844,1,14650
4845,1,6430
4846,1,5480
4847,1,20400
4848,1,220
4849,1,39240
4850,1,58610
4851,1,3240
4852,1,260
4853,1,10120
4854,1,1880
4855,1,1020
4856,1,26860
4857,1,24270
4858,1,180
4859,1,10010
4860,1,4330
4861,1,900
4862,1,10580
4863,1,660
4864,1,12150
4865,1,430
4866,1,17420
4867,1,36280
4868,1,91080
4869,1,6320
4870,1,530
4871,1,430
4872,1,7200
4873,1,870
4874,1,500000
4875,1,14940
4876,1,210
4877,1,150
4878,1,300
4879,1,3850
4880,1,6420
4881,1,6430
4882,1,144830
4883,1,2650
4884,1,4930
4885,1,12820
4886,1,1980
4887,1,690
4888,1,700
4889,1,2710
4890,1,15200
4891,1,4020
4892,1,630
4893,1,6260
4894,1,230
4895,1,710
4896,1,960
4897,1,15820
4898,1,180
4899,1,14240
4900,1,780
4901,1,230
4902,1,2350
4903,1,1580
4904,1,14820
4905,1,5680
4906,1,1970
4907,1,87360
4908,1,720
4909,1,2140
4910,1,71610
4911,1,14470
4912,1,650
4913,1,25850
4914,1,8380
4915,1,920
4916,1,2070
4917,1,35560
4918,1,7160
4919,1,4490
4920,1,230
4921,1,490
4922,1,11930
4923,1,220
4924,1,2470
4925,1,1210
4926,1,100
4927,1,2780
4928,1,2100
4929,1,16050
4930,1,1920
4931,1,43460
4932,1,1680
4933,1,30
4934,1,24520
4935,1,3120
4936,1,36390
4937,1,4670
4938,1,2300
4939,1,5070
4940,1,1300
4941,1,440
4942,1,4190
4943,1,440
4944,1,1280
4945,1,1400
4946,1,20090
4947,1,550
4948,1,520
4949,1,2470
4950,1,120
4951,1,190
4952,1,100
4953,1,3050
4954,1,9950
4955,1,52590
4956,1,19540
4957,1,50540
4958,1,1460
4959,1,3120
4960,1,72600
4961,1,890
4962,1,980
4963,1,440
4964,1,170
4965,1,2770
4966,1,230
4967,1,32550
4968,1,7110
4969,1,1060
4970,1,14250
4971,1,2540
4972,1,2690
4973,1,520
4974,1,280
4975,1,2160
4976,1,90800
4977,1,9940
4978,1,25500
4979,1,2590
4980,1,890
4981,1,7530
4982,1,3100
4983,1,310
4984,1,1690
4985,1,150
4986,1,7310
4987,1,6910
4988,1,490
4989,1,690
4990,1,2900
4991,1,10770
4992,1,25500
4993,1,360
4994,1,28690
4995,1,8400
4996,1,9440
4997,1,510
4998,1,3880
4999,1,800
5000,1,280
5001,1,28260
5002,1,2100
5003,1,19340
5004,1,4310
5005,1,750
5006,1,4380
5007,1,5280
5008,1,302070
5009,1,75810
5010,1,2860
5011,1,640
5012,1,1590
5013,1,1350
5014,1,1820
5015,1,1330
5016,1,2720
5017,1,5540
5018,1,3170
5019,1,1070
5020,1,20
5021,1,1100
5022,1,17850
5023,1,530
5024,1,2740
5025,1,1510
5026,1,2730
5027,1,5930
5028,1,2280
5029,1,7720
5030,1,1020
5031,1,130
5032,1,300
5033,1,8030
5034,1,1070
5035,1,1000
5036,1,12570
5037,1,7500
5038,1,4240
5039,1,920
5040,1,6600
5041,1,28650
5042,1,3180
5043,1,2130
5044,1,20580
5045,1,87170
5046,1,840
5047,1,23160
5048,1,530
5049,1,430
5050,1,1740
5051,1,290
5052,1,7520
5053,1,3130
5054,1,4140
5055,1,13150
5056,1,2660
5057,1,9930
5058,1,2570
5059,1,5100
5060,1,13130
5061,1,27340
5062,1,1870
5063,1,14840
5064,1,250
5065,1,1180
5066,1,220
5067,1,41870
5068,1,2860
5069,1,2930
5070,1,250
5071,1,440
5072,1,40
5073,1,500000
5074,1,45130
5075,1,7690
5076,1,14630
5077,1,3440
5078,1,14430
5079,1,1200
5080,1,29820
5081,1,1840
5082,1,640
5083,1,1230
5084,1,690
5085,1,4250
5086,1,20260
5087,1,1110
5088,1,740
5089,1,28140
5090,1,1090
5091,1,1090
5092,1,190
5093,1,10
5094,1,500000
5095,1,7960
5096,1,4320
5097,1,4100
5098,1,14300
5099,1,640
5100,1,6580
5101,1,110
5102,1,44420
5103,1,10930
5104,1,1300
5105,1,500
5106,1,6130
5107,1,80
5108,1,480
5109,1,21320
5110,1,32320
5111,1,15000
5112,1,51590
5113,1,120
5114,1,170
5115,1,370
5116,1,19510
5117,1,106800
5118,1,35250
5119,1,100
5120,1,500000
5121,1,16180
5122,1,410
5123,1,470
5124,1,520
5125,1,1430
5126,1,4350
5127,1,19370
5128,1,1740
5129,1,5650
5130,1,41860
5131,1,5790
5132,1,4380
5133,1,70
5134,1,180
5135,1,29270
5136,1,86180
5137,1,2570
5138,1,320
5139,1,890
5140,1,430
5141,1,1970
5142,1,760
5143,1,10
5144,1,210
5145,1,1360
5146,1,20740
5147,1,5310
5148,1,7890
5149,1,8650
5150,1,910
5151,1,2610
5152,1,2690
5153,1,990
5154,1,1710
5155,1,6030
5156,1,1770
5157,1,15480
5158,1,16480
5159,1,3730
5160,1,4110
5161,1,320
5162,1,2020
5163,1,4310
5164,1,750
5165,1,170
5166,1,200
5167,1,1000
5168,1,11190
5169,1,440
5170,1,1120
5171,1,2630
5172,1,540
5173,1,33390
5174,1,25540
5175,1,60
5176,1,640
5177,1,32930
5178,1,25520
5179,1,15130
5180,1,1610
5181,1,45160
5182,1,800
5183,1,810
5184,1,34750
5185,1,12990
5186,1,21180
5187,1,7710
5188,1,310
5189,1,600
5190,1,800
5191,1,2760
5192,1,5030
5193,1,9290
5194,1,25100
5195,1,2240
5196,1,6560
5197,1,80970
5198,1,140
5199,1,4350
5200,1,140
5201,1,11520
5202,1,6800
5203,1,80
5204,1,230
5205,1,230
5206,1,5090
5207,1,3250
5208,1,13270
5209,1,2680
5210,1,1530
5211,1,47300
5212,1,29780
5213,1,33010
5214,1,230
5215,1,30
5216,1,230
5217,1,64690
5218,1,500000
5219,1,2240
5220,1,650
5221,1,15670
5222,1,1090
5223,1,7090
5224,1,3790
5225,1,3070
5226,1,1020
5227,1,160
5228,1,4520
5229,1,32610
5230,1,6420
5231,1,4180
5232,1,2000
5233,1,29790
5234,1,2570
5235,1,28240
5236,1,12450
5237,1,6490
5238,1,3750
5239,1,240
5240,1,10420
5241,1,3180
5242,1,3420
5243,1,47760
5244,1,710
5245,1,4150
5246,1,60
5247,1,7610
5248,1,470
5249,1,3160
5250,1,1550
5251,1,17780
5252,1,8320
5253,1,3960
5254,1,560
5255,1,8120
5256,1,6520
5257,1,16230
5258,1,90
5259,1,7820
5260,1,1200
5261,1,44890
5262,1,12540
5263,1,2280
5264,1,9910
5265,1,630
5266,1,1720
5267,1,170
5268,1,3490
5269,1,14550
5270,1,350
5271,1,80
5272,1,16490
5273,1,3820
5274,1,770
5275,1,11550
5276,1,500000
5277,1,1400
5278,1,3740
5279,1,360
5280,1,194830
5281,1,130
5282,1,300
5283,1,5760
5284,1,700
5285,1,460
5286,1,9660
5287,1,190
5288,1,5300
5289,1,320
5290,1,2420
5291,1,20
5292,1,16390
5293,1,1420
5294,1,1100
5295,1,1440
5296,1,1110
5297,1,470
5298,1,2100
5299,1,1160
5300,1,4760
5301,1,1710
5302,1,1490
5303,1,210
5304,1,90
5305,1,33180
5306,1,140
5307,1,970
5308,1,20
5309,1,2220
5310,1,650
5311,1,5070
5312,1,1740
5313,1,170
5314,1,790
5315,1,1450
5316,1,2110
5317,1,7980
5318,1,60
5319,1,190
5320,1,60
5321,1,12920
5322,1,2200
5323,1,1600
5324,1,48710
5325,1,560
5326,1,500000
5327,1,12840
5328,1,230
5329,1,1160
5330,1,42790
5331,1,1440
5332,1,2990
5333,1,1030
5334,1,650
5335,1,2380
5336,1,6450
5337,1,380
5338,1,6700
5339,1,100
5340,1,10000
5341,1,18770
5342,1,760
5343,1,250
5344,1,480
5345,1,9000
5346,1,2020
5347,1,850
5348,1,7400
5349,1,5330
5350,1,18310
5351,1,18130
5352,1,20
5353,1,260
5354,1,4160
5355,1,1790
5356,1,20880
5357,1,660
5358,1,3030
5359,1,5150
5360,1,500000
5361,1,7270
5362,1,4450
5363,1,1120
5364,1,238250
5365,1,197670
5366,1,3060
5367,1,130
5368,1,4380
5369,1,78670
5370,1,3860
5371,1,190
5372,1,400
5373,1,60
5374,1,6520
5375,1,6720
5376,1,2530
5377,1,2880
5378,1,11780
5379,1,2950
5380,1,680
5381,1,20
5382,1,17120
5383,1,150
5384,1,8760
5385,1,10340
5386,1,530
5387,1,8810
5388,1,130
5389,1,100
5390,1,4750
5391,1,750
5392,1,30
5393,1,240
5394,1,24470
5395,1,16320
5396,1,970
5397,1,3450
5398,1,6970
5399,1,4810
5400,1,30
5401,1,16990
5402,1,12360
5403,1,470
5404,1,700
5405,1,23280
5406,1,1300
5407,1,170
5408,1,5370
5409,1,27280
5410,1,500
5411,1,430
5412,1,600
5413,1,49220
5414,1,116440
5415,1,940
5416,1,570
5417,1,52110
5418,1,30
5419,1,550
5420,1,32340
5421,1,1210
5422,1,55750
5423,1,10790
5424,1,650
5425,1,300
5426,1,1300
5427,1,5370
5428,1,120
5429,1,8350
5430,1,13800
5431,1,3190
5432,1,450
5433,1,9100
5434,1,11600
5435,1,11180
5436,1,1960
5437,1,2360
5438,1,35900
5439,1,310
5440,1,25650
5441,1,400
5442,1,240
5443,1,3190
5444,1,360
5445,1,2010
5446,1,6260
5447,1,750
5448,1,1180
5449,1,16010
5450,1,69150
5451,1,410
5452,1,30800
5453,1,1860
5454,1,1000
5455,1,360
5456,1,5110
5457,1,4030
5458,1,2660
5459,1,82630
5460,1,2020
5461,1,4950
5462,1,45750
5463,1,860
5464,1,100
5465,1,5130
5466,1,8430
5467,1,4740
5468,1,1040
5469,1,51850
5470,1,14750
5471,1,1020
5472,1,4060
5473,1,22830
5474,1,33830
5475,1,10
5476,1,1620
5477,1,2050
5478,1,5940
5479,1,190
5480,1,160
5481,1,5920
5482,1,4130
5483,1,500000
5484,1,4100
5485,1,1500
5486,1,12180
5487,1,1440
5488,1,5350
5489,1,6340
5490,1,480
5491,1,1130
5492,1,27250
5493,1,2800
5494,1,140
5495,1,41680
5496,1,110
5497,1,20
5498,1,100
5499,1,72960
5500,1,790
5501,1,280
5502,1,750
5503,1,180
5504,1,1340
5505,1,310
5506,1,9290
5507,1,7250
5508,1,1500
5509,1,1550
5510,1,3680
5511,1,500000
5512,1,270
5513,1,10530
5514,1,40
5515,1,640
5516,1,1560
5517,1,1550
5518,1,11400
5519,1,110
5520,1,17050
5521,1,3560
5522,1,1890
5523,1,2380
5524,1,5420
5525,1,21880
5526,1,500000
5527,1,2440
5528,1,2030
5529,1,1190
5530,1,500000
5531,1,15440
5532,1,3770
5533,1,40
5534,1,390
5535,1,5180
5536,1,180
5537,1,6120
5538,1,60
5539,1,5860
5540,1,1060
5541,1,2230
5542,1,5030
5543,1,3470
5544,1,360
5545,1,720
5546,1,12480
5547,1,1320
5548,1,11000
5549,1,16300
5550,1,2470
5551,1,430
5552,1,2640
5553,1,5020
5554,1,32460
5555,1,6160
5556,1,100
5557,1,330
5558,1,20
5559,1,151740
5560,1,1310
5561,1,400
5562,1,3020
5563,1,30460
5564,1,39530
5565,1,1910
5566,1,1460
5567,1,680
5568,1,1520
5569,1,2900
5570,1,7420
5571,1,26260
5572,1,3510
5573,1,60
5574,1,2290
5575,1,5250
5576,1,1300
5577,1,23780
5578,1,2040
5579,1,6680
5580,1,750
5581,1,3020
5582,1,460
5583,1,2600
5584,1,4130
5585,1,990
5586,1,4020
5587,1,190
5588,1,1260
5589,1,40770
5590,1,11560
5591,1,5430
5592,1,280
5593,1,260
5594,1,9430
5595,1,6220
5596,1,320
5597,1,2500
5598,1,80
5599,1,5590
5600,1,5760
5601,1,3200
5602,1,630
5603,1,2530
5604,1,1500
5605,1,80
5606,1,910
5607,1,2100
5608,1,360
5609,1,74210
5610,1,74610
5611,1,35800
5612,1,1910
5613,1,15020
5614,1,10740
5615,1,600
5616,1,420
5617,1,2070
5618,1,40900
5619,1,230
5620,1,1590
5621,1,5200
5622,1,40
5623,1,1030
5624,1,420
5625,1,15440
5626,1,9300
5627,1,1060
5628,1,3050
5629,1,250
5630,1,120
5631,1,50
5632,1,400
5633,1,980
5634,1,28680
5635,1,840
5636,1,23970
5637,1,5850
5638,1,4870
5639,1,7680
5640,1,530
5641,1,11030
5642,1,850
5643,1,720
5644,1,310
5645,1,9590
5646,1,2650
5647,1,900
5648,1,10680
5649,1,20
5650,1,10
5651,1,53370
5652,1,7340
5653,1,2500
5654,1,37430
5655,1,2800
5656,1,500
5657,1,13460
5658,1,17030
5659,1,970
5660,1,1260
5661,1,33500
5662,1,4550
5663,1,2280
5664,1,2920
5665,1,3140
5666,1,80
5667,1,2400
5668,1,140
5669,1,49570
5670,1,910
5671,1,2000
5672,1,16330
5673,1,12070
5674,1,60
5675,1,330
5676,1,5070
5677,1,23840
5678,1,12400
5679,1,24100
5680,1,210
5681,1,21940
5682,1,230
5683,1,1530
5684,1,310
5685,1,7130
5686,1,1930
5687,1,990
5688,1,1160
5689,1,7600
5690,1,4770
5691,1,2840
5692,1,100
5693,1,200
5694,1,210
5695,1,660
5696,1,7280
5697,1,6420
5698,1,60
5699,1,500000
5700,1,5120
5701,1,290
5702,1,1910
5703,1,26860
5704,1,680
5705,1,26070
5706,1,110
5707,1,2400
5708,1,26370
5709,1,12640
5710,1,19960
5711,1,40
5712,1,1070
5713,1,2110
5714,1,14640
5715,1,580
5716,1,240
5717,1,42340
5718,1,34990
5719,1,80
5720,1,31850
5721,1,60
5722,1,700
5723,1,15000
5724,1,111240
5725,1,13690
5726,1,9690
5727,1,6240
5728,1,1420
5729,1,4110
5730,1,110
5731,1,90
5732,1,3960
5733,1,830
5734,1,4740
5735,1,2450
5736,1,61100
5737,1,1560
5738,1,140
5739,1,160
5740,1,420
5741,1,570
5742,1,1850
5743,1,132110
5744,1,4630
5745,1,15280
5746,1,4490
5747,1,8910
5748,1,1720
5749,1,21440
5750,1,820
5751,1,7080
5752,1,150
5753,1,530
5754,1,7060
5755,1,4000
5756,1,5830
5757,1,18320
5758,1,62720
5759,1,1440
5760,1,6490
5761,1,12460
5762,1,200
5763,1,200
5764,1,29600
5765,1,23340
5766,1,230
5767,1,4450
5768,1,230
5769,1,2850
5770,1,111080
5771,1,1010
5772,1,1130
5773,1,75740
5774,1,7220
5775,1,4040
5776,1,60
5777,1,34530
5778,1,15280
5779,1,4530
5780,1,10430
5781,1,700
5782,1,970
5783,1,2410
5784,1,70
5785,1,25240
5786,1,4780
5787,1,60
5788,1,13660
5789,1,2950
5790,1,1330
5791,1,4200
5792,1,1850
5793,1,50240
5794,1,32470
5795,1,8510
5796,1,20060
5797,1,500000
5798,1,3820
5799,1,1590
5800,1,26900
5801,1,5430
5802,1,300
5803,1,2920
5804,1,1010
5805,1,10140
5806,1,800
5807,1,17180
5808,1,1590
5809,1,1360
5810,1,180
5811,1,590
5812,1,4150
5813,1,180
5814,1,4470
5815,1,3970
5816,1,4640
5817,1,3240
5818,1,720
5819,1,1610
5820,1,800
5821,1,13470
5822,1,9090
5823,1,700
5824,1,240
5825,1,600
5826,1,19480
5827,1,5300
5828,1,510
5829,1,3920
5830,1,1910
5831,1,5150
5832,1,920
5833,1,6090
5834,1,63920
5835,1,100
5836,1,5420
5837,1,1670
5838,1,1660
5839,1,8120
5840,1,3030
5841,1,48980
5842,1,2570
5843,1,3440
5844,1,45970
5845,1,5080
5846,1,3800
5847,1,6380
5848,1,3340
5849,1,6250
5850,1,32810
5851,1,78110
5852,1,170
5853,1,130
5854,1,34230
5855,1,20830
5856,1,110
5857,1,3020
5858,1,1360
5859,1,3020
5860,1,13150
5861,1,430
5862,1,11120
5863,1,2770
5864,1,19610
5865,1,2040
5866,1,19020
5867,1,1260
5868,1,20
5869,1,19380
5870,1,9480
5871,1,1580
5872,1,5480
5873,1,10460
5874,1,14390
5875,1,2200
5876,1,24690
5877,1,810
5878,1,121600
5879,1,6560
5880,1,5370
5881,1,48810
5882,1,5920
5883,1,500000
5884,1,10
5885,1,1430
5886,1,3750
5887,1,12590
5888,1,4390
5889,1,16070
5890,1,20490
5891,1,15980
5892,1,530
5893,1,45690
5894,1,1540
5895,1,10350
5896,1,530
5897,1,4260
5898,1,2580
5899,1,1380
5900,1,20
5901,1,160
5902,1,16360
5903,1,3910
5904,1,3240
5905,1,1000
5906,1,10510
5907,1,6380
5908,1,5090
5909,1,420
5910,1,4930
5911,1,190
5912,1,40
5913,1,280
5914,1,2250
5915,1,200
5916,1,50
5917,1,96080
5918,1,280
5919,1,700
5920,1,8270
5921,1,3890
5922,1,940
5923,1,3040
5924,1,90
5925,1,1880
5926,1,130
5927,1,590
5928,1,680
5929,1,540
5930,1,3470
5931,1,21390
5932,1,30
5933,1,22500
5934,1,1110
5935,1,1310
5936,1,19180
5937,1,9950
5938,1,500000
5939,1,60
5940,1,600
5941,1,167080
5942,1,3020
5943,1,420
5944,1,3000
5945,1,149640
5946,1,2980
5947,1,5410
5948,1,80
5949,1,31050
5950,1,80
5951,1,1110
5952,1,3230
5953,1,110
5954,1,16400
5955,1,25880
5956,1,12800
5957,1,450
5958,1,90
5959,1,1030
5960,1,17800
5961,1,5410
5962,1,500000
5963,1,6360
5964,1,10
5965,1,380
5966,1,10300
5967,1,1600
5968,1,7990
5969,1,10560
5970,1,43110
5971,1,50
5972,1,1040
5973,1,1800
5974,1,680
5975,1,3410
5976,1,880
5977,1,34360
5978,1,24450
5979,1,310
5980,1,35160
5981,1,40
5982,1,3110
5983,1,280
5984,1,420
5985,1,30530
5986,1,5880
5987,1,700
5988,1,1050
5989,1,3910
5990,1,4230
5991,1,4010
5992,1,2690
5993,1,1500
5994,1,2840
5995,1,18100
5996,1,14960
5997,1,4900
5998,1,12280
5999,1,610
6000,1,590
6001,1,1890
6002,1,1280
6003,1,50
6004,1,100
6005,1,63110
6006,1,1610
6007,1,600
6008,1,40
6009,1,110
6010,1,5450
6011,1,2630
6012,1,5200
6013,1,107200
6014,1,8620
6015,1,1940
6016,1,220
6017,1,10500
6018,1,1100
6019,1,1810
6020,1,1490
6021,1,3700
6022,1,670
6023,1,1110
6024,1,6780
6025,1,380
6026,1,10030
6027,1,29160
6028,1,17580
6029,1,16030
6030,1,100
6031,1,3100
6032,1,80
6033,1,60
6034,1,4470
6035,1,5020
6036,1,5250
6037,1,230
6038,1,650
6039,1,10170
6040,1,55290
6041,1,40
6042,1,7810
6043,1,2000
6044,1,2450
6045,1,730
6046,1,850
6047,1,32260
6048,1,190
6049,1,1920
6050,1,30390
6051,1,10290
6052,1,700
6053,1,23170
6054,1,7260
6055,1,650
6056,1,3450
6057,1,3570
6058,1,10
6059,1,2100
6060,1,410
6061,1,5400
6062,1,1660
6063,1,5280
6064,1,5250
6065,1,390
6066,1,1000
6067,1,370
6068,1,31380
6069,1,20
6070,1,130
6071,1,10
6072,1,19340
6073,1,5140
6074,1,720
6075,1,190
6076,1,16520
6077,1,120
6078,1,6550
6079,1,8960
6080,1,200
6081,1,2210
6082,1,640
6083,1,23250
6084,1,690
6085,1,155700
6086,1,34860
6087,1,110
6088,1,1440
6089,1,14830
6090,1,70
6091,1,2750
6092,1,190
6093,1,1700
6094,1,8800
6095,1,1030
6096,1,5010
6097,1,1440
6098,1,11930
6099,1,6280
6100,1,3000
6101,1,110
6102,1,150
6103,1,28190
6104,1,7190
6105,1,1920
6106,1,8600
6107,1,1400
6108,1,9190
6109,1,800
6110,1,25210
6111,1,2080
6112,1,5220
6113,1,13810
6114,1,14390
6115,1,26190
6116,1,46390
6117,1,14030
6118,1,100
6119,1,180
6120,1,450
6121,1,1510
6122,1,7010
6123,1,4440
6124,1,6460
6125,1,150
6126,1,10590
6127,1,100
6128,1,1100
6129,1,2040
6130,1,6250
6131,1,240
6132,1,320
6133,1,30
6134,1,4180
6135,1,13720
6136,1,2350
6137,1,4840
6138,1,3530
6139,1,12660
6140,1,520
6141,1,690
6142,1,1420
6143,1,4680
6144,1,50
6145,1,5400
6146,1,4260
6147,1,3280
6148,1,1720
6149,1,40
6150,1,3120
6151,1,1420
6152,1,2840
6153,1,250
6154,1,24350
6155,1,1570
6156,1,350
6157,1,500
6158,1,500000
6159,1,170
6160,1,8110
6161,1,580
6162,1,1130
6163,1,8030
6164,1,1160
6165,1,40
6166,1,300
6167,1,10200
6168,1,80
6169,1,1000
6170,1,500000
6171,1,7840
6172,1,470
6173,1,6560
6174,1,530
6175,1,1730
6176,1,124140
6177,1,3000
6178,1,5090
6179,1,220
6180,1,1340
6181,1,6560
6182,1,1060
6183,1,2230
6184,1,1040
6185,1,1070
6186,1,35200
6187,1,1650
6188,1,2990
6189,1,54080
6190,1,2200
6191,1,20
6192,1,580
6193,1,12240
6194,1,4980
6195,1,8650
6196,1,650
6197,1,2700
6198,1,1680
6199,1,1010
6200,1,16610
6201,1,3760
6202,1,23560
6203,1,10
6204,1,1350
6205,1,320
6206,1,3800
6207,1,24690
6208,1,34620
6209,1,210
6210,1,5560
6211,1,1380
6212,1,820
6213,1,1110
6214,1,50
6215,1,9920
6216,1,18660
6217,1,200
6218,1,340
6219,1,39650
6220,1,2100
6221,1,3400
6222,1,4840
6223,1,14850
6224,1,910
6225,1,6200
6226,1,3420
6227,1,50
6228,1,3320
6229,1,1720
6230,1,170
6231,1,400
6232,1,5440
6233,1,5850
6234,1,1200
6235,1,1030
6236,1,130
6237,1,20
6238,1,112150
6239,1,1380
6240,1,230
6241,1,12820
6242,1,320
6243,1,66430
6244,1,4620
6245,1,1500
6246,1,830
6247,1,390
6248,1,59240
6249,1,1520
6250,1,25300
6251,1,6440
6252,1,120
6253,1,130
6254,1,1260
6255,1,500000
6256,1,1520
6257,1,58200
6258,1,12600
6259,1,8050
6260,1,790
6261,1,22930
6262,1,15640
6263,1,4540
6264,1,710
6265,1,160
6266,1,830
6267,1,290
6268,1,500000
6269,1,21810
6270,1,42710
6271,1,15910
6272,1,540
6273,1,6570
6274,1,188100
6275,1,9070
6276,1,4200
6277,1,190
6278,1,1560
6279,1,3830
6280,1,31620
6281,1,1190
6282,1,4200
6283,1,2200
6284,1,13170
6285,1,470
6286,1,1720
6287,1,3330
6288,1,3040
6289,1,2650
6290,1,7170
6291,1,1220
6292,1,30
6293,1,1090
6294,1,12370
6295,1,6760
6296,1,3130
6297,1,9380
6298,1,80
6299,1,20
6300,1,1760
6301,1,58940
6302,1,1600
6303,1,1380
6304,1,500
6305,1,10890
6306,1,1080
6307,1,21000
6308,1,3530
6309,1,260
6310,1,70
6311,1,790
6312,1,270
6313,1,30
6314,1,7490
6315,1,320
6316,1,8640
6317,1,500000
6318,1,500000
6319,1,630
6320,1,560
6321,1,300
6322,1,190
6323,1,1490
6324,1,10560
6325,1,18450
6326,1,3930
6327,1,60
6328,1,5100
6329,1,2630
6330,1,350
6331,1,1020
6332,1,290
6333,1,1040
6334,1,5060
6335,1,2060
6336,1,42470
6337,1,1790
6338,1,11800
6339,1,3510
6340,1,60
6341,1,2050
6342,1,6320
6343,1,40
6344,1,40
6345,1,2270
6346,1,9110
6347,1,1260
6348,1,200
6349,1,3560
6350,1,73640
6351,1,290
6352,1,1800
6353,1,27050
6354,1,700
6355,1,520
6356,1,11920
6357,1,6070
6358,1,3410
6359,1,1200
6360,1,74720
6361,1,3500
6362,1,1120
6363,1,2350
6364,1,390
6365,1,20550
6366,1,11800
6367,1,12620
6368,1,5340
6369,1,2140
6370,1,21180
6371,1,2660
6372,1,1110
6373,1,2500
6374,1,650
6375,1,2520
6376,1,40
6377,1,7710
6378,1,4100
6379,1,15720
6380,1,17390
6381,1,1890
6382,1,11530
6383,1,450
6384,1,87220
6385,1,1140
6386,1,450
6387,1,46400
6388,1,410
6389,1,6320
6390,1,820
6391,1,40
6392,1,7370
6393,1,1350
6394,1,22990
6395,1,4470
6396,1,2460
6397,1,550
6398,1,35160
6399,1,970
6400,1,1300
6401,1,530
6402,1,100
6403,1,19930
6404,1,2030
6405,1,39710
6406,1,22300
6407,1,23760
6408,1,1110
6409,1,50
6410,1,113490
6411,1,670
6412,1,750
6413,1,580
6414,1,1710
6415,1,2170
6416,1,950
6417,1,17720
6418,1,1280
6419,1,1290
6420,1,37300
6421,1,340
6422,1,530
6423,1,2530
6424,1,61980
6425,1,40330
6426,1,60
6427,1,14220
6428,1,3010
6429,1,27420
6430,1,330
6431,1,660
6432,1,260
6433,1,1080
6434,1,12860
6435,1,90990
6436,1,16510
6437,1,19100
6438,1,7630
6439,1,24330
6440,1,1390
6441,1,3040
6442,1,3110
6443,1,7210
6444,1,3000
6445,1,460
6446,1,24000
6447,1,370
6448,1,9230
6449,1,1140
6450,1,3580
6451,1,1680
6452,1,260
6453,1,500000
6454,1,210
6455,1,3250
6456,1,530
6457,1,19070
6458,1,5700
6459,1,5770
6460,1,660
6461,1,61010
6462,1,110
6463,1,980
6464,1,11200
6465,1,4200
6466,1,11120
6467,1,60
6468,1,10570
6469,1,2710
6470,1,690
6471,1,6080
6472,1,1600
6473,1,3270
6474,1,50
6475,1,5180
6476,1,23500
6477,1,22660
6478,1,59710
6479,1,8860
6480,1,550
6481,1,32980
6482,1,1000
6483,1,800
6484,1,4800
6485,1,260
6486,1,5430
6487,1,2960
6488,1,50
6489,1,90
6490,1,3170
6491,1,1050
6492,1,1530
6493,1,32310
6494,1,790
6495,1,30
6496,1,26150
6497,1,3380
6498,1,40
6499,1,2090
6500,1,560
6501,1,1400
6502,1,2460
6503,1,530
6504,1,2750
6505,1,340
6506,1,840
6507,1,600
6508,1,230
6509,1,4050
6510,1,80
6511,1,1680
6512,1,18090
6513,1,4640
6514,1,5030
6515,1,480
6516,1,250
6517,1,110
6518,1,8130
6519,1,7000
6520,1,200
6521,1,2040
6522,1,8990
6523,1,6500
6524,1,380
6525,1,14390
6526,1,1900
6527,1,129800
6528,1,16150
6529,1,7750
6530,1,20
6531,1,220
6532,1,4760
6533,1,3500
6534,1,13580
6535,1,7780
6536,1,18860
6537,1,1490
6538,1,3420
6539,1,500000
6540,1,4830
6541,1,660
6542,1,2350
6543,1,2430
6544,1,8520
6545,1,620
6546,1,6300
6547,1,1880
6548,1,1380
6549,1,40
6550,1,300
6551,1,6940
6552,1,1240
6553,1,1270
6554,1,810
6555,1,12480
6556,1,3210
6557,1,1240
6558,1,50
6559,1,570
6560,1,370
6561,1,1330
6562,1,820
6563,1,230
6564,1,1560
6565,1,4800
6566,1,27900
6567,1,870
6568,1,410
6569,1,500000
6570,1,1230
6571,1,230
6572,1,3250
6573,1,3220
6574,1,3230
6575,1,640
6576,1,30
6577,1,2300
6578,1,4720
6579,1,380
6580,1,1100
6581,1,7400
6582,1,1330
6583,1,100
6584,1,17450
6585,1,8290
6586,1,2350
6587,1,7130
6588,1,1580
6589,1,330
6590,1,9430
6591,1,1840
6592,1,85420
6593,1,2640
6594,1,160
6595,1,1680
6596,1,500
6597,1,3950
6598,1,420
6599,1,300
6600,1,3560
6601,1,270
6602,1,5150
6603,1,15580
6604,1,21690
6605,1,4190
6606,1,10860
6607,1,500000
6608,1,5370
6609,1,5520
6610,1,14880
6611,1,1550
6612,1,2400
6613,1,6100
6614,1,11450
6615,1,860
6616,1,660
6617,1,1720
6618,1,15060
6619,1,10
6620,1,20550
6621,1,2130
6622,1,16500
6623,1,1530
6624,1,7060
6625,1,180
6626,1,590
6627,1,14180
6628,1,1650
6629,1,1760
6630,1,1960
6631,1,4540
6632,1,2070
6633,1,17520
6634,1,1240
6635,1,1050
6636,1,180
6637,1,4300
6638,1,5830
6639,1,7330
6640,1,520
6641,1,4560
6642,1,230
6643,1,1220
6644,1,980
6645,1,3600
6646,1,710
6647,1,6000
6648,1,4730
6649,1,12160
6650,1,260
6651,1,350
6652,1,120
6653,1,10160
6654,1,4070
6655,1,4270
6656,1,370
6657,1,10650
6658,1,2520
6659,1,18220
6660,1,1900
6661,1,26410
6662,1,2730
6663,1,290
6664,1,1740
6665,1,1650
6666,1,10570
6667,1,3650
6668,1,81790
6669,1,200
6670,1,210
6671,1,50100
6672,1,210
6673,1,17340
6674,1,10
6675,1,14910
6676,1,44730
6677,1,440
6678,1,9320
6679,1,2000
6680,1,80120
6681,1,55260
6682,1,1290
6683,1,2380
6684,1,620
6685,1,6240
6686,1,6200
6687,1,1000
6688,1,250
6689,1,80
6690,1,240
6691,1,2950
6692,1,1230
6693,1,930
6694,1,11410
6695,1,3900
6696,1,140
6697,1,38060
6698,1,2230
6699,1,200
6700,1,13880
6701,1,2430
6702,1,5600
6703,1,50
6704,1,960
6705,1,12320
6706,1,59250
6707,1,3390
6708,1,8660
6709,1,3540
6710,1,40
6711,1,440
6712,1,400
6713,1,5390
6714,1,5920
6715,1,12300
6716,1,620
6717,1,1400
6718,1,110
6719,1,15410
6720,1,4290
6721,1,9430
6722,1,12820
6723,1,500000
6724,1,30400
6725,1,340
6726,1,2700
6727,1,33650
6728,1,840
6729,1,9170
6730,1,660
6731,1,74640
6732,1,8400
6733,1,1510
6734,1,360
6735,1,12400
6736,1,3790
6737,1,6690
6738,1,1240
6739,1,30
6740,1,30
6741,1,3900
6742,1,2240
6743,1,17200
6744,1,820
6745,1,240
6746,1,20
6747,1,470
6748,1,43360
6749,1,18670
6750,1,2440
6751,1,1140
6752,1,60
6753,1,750
6754,1,1750
6755,1,8260
6756,1,48800
6757,1,46240
6758,1,9540
6759,1,410
6760,1,2660
6761,1,1550
6762,1,10
6763,1,840
6764,1,4610
6765,1,11510
6766,1,130
6767,1,2950
6768,1,2590
6769,1,3790
6770,1,32370
6771,1,8920
6772,1,16270
6773,1,300
6774,1,4270
6775,1,9490
6776,1,700
6777,1,2010
6778,1,1900
6779,1,5550
6780,1,450
6781,1,200
6782,1,1940
6783,1,1060
6784,1,6930
6785,1,3010
6786,1,80
6787,1,2020
6788,1,100
6789,1,100
6790,1,8060
6791,1,2560
6792,1,750
6793,1,280
6794,1,4070
6795,1,4860
6796,1,1970
6797,1,2300
6798,1,2000
6799,1,22130
6800,1,190
6801,1,790
6802,1,260
6803,1,1510
6804,1,16150
6805,1,47120
6806,1,13580
6807,1,50810
6808,1,360
6809,1,294990
6810,1,44130
6811,1,8140
6812,1,510
6813,1,4090
6814,1,2070
6815,1,710
6816,1,2320
6817,1,750
6818,1,22540
6819,1,39260
6820,1,3980
6821,1,2520
6822,1,4780
6823,1,220
6824,1,2050
6825,1,4170
6826,1,1490
6827,1,150
6828,1,500000
6829,1,136300
6830,1,3570
6831,1,9030
6832,1,56310
6833,1,31030
6834,1,1910
6835,1,6450
6836,1,340
6837,1,2940
6838,1,1230
6839,1,70
6840,1,315940
6841,1,260
6842,1,4520
6843,1,16190
6844,1,440
6845,1,2820
6846,1,5070
6847,1,24620
6848,1,80
6849,1,2590
6850,1,1060
6851,1,11450
6852,1,780
6853,1,200
6854,1,2900
6855,1,29900
6856,1,370
6857,1,310
6858,1,4010
6859,1,530
6860,1,4800
6861,1,240
6862,1,40810
6863,1,1460
6864,1,9890
6865,1,2100
6866,1,15650
6867,1,3790
6868,1,220
6869,1,8100
6870,1,110
6871,1,320
6872,1,6100
6873,1,1860
6874,1,3460
6875,1,150
6876,1,4520
6877,1,10
6878,1,5490
6879,1,6350
6880,1,23840
6881,1,67720
6882,1,150
6883,1,8390
6884,1,830
6885,1,530
6886,1,9670
6887,1,5020
6888,1,2560
6889,1,300
6890,1,280
6891,1,7540
6892,1,6600
6893,1,430
6894,1,270
6895,1,360200
6896,1,150
6897,1,90
6898,1,1290
6899,1,690
6900,1,1810
6901,1,9100
6902,1,26020
6903,1,1690
6904,1,820
6905,1,4440
6906,1,39320
6907,1,2420
6908,1,23210
6909,1,1300
6910,1,650
6911,1,5900
6912,1,680
6913,1,2020
6914,1,60
6915,1,820
6916,1,1300
6917,1,4620
6918,1,1000
6919,1,26380
6920,1,97470
6921,1,1790
6922,1,1800
6923,1,109760
6924,1,19560
6925,1,3420
6926,1,1130
6927,1,2140
6928,1,7210
6929,1,5990
6930,1,6090
6931,1,101840
6932,1,620
6933,1,300
6934,1,500000
6935,1,3020
6936,1,8040
6937,1,2480
6938,1,7470
6939,1,2520
6940,1,2030
6941,1,7370
6942,1,4620
6943,1,7570
6944,1,610
6945,1,18380
6946,1,1780
6947,1,1660
6948,1,11860
6949,1,790
6950,1,1130
6951,1,6680
6952,1,3750
6953,1,3510
6954,1,6300
6955,1,4250
6956,1,110
6957,1,9250
6958,1,1210
6959,1,180
6960,1,9940
6961,1,3720
6962,1,210
6963,1,160
6964,1,580
6965,1,7350
6966,1,1640
6967,1,17080
6968,1,2320
6969,1,24670
6970,1,2400
6971,1,390
6972,1,270
6973,1,4670
6974,1,150
6975,1,130050
6976,1,2710
6977,1,5230
6978,1,3170
6979,1,4550
6980,1,460
6981,1,9510
6982,1,4480
6983,1,6290
6984,1,230
6985,1,7060
6986,1,310
6987,1,960
6988,1,40
6989,1,700
6990,1,1200
6991,1,3120
6992,1,7850
6993,1,930
6994,1,5760
6995,1,269770
6996,1,60950
6997,1,370
6998,1,30
6999,1,11780
7000,1,810
7001,1,3600
7002,1,350
7003,1,70
7004,1,900
7005,1,4990
7006,1,26050
7007,1,7800
7008,1,14210
7009,1,2290
7010,1,1150
7011,1,6010
7012,1,5200
7013,1,1500
7014,1,260
7015,1,2730
7016,1,200
7017,1,5200
7018,1,6350
7019,1,4220
7020,1,17470
7021,1,4960
7022,1,100
7023,1,7430
7024,1,8300
7025,1,179970
7026,1,70
7027,1,1120
7028,1,1380
7029,1,231000
7030,1,100
7031,1,12090
7032,1,10460
7033,1,34850
7034,1,8180
7035,1,27940
7036,1,2950
7037,1,1320
7038,1,870
7039,1,620
7040,1,350
7041,1,31980
7042,1,5810
7043,1,3130
7044,1,29260
7045,1,30
7046,1,1110
7047,1,400
7048,1,2150
7049,1,230
7050,1,7620
7051,1,1660
7052,1,8200
7053,1,4280
7054,1,3560
7055,1,890
7056,1,4530
7057,1,1000
7058,1,7110
7059,1,25110
7060,1,160
7061,1,15020
7062,1,5080
7063,1,28750
7064,1,400
7065,1,1020
7066,1,3570
7067,1,30
7068,1,70
7069,1,90
7070,1,7310
7071,1,13960
7072,1,600
7073,1,2390
7074,1,3770
7075,1,4690
7076,1,131440
7077,1,300
7078,1,3260
7079,1,8280
7080,1,340130
7081,1,70
7082,1,8420
7083,1,14150
7084,1,470
7085,1,850
7086,1,4800
7087,1,1390
7088,1,2600
7089,1,3710
7090,1,203820
7091,1,2300
7092,1,2820
7093,1,50
7094,1,460
7095,1,3090
7096,1,230
7097,1,1700
7098,1,2980
7099,1,4190
7100,1,2600
7101,1,5410
7102,1,1080
7103,1,4660
7104,1,50
7105,1,3070
7106,1,4620
7107,1,5660
7108,1,3130
7109,1,160
7110,1,8840
7111,1,6110
7112,1,40
7113,1,3410
7114,1,12310
7115,1,630
7116,1,980
7117,1,1620
7118,1,6410
7119,1,500000
7120,1,8600
7121,1,220
7122,1,3330
7123,1,71190
7124,1,620
7125,1,1360
7126,1,20
7127,1,6920
7128,1,1000
7129,1,2580
7130,1,41770
7131,1,11300
7132,1,150
7133,1,70
7134,1,15120
7135,1,39840
7136,1,3640
7137,1,3190
7138,1,870
7139,1,1390
7140,1,14210
7141,1,55500
7142,1,101840
7143,1,1380
7144,1,12420
7145,1,2020
7146,1,68240
7147,1,15960
7148,1,230
7149,1,420
7150,1,23040
7151,1,2060
7152,1,2250
7153,1,2440
7154,1,8430
7155,1,180
7156,1,74570
7157,1,190
7158,1,190
7159,1,14270
7160,1,2000
7161,1,101660
7162,1,2080
7163,1,1260
7164,1,200
7165,1,710
7166,1,1820
7167,1,19390
7168,1,90
7169,1,11600
7170,1,850
7171,1,830
7172,1,94370
7173,1,4830
7174,1,1230
7175,1,480
7176,1,2260
7177,1,6180
7178,1,3160
7179,1,70070
7180,1,1100
7181,1,570
7182,1,1600
7183,1,140
7184,1,84150
7185,1,46080
7186,1,1110
7187,1,50010
7188,1,1720
7189,1,500000
7190,1,830
7191,1,135200
7192,1,100
7193,1,530
7194,1,6420
7195,1,370
7196,1,500000
7197,1,700
7198,1,1350
7199,1,3060
7200,1,2350
7201,1,240
7202,1,360
7203,1,1500
7204,1,4650
7205,1,280
7206,1,3380
7207,1,4480
7208,1,260
7209,1,13500
7210,1,610
7211,1,1130
7212,1,2410
7213,1,36300
7214,1,12980
7215,1,6200
7216,1,3530
7217,1,4050
7218,1,560
7219,1,1010
7220,1,3130
7221,1,1020
7222,1,310
7223,1,2080
7224,1,10210
7225,1,1350
7226,1,1320
7227,1,330
7228,1,9890
7229,1,32000
7230,1,1950
7231,1,7540
7232,1,89030
7233,1,8420
7234,1,1670
7235,1,10960
7236,1,1330
7237,1,3410
7238,1,610
7239,1,25830
7240,1,6120
7241,1,7300
7242,1,31320
7243,1,2050
7244,1,10010
7245,1,2610
7246,1,17350
7247,1,20090
7248,1,450
7249,1,650
7250,1,500000
7251,1,33050
7252,1,40400
7253,1,29080
7254,1,260
7255,1,500000
7256,1,700
7257,1,1290
7258,1,4300
7259,1,65510
7260,1,60
7261,1,13030
7262,1,18520
7263,1,4190
7264,1,10370
7265,1,14700
7266,1,4980
7267,1,8840
7268,1,3510
7269,1,940
7270,1,6870
7271,1,980
7272,1,34620
7273,1,55770
7274,1,2480
7275,1,730
7276,1,60
7277,1,540
7278,1,2580
7279,1,8070
7280,1,5200
7281,1,390
7282,1,5840
7283,1,8540
7284,1,880
7285,1,1390
7286,1,4060
7287,1,11950
7288,1,2120
7289,1,450
7290,1,8100
7291,1,700
7292,1,40
7293,1,20050
7294,1,105500
7295,1,7200
7296,1,34640
7297,1,1380
7298,1,300
7299,1,990
7300,1,40
7301,1,35190
7302,1,1170
7303,1,20610
7304,1,2270
7305,1,100690
7306,1,3450
7307,1,1930
7308,1,11620
7309,1,770
7310,1,6000
7311,1,300
7312,1,1040
7313,1,41210
7314,1,8890
7315,1,61960
7316,1,550
7317,1,550
7318,1,6180
7319,1,4210
7320,1,4440
7321,1,3800
7322,1,540
7323,1,7220
7324,1,240
7325,1,500000
7326,1,19080
7327,1,15510
7328,1,530
7329,1,7450
7330,1,5000
7331,1,10
7332,1,6100
7333,1,7540
7334,1,960
7335,1,3100
7336,1,4200
7337,1,8950
7338,1,59200
7339,1,250
7340,1,12110
7341,1,140
7342,1,25750
7343,1,9870
7344,1,26210
7345,1,3470
7346,1,8310
7347,1,2740
7348,1,200
7349,1,14130
7350,1,90
7351,1,360
7352,1,1270
7353,1,7920
7354,1,41830
7355,1,300
7356,1,6720
7357,1,990
7358,1,36560
7359,1,2010
7360,1,11330
7361,1,2020
7362,1,2010
7363,1,7650
7364,1,380
7365,1,5070
7366,1,230
7367,1,3400
7368,1,1450
7369,1,18080
7370,1,350080
7371,1,3490
7372,1,2120
7373,1,6030
7374,1,1630
7375,1,2800
7376,1,1390
7377,1,21100
7378,1,390
7379,1,620
7380,1,150
7381,1,22250
7382,1,140
7383,1,540
7384,1,4490
7385,1,4140
7386,1,17050
7387,1,1090
7388,1,5590
7389,1,2730
7390,1,970
7391,1,130
7392,1,580
7393,1,1500
7394,1,650
7395,1,22580
7396,1,580
7397,1,1020
7398,1,63720
7399,1,2380
7400,1,70
7401,1,4210
7402,1,120
7403,1,22000
7404,1,490
7405,1,2630
7406,1,70
7407,1,540
7408,1,88380
7409,1,3060
7410,1,190
7411,1,40
7412,1,26470
7413,1,71470
7414,1,90
7415,1,1250
7416,1,1410
7417,1,7080
7418,1,430
7419,1,5400
7420,1,39260
7421,1,3140
7422,1,6180
7423,1,2610
7424,1,600
7425,1,300
7426,1,30280
7427,1,8520
7428,1,610
7429,1,3590
7430,1,57950
7431,1,323420
7432,1,2520
7433,1,4300
7434,1,5040
7435,1,55800
7436,1,200
7437,1,120
7438,1,1360
7439,1,370
7440,1,1520
7441,1,730
7442,1,90
7443,1,10500
7444,1,30760
7445,1,4980
7446,1,25050
7447,1,540
7448,1,2690
7449,1,2520
7450,1,22460
7451,1,130
7452,1,640
7453,1,1660
7454,1,2130
7455,1,2620
7456,1,670
7457,1,300
7458,1,620
7459,1,13520
7460,1,37200
7461,1,80
7462,1,8430
7463,1,20760
7464,1,140
7465,1,4300
7466,1,8670
7467,1,1140
7468,1,2480
7469,1,6600
7470,1,400
7471,1,80300
7472,1,8000
7473,1,80
7474,1,150
7475,1,3820
7476,1,3600
7477,1,2730
7478,1,500000
7479,1,9320
7480,1,3450
7481,1,5870
7482,1,8820
7483,1,880
7484,1,13780
7485,1,360
7486,1,70
7487,1,2940
7488,1,570
7489,1,810
7490,1,940
7491,1,10
7492,1,120
7493,1,890
7494,1,20800
7495,1,400
7496,1,840
7497,1,9930
7498,1,350
7499,1,150
7500,1,23410
7501,1,2330
7502,1,8620
7503,1,5500
7504,1,21000
7505,1,1530
7506,1,1380
7507,1,2730
7508,1,2930
7509,1,2630
7510,1,5870
7511,1,2890
7512,1,370
7513,1,5790
7514,1,1550
7515,1,9300
7516,1,39520
7517,1,380
7518,1,9820
7519,1,12060
7520,1,1340
7521,1,7070
7522,1,490
7523,1,1530
7524,1,430
7525,1,500
7526,1,26350
7527,1,20220
7528,1,21450
7529,1,80
7530,1,50000
7531,1,5510
7532,1,100
7533,1,90
7534,1,2050
7535,1,18950
7536,1,7200
7537,1,10930
7538,1,400
7539,1,6650
7540,1,23720
7541,1,840
7542,1,4320
7543,1,1660
7544,1,2160
7545,1,18340
7546,1,90
7547,1,660
7548,1,11730
7549,1,100
7550,1,13860
7551,1,1370
7552,1,2000
7553,1,25550
7554,1,1610
7555,1,1810
7556,1,4490
7557,1,132400
7558,1,22800
7559,1,830
7560,1,27100
7561,1,720
7562,1,280
7563,1,10650
7564,1,1300
7565,1,15440
7566,1,1300
7567,1,600
7568,1,610
7569,1,8660
7570,1,800
7571,1,2980
7572,1,1440
7573,1,10850
7574,1,11420
7575,1,180
7576,1,250
7577,1,7590
7578,1,5560
7579,1,14690
7580,1,42820
7581,1,8190
7582,1,20030
7583,1,1010
7584,1,15440
7585,1,100
7586,1,22580
7587,1,6180
7588,1,1080
7589,1,3040
7590,1,300
7591,1,30
7592,1,1830
7593,1,110
7594,1,66090
7595,1,7810
7596,1,134880
7597,1,420
7598,1,12110
7599,1,6390
7600,1,7450
7601,1,1610
7602,1,140
7603,1,10370
7604,1,3310
7605,1,28820
7606,1,110
7607,1,2610
7608,1,2250
7609,1,91490
7610,1,120
7611,1,820
7612,1,4400
7613,1,7200
7614,1,190
7615,1,6700
7616,1,17060
7617,1,13430
7618,1,450
7619,1,9880
7620,1,5390
7621,1,34920
7622,1,15620
7623,1,320
7624,1,9050
7625,1,870
7626,1,16870
7627,1,6000
7628,1,550
7629,1,1600
7630,1,8960
7631,1,10350
7632,1,24130
7633,1,60
7634,1,16470
7635,1,360
7636,1,3320
7637,1,40
7638,1,30
7639,1,3280
7640,1,28070
7641,1,1230
7642,1,1580
7643,1,11620
7644,1,4220
7645,1,4340
7646,1,13150
7647,1,3610
7648,1,90
7649,1,54680
7650,1,1170
7651,1,340
7652,1,3740
7653,1,11250
7654,1,5220
7655,1,130
7656,1,3430
7657,1,2310
7658,1,680
7659,1,8000
7660,1,43020
7661,1,14700
7662,1,1010
7663,1,13640
7664,1,4970
7665,1,2780
7666,1,4620
7667,1,3270
7668,1,14240
7669,1,27410
7670,1,1330
7671,1,150
7672,1,28090
7673,1,280
7674,1,2930
7675,1,27490
7676,1,10
7677,1,30900
7678,1,2860
7679,1,330
7680,1,14260
7681,1,3230
7682,1,266060
7683,1,500
7684,1,2600
7685,1,33760
7686,1,32810
7687,1,1720
7688,1,3970
7689,1,500
7690,1,224640
7691,1,17380
7692,1,220
7693,1,5930
7694,1,3210
7695,1,330
7696,1,21650
7697,1,21380
7698,1,110
7699,1,500000
7700,1,29530
7701,1,1000
7702,1,22970
7703,1,800
7704,1,7850
7705,1,10
7706,1,7210
7707,1,410
7708,1,1970
7709,1,500
7710,1,740
7711,1,54870
7712,1,4210
7713,1,4750
7714,1,280
7715,1,890
7716,1,29510
7717,1,2740
7718,1,34870
7719,1,60
7720,1,6090
7721,1,940
7722,1,47000
7723,1,3120
7724,1,80
7725,1,1300
7726,1,1440
7727,1,4510
7728,1,1160
7729,1,60
7730,1,890
7731,1,600
7732,1,3510
7733,1,470
7734,1,40
7735,1,10850
7736,1,2630
7737,1,1500
7738,1,110
7739,1,160
7740,1,38700
7741,1,8150
7742,1,10400
7743,1,20400
7744,1,470
7745,1,280
7746,1,2440
7747,1,32100
7748,1,60
7749,1,2200
7750,1,1600
7751,1,21870
7752,1,300
7753,1,30
7754,1,420
7755,1,3430
7756,1,3430
7757,1,230
7758,1,6000
7759,1,5010
7760,1,310
7761,1,26560
7762,1,520
7763,1,1680
7764,1,1090
7765,1,220
7766,1,600
7767,1,6080
7768,1,9880
7769,1,1200
7770,1,1960
7771,1,10450
7772,1,950
7773,1,64700
7774,1,7460
7775,1,2210
7776,1,30600
7777,1,6180
7778,1,2270
7779,1,34210
7780,1,900
7781,1,580
7782,1,3280
7783,1,290
7784,1,330
7785,1,16940
7786,1,1630
7787,1,126120
7788,1,1180
7789,1,8610
7790,1,1610
7791,1,2210
7792,1,6600
7793,1,104740
7794,1,17520
7795,1,390
7796,1,117700
7797,1,940
7798,1,930
7799,1,20060
7800,1,510
7801,1,3220
7802,1,5710
7803,1,3680
7804,1,24890
7805,1,9750
7806,1,310
7807,1,17910
7808,1,90
7809,1,20
7810,1,53750
7811,1,50
7812,1,1680
7813,1,5500
7814,1,14180
7815,1,4560
7816,1,5660
7817,1,270
7818,1,1560
7819,1,5390
7820,1,3080
7821,1,90
7822,1,2260
7823,1,33790
7824,1,36350
7825,1,13290
7826,1,350
7827,1,7110
7828,1,850
7829,1,2190
7830,1,5990
7831,1,210
7832,1,350
7833,1,1540
7834,1,1860
7835,1,15720
7836,1,75160
7837,1,1660
7838,1,1390
7839,1,10760
7840,1,340
7841,1,9590
7842,1,5270
7843,1,12150
7844,1,3500
7845,1,7330
7846,1,15340
7847,1,50
7848,1,1710
7849,1,250
7850,1,50
7851,1,18030
7852,1,6500
7853,1,8760
7854,1,490
7855,1,600
7856,1,490
7857,1,200
7858,1,4370
7859,1,1220
7860,1,100
7861,1,71480
7862,1,1010
7863,1,1070
7864,1,320
7865,1,30
7866,1,160
7867,1,1000
7868,1,2190
7869,1,640
7870,1,72770
7871,1,300
7872,1,960
7873,1,2180
7874,1,620
7875,1,4550
7876,1,80
7877,1,1970
7878,1,10580
7879,1,1550
7880,1,2200
7881,1,6580
7882,1,85990
7883,1,32540
7884,1,1000
7885,1,13200
7886,1,90
7887,1,5280
7888,1,7680
7889,1,4200
7890,1,1270
7891,1,430
7892,1,1520
7893,1,140
7894,1,59510
7895,1,50270
7896,1,20080
7897,1,1350
7898,1,230
7899,1,13620
7900,1,12780
7901,1,3130
7902,1,3150
7903,1,3230
7904,1,2040
7905,1,8760
7906,1,40
7907,1,110410
7908,1,4180
7909,1,1960
7910,1,3710
7911,1,1070
7912,1,118750
7913,1,3690
7914,1,5740
7915,1,1020
7916,1,680
7917,1,1160
7918,1,10
7919,1,15660
7920,1,1100
7921,1,7570
7922,1,370
7923,1,21240
7924,1,3930
7925,1,110
7926,1,6290
7927,1,18300
7928,1,14450
7929,1,2470
7930,1,290
7931,1,1030
7932,1,7660
7933,1,19920
7934,1,110
7935,1,880
7936,1,11650
7937,1,2810
7938,1,1230
7939,1,5650
7940,1,250
7941,1,170
7942,1,640
7943,1,13270
7944,1,3390
7945,1,7610
7946,1,3610
7947,1,30
7948,1,6740
7949,1,50
7950,1,140460
7951,1,14760
7952,1,80
7953,1,210
7954,1,90
7955,1,900
7956,1,3030
7957,1,420
7958,1,430
7959,1,2120
7960,1,26550
7961,1,28040
7962,1,1320
7963,1,12450
7964,1,78670
7965,1,1320
7966,1,8960
7967,1,38350
7968,1,16270
7969,1,21940
7970,1,1790
7971,1,3090
7972,1,3500
7973,1,3700
7974,1,410
7975,1,3380
7976,1,170
7977,1,379660
7978,1,4000
7979,1,630
7980,1,4860
7981,1,300
7982,1,920
7983,1,14990
7984,1,520
7985,1,90
7986,1,1010
7987,1,660
7988,1,260
7989,1,3710
7990,1,330
7991,1,4260
7992,1,81740
7993,1,21960
7994,1,100900
7995,1,80
7996,1,6000
7997,1,2480
7998,1,670
7999,1,260
8000,1,120
8001,1,2800
8002,1,640
8003,1,2400
8004,1,1350
8005,1,14860
8006,1,1860
8007,1,650
8008,1,870
8009,1,2440
8010,1,240
8011,1,840
8012,1,660
8013,1,4720
8014,1,100
8015,1,4520
8016,1,25540
8017,1,1210
8018,1,450
8019,1,49950
8020,1,90
8021,1,400
8022,1,5560
8023,1,24400
8024,1,280
8025,1,820
8026,1,20030
8027,1,13180
8028,1,170
8029,1,1010
8030,1,1470
8031,1,3150
8032,1,70
8033,1,1250
8034,1,9480
8035,1,5950
8036,1,3750
8037,1,5660
8038,1,2560
8039,1,2250
8040,1,33400
8041,1,1710
8042,1,880
8043,1,6290
8044,1,1110
8045,1,6840
8046,1,260
8047,1,410
8048,1,5030
8049,1,103450
8050,1,4560
8051,1,1880
8052,1,6830
8053,1,9470
8054,1,3570
8055,1,2410
8056,1,2900
8057,1,11000
8058,1,8930
8059,1,180
8060,1,2730
8061,1,5490
8062,1,42350
8063,1,6630
8064,1,13840
8065,1,1700
8066,1,2240
8067,1,24140
8068,1,150
8069,1,26360
8070,1,1230
8071,1,180
8072,1,2540
8073,1,9640
8074,1,780
8075,1,18320
8076,1,2690
8077,1,1620
8078,1,7160
8079,1,1010
8080,1,1600
8081,1,2590
8082,1,7370
8083,1,12430
8084,1,1220
8085,1,10680
8086,1,500000
8087,1,4200
8088,1,40
8089,1,26000
8090,1,19100
8091,1,850
8092,1,4610
8093,1,30
8094,1,30
8095,1,2340
8096,1,920
8097,1,7340
8098,1,280
8099,1,7000
8100,1,2820
8101,1,3630
8102,1,30420
8103,1,200
8104,1,9050
8105,1,3160
8106,1,10
8107,1,4680
8108,1,100
8109,1,17790
8110,1,230
8111,1,1390
8112,1,17780
8113,1,170
8114,1,1530
8115,1,18960
8116,1,1940
8117,1,520
8118,1,490
8119,1,300
8120,1,330
8121,1,30
8122,1,17210
8123,1,140
8124,1,3360
8125,1,810
8126,1,140
8127,1,1400
8128,1,2280
8129,1,150
8130,1,11450
8131,1,40
8132,1,7230
8133,1,1840
8134,1,2040
8135,1,670
8136,1,180
8137,1,260
8138,1,9140
8139,1,7300
8140,1,1660
8141,1,630
8142,1,2430
8143,1,2320
8144,1,22420
8145,1,1650
8146,1,270
8147,1,1020
8148,1,230
8149,1,1410
8150,1,340
8151,1,24630
8152,1,6600
8153,1,8530
8154,1,4780
8155,1,10750
8156,1,43510
8157,1,9470
8158,1,88800
8159,1,70
8160,1,610
8161,1,430
8162,1,1460
8163,1,2040
8164,1,5410
8165,1,260
8166,1,820
8167,1,1400
8168,1,5240
8169,1,40
8170,1,950
8171,1,1010
8172,1,230
8173,1,64280
8174,1,4580
8175,1,8180
8176,1,34310
8177,1,79580
8178,1,1040
8179,1,3920
8180,1,810
8181,1,1990
8182,1,7700
8183,1,8560
8184,1,2540
8185,1,8050
8186,1,640
8187,1,2890
8188,1,1450
8189,1,30
8190,1,12530
8191,1,3530
8192,1,6730
8193,1,25010
8194,1,7700
8195,1,420
8196,1,29680
8197,1,11900
8198,1,80
8199,1,990
8200,1,1980
8201,1,12810
8202,1,250
8203,1,12020
8204,1,80140
8205,1,16370
8206,1,2360
8207,1,20
8208,1,3060
8209,1,430
8210,1,3230
8211,1,1050
8212,1,500000
8213,1,1710
8214,1,22460
8215,1,1460
8216,1,39500
8217,1,118600
8218,1,290
8219,1,1190
8220,1,7280
8221,1,466860
8222,1,9410
8223,1,670
8224,1,600
8225,1,2680
8226,1,40420
8227,1,9820
8228,1,2830
8229,1,6550
8230,1,590
8231,1,2330
8232,1,14790
8233,1,11550
8234,1,9830
8235,1,2460
8236,1,4260
8237,1,15810
8238,1,42800
8239,1,13700
8240,1,25290
8241,1,1530
8242,1,200
8243,1,10460
8244,1,1330
8245,1,860
8246,1,150
8247,1,5600
8248,1,2060
8249,1,2580
8250,1,830
8251,1,14390
8252,1,1850
8253,1,1060
8254,1,520
8255,1,5290
8256,1,2540
8257,1,1610
8258,1,960
8259,1,30660
8260,1,220
8261,1,210
8262,1,9540
8263,1,67780
8264,1,25050
8265,1,16960
8266,1,4460
8267,1,710
8268,1,5120
8269,1,4860
8270,1,78220
8271,1,21990
8272,1,21110
8273,1,340
8274,1,130
8275,1,30
8276,1,14600
8277,1,1060
8278,1,1100
8279,1,4510
8280,1,90
8281,1,2280
8282,1,5280
8283,1,780
8284,1,1280
8285,1,1260
8286,1,2790
8287,1,930
8288,1,19600
8289,1,6630
8290,1,460
8291,1,310
8292,1,3280
8293,1,220
8294,1,141170
8295,1,2720
8296,1,22850
8297,1,6790
8298,1,1530
8299,1,3630
8300,1,7930
8301,1,500000
8302,1,120
8303,1,6550
8304,1,2130
8305,1,2160
8306,1,8000
8307,1,11680
8308,1,40
8309,1,11300
8310,1,20000
8311,1,16740
8312,1,440
8313,1,620
8314,1,1690
8315,1,1640
8316,1,3120
8317,1,170
8318,1,3550
8319,1,26710
8320,1,780
8321,1,20810
8322,1,5750
8323,1,12520
8324,1,3000
8325,1,55780
8326,1,640
8327,1,640
8328,1,4660
8329,1,460
8330,1,20110
8331,1,6650
8332,1,2270
8333,1,25020
8334,1,1990
8335,1,4500
8336,1,12030
8337,1,2000
8338,1,660
8339,1,9500
8340,1,2220
8341,1,34690
8342,1,17220
8343,1,35400
8344,1,970
8345,1,270
8346,1,2040
8347,1,13730
8348,1,4590
8349,1,2170
8350,1,6340
8351,1,80
8352,1,300
8353,1,5990
8354,1,2450
8355,1,1740
8356,1,34970
8357,1,1150
8358,1,260
8359,1,20100
8360,1,50
8361,1,6460
8362,1,830
8363,1,250
8364,1,70
8365,1,7250
8366,1,60
8367,1,51210
8368,1,250
8369,1,2290
8370,1,6430
8371,1,1130
8372,1,1030
8373,1,500
8374,1,4570
8375,1,29710
8376,1,7330
8377,1,3070
8378,1,1860
8379,1,1940
8380,1,9160
8381,1,10
8382,1,102750
8383,1,240
8384,1,10570
8385,1,420
8386,1,560
8387,1,26100
8388,1,530
8389,1,500000
8390,1,46180
8391,1,34750
8392,1,120
8393,1,12000
8394,1,2220
8395,1,1740
8396,1,840
8397,1,320
8398,1,15320
8399,1,26720
8400,1,170
8401,1,35150
8402,1,110
8403,1,32520
8404,1,590
8405,1,1850
8406,1,1350
8407,1,1260
8408,1,17450
8409,1,8220
8410,1,28220
8411,1,20
8412,1,130
8413,1,770
8414,1,72660
8415,1,3180
8416,1,15560
8417,1,3630
8418,1,350
8419,1,11770
8420,1,80
8421,1,400
8422,1,19350
8423,1,1140
8424,1,28550
8425,1,38840
8426,1,8610
8427,1,1570
8428,1,180
8429,1,550
8430,1,1740
8431,1,3380
8432,1,25290
8433,1,4210
8434,1,52860
8435,1,12520
8436,1,60400
8437,1,3300
8438,1,190
8439,1,3980
8440,1,3280
8441,1,18010
8442,1,139860
8443,1,60
8444,1,6660
8445,1,1980
8446,1,2050
8447,1,35000
8448,1,540
8449,1,290
8450,1,2980
8451,1,1020
8452,1,6380
8453,1,350
8454,1,12310
8455,1,3470
8456,1,9040
8457,1,240
8458,1,2020
8459,1,560
8460,1,160450
8461,1,1120
8462,1,1800
8463,1,670
8464,1,500000
8465,1,2030
8466,1,200
8467,1,17040
8468,1,790
8469,1,170
8470,1,210
8471,1,10520
8472,1,32080
8473,1,2570
8474,1,63500
8475,1,9780
8476,1,550
8477,1,113720
8478,1,13630
8479,1,4170
8480,1,17420
8481,1,1080
8482,1,3340
8483,1,35570
8484,1,200
8485,1,14280
8486,1,22310
8487,1,10470
8488,1,790
8489,1,260
8490,1,23350
8491,1,12450
8492,1,260
8493,1,800
8494,1,490
8495,1,940
8496,1,12610
8497,1,43540
8498,1,2300
8499,1,3050
8500,1,2100
8501,1,440
8502,1,4240
8503,1,700
8504,1,62840
8505,1,3180
8506,1,410
8507,1,840
8508,1,2870
8509,1,9830
8510,1,22410
8511,1,140
8512,1,2770
8513,1,21050
8514,1,1830
8515,1,21120
8516,1,310
8517,1,2280
8518,1,3270
8519,1,1980
8520,1,1230
8521,1,52730
8522,1,30
8523,1,1050
8524,1,1040
8525,1,117550
8526,1,8390
8527,1,2880
8528,1,26800
8529,1,21980
8530,1,30
8531,1,820
8532,1,5680
8533,1,290
8534,1,17650
8535,1,20
8536,1,7100
8537,1,230
8538,1,1180
8539,1,2060
8540,1,1670
8541,1,200
8542,1,25260
8543,1,20
8544,1,1280
8545,1,700
8546,1,1840
8547,1,7830
8548,1,5400
8549,1,7010
8550,1,420
8551,1,14820
8552,1,930
8553,1,2780
8554,1,160
8555,1,410
8556,1,39690
8557,1,3450
8558,1,120
8559,1,7730
8560,1,2370
8561,1,1600
8562,1,70
8563,1,1000
8564,1,55710
8565,1,40
8566,1,14640
8567,1,130
8568,1,4510
8569,1,3570
8570,1,1170
8571,1,460
8572,1,13050
8573,1,1000
8574,1,8230
8575,1,7500
8576,1,630
8577,1,850
8578,1,2230
8579,1,2970
8580,1,8340
8581,1,1240
8582,1,35470
8583,1,2770
8584,1,970
8585,1,330
8586,1,10330
8587,1,6270
8588,1,680
8589,1,8810
8590,1,4980
8591,1,500000
8592,1,80
8593,1,30100
8594,1,7610
8595,1,5040
8596,1,1530
8597,1,24210
8598,1,2960
8599,1,4680
8600,1,5300
8601,1,1800
8602,1,920
8603,1,4070
8604,1,2270
8605,1,90
8606,1,7360
8607,1,690
8608,1,4140
8609,1,2640
8610,1,2410
8611,1,10620
8612,1,500000
8613,1,9030
8614,1,27170
8615,1,2200
8616,1,2550
8617,1,4510
8618,1,350
8619,1,500000
8620,1,10870
8621,1,540
8622,1,3790
8623,1,10740
8624,1,14010
8625,1,16700
8626,1,320
8627,1,21970
8628,1,1930
8629,1,330
8630,1,430
8631,1,69190
8632,1,1000
8633,1,2560
8634,1,2620
8635,1,1240
8636,1,2120
8637,1,540
8638,1,1590
8639,1,4710
8640,1,100
8641,1,250
8642,1,6450
8643,1,6920
8644,1,780
8645,1,1640
8646,1,900
8647,1,23310
8648,1,330
8649,1,5610
8650,1,3000
8651,1,4980
8652,1,3220
8653,1,110
8654,1,9840
8655,1,540
8656,1,460
8657,1,11860
8658,1,35400
8659,1,16210
8660,1,17050
8661,1,2540
8662,1,20020
8663,1,2470
8664,1,490
8665,1,2130
8666,1,400
8667,1,9100
8668,1,48580
8669,1,7620
8670,1,14520
8671,1,500000
8672,1,2110
8673,1,1420
8674,1,4590
8675,1,400
8676,1,12970
8677,1,150
8678,1,3230
8679,1,57380
8680,1,6690
8681,1,1710
8682,1,10
8683,1,190
8684,1,100
8685,1,1080
8686,1,460
8687,1,14430
8688,1,1930
8689,1,630
8690,1,4640
8691,1,400
8692,1,4900
8693,1,48540
8694,1,10
8695,1,70
8696,1,1230
8697,1,92580
8698,1,120
8699,1,23340
8700,1,10550
8701,1,260
8702,1,28140
8703,1,100
8704,1,190
8705,1,2420
8706,1,24270
8707,1,5920
8708,1,2380
8709,1,13390
8710,1,1200
8711,1,1840
8712,1,510
8713,1,410
8714,1,3930
8715,1,5660
8716,1,420
8717,1,20220
8718,1,580
8719,1,17010
8720,1,10030
8721,1,7900
8722,1,2620
8723,1,28550
8724,1,2610
8725,1,26970
8726,1,1670
8727,1,1600
8728,1,500
8729,1,8030
8730,1,57470
8731,1,500000
8732,1,19190
8733,1,4760
8734,1,4440
8735,1,80
8736,1,1050
8737,1,820
8738,1,400
8739,1,30
8740,1,11910
8741,1,3070
8742,1,1550
8743,1,13600
8744,1,390
8745,1,70
8746,1,7020
8747,1,3640
8748,1,500000
8749,1,570
8750,1,1000
8751,1,2210
8752,1,2300
8753,1,17970
8754,1,3980
8755,1,30450
8756,1,1520
8757,1,3660
8758,1,6710
8759,1,890
8760,1,125270
8761,1,150
8762,1,1030
8763,1,1080
8764,1,330
8765,1,820
8766,1,890
8767,1,450
8768,1,1030
8769,1,10
8770,1,21140
8771,1,30
8772,1,20020
8773,1,9340
8774,1,90
8775,1,140
8776,1,1910
8777,1,270
8778,1,1200
8779,1,1060
8780,1,200
8781,1,580
8782,1,10340
8783,1,2470
8784,1,26360
8785,1,80
8786,1,29790
8787,1,920
8788,1,3860
8789,1,2440
8790,1,8950
8791,1,6410
8792,1,3050
8793,1,55720
8794,1,4560
8795,1,1550
8796,1,18160
8797,1,2770
8798,1,4580
8799,1,10490
8800,1,4520
8801,1,29940
8802,1,390
8803,1,2980
8804,1,400
8805,1,520
8806,1,2000
8807,1,230
8808,1,13400
8809,1,6890
8810,1,1280
8811,1,110
8812,1,11460
8813,1,150
8814,1,150
8815,1,24270
8816,1,18800
8817,1,3830
8818,1,500000
8819,1,55340
8820,1,59650
8821,1,9680
8822,1,900
8823,1,7700
8824,1,1000
8825,1,15790
8826,1,140
8827,1,2580
8828,1,9520
8829,1,1840
8830,1,3000
8831,1,44040
8832,1,5130
8833,1,44640
8834,1,3630
8835,1,750
8836,1,9780
8837,1,7500
8838,1,2010
8839,1,8020
8840,1,11470
8841,1,460
8842,1,4630
8843,1,3780
8844,1,9930
8845,1,9720
8846,1,2220
8847,1,5120
8848,1,6470
8849,1,2260
8850,1,6600
8851,1,19210
8852,1,3690
8853,1,60
8854,1,2190
8855,1,580
8856,1,24380
8857,1,540
8858,1,1410
8859,1,620
8860,1,2100
8861,1,890
8862,1,1670
8863,1,1030
8864,1,8620
8865,1,121850
8866,1,27020
8867,1,50
8868,1,82500
8869,1,12550
8870,1,5160
8871,1,7820
8872,1,2400
8873,1,21240
8874,1,194960
8875,1,12720
8876,1,4540
8877,1,590
8878,1,2570
8879,1,450
8880,1,100
8881,1,12350
8882,1,3030
8883,1,1730
8884,1,1790
8885,1,8130
8886,1,2040
8887,1,7500
8888,1,16500
8889,1,136350
8890,1,8150
8891,1,940
8892,1,200
8893,1,24290
8894,1,8640
8895,1,510
8896,1,200
8897,1,65660
8898,1,6050
8899,1,610
8900,1,4470
8901,1,1140
8902,1,1060
8903,1,250
8904,1,9210
8905,1,500
8906,1,1090
8907,1,4390
8908,1,110
8909,1,13360
8910,1,700
8911,1,21800
8912,1,5030
8913,1,2020
8914,1,7610
8915,1,150
8916,1,1020
8917,1,160
8918,1,1400
8919,1,860
8920,1,1140
8921,1,8500
8922,1,600
8923,1,130
8924,1,45710
8925,1,910
8926,1,43150
8927,1,3400
8928,1,6960
8929,1,5140
8930,1,140
8931,1,3990
8932,1,110
8933,1,630
8934,1,100
8935,1,100
8936,1,18170
8937,1,180
8938,1,400
8939,1,15130
8940,1,250
8941,1,18000
8942,1,60
8943,1,5840
8944,1,970
8945,1,22070
8946,1,40
8947,1,2120
8948,1,4880
8949,1,500000
8950,1,6890
8951,1,5700
8952,1,70
8953,1,720
8954,1,440
8955,1,1270
8956,1,850
8957,1,320
8958,1,650
8959,1,22710
8960,1,150
8961,1,4520
8962,1,1480
8963,1,7540
8964,1,7050
8965,1,4030
8966,1,3300
8967,1,3620
8968,1,1280
8969,1,1140
8970,1,2090
8971,1,370
8972,1,30
8973,1,2500
8974,1,1240
8975,1,260
8976,1,30
8977,1,500000
8978,1,2650
8979,1,480
8980,1,1080
8981,1,17870
8982,1,980
8983,1,1310
8984,1,24690
8985,1,1510
8986,1,90
8987,1,2550
8988,1,69140
8989,1,910
8990,1,320
8991,1,2630
8992,1,51290
8993,1,130
8994,1,31260
8995,1,14370
8996,1,4660
8997,1,9010
8998,1,420
8999,1,100
9000,1,4240
9001,1,2820
9002,1,78140
9003,1,100310
9004,1,2790
9005,1,360
9006,1,5210
9007,1,10480
9008,1,2270
9009,1,650
9010,1,1430
9011,1,2870
9012,1,14440
9013,1,230
9014,1,580
9015,1,36750
9016,1,10300
9017,1,320
9018,1,15050
9019,1,1720
9020,1,120
9021,1,610
9022,1,9020
9023,1,6480
9024,1,1390
9025,1,1550
9026,1,990
9027,1,9020
9028,1,40010
9029,1,14030
9030,1,4200
9031,1,3890
9032,1,13030
9033,1,5800
9034,1,90
9035,1,160
9036,1,150
9037,1,20620
9038,1,3850
9039,1,200
9040,1,5580
9041,1,17510
9042,1,16620
9043,1,4900
9044,1,1790
9045,1,510
9046,1,300
9047,1,20
9048,1,2800
9049,1,22390
9050,1,500000
9051,1,11720
9052,1,120
9053,1,9320
9054,1,1970
9055,1,3700
9056,1,460
9057,1,160
9058,1,166460
9059,1,4820
9060,1,2800
9061,1,1120
9062,1,1860
9063,1,3490
9064,1,80
9065,1,390
9066,1,130
9067,1,2310
9068,1,2610
9069,1,520
9070,1,3530
9071,1,1070
9072,1,640
9073,1,17970
9074,1,3550
9075,1,6230
9076,1,680
9077,1,2410
9078,1,240
9079,1,8670
9080,1,4400
9081,1,1770
9082,1,280
9083,1,6550
9084,1,120
9085,1,1630
9086,1,6360
9087,1,9260
9088,1,830
9089,1,510
9090,1,2250
9091,1,6080
9092,1,17110
9093,1,2050
9094,1,16060
9095,1,2060
9096,1,470
9097,1,700
9098,1,880
9099,1,3040
9100,1,83080
9101,1,670
9102,1,46650
9103,1,950
9104,1,13200
9105,1,200
9106,1,10
9107,1,20630
9108,1,30
9109,1,6980
9110,1,310
9111,1,470
9112,1,22060
9113,1,600
9114,1,2900
9115,1,940
9116,1,1050
9117,1,20150
9118,1,2460
9119,1,8810
9120,1,4680
9121,1,320
9122,1,76280
9123,1,8110
9124,1,340
9125,1,420
9126,1,13980
9127,1,360
9128,1,4250
9129,1,10750
9130,1,26080
9131,1,5550
9132,1,710
9133,1,19200
9134,1,5450
9135,1,110
9136,1,14420
9137,1,870
9138,1,3020
9139,1,6350
9140,1,7950
9141,1,240
9142,1,730
9143,1,7500
9144,1,14150
9145,1,470
9146,1,40530
9147,1,2160
9148,1,17370
9149,1,1260
9150,1,4300
9151,1,1970
9152,1,1160
9153,1,9660
9154,1,340
9155,1,2420
9156,1,280
9157,1,30
9158,1,520
9159,1,16600
9160,1,100
9161,1,980
9162,1,6920
9163,1,12340
9164,1,26750
9165,1,14540
9166,1,1270
9167,1,6450
9168,1,7440
9169,1,16700
9170,1,2230
9171,1,7080
9172,1,1080
9173,1,10
9174,1,650
9175,1,3470
9176,1,1180
9177,1,8320
9178,1,39260
9179,1,3410
9180,1,640
9181,1,900
9182,1,9320
9183,1,1610
9184,1,20270
9185,1,4330
9186,1,4930
9187,1,5250
9188,1,1920
9189,1,50
9190,1,2540
9191,1,900
9192,1,500
9193,1,18300
9194,1,2350
9195,1,44040
9196,1,33200
9197,1,8760
9198,1,1320
9199,1,8890
9200,1,7250
9201,1,4890
9202,1,35390
9203,1,14880
9204,1,15100
9205,1,1000
9206,1,4430
9207,1,22450
9208,1,140
9209,1,3860
9210,1,199510
9211,1,27940
9212,1,6100
9213,1,3820
9214,1,280
9215,1,320
9216,1,3160
9217,1,80
9218,1,13830
9219,1,5340
9220,1,3570
9221,1,140
9222,1,12060
9223,1,5350
9224,1,150
9225,1,13880
9226,1,500
9227,1,16760
9228,1,5890
9229,1,3200
9230,1,220
9231,1,3030
9232,1,920
9233,1,18870
9234,1,130
9235,1,72280
9236,1,350
9237,1,9510
9238,1,1890
9239,1,200
9240,1,500
9241,1,140180
9242,1,2820
9243,1,680
9244,1,1490
9245,1,1720
9246,1,310
9247,1,8910
9248,1,2430
9249,1,8900
9250,1,3470
9251,1,6320
9252,1,89770
9253,1,2310
9254,1,5510
9255,1,10060
9256,1,610
9257,1,2700
9258,1,660
9259,1,2150
9260,1,100
9261,1,1020
9262,1,1760
9263,1,570
9264,1,50
9265,1,2070
9266,1,280
9267,1,3430
9268,1,500000
9269,1,40290
9270,1,1300
9271,1,780
9272,1,27660
9273,1,56730
9274,1,13250
9275,1,1200
9276,1,750
9277,1,42230
9278,1,4060
9279,1,23310
9280,1,400
9281,1,520
9282,1,160
9283,1,9020
9284,1,1140
9285,1,9640
9286,1,12270
9287,1,1170
9288,1,110440
9289,1,11980
9290,1,1190
9291,1,5080
9292,1,40
9293,1,1350
9294,1,5460
9295,1,200
9296,1,1160
9297,1,7720
9298,1,190
9299,1,220
9300,1,2510
9301,1,300
9302,1,107860
9303,1,11180
9304,1,2890
9305,1,4640
9306,1,70
9307,1,1370
9308,1,340
9309,1,1940
9310,1,13380
9311,1,300
9312,1,2120
9313,1,840
9314,1,44220
9315,1,1110
9316,1,250
9317,1,2630
9318,1,350
9319,1,510
9320,1,50
9321,1,9950
9322,1,5160
9323,1,70
9324,1,1320
9325,1,8870
9326,1,9180
9327,1,2000
9328,1,3870
9329,1,710
9330,1,92850
9331,1,16020
9332,1,3650
9333,1,790
9334,1,29010
9335,1,1830
9336,1,360
9337,1,1790
9338,1,440
9339,1,20
9340,1,8460
9341,1,930
9342,1,11340
9343,1,580
9344,1,6940
9345,1,7100
9346,1,3220
9347,1,6270
9348,1,320
9349,1,18740
9350,1,1300
9351,1,670
9352,1,3050
9353,1,920
9354,1,4670
9355,1,130
9356,1,235410
9357,1,3600
9358,1,190
9359,1,2160
9360,1,1550
9361,1,870
9362,1,770
9363,1,13510
9364,1,6030
9365,1,340
9366,1,220
9367,1,28420
9368,1,3200
9369,1,2940
9370,1,18430
9371,1,113110
9372,1,1890
9373,1,400
9374,1,4190
9375,1,22530
9376,1,4090
9377,1,13790
9378,1,530
9379,1,2770
9380,1,32310
9381,1,91430
9382,1,2420
9383,1,6710
9384,1,90
9385,1,2200
9386,1,540
9387,1,290
9388,1,1150
9389,1,370
9390,1,500000
9391,1,1200
9392,1,3880
9393,1,70060
9394,1,700
9395,1,22730
9396,1,300
9397,1,5770
9398,1,8000
9399,1,4000
9400,1,1470
9401,1,9100
9402,1,2740
9403,1,100
9404,1,13140
9405,1,1280
9406,1,100
9407,1,4430
9408,1,1050
9409,1,1230
9410,1,950
9411,1,480
9412,1,230
9413,1,3260
9414,1,12550
9415,1,1460
9416,1,6060
9417,1,300
9418,1,26990
9419,1,1400
9420,1,100
9421,1,150
9422,1,1100
9423,1,15220
9424,1,980
9425,1,33720
9426,1,2750
9427,1,9510
9428,1,26120
9429,1,13980
9430,1,6770
9431,1,60
9432,1,6530
9433,1,1300
9434,1,4750
9435,1,2000
9436,1,1510
9437,1,310
9438,1,30
9439,1,111050
9440,1,50330
9441,1,44700
9442,1,330
9443,1,960
9444,1,1670
9445,1,3640
9446,1,5630
9447,1,500000
9448,1,18660
9449,1,10800
9450,1,24150
9451,1,3110
9452,1,14850
9453,1,4460
9454,1,9350
9455,1,500
9456,1,12610
9457,1,1630
9458,1,70
9459,1,6570
9460,1,5450
9461,1,90
9462,1,2770
9463,1,40
9464,1,1090
9465,1,4580
9466,1,11060
9467,1,10450
9468,1,3410
9469,1,40
9470,1,460
9471,1,410
9472,1,19690
9473,1,10
9474,1,480
9475,1,4180
9476,1,140
9477,1,2000
9478,1,97770
9479,1,870
9480,1,1830
9481,1,18580
9482,1,1880
9483,1,7670
9484,1,17060
9485,1,3320
9486,1,200
9487,1,600
9488,1,27840
9489,1,1040
9490,1,670
9491,1,11560
9492,1,13510
9493,1,320
9494,1,30240
9495,1,600
9496,1,11380
9497,1,8840
9498,1,300
9499,1,30
9500,1,2980
9501,1,1710
9502,1,73240
9503,1,300
9504,1,3260
9505,1,500000
9506,1,71030
9507,1,58440
9508,1,3770
9509,1,9750
9510,1,1240
9511,1,2770
9512,1,5740
9513,1,470
9514,1,250
9515,1,6300
9516,1,16360
9517,1,2910
9518,1,680
9519,1,680
9520,1,2400
9521,1,60
9522,1,3110
9523,1,430
9524,1,170
9525,1,22730
9526,1,13360
9527,1,230
9528,1,4760
9529,1,4040
9530,1,9840
9531,1,2360
9532,1,4200
9533,1,1350
9534,1,116010
9535,1,1150
9536,1,1050
9537,1,840
9538,1,2190
9539,1,200
9540,1,420
9541,1,1530
9542,1,30000
9543,1,30
9544,1,9950
9545,1,50
9546,1,18210
9547,1,1000
9548,1,7900
9549,1,200
9550,1,720
9551,1,13500
9552,1,3800
9553,1,120
9554,1,11760
9555,1,2400
9556,1,30
9557,1,28240
9558,1,18560
9559,1,5160
9560,1,1540
9561,1,20
9562,1,500000
9563,1,22330
9564,1,8040
9565,1,3240
9566,1,1820
9567,1,9180
9568,1,1160
9569,1,33390
9570,1,390
9571,1,150
9572,1,5930
9573,1,330
9574,1,29780
9575,1,1200
9576,1,5670
9577,1,6450
9578,1,109270
9579,1,14650
9580,1,11730
9581,1,1930
9582,1,6380
9583,1,670
9584,1,100
9585,1,3130
9586,1,3030
9587,1,8890
9588,1,1710
9589,1,1170
9590,1,770
9591,1,900
9592,1,80
9593,1,1010
9594,1,4080
9595,1,3970
9596,1,23940
9597,1,560
9598,1,680
9599,1,4430
9600,1,18080
9601,1,1690
9602,1,970
9603,1,8750
9604,1,204020
9605,1,33080
9606,1,3120
9607,1,12560
9608,1,1240
9609,1,15530
9610,1,10740
9611,1,60
9612,1,12500
9613,1,750
9614,1,4870
9615,1,70
9616,1,63120
9617,1,3290
9618,1,30
9619,1,4900
9620,1,300
9621,1,6030
9622,1,5510
9623,1,4670
9624,1,110
9625,1,6040
9626,1,500000
9627,1,71310
9628,1,760
9629,1,26100
9630,1,50100
9631,1,200
9632,1,34790
9633,1,60
9634,1,310
9635,1,270
9636,1,660
9637,1,4900
9638,1,820
9639,1,190
9640,1,2590
9641,1,500000
9642,1,8150
9643,1,6090
9644,1,24870
9645,1,500000
9646,1,17520
9647,1,30
9648,1,60
9649,1,720
9650,1,160
9651,1,39970
9652,1,1460
9653,1,3590
9654,1,190
9655,1,880
9656,1,18270
9657,1,7000
9658,1,100
9659,1,20
9660,1,6110
9661,1,17610
9662,1,390
9663,1,25680
9664,1,1140
9665,1,240
9666,1,23500
9667,1,1600
9668,1,13370
9669,1,5630
9670,1,280
9671,1,6890
9672,1,1900
9673,1,400
9674,1,1260
9675,1,680
9676,1,400
9677,1,33240
9678,1,6660
9679,1,1730
9680,1,24750
9681,1,160
9682,1,81220
9683,1,3610
9684,1,3450
9685,1,34380
9686,1,1040
9687,1,100
9688,1,4080
9689,1,230
9690,1,10
9691,1,18710
9692,1,47120
9693,1,1500
9694,1,1480
9695,1,1220
9696,1,560
9697,1,31600
9698,1,12170
9699,1,3830
9700,1,5900
9701,1,110
9702,1,1090
9703,1,21040
9704,1,1230
9705,1,49740
9706,1,4900
9707,1,71110
9708,1,18120
9709,1,35050
9710,1,35260
9711,1,3810
9712,1,4000
9713,1,1840
9714,1,6190
9715,1,8000
9716,1,100
9717,1,300
9718,1,1980
9719,1,5130
9720,1,120
9721,1,100
9722,1,1680
9723,1,19310
9724,1,20
9725,1,3450
9726,1,180
9727,1,580
9728,1,5520
9729,1,20370
9730,1,1730
9731,1,4020
9732,1,130
9733,1,110
9734,1,6040
9735,1,30
9736,1,310
9737,1,40
9738,1,2770
9739,1,280
9740,1,28540
9741,1,130
9742,1,7080
9743,1,3000
9744,1,640
9745,1,3630
9746,1,2050
9747,1,660
9748,1,14880
9749,1,510
9750,1,18400
9751,1,130
9752,1,2300
9753,1,211880
9754,1,4610
9755,1,8770
9756,1,20
9757,1,490
9758,1,13000
9759,1,260
9760,1,220
9761,1,103070
9762,1,260
9763,1,4200
9764,1,19810
9765,1,17150
9766,1,2640
9767,1,840
9768,1,3980
9769,1,460
9770,1,21060
9771,1,1400
9772,1,820
9773,1,6150
9774,1,92800
9775,1,1900
9776,1,3160
9777,1,450
9778,1,1550
9779,1,13770
9780,1,240
9781,1,200
9782,1,6530
9783,1,37150
9784,1,1100
9785,1,100
9786,1,910
9787,1,3410
9788,1,1000
9789,1,530
9790,1,1410
9791,1,40530
9792,1,10190
9793,1,18170
9794,1,36380
9795,1,50
9796,1,53140
9797,1,660
9798,1,151380
9799,1,350
9800,1,1070
9801,1,1070
9802,1,2060
9803,1,100
9804,1,1360
9805,1,4060
9806,1,33540
9807,1,5140
9808,1,30
9809,1,290
9810,1,21640
9811,1,290
9812,1,6440
9813,1,8250
9814,1,252080
9815,1,1010
9816,1,3700
9817,1,1080
9818,1,16340
9819,1,2040
9820,1,4510
9821,1,4520
9822,1,290
9823,1,14670
9824,1,22140
9825,1,12100
9826,1,950
9827,1,1220
9828,1,500
9829,1,2060
9830,1,530
9831,1,49570
9832,1,670
9833,1,9290
9834,1,530
9835,1,460
9836,1,47970
9837,1,5740
9838,1,49600
9839,1,3860
9840,1,1330
9841,1,4450
9842,1,450
9843,1,23430
9844,1,440
9845,1,45810
9846,1,37180
9847,1,3320
9848,1,14860
9849,1,680
9850,1,5830
9851,1,24590
9852,1,17970
9853,1,250
9854,1,4090
9855,1,1000
9856,1,720
9857,1,18530
9858,1,5100
9859,1,15840
9860,1,350
9861,1,25060
9862,1,2450
9863,1,30
9864,1,80
9865,1,4150
9866,1,6230
9867,1,60
9868,1,69190
9869,1,370
9870,1,1250
9871,1,480
9872,1,1310
9873,1,13860
9874,1,170
9875,1,1080
9876,1,2690
9877,1,100
9878,1,220
9879,1,2950
9880,1,1630
9881,1,150
9882,1,33930
9883,1,101210
9884,1,385170
9885,1,62580
9886,1,610
9887,1,410
9888,1,22430
9889,1,10050
9890,1,2970
9891,1,23630
9892,1,5300
9893,1,6650
9894,1,1840
9895,1,58720
9896,1,7890
9897,1,1070
9898,1,280
9899,1,47920
9900,1,230
9901,1,4760
9902,1,13500
9903,1,340
9904,1,240
9905,1,31060
9906,1,320
9907,1,6140
9908,1,1620
9909,1,2970
9910,1,22140
9911,1,1000
9912,1,3200
9913,1,290
9914,1,2990
9915,1,59880
9916,1,2920
9917,1,430
9918,1,1780
9919,1,1060
9920,1,2430
9921,1,1310
9922,1,10030
9923,1,20
9924,1,51110
9925,1,6740
9926,1,1090
9927,1,2760
9928,1,1020
9929,1,12290
9930,1,11910
9931,1,3920
9932,1,1310
9933,1,700
9934,1,2790
9935,1,17370
9936,1,60
9937,1,1490
9938,1,9110
9939,1,970
9940,1,460
9941,1,25190
9942,1,1610
9943,1,41310
9944,1,51570
9945,1,210
9946,1,3210
9947,1,15780
9948,1,1590
9949,1,1930
9950,1,10000
9951,1,3390
9952,1,21190
9953,1,200
9954,1,40
9955,1,2260
9956,1,10
9957,1,3500
9958,1,271060
9959,1,6470
9960,1,1530
9961,1,1120
9962,1,1100
9963,1,9420
9964,1,3940
9965,1,4490
9966,1,7770
9967,1,19910
9968,1,7860
9969,1,1790
9970,1,22770
9971,1,1760
9972,1,4130
9973,1,1610
9974,1,20210
9975,1,84130
9976,1,2240
9977,1,520
9978,1,600
9979,1,780
9980,1,1640
9981,1,4870
9982,1,40
9983,1,460
9984,1,50
9985,1,1290
9986,1,1830
9987,1,1480
9988,1,48130
9989,1,12290
9990,1,1020
9991,1,9030
9992,1,90
9993,1,300
9994,1,5120
9995,1,380
9996,1,1130
9997,1,2450
9998,1,110
9999,1,1510
