0,1,0
1,1,550
2,1,9840
3,1,6380
4,1,1950
5,1,14360
6,1,6440
7,1,1200
8,1,0
9,1,3500
10,1,360
11,1,620
12,1,0
13,1,1200
14,1,0
15,1,1620
16,1,0
17,1,0
18,1,4000
19,1,1380
20,1,2040
21,1,0
22,1,840
23,1,0
24,1,1440
25,1,1880
26,1,520
27,1,2400
28,1,0
29,1,0
30,1,780
31,1,0
32,1,4320
33,1,580
34,1,1350
35,1,2920
36,1,0
37,1,5500
38,1,19140
39,1,0
40,1,0
41,1,0
42,1,1020
43,1,0
44,1,240
45,1,1200
46,1,840
47,1,60
48,1,1900
49,1,560
50,1,1320
51,1,0
52,1,0
53,1,420
54,1,22560
55,1,0
56,1,4480
57,1,0
58,1,5470
59,1,3500
60,1,120
61,1,0
62,1,0
63,1,8500
64,1,0
65,1,5030
66,1,0
67,1,3460
68,1,1800
69,1,2260
70,1,0
71,1,2060
72,1,1080
73,1,0
74,1,40
75,1,0
76,1,2100
77,1,3000
78,1,0
79,1,0
80,1,0
81,1,5130
82,1,260
83,1,24440
84,1,0
85,1,8100
86,1,3150
87,1,160
88,1,1850
89,1,750
90,1,0
91,1,31410
92,1,5730
93,1,0
94,1,0
95,1,12260
96,1,2730
97,1,0
98,1,9810
99,1,4020
100,1,7360
101,1,4460
102,1,15860
103,1,10550
104,1,2640
105,1,28430
106,1,4200
107,1,2740
108,1,8290
109,1,5060
110,1,1800
111,1,0
112,1,400
113,1,0
114,1,0
115,1,120
116,1,0
117,1,0
118,1,0
119,1,1980
120,1,0
121,1,0
122,1,0
123,1,0
124,1,5050
125,1,7320
126,1,28540
127,1,0
128,1,5920
129,1,23070
130,1,3880
131,1,2000
132,1,7770
133,1,17510
134,1,0
135,1,0
136,1,0
137,1,860
138,1,0
139,1,5330
140,1,56530
141,1,6000
142,1,0
143,1,7450
144,1,34480
145,1,20400
146,1,1690
147,1,7660
148,1,750
149,1,960
150,1,4000
151,1,7700
152,1,0
153,1,0
154,1,600
155,1,3900
156,1,540
157,1,0
158,1,500
159,1,0
160,1,2560
161,1,0
162,1,54970
163,1,16130
164,1,1740
165,1,1620
166,1,3400
167,1,0
168,1,0
169,1,0
170,1,800
171,1,1240
172,1,0
173,1,7300
174,1,2750
175,1,1100
176,1,0
177,1,0
178,1,0
179,1,1200
180,1,2830
181,1,0
182,1,0
183,1,2250
184,1,0
185,1,0
186,1,1680
187,1,0
188,1,0
189,1,0
190,1,0
191,1,0
192,1,0
193,1,0
194,1,2900
195,1,3480
196,1,0
197,1,0
198,1,0
199,1,0
200,1,0
201,1,0
202,1,0
203,1,0
204,1,0
205,1,3910
206,1,0
207,1,19230
208,1,1400
209,1,160
210,1,2320
211,1,0
212,1,0
213,1,3000
214,1,1560
215,1,0
216,1,960
217,1,2500
218,1,1640
219,1,18700
220,1,900
221,1,2900
222,1,0
223,1,11000
224,1,150
225,1,20020
226,1,2400
227,1,8010
228,1,0
229,1,600
230,1,0
231,1,420
232,1,0
233,1,0
234,1,0
235,1,910
236,1,2760
237,1,0
238,1,0
239,1,25680
240,1,0
241,1,0
242,1,960
243,1,0
244,1,2510
245,1,0
246,1,0
247,1,1920
248,1,1860
249,1,0
250,1,11880
251,1,0
252,1,3000
253,1,0
254,1,1020
255,1,1350
256,1,1920
257,1,80720
258,1,0
259,1,13530
260,1,480
261,1,29700
262,1,0
263,1,320
264,1,4240
265,1,520
266,1,0
267,1,0
268,1,780
269,1,0
270,1,60
271,1,240
272,1,15120
273,1,400
274,1,0
275,1,0
276,1,0
277,1,2650
278,1,0
279,1,1380
280,1,0
281,1,2270
282,1,6410
283,1,13770
284,1,480
285,1,1300
286,1,0
287,1,18770
288,1,400
289,1,340
290,1,320
291,1,0
292,1,240
293,1,0
294,1,0
295,1,800
296,1,28830
297,1,2640
298,1,5860
299,1,5610
300,1,78640
301,1,0
302,1,0
303,1,7600
304,1,0
305,1,0
306,1,21370
307,1,1820
308,1,23310
309,1,0
310,1,0
311,1,7000
312,1,8000
313,1,0
314,1,540
315,1,0
316,1,26170
317,1,280
318,1,0
319,1,3250
320,1,0
321,1,720
322,1,17490
323,1,0
324,1,80
325,1,1600
326,1,1820
327,1,340
328,1,0
329,1,0
330,1,0
331,1,2680
332,1,0
333,1,0
334,1,0
335,1,2400
336,1,15520
337,1,2250
338,1,1750
339,1,2040
340,1,0
341,1,20670
342,1,2460
343,1,240
344,1,26470
345,1,720
346,1,360
347,1,0
348,1,1080
349,1,7040
350,1,0
351,1,6760
352,1,0
353,1,7110
354,1,4500
355,1,7970
356,1,0
357,1,0
358,1,0
359,1,360
360,1,0
361,1,0
362,1,0
363,1,1200
364,1,1430
365,1,0
366,1,640
367,1,0
368,1,0
369,1,1560
370,1,1380
371,1,1800
372,1,0
373,1,1200
374,1,7820
375,1,0
376,1,0
377,1,10350
378,1,900
379,1,0
380,1,0
381,1,0
382,1,380
383,1,0
384,1,600
385,1,6880
386,1,15290
387,1,1600
388,1,760
389,1,60
390,1,0
391,1,1690
392,1,3190
393,1,720
394,1,1050
395,1,3000
396,1,7390
397,1,0
398,1,0
399,1,9360
400,1,0
401,1,40
402,1,640
403,1,80
404,1,10860
405,1,0
406,1,5770
407,1,0
408,1,0
409,1,3380
410,1,14940
411,1,5520
412,1,48580
413,1,1600
414,1,0
415,1,11130
416,1,0
417,1,18650
418,1,3500
419,1,3400
420,1,160
421,1,0
422,1,0
423,1,0
424,1,0
425,1,0
426,1,6100
427,1,1500
428,1,360
429,1,360
430,1,140
431,1,1920
432,1,1700
433,1,0
434,1,0
435,1,3620
436,1,10660
437,1,1080
438,1,1200
439,1,960
440,1,200
441,1,0
442,1,16250
443,1,65740
444,1,0
445,1,0
446,1,0
447,1,0
448,1,8250
449,1,0
450,1,0
451,1,0
452,1,13200
453,1,24840
454,1,0
455,1,2880
456,1,31960
457,1,640
458,1,27670
459,1,460
460,1,0
461,1,7070
462,1,0
463,1,1320
464,1,0
465,1,0
466,1,0
467,1,1040
468,1,38410
469,1,3000
470,1,0
471,1,5250
472,1,0
473,1,0
474,1,0
475,1,9160
476,1,1650
477,1,0
478,1,400
479,1,0
480,1,58190
481,1,0
482,1,1400
483,1,0
484,1,70380
485,1,5420
486,1,0
487,1,11760
488,1,0
489,1,0
490,1,0
491,1,0
492,1,0
493,1,0
494,1,9600
495,1,0
496,1,21760
497,1,0
498,1,5320
499,1,0
500,1,480
501,1,10180
502,1,240
503,1,1360
504,1,0
505,1,0
506,1,2000
507,1,0
508,1,7040
509,1,0
510,1,53540
511,1,1600
512,1,13090
513,1,2040
514,1,0
515,1,2500
516,1,0
517,1,1200
518,1,220
519,1,0
520,1,520
521,1,200
522,1,40860
523,1,2850
524,1,1100
525,1,0
526,1,0
527,1,0
528,1,2980
529,1,0
530,1,4550
531,1,8640
532,1,5340
533,1,3200
534,1,460
535,1,0
536,1,1000
537,1,0
538,1,6000
539,1,0
540,1,0
541,1,9300
542,1,0
543,1,28890
544,1,0
545,1,3310
546,1,1150
547,1,0
548,1,0
549,1,0
550,1,0
551,1,3000
552,1,1540
553,1,2740
554,1,200
555,1,400
556,1,150
557,1,160
558,1,2850
559,1,6640
560,1,4940
561,1,20
562,1,1080
563,1,400
564,1,0
565,1,180
566,1,4000
567,1,3280
568,1,7570
569,1,0
570,1,2250
571,1,0
572,1,0
573,1,8120
574,1,8040
575,1,1050
576,1,0
577,1,0
578,1,0
579,1,720
580,1,0
581,1,0
582,1,0
583,1,3500
584,1,800
585,1,0
586,1,100
587,1,560
588,1,1900
589,1,600
590,1,240
591,1,7690
592,1,0
593,1,900
594,1,1150
595,1,960
596,1,2000
597,1,0
598,1,0
599,1,800
600,1,750
601,1,800
602,1,440
603,1,10000
604,1,0
605,1,0
606,1,0
607,1,5000
608,1,1100
609,1,340
610,1,100
611,1,240
612,1,0
613,1,0
614,1,120
615,1,800
616,1,0
617,1,700
618,1,0
619,1,3000
620,1,100
621,1,7680
622,1,0
623,1,6550
624,1,540
625,1,0
626,1,16300
627,1,45520
628,1,320
629,1,0
630,1,0
631,1,0
632,1,37540
633,1,480
634,1,0
635,1,0
636,1,8560
637,1,3450
638,1,0
639,1,0
640,1,0
641,1,0
642,1,0
643,1,1500
644,1,4600
645,1,3840
646,1,0
647,1,1000
648,1,0
649,1,640
650,1,0
651,1,0
652,1,7500
653,1,0
654,1,3360
655,1,34900
656,1,6000
657,1,0
658,1,0
659,1,0
660,1,180
661,1,0
662,1,0
663,1,0
664,1,10420
665,1,0
666,1,0
667,1,4150
668,1,0
669,1,910
670,1,0
671,1,0
672,1,0
673,1,0
674,1,0
675,1,0
676,1,1980
677,1,180
678,1,1440
679,1,1450
680,1,420
681,1,800
682,1,0
683,1,4500
684,1,34180
685,1,2520
686,1,32060
687,1,0
688,1,1300
689,1,60
690,1,0
691,1,2000
692,1,1440
693,1,6720
694,1,0
695,1,640
696,1,6500
697,1,0
698,1,1200
699,1,21480
700,1,320
701,1,2400
702,1,2000
703,1,1800
704,1,520
705,1,0
706,1,0
707,1,0
708,1,0
709,1,0
710,1,0
711,1,42350
712,1,4010
713,1,2520
714,1,0
715,1,0
716,1,0
717,1,16380
718,1,42540
719,1,0
720,1,4790
721,1,2160
722,1,12000
723,1,0
724,1,11370
725,1,0
726,1,240
727,1,780
728,1,0
729,1,0
730,1,80
731,1,2040
732,1,0
733,1,16500
734,1,18800
735,1,4400
736,1,60
737,1,0
738,1,0
739,1,22100
740,1,0
741,1,16000
742,1,0
743,1,12500
744,1,560
745,1,0
746,1,9400
747,1,2740
748,1,0
749,1,3600
750,1,0
751,1,2800
752,1,0
753,1,780
754,1,49740
755,1,0
756,1,4200
757,1,0
758,1,0
759,1,0
760,1,0
761,1,240
762,1,0
763,1,0
764,1,900
765,1,3000
766,1,0
767,1,0
768,1,0
769,1,540
770,1,0
771,1,0
772,1,0
773,1,390
774,1,0
775,1,280
776,1,160
777,1,540
778,1,960
779,1,1440
780,1,2280
781,1,420
782,1,600
783,1,8630
784,1,0
785,1,200
786,1,13740
787,1,2840
788,1,2880
789,1,2520
790,1,0
791,1,16330
792,1,24520
793,1,0
794,1,0
795,1,6260
796,1,7160
797,1,420
798,1,780
799,1,560
800,1,9560
801,1,0
802,1,0
803,1,220
804,1,100
805,1,5750
806,1,0
807,1,0
808,1,21370
809,1,5780
810,1,0
811,1,0
812,1,80
813,1,0
814,1,1750
815,1,0
816,1,1920
817,1,80
818,1,500
819,1,0
820,1,0
821,1,3200
822,1,940
823,1,60
824,1,0
825,1,1690
826,1,0
827,1,2380
828,1,9270
829,1,80
830,1,0
831,1,1750
832,1,2270
833,1,4540
834,1,720
835,1,100
836,1,900
837,1,960
838,1,2160
839,1,910
840,1,0
841,1,46360
842,1,2180
843,1,0
844,1,0
845,1,0
846,1,360
847,1,41250
848,1,15720
849,1,1680
850,1,8860
851,1,100
852,1,60
853,1,180
854,1,1280
855,1,16870
856,1,320
857,1,11910
858,1,0
859,1,3000
860,1,0
861,1,9800
862,1,45910
863,1,0
864,1,11000
865,1,0
866,1,0
867,1,1350
868,1,22310
869,1,4480
870,1,100
871,1,430
872,1,0
873,1,0
874,1,0
875,1,0
876,1,160
877,1,100
878,1,7860
879,1,0
880,1,5250
881,1,0
882,1,1980
883,1,0
884,1,0
885,1,2680
886,1,0
887,1,0
888,1,0
889,1,11880
890,1,450
891,1,300
892,1,1250
893,1,12020
894,1,0
895,1,0
896,1,3660
897,1,7000
898,1,0
899,1,0
900,1,12690
901,1,55970
902,1,19930
903,1,5500
904,1,0
905,1,1800
906,1,320
907,1,17030
908,1,0
909,1,1480
910,1,0
911,1,360
912,1,0
913,1,0
914,1,0
915,1,10790
916,1,0
917,1,0
918,1,0
919,1,780
920,1,0
921,1,0
922,1,0
923,1,100
924,1,2230
925,1,0
926,1,0
927,1,400
928,1,3550
929,1,4000
930,1,9000
931,1,0
932,1,0
933,1,0
934,1,0
935,1,0
936,1,21250
937,1,2620
938,1,0
939,1,0
940,1,220
941,1,5000
942,1,1800
943,1,3840
944,1,0
945,1,560
946,1,0
947,1,0
948,1,520
949,1,24080
950,1,360
951,1,8400
952,1,0
953,1,0
954,1,160
955,1,1100
956,1,0
957,1,5900
958,1,0
959,1,5750
960,1,2550
961,1,0
962,1,0
963,1,0
964,1,0
965,1,0
966,1,1500
967,1,1040
968,1,2000
969,1,0
970,1,300
971,1,0
972,1,0
973,1,0
974,1,0
975,1,28570
976,1,0
977,1,120
978,1,3310
979,1,0
980,1,900
981,1,9240
982,1,0
983,1,5570
984,1,440
985,1,0
986,1,880
987,1,1100
988,1,6150
989,1,0
990,1,2040
991,1,760
992,1,0
993,1,0
994,1,0
995,1,2020
996,1,34000
997,1,0
998,1,1160
999,1,10670
1000,1,500
1001,1,0
1002,1,0
1003,1,130
1004,1,0
1005,1,240
1006,1,150
1007,1,0
1008,1,100
1009,1,250
1010,1,0
1011,1,320
1012,1,200
1013,1,19030
1014,1,0
1015,1,0
1016,1,1000
1017,1,0
1018,1,0
1019,1,2500
1020,1,9040
1021,1,0
1022,1,2990
1023,1,180
1024,1,0
1025,1,280
1026,1,0
1027,1,12850
1028,1,0
1029,1,0
1030,1,11720
1031,1,6500
1032,1,0
1033,1,5000
1034,1,11250
1035,1,0
1036,1,0
1037,1,440
1038,1,0
1039,1,4590
1040,1,2200
1041,1,3250
1042,1,0
1043,1,6080
1044,1,0
1045,1,1600
1046,1,10000
1047,1,1880
1048,1,0
1049,1,2840
1050,1,530
1051,1,810
1052,1,17230
1053,1,9640
1054,1,0
1055,1,0
1056,1,320
1057,1,0
1058,1,660
1059,1,4340
1060,1,7160
1061,1,1360
1062,1,0
1063,1,7480
1064,1,800
1065,1,36900
1066,1,0
1067,1,0
1068,1,115880
1069,1,2480
1070,1,0
1071,1,0
1072,1,0
1073,1,0
1074,1,0
1075,1,0
1076,1,2280
1077,1,0
1078,1,0
1079,1,0
1080,1,9200
1081,1,0
1082,1,0
1083,1,0
1084,1,0
1085,1,320
1086,1,0
1087,1,300
1088,1,0
1089,1,620
1090,1,9840
1091,1,13120
1092,1,0
1093,1,0
1094,1,440
1095,1,8560
1096,1,320
1097,1,12410
1098,1,8050
1099,1,61290
1100,1,0
1101,1,0
1102,1,540
1103,1,540
1104,1,0
1105,1,0
1106,1,960
1107,1,4600
1108,1,26750
1109,1,0
1110,1,560
1111,1,7200
1112,1,0
1113,1,4100
1114,1,0
1115,1,800
1116,1,0
1117,1,0
1118,1,0
1119,1,0
1120,1,0
1121,1,5040
1122,1,0
1123,1,1920
1124,1,0
1125,1,2160
1126,1,0
1127,1,500
1128,1,600
1129,1,6900
1130,1,11810
1131,1,6830
1132,1,0
1133,1,0
1134,1,0
1135,1,950
1136,1,0
1137,1,0
1138,1,0
1139,1,0
1140,1,14120
1141,1,400
1142,1,0
1143,1,8140
1144,1,300
1145,1,0
1146,1,2250
1147,1,0
1148,1,0
1149,1,0
1150,1,0
1151,1,0
1152,1,780
1153,1,2900
1154,1,0
1155,1,0
1156,1,0
1157,1,0
1158,1,0
1159,1,14320
1160,1,3250
1161,1,0
1162,1,7260
1163,1,0
1164,1,0
1165,1,1040
1166,1,1440
1167,1,2340
1168,1,0
1169,1,0
1170,1,7680
1171,1,0
1172,1,20340
1173,1,2750
1174,1,15980
1175,1,14400
1176,1,240
1177,1,6320
1178,1,0
1179,1,1140
1180,1,1200
1181,1,0
1182,1,0
1183,1,0
1184,1,0
1185,1,0
1186,1,0
1187,1,2480
1188,1,5360
1189,1,1500
1190,1,0
1191,1,2500
1192,1,10640
1193,1,10000
1194,1,0
1195,1,0
1196,1,1600
1197,1,780
1198,1,2300
1199,1,400
1200,1,2100
1201,1,1080
1202,1,3600
1203,1,0
1204,1,3250
1205,1,0
1206,1,80040
1207,1,12330
1208,1,1000
1209,1,5720
1210,1,650
1211,1,0
1212,1,0
1213,1,720
1214,1,0
1215,1,0
1216,1,20
1217,1,720
1218,1,0
1219,1,3600
1220,1,0
1221,1,720
1222,1,560
1223,1,31580
1224,1,0
1225,1,900
1226,1,0
1227,1,520
1228,1,0
1229,1,0
1230,1,3520
1231,1,4850
1232,1,360
1233,1,1000
1234,1,33080
1235,1,460
1236,1,3500
1237,1,0
1238,1,3780
1239,1,17210
1240,1,2200
1241,1,1300
1242,1,0
1243,1,1200
1244,1,5840
1245,1,160
1246,1,9400
1247,1,0
1248,1,0
1249,1,0
1250,1,3400
1251,1,4010
1252,1,3000
1253,1,8000
1254,1,280
1255,1,440
1256,1,14300
1257,1,0
1258,1,400
1259,1,0
1260,1,26510
1261,1,2260
1262,1,160
1263,1,0
1264,1,20
1265,1,0
1266,1,1140
1267,1,900
1268,1,0
1269,1,80
1270,1,0
1271,1,320
1272,1,7420
1273,1,0
1274,1,0
1275,1,12000
1276,1,800
1277,1,3600
1278,1,8290
1279,1,3000
1280,1,0
1281,1,0
1282,1,5000
1283,1,1560
1284,1,360
1285,1,360
1286,1,0
1287,1,4000
1288,1,0
1289,1,0
1290,1,1520
1291,1,1650
1292,1,12500
1293,1,49580
1294,1,0
1295,1,63740
1296,1,23890
1297,1,10480
1298,1,25360
1299,1,0
1300,1,1160
1301,1,0
1302,1,0
1303,1,15790
1304,1,23190
1305,1,11050
1306,1,0
1307,1,5750
1308,1,2640
1309,1,1820
1310,1,360
1311,1,0
1312,1,300
1313,1,2140
1314,1,0
1315,1,0
1316,1,0
1317,1,0
1318,1,1690
1319,1,0
1320,1,0
1321,1,124200
1322,1,1620
1323,1,0
1324,1,1690
1325,1,0
1326,1,420
1327,1,5250
1328,1,240
1329,1,0
1330,1,0
1331,1,0
1332,1,1160
1333,1,0
1334,1,0
1335,1,1200
1336,1,1200
1337,1,25240
1338,1,840
1339,1,12500
1340,1,0
1341,1,0
1342,1,0
1343,1,0
1344,1,0
1345,1,0
1346,1,0
1347,1,0
1348,1,0
1349,1,0
1350,1,3110
1351,1,0
1352,1,400
1353,1,0
1354,1,22800
1355,1,1560
1356,1,0
1357,1,4250
1358,1,160
1359,1,0
1360,1,10190
1361,1,960
1362,1,6050
1363,1,800
1364,1,2980
1365,1,6000
1366,1,1650
1367,1,2340
1368,1,600
1369,1,0
1370,1,0
1371,1,0
1372,1,0
1373,1,260
1374,1,4730
1375,1,0
1376,1,16960
1377,1,3890
1378,1,280
1379,1,4480
1380,1,1700
1381,1,21770
1382,1,1500
1383,1,480
1384,1,300
1385,1,0
1386,1,10620
1387,1,11260
1388,1,2000
1389,1,4350
1390,1,9260
1391,1,4870
1392,1,5000
1393,1,5620
1394,1,0
1395,1,0
1396,1,0
1397,1,180
1398,1,750
1399,1,0
1400,1,300
1401,1,1160
1402,1,7340
1403,1,0
1404,1,0
1405,1,0
1406,1,0
1407,1,0
1408,1,3280
1409,1,1140
1410,1,2500
1411,1,140
1412,1,0
1413,1,1200
1414,1,0
1415,1,8600
1416,1,960
1417,1,1900
1418,1,4360
1419,1,0
1420,1,0
1421,1,1600
1422,1,85250
1423,1,800
1424,1,700
1425,1,2540
1426,1,3900
1427,1,0
1428,1,0
1429,1,0
1430,1,1520
1431,1,11500
1432,1,0
1433,1,3600
1434,1,1440
1435,1,59330
1436,1,360
1437,1,21000
1438,1,0
1439,1,16100
1440,1,14000
1441,1,2620
1442,1,0
1443,1,120
1444,1,2400
1445,1,0
1446,1,1000
1447,1,0
1448,1,0
1449,1,0
1450,1,0
1451,1,11000
1452,1,1600
1453,1,0
1454,1,620
1455,1,0
1456,1,0
1457,1,50700
1458,1,8080
1459,1,18070
1460,1,560
1461,1,6330
1462,1,800
1463,1,0
1464,1,240
1465,1,1800
1466,1,0
1467,1,300
1468,1,0
1469,1,0
1470,1,1100
1471,1,0
1472,1,13250
1473,1,1460
1474,1,2560
1475,1,440
1476,1,5200
1477,1,0
1478,1,2260
1479,1,120
1480,1,2160
1481,1,0
1482,1,0
1483,1,0
1484,1,16510
1485,1,0
1486,1,5500
1487,1,6080
1488,1,3250
1489,1,1840
1490,1,0
1491,1,0
1492,1,0
1493,1,0
1494,1,0
1495,1,0
1496,1,0
1497,1,0
1498,1,6540
1499,1,0
1500,1,0
1501,1,0
1502,1,1430
1503,1,12950
1504,1,0
1505,1,23760
1506,1,0
1507,1,0
1508,1,9150
1509,1,1460
1510,1,0
1511,1,0
1512,1,0
1513,1,0
1514,1,0
1515,1,0
1516,1,15030
1517,1,1760
1518,1,26400
1519,1,1500
1520,1,3730
1521,1,0
1522,1,0
1523,1,0
1524,1,12760
1525,1,1000
1526,1,5000
1527,1,0
1528,1,3750
1529,1,280
1530,1,0
1531,1,1200
1532,1,0
1533,1,0
1534,1,1200
1535,1,24530
1536,1,500
1537,1,3500
1538,1,0
1539,1,0
1540,1,2400
1541,1,3450
1542,1,0
1543,1,0
1544,1,0
1545,1,240
1546,1,33750
1547,1,62350
1548,1,11000
1549,1,13000
1550,1,12340
1551,1,2640
1552,1,6100
1553,1,0
1554,1,0
1555,1,21840
1556,1,0
1557,1,0
1558,1,0
1559,1,38320
1560,1,0
1561,1,1560
1562,1,1080
1563,1,0
1564,1,7770
1565,1,5740
1566,1,2400
1567,1,8570
1568,1,780
1569,1,0
1570,1,5500
1571,1,2500
1572,1,0
1573,1,80
1574,1,5110
1575,1,1260
1576,1,0
1577,1,10980
1578,1,0
1579,1,0
1580,1,16620
1581,1,38110
1582,1,2160
1583,1,0
1584,1,960
1585,1,500
1586,1,11630
1587,1,0
1588,1,1040
1589,1,600
1590,1,0
1591,1,0
1592,1,2350
1593,1,6000
1594,1,0
1595,1,5160
1596,1,920
1597,1,2550
1598,1,0
1599,1,0
1600,1,0
1601,1,900
1602,1,4500
1603,1,520
1604,1,4700
1605,1,0
1606,1,0
1607,1,1740
1608,1,5000
1609,1,8260
1610,1,0
1611,1,25640
1612,1,25530
1613,1,34470
1614,1,780
1615,1,0
1616,1,0
1617,1,0
1618,1,1000
1619,1,1320
1620,1,16000
1621,1,0
1622,1,0
1623,1,0
1624,1,1180
1625,1,0
1626,1,7000
1627,1,520
1628,1,2500
1629,1,5440
1630,1,1300
1631,1,0
1632,1,3250
1633,1,31520
1634,1,0
1635,1,6300
1636,1,0
1637,1,8810
1638,1,500000
1639,1,16750
1640,1,8000
1641,1,46850
1642,1,2400
1643,1,19790
1644,1,30150
1645,1,0
1646,1,2160
1647,1,0
1648,1,0
1649,1,0
1650,1,0
1651,1,900
1652,1,9510
1653,1,3250
1654,1,8450
1655,1,1120
1656,1,4740
1657,1,2400
1658,1,1560
1659,1,3880
1660,1,1700
1661,1,0
1662,1,2080
1663,1,18390
1664,1,220
1665,1,6450
1666,1,2000
1667,1,0
1668,1,0
1669,1,1600
1670,1,10690
1671,1,3500
1672,1,500
1673,1,0
1674,1,980
1675,1,0
1676,1,4400
1677,1,6320
1678,1,800
1679,1,4150
1680,1,0
1681,1,0
1682,1,0
1683,1,0
1684,1,3000
1685,1,0
1686,1,3200
1687,1,0
1688,1,220
1689,1,860
1690,1,0
1691,1,840
1692,1,700
1693,1,900
1694,1,1760
1695,1,0
1696,1,640
1697,1,2440
1698,1,600
1699,1,2040
1700,1,0
1701,1,0
1702,1,8250
1703,1,1840
1704,1,0
1705,1,0
1706,1,60
1707,1,25000
1708,1,0
1709,1,0
1710,1,0
1711,1,0
1712,1,35720
1713,1,0
1714,1,0
1715,1,132140
1716,1,5400
1717,1,0
1718,1,1080
1719,1,0
1720,1,1360
1721,1,5040
1722,1,37250
1723,1,0
1724,1,0
1725,1,13030
1726,1,280
1727,1,0
1728,1,360
1729,1,0
1730,1,2250
1731,1,13620
1732,1,44350
1733,1,0
1734,1,0
1735,1,60
1736,1,0
1737,1,0
1738,1,1200
1739,1,0
1740,1,0
1741,1,44640
1742,1,0
1743,1,4500
1744,1,1400
1745,1,0
1746,1,40000
1747,1,5750
1748,1,0
1749,1,4200
1750,1,4000
1751,1,1400
1752,1,0
1753,1,88700
1754,1,0
1755,1,0
1756,1,0
1757,1,660
1758,1,1160
1759,1,1000
1760,1,20860
1761,1,2400
1762,1,0
1763,1,1650
1764,1,41740
1765,1,0
1766,1,0
1767,1,5770
1768,1,1660
1769,1,340
1770,1,1710
1771,1,16730
1772,1,17150
1773,1,220
1774,1,22080
1775,1,0
1776,1,10000
1777,1,0
1778,1,0
1779,1,11640
1780,1,1680
1781,1,0
1782,1,8700
1783,1,1440
1784,1,3030
1785,1,1100
1786,1,2250
1787,1,13720
1788,1,0
1789,1,5240
1790,1,60
1791,1,18980
1792,1,0
1793,1,0
1794,1,28710
1795,1,12110
1796,1,5500
1797,1,0
1798,1,7500
1799,1,6750
1800,1,0
1801,1,3490
1802,1,220
1803,1,0
1804,1,100
1805,1,8470
1806,1,0
1807,1,4360
1808,1,0
1809,1,0
1810,1,12790
1811,1,0
1812,1,8440
1813,1,640
1814,1,4980
1815,1,120
1816,1,0
1817,1,3840
1818,1,5560
1819,1,0
1820,1,0
1821,1,0
1822,1,13270
1823,1,0
1824,1,6020
1825,1,3500
1826,1,0
1827,1,1670
1828,1,0
1829,1,960
1830,1,0
1831,1,0
1832,1,0
1833,1,0
1834,1,0
1835,1,0
1836,1,36630
1837,1,2300
1838,1,0
1839,1,4840
1840,1,10150
1841,1,4600
1842,1,70610
1843,1,30180
1844,1,4420
1845,1,0
1846,1,24660
1847,1,0
1848,1,7000
1849,1,33750
1850,1,0
1851,1,4080
1852,1,15150
1853,1,0
1854,1,22300
1855,1,2440
1856,1,7670
1857,1,1560
1858,1,0
1859,1,1560
1860,1,24210
1861,1,0
1862,1,1800
1863,1,0
1864,1,0
1865,1,43550
1866,1,0
1867,1,14500
1868,1,500
1869,1,2500
1870,1,0
1871,1,540
1872,1,6950
1873,1,0
1874,1,280
1875,1,7250
1876,1,1000
1877,1,13500
1878,1,4100
1879,1,0
1880,1,6000
1881,1,0
1882,1,0
1883,1,8470
1884,1,0
1885,1,0
1886,1,0
1887,1,0
1888,1,2400
1889,1,0
1890,1,0
1891,1,2200
1892,1,8940
1893,1,0
1894,1,10550
1895,1,0
1896,1,0
1897,1,1950
1898,1,920
1899,1,720
1900,1,1620
1901,1,360
1902,1,0
1903,1,80
1904,1,0
1905,1,380
1906,1,0
1907,1,620
1908,1,27770
1909,1,1200
1910,1,9420
1911,1,0
1912,1,30240
1913,1,330
1914,1,0
1915,1,15020
1916,1,0
1917,1,4850
1918,1,620
1919,1,0
1920,1,300
1921,1,2250
1922,1,1950
1923,1,4250
1924,1,1400
1925,1,0
1926,1,21560
1927,1,11880
1928,1,6260
1929,1,7070
1930,1,0
1931,1,0
1932,1,2780
1933,1,0
1934,1,360
1935,1,1200
1936,1,0
1937,1,60
1938,1,360
1939,1,1000
1940,1,0
1941,1,0
1942,1,0
1943,1,120
1944,1,3980
1945,1,22150
1946,1,10440
1947,1,17150
1948,1,4040
1949,1,0
1950,1,2830
1951,1,1080
1952,1,1170
1953,1,0
1954,1,2960
1955,1,0
1956,1,0
1957,1,400
1958,1,520
1959,1,0
1960,1,0
1961,1,0
1962,1,0
1963,1,3700
1964,1,10100
1965,1,0
1966,1,6620
1967,1,200
1968,1,0
1969,1,500
1970,1,0
1971,1,1400
1972,1,600
1973,1,960
1974,1,0
1975,1,0
1976,1,0
1977,1,7500
1978,1,4080
1979,1,220
1980,1,0
1981,1,0
1982,1,0
1983,1,12570
1984,1,15780
1985,1,0
1986,1,1200
1987,1,27420
1988,1,0
1989,1,3800
1990,1,5110
1991,1,160
1992,1,2250
1993,1,8040
1994,1,0
1995,1,2500
1996,1,2210
1997,1,1800
1998,1,1350
1999,1,2250
2000,1,40
2001,1,0
2002,1,6770
2003,1,1270
2004,1,800
2005,1,0
2006,1,0
2007,1,19600
2008,1,1690
2009,1,21520
2010,1,0
2011,1,0
2012,1,0
2013,1,1300
2014,1,0
2015,1,16480
2016,1,0
2017,1,0
2018,1,480
2019,1,0
2020,1,0
2021,1,0
2022,1,3650
2023,1,0
2024,1,4550
2025,1,20
2026,1,0
2027,1,0
2028,1,1000
2029,1,0
2030,1,600
2031,1,5000
2032,1,0
2033,1,0
2034,1,300
2035,1,900
2036,1,10230
2037,1,240
2038,1,0
2039,1,3000
2040,1,0
2041,1,45630
2042,1,3040
2043,1,0
2044,1,660
2045,1,9000
2046,1,0
2047,1,800
2048,1,15000
2049,1,0
2050,1,240
2051,1,5280
2052,1,0
2053,1,13760
2054,1,0
2055,1,3500
2056,1,0
2057,1,0
2058,1,3720
2059,1,8090
2060,1,0
2061,1,37780
2062,1,0
2063,1,7590
2064,1,3250
2065,1,3700
2066,1,0
2067,1,2560
2068,1,0
2069,1,0
2070,1,2250
2071,1,0
2072,1,2340
2073,1,120
2074,1,0
2075,1,1900
2076,1,0
2077,1,3030
2078,1,900
2079,1,0
2080,1,1550
2081,1,0
2082,1,0
2083,1,0
2084,1,0
2085,1,0
2086,1,1100
2087,1,1000
2088,1,0
2089,1,1500
2090,1,0
2091,1,14130
2092,1,280
2093,1,0
2094,1,0
2095,1,0
2096,1,0
2097,1,0
2098,1,0
2099,1,0
2100,1,0
2101,1,160
2102,1,160
2103,1,0
2104,1,0
2105,1,0
2106,1,0
2107,1,0
2108,1,0
2109,1,0
2110,1,25220
2111,1,0
2112,1,0
2113,1,3360
2114,1,0
2115,1,220
2116,1,2750
2117,1,0
2118,1,3190
2119,1,41280
2120,1,0
2121,1,140
2122,1,0
2123,1,0
2124,1,0
2125,1,6600
2126,1,0
2127,1,0
2128,1,5740
2129,1,4080
2130,1,0
2131,1,400
2132,1,1920
2133,1,0
2134,1,2000
2135,1,240
2136,1,0
2137,1,0
2138,1,130
2139,1,33700
2140,1,0
2141,1,0
2142,1,300
2143,1,10550
2144,1,1920
2145,1,100
2146,1,2440
2147,1,0
2148,1,60
2149,1,0
2150,1,440
2151,1,400
2152,1,1810
2153,1,2960
2154,1,0
2155,1,1200
2156,1,0
2157,1,0
2158,1,0
2159,1,0
2160,1,1370
2161,1,780
2162,1,300
2163,1,720
2164,1,360
2165,1,5010
2166,1,2100
2167,1,12530
2168,1,320
2169,1,1000
2170,1,0
2171,1,0
2172,1,0
2173,1,540
2174,1,280
2175,1,0
2176,1,0
2177,1,0
2178,1,0
2179,1,0
2180,1,1670
2181,1,0
2182,1,0
2183,1,0
2184,1,9000
2185,1,4740
2186,1,2740
2187,1,0
2188,1,1250
2189,1,0
2190,1,120
2191,1,0
2192,1,1560
2193,1,0
2194,1,0
2195,1,0
2196,1,720
2197,1,4290
2198,1,45020
2199,1,3960
2200,1,0
2201,1,0
2202,1,0
2203,1,1440
2204,1,0
2205,1,1240
2206,1,5360
2207,1,13000
2208,1,0
2209,1,1390
2210,1,500000
2211,1,0
2212,1,12100
2213,1,0
2214,1,5900
2215,1,0
2216,1,14400
2217,1,36160
2218,1,5400
2219,1,0
2220,1,9480
2221,1,0
2222,1,56770
2223,1,2540
2224,1,5890
2225,1,55580
2226,1,0
2227,1,1820
2228,1,0
2229,1,13150
2230,1,19580
2231,1,11390
2232,1,0
2233,1,3500
2234,1,0
2235,1,360
2236,1,720
2237,1,3930
2238,1,2880
2239,1,320
2240,1,0
2241,1,1200
2242,1,3100
2243,1,100
2244,1,210
2245,1,3160
2246,1,200
2247,1,630
2248,1,0
2249,1,15800
2250,1,7400
2251,1,0
2252,1,2800
2253,1,2520
2254,1,1300
2255,1,0
2256,1,1920
2257,1,1680
2258,1,800
2259,1,8970
2260,1,26160
2261,1,34110
2262,1,120
2263,1,0
2264,1,0
2265,1,37510
2266,1,0
2267,1,3980
2268,1,5610
2269,1,0
2270,1,0
2271,1,0
2272,1,2100
2273,1,800
2274,1,0
2275,1,0
2276,1,0
2277,1,0
2278,1,780
2279,1,0
2280,1,3100
2281,1,3200
2282,1,680
2283,1,0
2284,1,0
2285,1,0
2286,1,650
2287,1,560
2288,1,1170
2289,1,200
2290,1,1350
2291,1,700
2292,1,0
2293,1,0
2294,1,0
2295,1,0
2296,1,0
2297,1,0
2298,1,200
2299,1,6390
2300,1,2980
2301,1,0
2302,1,0
2303,1,0
2304,1,1600
2305,1,0
2306,1,20
2307,1,0
2308,1,0
2309,1,7720
2310,1,100
2311,1,2440
2312,1,60
2313,1,0
2314,1,0
2315,1,600
2316,1,6100
2317,1,0
2318,1,12590
2319,1,0
2320,1,0
2321,1,36470
2322,1,360
2323,1,0
2324,1,1840
2325,1,200
2326,1,0
2327,1,0
2328,1,0
2329,1,20970
2330,1,3440
2331,1,0
2332,1,650
2333,1,660
2334,1,960
2335,1,380
2336,1,0
2337,1,240
2338,1,0
2339,1,910
2340,1,0
2341,1,0
2342,1,4190
2343,1,1800
2344,1,0
2345,1,3040
2346,1,2560
2347,1,8420
2348,1,11670
2349,1,0
2350,1,7180
2351,1,0
2352,1,1830
2353,1,660
2354,1,390
2355,1,0
2356,1,500
2357,1,3500
2358,1,0
2359,1,0
2360,1,100
2361,1,0
2362,1,0
2363,1,0
2364,1,0
2365,1,0
2366,1,10290
2367,1,33290
2368,1,1500
2369,1,0
2370,1,0
2371,1,0
2372,1,0
2373,1,1980
2374,1,780
2375,1,1540
2376,1,300
2377,1,0
2378,1,0
2379,1,0
2380,1,8860
2381,1,160
2382,1,27930
2383,1,1380
2384,1,2790
2385,1,0
2386,1,720
2387,1,0
2388,1,960
2389,1,1360
2390,1,260
2391,1,2800
2392,1,0
2393,1,0
2394,1,1440
2395,1,0
2396,1,0
2397,1,0
2398,1,3500
2399,1,0
2400,1,0
2401,1,0
2402,1,10000
2403,1,0
2404,1,800
2405,1,15520
2406,1,1170
2407,1,0
2408,1,160
2409,1,0
2410,1,650
2411,1,100
2412,1,12790
2413,1,0
2414,1,0
2415,1,600
2416,1,10230
2417,1,300
2418,1,43680
2419,1,5180
2420,1,4840
2421,1,10000
2422,1,0
2423,1,0
2424,1,1360
2425,1,680
2426,1,280
2427,1,1200
2428,1,560
2429,1,200
2430,1,0
2431,1,26260
2432,1,0
2433,1,0
2434,1,360
2435,1,360
2436,1,2550
2437,1,2700
2438,1,0
2439,1,900
2440,1,0
2441,1,500
2442,1,16260
2443,1,60
2444,1,3240
2445,1,6250
2446,1,400
2447,1,0
2448,1,120
2449,1,0
2450,1,0
2451,1,31760
2452,1,2000
2453,1,0
2454,1,0
2455,1,300
2456,1,420
2457,1,1300
2458,1,0
2459,1,2080
2460,1,2850
2461,1,30260
2462,1,0
2463,1,0
2464,1,0
2465,1,2400
2466,1,440
2467,1,15360
2468,1,620
2469,1,6000
2470,1,3200
2471,1,0
2472,1,580
2473,1,1820
2474,1,0
2475,1,6720
2476,1,640
2477,1,390
2478,1,1000
2479,1,0
2480,1,60
2481,1,24180
2482,1,3100
2483,1,2160
2484,1,22200
2485,1,0
2486,1,0
2487,1,8510
2488,1,9500
2489,1,0
2490,1,3060
2491,1,3000
2492,1,0
2493,1,50300
2494,1,1600
2495,1,720
2496,1,0
2497,1,1680
2498,1,880
2499,1,3720
2500,1,11700
2501,1,0
2502,1,0
2503,1,0
2504,1,5560
2505,1,2250
2506,1,0
2507,1,4420
2508,1,2400
2509,1,280
2510,1,2400
2511,1,0
2512,1,2400
2513,1,0
2514,1,0
2515,1,120
2516,1,0
2517,1,0
2518,1,9360
2519,1,0
2520,1,23650
2521,1,0
2522,1,1340
2523,1,0
2524,1,0
2525,1,6750
2526,1,0
2527,1,0
2528,1,0
2529,1,0
2530,1,2000
2531,1,1000
2532,1,300
2533,1,0
2534,1,2850
2535,1,3000
2536,1,0
2537,1,1100
2538,1,0
2539,1,1250
2540,1,2000
2541,1,0
2542,1,0
2543,1,8580
2544,1,0
2545,1,4130
2546,1,0
2547,1,600
2548,1,2120
2549,1,53350
2550,1,4430
2551,1,0
2552,1,0
2553,1,5670
2554,1,0
2555,1,0
2556,1,1000
2557,1,0
2558,1,1800
2559,1,0
2560,1,2000
2561,1,1340
2562,1,0
2563,1,0
2564,1,2750
2565,1,3000
2566,1,4500
2567,1,37360
2568,1,0
2569,1,600
2570,1,0
2571,1,0
2572,1,17870
2573,1,15120
2574,1,1800
2575,1,65520
2576,1,0
2577,1,480
2578,1,0
2579,1,3020
2580,1,1100
2581,1,400
2582,1,300
2583,1,650
2584,1,0
2585,1,240
2586,1,0
2587,1,0
2588,1,0
2589,1,0
2590,1,640
2591,1,0
2592,1,0
2593,1,380
2594,1,0
2595,1,0
2596,1,0
2597,1,2500
2598,1,720
2599,1,0
2600,1,0
2601,1,0
2602,1,2500
2603,1,0
2604,1,0
2605,1,0
2606,1,0
2607,1,280
2608,1,2020
2609,1,3250
2610,1,8130
2611,1,1800
2612,1,2800
2613,1,0
2614,1,0
2615,1,600
2616,1,720
2617,1,0
2618,1,9450
2619,1,0
2620,1,1280
2621,1,0
2622,1,0
2623,1,1200
2624,1,0
2625,1,1090
2626,1,0
2627,1,1800
2628,1,0
2629,1,11250
2630,1,0
2631,1,0
2632,1,800
2633,1,5440
2634,1,3150
2635,1,3040
2636,1,4240
2637,1,7250
2638,1,1000
2639,1,180
2640,1,1200
2641,1,0
2642,1,0
2643,1,4000
2644,1,3290
2645,1,720
2646,1,0
2647,1,0
2648,1,0
2649,1,0
2650,1,7040
2651,1,0
2652,1,440
2653,1,0
2654,1,18600
2655,1,0
2656,1,1300
2657,1,0
2658,1,0
2659,1,1580
2660,1,3950
2661,1,320
2662,1,3420
2663,1,60
2664,1,7800
2665,1,0
2666,1,0
2667,1,2200
2668,1,4870
2669,1,1320
2670,1,2500
2671,1,1800
2672,1,7500
2673,1,0
2674,1,600
2675,1,0
2676,1,0
2677,1,40
2678,1,9100
2679,1,4480
2680,1,1920
2681,1,8650
2682,1,160
2683,1,130
2684,1,0
2685,1,2400
2686,1,8750
2687,1,7720
2688,1,3660
2689,1,5480
2690,1,960
2691,1,0
2692,1,23590
2693,1,880
2694,1,0
2695,1,0
2696,1,1920
2697,1,1900
2698,1,10000
2699,1,5000
2700,1,3720
2701,1,0
2702,1,3000
2703,1,0
2704,1,540
2705,1,0
2706,1,0
2707,1,480
2708,1,0
2709,1,0
2710,1,0
2711,1,2450
2712,1,0
2713,1,0
2714,1,0
2715,1,0
2716,1,1840
2717,1,0
2718,1,1600
2719,1,1200
2720,1,3370
2721,1,25250
2722,1,2980
2723,1,17380
2724,1,1480
2725,1,0
2726,1,6080
2727,1,29710
2728,1,4500
2729,1,0
2730,1,2290
2731,1,2790
2732,1,0
2733,1,0
2734,1,0
2735,1,18100
2736,1,0
2737,1,0
2738,1,0
2739,1,29400
2740,1,1680
2741,1,4800
2742,1,6000
2743,1,0
2744,1,24380
2745,1,3500
2746,1,7700
2747,1,3250
2748,1,0
2749,1,3960
2750,1,0
2751,1,300
2752,1,11260
2753,1,600
2754,1,0
2755,1,560
2756,1,800
2757,1,2630
2758,1,1250
2759,1,0
2760,1,100
2761,1,80
2762,1,300
2763,1,2520
2764,1,0
2765,1,7500
2766,1,1750
2767,1,320
2768,1,0
2769,1,12070
2770,1,910
2771,1,0
2772,1,900
2773,1,0
2774,1,0
2775,1,0
2776,1,4500
2777,1,58920
2778,1,5480
2779,1,3400
2780,1,7390
2781,1,8780
2782,1,3920
2783,1,6720
2784,1,0
2785,1,5800
2786,1,5750
2787,1,6170
2788,1,0
2789,1,4100
2790,1,6400
2791,1,0
2792,1,0
2793,1,480
2794,1,0
2795,1,0
2796,1,1040
2797,1,15870
2798,1,2800
2799,1,3240
2800,1,1480
2801,1,15460
2802,1,9460
2803,1,2260
2804,1,5350
2805,1,6000
2806,1,0
2807,1,6920
2808,1,10230
2809,1,4190
2810,1,520
2811,1,1800
2812,1,0
2813,1,7190
2814,1,120
2815,1,4700
2816,1,1120
2817,1,1300
2818,1,1280
2819,1,400
2820,1,4160
2821,1,62280
2822,1,0
2823,1,260
2824,1,0
2825,1,0
2826,1,8060
2827,1,3000
2828,1,4000
2829,1,0
2830,1,1100
2831,1,0
2832,1,600
2833,1,500
2834,1,0
2835,1,340
2836,1,210
2837,1,200
2838,1,0
2839,1,0
2840,1,910
2841,1,2160
2842,1,48420
2843,1,0
2844,1,0
2845,1,160
2846,1,220
2847,1,0
2848,1,4400
2849,1,7500
2850,1,27590
2851,1,21530
2852,1,1200
2853,1,33860
2854,1,7950
2855,1,24940
2856,1,0
2857,1,0
2858,1,21490
2859,1,1100
2860,1,4480
2861,1,0
2862,1,11520
2863,1,0
2864,1,13780
2865,1,0
2866,1,3300
2867,1,0
2868,1,1920
2869,1,3440
2870,1,23800
2871,1,160
2872,1,6000
2873,1,2400
2874,1,1600
2875,1,24910
2876,1,12800
2877,1,600
2878,1,13080
2879,1,0
2880,1,0
2881,1,260
2882,1,1200
2883,1,0
2884,1,0
2885,1,0
2886,1,0
2887,1,800
2888,1,0
2889,1,0
2890,1,3760
2891,1,0
2892,1,1820
2893,1,0
2894,1,1700
2895,1,1170
2896,1,1120
2897,1,1120
2898,1,2080
2899,1,10120
2900,1,5380
2901,1,0
2902,1,3200
2903,1,0
2904,1,0
2905,1,3100
2906,1,660
2907,1,4530
2908,1,0
2909,1,67230
2910,1,2080
2911,1,16030
2912,1,1200
2913,1,0
2914,1,9240
2915,1,0
2916,1,320
2917,1,0
2918,1,0
2919,1,3240
2920,1,0
2921,1,1820
2922,1,1900
2923,1,8900
2924,1,2600
2925,1,0
2926,1,2200
2927,1,4500
2928,1,2520
2929,1,0
2930,1,14500
2931,1,0
2932,1,0
2933,1,0
2934,1,25780
2935,1,2800
2936,1,0
2937,1,600
2938,1,5000
2939,1,9080
2940,1,1600
2941,1,440
2942,1,320
2943,1,1200
2944,1,1400
2945,1,0
2946,1,2490
2947,1,400
2948,1,600
2949,1,1000
2950,1,3470
2951,1,1340
2952,1,360
2953,1,1500
2954,1,220
2955,1,1200
2956,1,40
2957,1,1320
2958,1,840
2959,1,17710
2960,1,1100
2961,1,540
2962,1,640
2963,1,1650
2964,1,1590
2965,1,5690
2966,1,0
2967,1,16850
2968,1,0
2969,1,260
2970,1,60
2971,1,12600
2972,1,9500
2973,1,5000
2974,1,0
2975,1,0
2976,1,1600
2977,1,12500
2978,1,5520
2979,1,160
2980,1,0
2981,1,720
2982,1,1190
2983,1,1960
2984,1,3990
2985,1,0
2986,1,4160
2987,1,160
2988,1,0
2989,1,4830
2990,1,0
2991,1,0
2992,1,23730
2993,1,0
2994,1,0
2995,1,6500
2996,1,660
2997,1,3500
2998,1,0
2999,1,3000
3000,1,100
3001,1,320
3002,1,130
3003,1,6500
3004,1,0
3005,1,2720
3006,1,9600
3007,1,0
3008,1,1500
3009,1,5500
3010,1,16240
3011,1,5380
3012,1,0
3013,1,0
3014,1,4500
3015,1,0
3016,1,660
3017,1,1300
3018,1,0
3019,1,4560
3020,1,0
3021,1,0
3022,1,2440
3023,1,0
3024,1,2220
3025,1,0
3026,1,0
3027,1,3000
3028,1,0
3029,1,60
3030,1,0
3031,1,3000
3032,1,1320
3033,1,0
3034,1,1560
3035,1,4430
3036,1,1200
3037,1,0
3038,1,5060
3039,1,1840
3040,1,0
3041,1,20
3042,1,0
3043,1,1110
3044,1,3500
3045,1,20
3046,1,2370
3047,1,300
3048,1,0
3049,1,2000
3050,1,0
3051,1,2340
3052,1,750
3053,1,0
3054,1,18210
3055,1,4790
3056,1,200
3057,1,5330
3058,1,0
3059,1,0
3060,1,1600
3061,1,2250
3062,1,0
3063,1,1400
3064,1,0
3065,1,0
3066,1,0
3067,1,240
3068,1,0
3069,1,27010
3070,1,0
3071,1,0
3072,1,0
3073,1,200
3074,1,10410
3075,1,22040
3076,1,4500
3077,1,720
3078,1,0
3079,1,0
3080,1,0
3081,1,0
3082,1,780
3083,1,3080
3084,1,6110
3085,1,1970
3086,1,0
3087,1,3400
3088,1,4720
3089,1,480
3090,1,240
3091,1,840
3092,1,0
3093,1,0
3094,1,1920
3095,1,320
3096,1,7800
3097,1,2000
3098,1,0
3099,1,240
3100,1,0
3101,1,4680
3102,1,0
3103,1,0
3104,1,120
3105,1,0
3106,1,4940
3107,1,3530
3108,1,8920
3109,1,0
3110,1,0
3111,1,0
3112,1,0
3113,1,440
3114,1,2400
3115,1,0
3116,1,3670
3117,1,0
3118,1,0
3119,1,0
3120,1,1540
3121,1,0
3122,1,1690
3123,1,0
3124,1,0
3125,1,1950
3126,1,750
3127,1,0
3128,1,14520
3129,1,6400
3130,1,400
3131,1,3650
3132,1,0
3133,1,20650
3134,1,0
3135,1,800
3136,1,25950
3137,1,0
3138,1,3000
3139,1,0
3140,1,0
3141,1,0
3142,1,0
3143,1,9880
3144,1,100
3145,1,0
3146,1,700
3147,1,0
3148,1,2000
3149,1,0
3150,1,550
3151,1,120
3152,1,0
3153,1,280
3154,1,0
3155,1,500
3156,1,0
3157,1,80
3158,1,5550
3159,1,1480
3160,1,0
3161,1,14000
3162,1,420
3163,1,0
3164,1,1420
3165,1,0
3166,1,0
3167,1,520
3168,1,2500
3169,1,2390
3170,1,0
3171,1,0
3172,1,5000
3173,1,1380
3174,1,0
3175,1,600
3176,1,0
3177,1,700
3178,1,2500
3179,1,0
3180,1,340
3181,1,0
3182,1,34050
3183,1,3250
3184,1,0
3185,1,2080
3186,1,480
3187,1,2880
3188,1,11640
3189,1,2280
3190,1,4900
3191,1,0
3192,1,100
3193,1,1100
3194,1,150400
3195,1,0
3196,1,1000
3197,1,0
3198,1,0
3199,1,13000
3200,1,2000
3201,1,0
3202,1,43310
3203,1,1060
3204,1,600
3205,1,0
3206,1,0
3207,1,0
3208,1,520
3209,1,0
3210,1,0
3211,1,300
3212,1,400
3213,1,0
3214,1,0
3215,1,0
3216,1,1030
3217,1,500
3218,1,240
3219,1,0
3220,1,0
3221,1,0
3222,1,2150
3223,1,80
3224,1,2350
3225,1,120
3226,1,0
3227,1,13790
3228,1,0
3229,1,280
3230,1,3620
3231,1,34010
3232,1,1080
3233,1,0
3234,1,620
3235,1,1560
3236,1,24470
3237,1,1860
3238,1,3000
3239,1,400
3240,1,0
3241,1,2700
3242,1,0
3243,1,2170
3244,1,1920
3245,1,3580
3246,1,0
3247,1,40
3248,1,0
3249,1,1870
3250,1,280
3251,1,0
3252,1,1080
3253,1,1500
3254,1,140
3255,1,1560
3256,1,800
3257,1,910
3258,1,840
3259,1,2240
3260,1,540
3261,1,440
3262,1,480
3263,1,0
3264,1,0
3265,1,0
3266,1,130
3267,1,240
3268,1,0
3269,1,0
3270,1,0
3271,1,2020
3272,1,0
3273,1,900
3274,1,0
3275,1,1320
3276,1,800
3277,1,0
3278,1,0
3279,1,0
3280,1,460
3281,1,1680
3282,1,0
3283,1,0
3284,1,0
3285,1,14720
3286,1,1080
3287,1,2060
3288,1,0
3289,1,900
3290,1,1400
3291,1,0
3292,1,0
3293,1,560
3294,1,750
3295,1,40
3296,1,0
3297,1,0
3298,1,380
3299,1,1880
3300,1,0
3301,1,1300
3302,1,0
3303,1,0
3304,1,1010
3305,1,120
3306,1,12500
3307,1,0
3308,1,0
3309,1,0
3310,1,0
3311,1,910
3312,1,4050
3313,1,2900
3314,1,0
3315,1,1300
3316,1,910
3317,1,1820
3318,1,0
3319,1,0
3320,1,1400
3321,1,120
3322,1,3400
3323,1,4500
3324,1,13710
3325,1,0
3326,1,0
3327,1,3560
3328,1,5500
3329,1,0
3330,1,7480
3331,1,6220
3332,1,0
3333,1,0
3334,1,5760
3335,1,0
3336,1,3760
3337,1,0
3338,1,240
3339,1,5430
3340,1,51970
3341,1,5750
3342,1,0
3343,1,8080
3344,1,8800
3345,1,3200
3346,1,1560
3347,1,0
3348,1,0
3349,1,0
3350,1,0
3351,1,13420
3352,1,900
3353,1,1500
3354,1,0
3355,1,5500
3356,1,2000
3357,1,0
3358,1,0
3359,1,7000
3360,1,0
3361,1,3750
3362,1,0
3363,1,1300
3364,1,0
3365,1,2040
3366,1,0
3367,1,1740
3368,1,0
3369,1,0
3370,1,0
3371,1,600
3372,1,0
3373,1,3660
3374,1,0
3375,1,0
3376,1,74490
3377,1,0
3378,1,257680
3379,1,1050
3380,1,1320
3381,1,420
3382,1,140
3383,1,0
3384,1,10060
3385,1,0
3386,1,0
3387,1,0
3388,1,12740
3389,1,0
3390,1,0
3391,1,0
3392,1,0
3393,1,440
3394,1,0
3395,1,0
3396,1,0
3397,1,13450
3398,1,0
3399,1,2400
3400,1,0
3401,1,25340
3402,1,0
3403,1,0
3404,1,0
3405,1,960
3406,1,0
3407,1,0
3408,1,0
3409,1,13270
3410,1,2300
3411,1,8500
3412,1,0
3413,1,0
3414,1,0
3415,1,5000
3416,1,0
3417,1,2700
3418,1,12500
3419,1,0
3420,1,4350
3421,1,2000
3422,1,0
3423,1,0
3424,1,1100
3425,1,120
3426,1,6820
3427,1,440
3428,1,0
3429,1,1650
3430,1,9190
3431,1,5460
3432,1,0
3433,1,0
3434,1,160
3435,1,2280
3436,1,12060
3437,1,1500
3438,1,3520
3439,1,0
3440,1,0
3441,1,800
3442,1,320
3443,1,0
3444,1,130
3445,1,11140
3446,1,10210
3447,1,300
3448,1,0
3449,1,0
3450,1,1480
3451,1,300
3452,1,80
3453,1,0
3454,1,0
3455,1,2250
3456,1,1920
3457,1,0
3458,1,8500
3459,1,0
3460,1,0
3461,1,4200
3462,1,0
3463,1,220
3464,1,0
3465,1,0
3466,1,3070
3467,1,0
3468,1,5400
3469,1,1260
3470,1,1520
3471,1,0
3472,1,4040
3473,1,0
3474,1,40
3475,1,200
3476,1,0
3477,1,64390
3478,1,0
3479,1,0
3480,1,11410
3481,1,5500
3482,1,280
3483,1,1280
3484,1,1100
3485,1,2520
3486,1,0
3487,1,0
3488,1,240
3489,1,0
3490,1,85480
3491,1,1080
3492,1,520
3493,1,1430
3494,1,1260
3495,1,4320
3496,1,0
3497,1,0
3498,1,0
3499,1,0
3500,1,34010
3501,1,0
3502,1,48420
3503,1,0
3504,1,5600
3505,1,6800
3506,1,6280
3507,1,0
3508,1,0
3509,1,13260
3510,1,0
3511,1,12600
3512,1,0
3513,1,4550
3514,1,480
3515,1,0
3516,1,0
3517,1,5500
3518,1,0
3519,1,4240
3520,1,520
3521,1,2000
3522,1,0
3523,1,0
3524,1,2170
3525,1,1000
3526,1,1560
3527,1,0
3528,1,1170
3529,1,1460
3530,1,3150
3531,1,0
3532,1,760
3533,1,0
3534,1,0
3535,1,3620
3536,1,1060
3537,1,4280
3538,1,12500
3539,1,0
3540,1,0
3541,1,3540
3542,1,0
3543,1,7880
3544,1,0
3545,1,0
3546,1,21190
3547,1,520
3548,1,0
3549,1,0
3550,1,14490
3551,1,760
3552,1,7970
3553,1,26210
3554,1,11230
3555,1,0
3556,1,0
3557,1,360
3558,1,720
3559,1,0
3560,1,11680
3561,1,420
3562,1,0
3563,1,0
3564,1,2980
3565,1,2580
3566,1,880
3567,1,0
3568,1,0
3569,1,100
3570,1,240
3571,1,0
3572,1,0
3573,1,15000
3574,1,0
3575,1,0
3576,1,1080
3577,1,13040
3578,1,0
3579,1,3840
3580,1,2280
3581,1,5520
3582,1,0
3583,1,0
3584,1,9000
3585,1,6140
3586,1,4390
3587,1,2200
3588,1,440
3589,1,33540
3590,1,2620
3591,1,0
3592,1,5760
3593,1,0
3594,1,0
3595,1,0
3596,1,0
3597,1,260
3598,1,0
3599,1,0
3600,1,0
3601,1,6000
3602,1,1000
3603,1,400
3604,1,300
3605,1,6920
3606,1,1740
3607,1,0
3608,1,0
3609,1,0
3610,1,600
3611,1,4780
3612,1,6200
3613,1,130
3614,1,0
3615,1,0
3616,1,0
3617,1,100
3618,1,200
3619,1,3120
3620,1,1250
3621,1,0
3622,1,0
3623,1,0
3624,1,1600
3625,1,0
3626,1,21900
3627,1,1640
3628,1,2700
3629,1,9180
3630,1,300
3631,1,0
3632,1,2750
3633,1,0
3634,1,0
3635,1,0
3636,1,1500
3637,1,1780
3638,1,0
3639,1,0
3640,1,0
3641,1,0
3642,1,1600
3643,1,0
3644,1,0
3645,1,2790
3646,1,400
3647,1,120
3648,1,5840
3649,1,1080
3650,1,0
3651,1,840
3652,1,3500
3653,1,2720
3654,1,0
3655,1,3420
3656,1,6010
3657,1,40
3658,1,1290
3659,1,1250
3660,1,0
3661,1,5220
3662,1,1280
3663,1,0
3664,1,7240
3665,1,0
3666,1,0
3667,1,0
3668,1,0
3669,1,2190
3670,1,0
3671,1,0
3672,1,130
3673,1,2140
3674,1,0
3675,1,2150
3676,1,0
3677,1,0
3678,1,240
3679,1,7240
3680,1,0
3681,1,1300
3682,1,5220
3683,1,240
3684,1,0
3685,1,7000
3686,1,100
3687,1,2000
3688,1,840
3689,1,200
3690,1,0
3691,1,640
3692,1,10840
3693,1,0
3694,1,3070
3695,1,33230
3696,1,0
3697,1,3010
3698,1,0
3699,1,0
3700,1,360
3701,1,0
3702,1,6300
3703,1,860
3704,1,57790
3705,1,1600
3706,1,0
3707,1,35920
3708,1,65070
3709,1,0
3710,1,0
3711,1,2600
3712,1,9500
3713,1,520
3714,1,0
3715,1,0
3716,1,3080
3717,1,2420
3718,1,0
3719,1,1430
3720,1,0
3721,1,0
3722,1,1820
3723,1,5240
3724,1,780
3725,1,640
3726,1,0
3727,1,71960
3728,1,0
3729,1,0
3730,1,0
3731,1,0
3732,1,2400
3733,1,38480
3734,1,0
3735,1,8230
3736,1,0
3737,1,6550
3738,1,0
3739,1,1350
3740,1,2500
3741,1,460
3742,1,0
3743,1,0
3744,1,0
3745,1,17350
3746,1,320
3747,1,0
3748,1,0
3749,1,11480
3750,1,0
3751,1,38900
3752,1,1650
3753,1,0
3754,1,0
3755,1,900
3756,1,0
3757,1,2880
3758,1,6920
3759,1,21000
3760,1,200
3761,1,68410
3762,1,0
3763,1,0
3764,1,6100
3765,1,0
3766,1,1500
3767,1,0
3768,1,2080
3769,1,0
3770,1,8640
3771,1,0
3772,1,37170
3773,1,12700
3774,1,9550
3775,1,0
3776,1,800
3777,1,720
3778,1,0
3779,1,1690
3780,1,9030
3781,1,2180
3782,1,0
3783,1,800
3784,1,150
3785,1,1600
3786,1,0
3787,1,900
3788,1,0
3789,1,120
3790,1,15620
3791,1,0
3792,1,240
3793,1,1480
3794,1,810
3795,1,60
3796,1,0
3797,1,0
3798,1,1630
3799,1,260
3800,1,0
3801,1,920
3802,1,200
3803,1,0
3804,1,2000
3805,1,280
3806,1,80
3807,1,0
3808,1,4450
3809,1,600
3810,1,660
3811,1,0
3812,1,10800
3813,1,2390
3814,1,0
3815,1,80
3816,1,9160
3817,1,61530
3818,1,30510
3819,1,0
3820,1,0
3821,1,600
3822,1,5840
3823,1,21290
3824,1,1700
3825,1,0
3826,1,2020
3827,1,2800
3828,1,0
3829,1,0
3830,1,0
3831,1,0
3832,1,0
3833,1,0
3834,1,5240
3835,1,0
3836,1,4250
3837,1,0
3838,1,3840
3839,1,25110
3840,1,12540
3841,1,39310
3842,1,0
3843,1,4250
3844,1,0
3845,1,0
3846,1,890
3847,1,4000
3848,1,1500
3849,1,6540
3850,1,1250
3851,1,3160
3852,1,1600
3853,1,25500
3854,1,0
3855,1,1170
3856,1,2700
3857,1,7120
3858,1,0
3859,1,0
3860,1,0
3861,1,0
3862,1,8940
3863,1,5620
3864,1,22320
3865,1,0
3866,1,0
3867,1,43790
3868,1,18970
3869,1,0
3870,1,0
3871,1,26990
3872,1,11620
3873,1,0
3874,1,200
3875,1,0
3876,1,37140
3877,1,14280
3878,1,1200
3879,1,0
3880,1,9020
3881,1,600
3882,1,11410
3883,1,15030
3884,1,7700
3885,1,7260
3886,1,9330
3887,1,0
3888,1,80
3889,1,0
3890,1,290
3891,1,80
3892,1,0
3893,1,0
3894,1,0
3895,1,4800
3896,1,4650
3897,1,0
3898,1,0
3899,1,0
3900,1,0
3901,1,0
3902,1,0
3903,1,0
3904,1,0
3905,1,0
3906,1,0
3907,1,160
3908,1,0
3909,1,0
3910,1,0
3911,1,5810
3912,1,1080
3913,1,0
3914,1,1680
3915,1,1580
3916,1,0
3917,1,0
3918,1,0
3919,1,0
3920,1,240
3921,1,0
3922,1,2730
3923,1,1900
3924,1,160
3925,1,0
3926,1,23100
3927,1,0
3928,1,13800
3929,1,0
3930,1,0
3931,1,0
3932,1,62430
3933,1,0
3934,1,700
3935,1,0
3936,1,5560
3937,1,0
3938,1,0
3939,1,0
3940,1,16590
3941,1,0
3942,1,0
3943,1,0
3944,1,1500
3945,1,0
3946,1,1690
3947,1,720
3948,1,0
3949,1,0
3950,1,0
3951,1,0
3952,1,24880
3953,1,0
3954,1,180
3955,1,1960
3956,1,520
3957,1,500000
3958,1,35960
3959,1,0
3960,1,0
3961,1,2320
3962,1,0
3963,1,8340
3964,1,14720
3965,1,0
3966,1,0
3967,1,0
3968,1,1440
3969,1,18080
3970,1,17500
3971,1,0
3972,1,9840
3973,1,0
3974,1,7320
3975,1,35440
3976,1,11450
3977,1,28060
3978,1,0
3979,1,0
3980,1,1400
3981,1,26080
3982,1,40900
3983,1,7080
3984,1,4780
3985,1,0
3986,1,0
3987,1,0
3988,1,540
3989,1,1170
3990,1,0
3991,1,0
3992,1,5580
3993,1,0
3994,1,5940
3995,1,0
3996,1,16350
3997,1,18100
3998,1,55880
3999,1,4200
4000,1,100
4001,1,650
4002,1,0
4003,1,20
4004,1,0
4005,1,120
4006,1,80
4007,1,0
4008,1,60
4009,1,0
4010,1,500
4011,1,0
4012,1,0
4013,1,20
4014,1,0
4015,1,60
4016,1,0
4017,1,0
4018,1,0
4019,1,85890
4020,1,15200
4021,1,380
4022,1,25980
4023,1,2040
4024,1,0
4025,1,14500
4026,1,2960
4027,1,0
4028,1,1820
4029,1,0
4030,1,660
4031,1,0
4032,1,0
4033,1,63380
4034,1,0
4035,1,0
4036,1,0
4037,1,28300
4038,1,5560
4039,1,0
4040,1,0
4041,1,0
4042,1,0
4043,1,6750
4044,1,0
4045,1,1470
4046,1,0
4047,1,300
4048,1,480
4049,1,40710
4050,1,0
4051,1,1800
4052,1,2980
4053,1,0
4054,1,3400
4055,1,15120
4056,1,0
4057,1,1950
4058,1,36980
4059,1,700
4060,1,180
4061,1,560
4062,1,840
4063,1,1040
4064,1,0
4065,1,5230
4066,1,2560
4067,1,640
4068,1,0
4069,1,34260
4070,1,0
4071,1,9710
4072,1,0
4073,1,0
4074,1,0
4075,1,340
4076,1,1440
4077,1,800
4078,1,3760
4079,1,0
4080,1,0
4081,1,0
4082,1,7330
4083,1,3510
4084,1,2500
4085,1,0
4086,1,900
4087,1,0
4088,1,360
4089,1,300
4090,1,0
4091,1,900
4092,1,1300
4093,1,0
4094,1,4350
4095,1,2680
4096,1,0
4097,1,40
4098,1,120
4099,1,0
4100,1,1200
4101,1,7100
4102,1,0
4103,1,3810
4104,1,0
4105,1,0
4106,1,5120
4107,1,0
4108,1,0
4109,1,6500
4110,1,1000
4111,1,0
4112,1,81990
4113,1,11100
4114,1,0
4115,1,0
4116,1,180
4117,1,0
4118,1,6480
4119,1,58070
4120,1,0
4121,1,14250
4122,1,0
4123,1,80
4124,1,3680
4125,1,820
4126,1,0
4127,1,780
4128,1,1000
4129,1,48160
4130,1,5000
4131,1,0
4132,1,20250
4133,1,3240
4134,1,4450
4135,1,240
4136,1,0
4137,1,0
4138,1,120
4139,1,12590
4140,1,0
4141,1,1000
4142,1,1430
4143,1,0
4144,1,1600
4145,1,0
4146,1,2580
4147,1,0
4148,1,0
4149,1,480
4150,1,3020
4151,1,4500
4152,1,0
4153,1,2600
4154,1,900
4155,1,0
4156,1,420
4157,1,2870
4158,1,0
4159,1,1500
4160,1,720
4161,1,0
4162,1,0
4163,1,3240
4164,1,400
4165,1,0
4166,1,360
4167,1,800
4168,1,0
4169,1,19060
4170,1,200
4171,1,20
4172,1,0
4173,1,1300
4174,1,0
4175,1,2000
4176,1,1730
4177,1,1120
4178,1,9140
4179,1,0
4180,1,960
4181,1,16320
4182,1,36090
4183,1,0
4184,1,0
4185,1,780
4186,1,0
4187,1,0
4188,1,5420
4189,1,130
4190,1,26500
4191,1,0
4192,1,480
4193,1,1600
4194,1,0
4195,1,1280
4196,1,0
4197,1,4250
4198,1,4160
4199,1,51390
4200,1,0
4201,1,2000
4202,1,1000
4203,1,0
4204,1,500
4205,1,0
4206,1,0
4207,1,0
4208,1,0
4209,1,8000
4210,1,3380
4211,1,2250
4212,1,0
4213,1,0
4214,1,7770
4215,1,56130
4216,1,6460
4217,1,0
4218,1,0
4219,1,19060
4220,1,29050
4221,1,4500
4222,1,480
4223,1,700
4224,1,250
4225,1,0
4226,1,240
4227,1,0
4228,1,37980
4229,1,2400
4230,1,1260
4231,1,15080
4232,1,26390
4233,1,1080
4234,1,4900
4235,1,0
4236,1,25630
4237,1,3600
4238,1,8450
4239,1,2340
4240,1,0
4241,1,0
4242,1,4200
4243,1,1580
4244,1,60
4245,1,0
4246,1,4560
4247,1,2880
4248,1,2280
4249,1,0
4250,1,2230
4251,1,500
4252,1,8000
4253,1,0
4254,1,5000
4255,1,200
4256,1,4190
4257,1,320
4258,1,0
4259,1,1040
4260,1,0
4261,1,3970
4262,1,1140
4263,1,0
4264,1,80
4265,1,36020
4266,1,560
4267,1,1920
4268,1,1780
4269,1,5700
4270,1,0
4271,1,11350
4272,1,0
4273,1,2200
4274,1,105020
4275,1,0
4276,1,0
4277,1,4870
4278,1,0
4279,1,4030
4280,1,800
4281,1,0
4282,1,0
4283,1,960
4284,1,0
4285,1,140
4286,1,2560
4287,1,0
4288,1,0
4289,1,0
4290,1,0
4291,1,2500
4292,1,120
4293,1,2000
4294,1,0
4295,1,400
4296,1,500
4297,1,2250
4298,1,0
4299,1,100
4300,1,0
4301,1,0
4302,1,0
4303,1,0
4304,1,200
4305,1,0
4306,1,1280
4307,1,3200
4308,1,0
4309,1,500
4310,1,450
4311,1,15210
4312,1,0
4313,1,40
4314,1,120
4315,1,0
4316,1,1200
4317,1,1250
4318,1,2360
4319,1,0
4320,1,60
4321,1,680
4322,1,1000
4323,1,300
4324,1,22500
4325,1,0
4326,1,0
4327,1,0
4328,1,0
4329,1,0
4330,1,0
4331,1,0
4332,1,4770
4333,1,0
4334,1,0
4335,1,3000
4336,1,180
4337,1,3300
4338,1,0
4339,1,240
4340,1,0
4341,1,7540
4342,1,800
4343,1,0
4344,1,0
4345,1,0
4346,1,9980
4347,1,560
4348,1,1500
4349,1,0
4350,1,240
4351,1,0
4352,1,220
4353,1,2360
4354,1,0
4355,1,0
4356,1,1810
4357,1,86980
4358,1,0
4359,1,0
4360,1,3840
4361,1,9280
4362,1,1750
4363,1,1600
4364,1,80
4365,1,0
4366,1,14230
4367,1,0
4368,1,0
4369,1,11740
4370,1,0
4371,1,240
4372,1,13530
4373,1,0
4374,1,0
4375,1,0
4376,1,2000
4377,1,5500
4378,1,600
4379,1,5860
4380,1,300
4381,1,27860
4382,1,0
4383,1,57400
4384,1,0
4385,1,0
4386,1,54230
4387,1,1000
4388,1,0
4389,1,0
4390,1,520
4391,1,14000
4392,1,1550
4393,1,800
4394,1,480
4395,1,16020
4396,1,60
4397,1,0
4398,1,0
4399,1,0
4400,1,180
4401,1,800
4402,1,60
4403,1,0
4404,1,700
4405,1,720
4406,1,7240
4407,1,0
4408,1,0
4409,1,840
4410,1,0
4411,1,2250
4412,1,0
4413,1,0
4414,1,73480
4415,1,8200
4416,1,4750
4417,1,1120
4418,1,0
4419,1,0
4420,1,0
4421,1,0
4422,1,0
4423,1,0
4424,1,0
4425,1,2600
4426,1,2860
4427,1,0
4428,1,0
4429,1,0
4430,1,1300
4431,1,5040
4432,1,0
4433,1,650
4434,1,0
4435,1,6710
4436,1,700
4437,1,0
4438,1,280
4439,1,8860
4440,1,2240
4441,1,2750
4442,1,160
4443,1,1000
4444,1,1440
4445,1,2330
4446,1,6990
4447,1,0
4448,1,0
4449,1,5260
4450,1,11250
4451,1,2400
4452,1,0
4453,1,480
4454,1,3000
4455,1,360
4456,1,0
4457,1,0
4458,1,49940
4459,1,0
4460,1,0
4461,1,0
4462,1,3560
4463,1,10900
4464,1,7860
4465,1,0
4466,1,0
4467,1,640
4468,1,0
4469,1,0
4470,1,20
4471,1,0
4472,1,1920
4473,1,1500
4474,1,1050
4475,1,2080
4476,1,0
4477,1,0
4478,1,0
4479,1,1440
4480,1,1940
4481,1,280
4482,1,0
4483,1,4070
4484,1,80
4485,1,1100
4486,1,0
4487,1,80
4488,1,3750
4489,1,0
4490,1,1940
4491,1,240
4492,1,9310
4493,1,0
4494,1,100
4495,1,1500
4496,1,3240
4497,1,1460
4498,1,5840
4499,1,0
4500,1,0
4501,1,0
4502,1,10040
4503,1,16890
4504,1,0
4505,1,3660
4506,1,0
4507,1,6920
4508,1,3500
4509,1,6500
4510,1,0
4511,1,92170
4512,1,2080
4513,1,10000
4514,1,3480
4515,1,1240
4516,1,0
4517,1,8220
4518,1,1620
4519,1,80
4520,1,0
4521,1,0
4522,1,0
4523,1,0
4524,1,0
4525,1,120
4526,1,390
4527,1,1280
4528,1,560
4529,1,0
4530,1,3580
4531,1,2000
4532,1,4000
4533,1,2620
4534,1,1800
4535,1,1170
4536,1,260
4537,1,0
4538,1,0
4539,1,0
4540,1,2560
4541,1,0
4542,1,1040
4543,1,7660
4544,1,320
4545,1,0
4546,1,0
4547,1,14620
4548,1,2500
4549,1,1600
4550,1,400
4551,1,2000
4552,1,660
4553,1,29920
4554,1,0
4555,1,4400
4556,1,0
4557,1,1300
4558,1,0
4559,1,260
4560,1,0
4561,1,11870
4562,1,0
4563,1,0
4564,1,0
4565,1,1320
4566,1,0
4567,1,0
4568,1,0
4569,1,5440
4570,1,0
4571,1,13140
4572,1,0
4573,1,0
4574,1,0
4575,1,0
4576,1,0
4577,1,3400
4578,1,960
4579,1,900
4580,1,0
4581,1,3200
4582,1,72520
4583,1,0
4584,1,760
4585,1,5250
4586,1,2160
4587,1,8560
4588,1,0
4589,1,12350
4590,1,480
4591,1,0
4592,1,1400
4593,1,1000
4594,1,4640
4595,1,0
4596,1,0
4597,1,1320
4598,1,0
4599,1,0
4600,1,2420
4601,1,0
4602,1,240
4603,1,0
4604,1,2960
4605,1,0
4606,1,7040
4607,1,340
4608,1,1040
4609,1,8640
4610,1,240
4611,1,1160
4612,1,0
4613,1,15470
4614,1,13660
4615,1,1690
4616,1,0
4617,1,0
4618,1,3450
4619,1,0
4620,1,0
4621,1,4120
4622,1,160
4623,1,5500
4624,1,0
4625,1,0
4626,1,1040
4627,1,48650
4628,1,500
4629,1,0
4630,1,20730
4631,1,0
4632,1,0
4633,1,1380
4634,1,0
4635,1,3040
4636,1,0
4637,1,0
4638,1,3750
4639,1,320
4640,1,1500
4641,1,0
4642,1,0
4643,1,1980
4644,1,1300
4645,1,0
4646,1,160
4647,1,0
4648,1,0
4649,1,0
4650,1,0
4651,1,0
4652,1,0
4653,1,3620
4654,1,60
4655,1,2580
4656,1,440
4657,1,0
4658,1,0
4659,1,5150
4660,1,660
4661,1,0
4662,1,0
4663,1,0
4664,1,40
4665,1,1040
4666,1,0
4667,1,7240
4668,1,3350
4669,1,60
4670,1,0
4671,1,6500
4672,1,0
4673,1,8400
4674,1,0
4675,1,0
4676,1,1100
4677,1,0
4678,1,79330
4679,1,5440
4680,1,1760
4681,1,420
4682,1,0
4683,1,0
4684,1,0
4685,1,1440
4686,1,1700
4687,1,9360
4688,1,340
4689,1,6720
4690,1,0
4691,1,0
4692,1,400
4693,1,300
4694,1,0
4695,1,0
4696,1,2000
4697,1,0
4698,1,0
4699,1,560
4700,1,240
4701,1,60
4702,1,0
4703,1,780
4704,1,5650
4705,1,0
4706,1,0
4707,1,0
4708,1,0
4709,1,9740
4710,1,24020
4711,1,6090
4712,1,10750
4713,1,0
4714,1,0
4715,1,8720
4716,1,800
4717,1,1040
4718,1,9120
4719,1,1200
4720,1,0
4721,1,690
4722,1,520
4723,1,60
4724,1,0
4725,1,660
4726,1,240
4727,1,0
4728,1,1800
4729,1,0
4730,1,0
4731,1,0
4732,1,800
4733,1,0
4734,1,1250
4735,1,6050
4736,1,1170
4737,1,560
4738,1,480
4739,1,0
4740,1,3810
4741,1,0
4742,1,0
4743,1,0
4744,1,0
4745,1,0
4746,1,34340
4747,1,720
4748,1,3940
4749,1,480
4750,1,1560
4751,1,0
4752,1,0
4753,1,6500
4754,1,2400
4755,1,0
4756,1,0
4757,1,0
4758,1,6180
4759,1,6200
4760,1,0
4761,1,19130
4762,1,200
4763,1,7990
4764,1,4300
4765,1,0
4766,1,32100
4767,1,1800
4768,1,0
4769,1,0
4770,1,0
4771,1,960
4772,1,11720
4773,1,400
4774,1,0
4775,1,160
4776,1,800
4777,1,10000
4778,1,0
4779,1,9500
4780,1,60
4781,1,0
4782,1,0
4783,1,0
4784,1,510
4785,1,0
4786,1,1990
4787,1,600
4788,1,840
4789,1,500
4790,1,0
4791,1,780
4792,1,460
4793,1,8400
4794,1,11440
4795,1,560
4796,1,0
4797,1,4720
4798,1,780
4799,1,1650
4800,1,360
4801,1,60
4802,1,3210
4803,1,0
4804,1,400
4805,1,6850
4806,1,0
4807,1,320
4808,1,1160
4809,1,0
4810,1,0
4811,1,0
4812,1,0
4813,1,520
4814,1,400
4815,1,0
4816,1,8720
4817,1,780
4818,1,0
4819,1,0
4820,1,360
4821,1,40
4822,1,3100
4823,1,300
4824,1,0
4825,1,0
4826,1,0
4827,1,3250
4828,1,0
4829,1,2420
4830,1,0
4831,1,21770
4832,1,7100
4833,1,28040
4834,1,0
4835,1,0
4836,1,5810
4837,1,0
4838,1,2130
4839,1,0
4840,1,300
4841,1,0
4842,1,760
4843,1,8690
4844,1,3210
4845,1,0
4846,1,300
4847,1,4000
4848,1,0
4849,1,500
4850,1,0
4851,1,1690
4852,1,0
4853,1,560
4854,1,2150
4855,1,240
4856,1,2640
4857,1,0
4858,1,540
4859,1,60
4860,1,12580
4861,1,1200
4862,1,1200
4863,1,26110
4864,1,3750
4865,1,11000
4866,1,0
4867,1,780
4868,1,0
4869,1,0
4870,1,5500
4871,1,8500
4872,1,0
4873,1,0
4874,1,9670
4875,1,7760
4876,1,520
4877,1,0
4878,1,0
4879,1,7140
4880,1,1280
4881,1,2400
4882,1,5440
4883,1,0
4884,1,0
4885,1,13120
4886,1,0
4887,1,0
4888,1,8390
4889,1,40
4890,1,0
4891,1,0
4892,1,8450
4893,1,10500
4894,1,0
4895,1,1440
4896,1,0
4897,1,0
4898,1,480
4899,1,0
4900,1,710
4901,1,8640
4902,1,3250
4903,1,360
4904,1,0
4905,1,5910
4906,1,10250
4907,1,0
4908,1,10010
4909,1,20
4910,1,100
4911,1,11400
4912,1,40
4913,1,400
4914,1,400
4915,1,960
4916,1,10690
4917,1,0
4918,1,1470
4919,1,0
4920,1,500
4921,1,0
4922,1,5880
4923,1,2580
4924,1,0
4925,1,40
4926,1,60
4927,1,0
4928,1,4640
4929,1,0
4930,1,18260
4931,1,33950
4932,1,1700
4933,1,0
4934,1,19350
4935,1,660
4936,1,9610
4937,1,1400
4938,1,280
4939,1,11380
4940,1,280
4941,1,0
4942,1,640
4943,1,14900
4944,1,220
4945,1,1680
4946,1,520
4947,1,0
4948,1,3500
4949,1,1200
4950,1,2880
4951,1,0
4952,1,0
4953,1,1200
4954,1,0
4955,1,0
4956,1,3520
4957,1,0
4958,1,49400
4959,1,2000
4960,1,320
4961,1,4500
4962,1,0
4963,1,8060
4964,1,1500
4965,1,11260
4966,1,1000
4967,1,400
4968,1,0
4969,1,0
4970,1,0
4971,1,1800
4972,1,17750
4973,1,320
4974,1,750
4975,1,0
4976,1,7840
4977,1,1050
4978,1,0
4979,1,2250
4980,1,0
4981,1,2750
4982,1,320
4983,1,390
4984,1,120
4985,1,5000
4986,1,0
4987,1,2060
4988,1,6620
4989,1,0
4990,1,80
4991,1,2090
4992,1,360
4993,1,0
4994,1,720
4995,1,220
4996,1,1350
4997,1,180
4998,1,480
4999,1,3200
5000,1,150
5001,1,0
5002,1,53060
5003,1,0
5004,1,10470
5005,1,11640
5006,1,0
5007,1,10520
5008,1,16370
5009,1,9000
5010,1,3920
5011,1,1300
5012,1,8390
5013,1,1440
5014,1,0
5015,1,1990
5016,1,0
5017,1,600
5018,1,14160
5019,1,780
5020,1,0
5021,1,2040
5022,1,6420
5023,1,0
5024,1,9000
5025,1,0
5026,1,0
5027,1,980
5028,1,0
5029,1,2160
5030,1,5000
5031,1,19040
5032,1,1680
5033,1,3660
5034,1,1000
5035,1,25280
5036,1,360
5037,1,0
5038,1,0
5039,1,400
5040,1,800
5041,1,40000
5042,1,120
5043,1,21430
5044,1,3300
5045,1,1300
5046,1,0
5047,1,520
5048,1,1080
5049,1,0
5050,1,22420
5051,1,0
5052,1,0
5053,1,5580
5054,1,52290
5055,1,12820
5056,1,0
5057,1,5900
5058,1,12640
5059,1,21220
5060,1,0
5061,1,2040
5062,1,300
5063,1,500
5064,1,0
5065,1,2560
5066,1,0
5067,1,0
5068,1,4160
5069,1,0
5070,1,280
5071,1,1650
5072,1,200
5073,1,0
5074,1,3980
5075,1,6500
5076,1,6800
5077,1,39010
5078,1,3900
5079,1,0
5080,1,0
5081,1,0
5082,1,0
5083,1,0
5084,1,2700
5085,1,0
5086,1,840
5087,1,0
5088,1,0
5089,1,0
5090,1,12600
5091,1,3900
5092,1,0
5093,1,0
5094,1,6970
5095,1,0
5096,1,40000
5097,1,0
5098,1,0
5099,1,840
5100,1,0
5101,1,6270
5102,1,4510
5103,1,220
5104,1,0
5105,1,7200
5106,1,120
5107,1,40970
5108,1,0
5109,1,0
5110,1,5260
5111,1,0
5112,1,8960
5113,1,0
5114,1,6000
5115,1,0
5116,1,0
5117,1,0
5118,1,5220
5119,1,520
5120,1,800
5121,1,7010
5122,1,0
5123,1,1820
5124,1,0
5125,1,0
5126,1,0
5127,1,13700
5128,1,2470
5129,1,8080
5130,1,42500
5131,1,11530
5132,1,0
5133,1,0
5134,1,2040
5135,1,14290
5136,1,390
5137,1,0
5138,1,0
5139,1,400
5140,1,480
5141,1,2410
5142,1,0
5143,1,0
5144,1,9160
5145,1,80
5146,1,360
5147,1,0
5148,1,8410
5149,1,0
5150,1,0
5151,1,36410
5152,1,9220
5153,1,0
5154,1,0
5155,1,0
5156,1,3240
5157,1,2000
5158,1,9330
5159,1,0
5160,1,4020
5161,1,6000
5162,1,1040
5163,1,0
5164,1,0
5165,1,0
5166,1,3260
5167,1,0
5168,1,9660
5169,1,0
5170,1,1380
5171,1,1040
5172,1,900
5173,1,640
5174,1,3770
5175,1,0
5176,1,2700
5177,1,4080
5178,1,18850
5179,1,0
5180,1,780
5181,1,680
5182,1,2750
5183,1,440
5184,1,500
5185,1,0
5186,1,0
5187,1,6240
5188,1,1300
5189,1,1000
5190,1,0
5191,1,1170
5192,1,23900
5193,1,0
5194,1,960
5195,1,6100
5196,1,0
5197,1,0
5198,1,7550
5199,1,0
5200,1,0
5201,1,1140
5202,1,2960
5203,1,12880
5204,1,43440
5205,1,21660
5206,1,67340
5207,1,4680
5208,1,0
5209,1,12250
5210,1,0
5211,1,0
5212,1,0
5213,1,0
5214,1,3200
5215,1,37530
5216,1,0
5217,1,0
5218,1,0
5219,1,5750
5220,1,3120
5221,1,0
5222,1,400
5223,1,880
5224,1,0
5225,1,600
5226,1,0
5227,1,4300
5228,1,29390
5229,1,1040
5230,1,4800
5231,1,920
5232,1,0
5233,1,0
5234,1,0
5235,1,17050
5236,1,44690
5237,1,9000
5238,1,0
5239,1,3000
5240,1,400
5241,1,0
5242,1,4400
5243,1,0
5244,1,180
5245,1,220
5246,1,5820
5247,1,23170
5248,1,2300
5249,1,0
5250,1,1690
5251,1,52340
5252,1,0
5253,1,3450
5254,1,720
5255,1,1710
5256,1,0
5257,1,0
5258,1,0
5259,1,60
5260,1,60890
5261,1,0
5262,1,0
5263,1,3250
5264,1,7820
5265,1,280
5266,1,0
5267,1,0
5268,1,0
5269,1,0
5270,1,100
5271,1,0
5272,1,0
5273,1,0
5274,1,400
5275,1,1400
5276,1,0
5277,1,0
5278,1,27530
5279,1,0
5280,1,0
5281,1,5980
5282,1,780
5283,1,1560
5284,1,15910
5285,1,3320
5286,1,3230
5287,1,0
5288,1,0
5289,1,0
5290,1,400
5291,1,2560
5292,1,0
5293,1,3340
5294,1,4700
5295,1,1800
5296,1,0
5297,1,0
5298,1,3520
5299,1,0
5300,1,6070
5301,1,4790
5302,1,5380
5303,1,1700
5304,1,18560
5305,1,640
5306,1,0
5307,1,0
5308,1,0
5309,1,120
5310,1,0
5311,1,0
5312,1,640
5313,1,600
5314,1,2040
5315,1,47770
5316,1,0
5317,1,1460
5318,1,0
5319,1,0
5320,1,0
5321,1,9530
5322,1,320
5323,1,600
5324,1,0
5325,1,3500
5326,1,560
5327,1,0
5328,1,720
5329,1,0
5330,1,18050
5331,1,60
5332,1,0
5333,1,0
5334,1,1430
5335,1,0
5336,1,2800
5337,1,520
5338,1,12780
5339,1,0
5340,1,3850
5341,1,6850
5342,1,0
5343,1,0
5344,1,1240
5345,1,0
5346,1,0
5347,1,0
5348,1,0
5349,1,0
5350,1,0
5351,1,0
5352,1,400
5353,1,2650
5354,1,0
5355,1,0
5356,1,0
5357,1,1250
5358,1,0
5359,1,320
5360,1,130
5361,1,0
5362,1,0
5363,1,0
5364,1,0
5365,1,1820
5366,1,0
5367,1,80
5368,1,5220
5369,1,40
5370,1,17700
5371,1,0
5372,1,0
5373,1,800
5374,1,0
5375,1,28790
5376,1,910
5377,1,0
5378,1,0
5379,1,0
5380,1,0
5381,1,0
5382,1,0
5383,1,0
5384,1,0
5385,1,6900
5386,1,960
5387,1,1600
5388,1,1120
5389,1,320
5390,1,60
5391,1,0
5392,1,0
5393,1,0
5394,1,960
5395,1,5610
5396,1,3900
5397,1,0
5398,1,8500
5399,1,0
5400,1,600
5401,1,0
5402,1,0
5403,1,0
5404,1,0
5405,1,1680
5406,1,0
5407,1,0
5408,1,0
5409,1,6900
5410,1,0
5411,1,5450
5412,1,540
5413,1,53910
5414,1,600
5415,1,9500
5416,1,500
5417,1,0
5418,1,1100
5419,1,0
5420,1,360
5421,1,0
5422,1,760
5423,1,0
5424,1,400
5425,1,10650
5426,1,3640
5427,1,2700
5428,1,0
5429,1,1140
5430,1,0
5431,1,70860
5432,1,0
5433,1,700
5434,1,0
5435,1,3190
5436,1,0
5437,1,0
5438,1,0
5439,1,5000
5440,1,1680
5441,1,1950
5442,1,960
5443,1,0
5444,1,2000
5445,1,0
5446,1,0
5447,1,6030
5448,1,0
5449,1,560
5450,1,1900
5451,1,0
5452,1,1200
5453,1,700
5454,1,910
5455,1,19990
5456,1,1200
5457,1,0
5458,1,15240
5459,1,800
5460,1,19870
5461,1,1440
5462,1,9240
5463,1,0
5464,1,0
5465,1,0
5466,1,0
5467,1,1020
5468,1,0
5469,1,680
5470,1,2160
5471,1,0
5472,1,3500
5473,1,0
5474,1,0
5475,1,240
5476,1,300
5477,1,0
5478,1,0
5479,1,0
5480,1,0
5481,1,0
5482,1,1650
5483,1,0
5484,1,0
5485,1,2680
5486,1,1190
5487,1,0
5488,1,0
5489,1,1040
5490,1,100
5491,1,0
5492,1,0
5493,1,0
5494,1,0
5495,1,840
5496,1,600
5497,1,240
5498,1,0
5499,1,21630
5500,1,22690
5501,1,300
5502,1,2520
5503,1,2080
5504,1,1800
5505,1,35600
5506,1,10100
5507,1,2560
5508,1,160
5509,1,0
5510,1,84100
5511,1,720
5512,1,0
5513,1,400
5514,1,1660
5515,1,0
5516,1,160
5517,1,0
5518,1,0
5519,1,4080
5520,1,0
5521,1,0
5522,1,0
5523,1,6080
5524,1,0
5525,1,940
5526,1,540
5527,1,1100
5528,1,0
5529,1,780
5530,1,0
5531,1,360
5532,1,500
5533,1,0
5534,1,0
5535,1,2320
5536,1,0
5537,1,2250
5538,1,3200
5539,1,2160
5540,1,0
5541,1,360
5542,1,500
5543,1,2280
5544,1,1350
5545,1,0
5546,1,0
5547,1,1000
5548,1,0
5549,1,6720
5550,1,0
5551,1,344860
5552,1,0
5553,1,0
5554,1,1500
5555,1,58160
5556,1,0
5557,1,9440
5558,1,600
5559,1,0
5560,1,0
5561,1,39200
5562,1,560
5563,1,0
5564,1,1300
5565,1,1200
5566,1,180
5567,1,4780
5568,1,1800
5569,1,1160
5570,1,0
5571,1,0
5572,1,2810
5573,1,2550
5574,1,8220
5575,1,1440
5576,1,42240
5577,1,0
5578,1,1320
5579,1,1040
5580,1,400
5581,1,1780
5582,1,17430
5583,1,0
5584,1,12650
5585,1,0
5586,1,3020
5587,1,11000
5588,1,0
5589,1,0
5590,1,30910
5591,1,0
5592,1,0
5593,1,2250
5594,1,960
5595,1,760
5596,1,0
5597,1,0
5598,1,0
5599,1,3400
5600,1,0
5601,1,12710
5602,1,520
5603,1,0
5604,1,8250
5605,1,0
5606,1,0
5607,1,0
5608,1,0
5609,1,44350
5610,1,7470
5611,1,0
5612,1,0
5613,1,1500
5614,1,2300
5615,1,0
5616,1,0
5617,1,0
5618,1,0
5619,1,0
5620,1,100
5621,1,800
5622,1,20
5623,1,180
5624,1,2140
5625,1,0
5626,1,780
5627,1,0
5628,1,0
5629,1,4500
5630,1,0
5631,1,0
5632,1,0
5633,1,380
5634,1,0
5635,1,0
5636,1,1080
5637,1,10730
5638,1,5640
5639,1,0
5640,1,0
5641,1,13900
5642,1,0
5643,1,3160
5644,1,7100
5645,1,4160
5646,1,0
5647,1,0
5648,1,38720
5649,1,0
5650,1,0
5651,1,1080
5652,1,0
5653,1,600
5654,1,6640
5655,1,46970
5656,1,380
5657,1,0
5658,1,4200
5659,1,3840
5660,1,8920
5661,1,2180
5662,1,160
5663,1,0
5664,1,1250
5665,1,0
5666,1,1400
5667,1,120
5668,1,1500
5669,1,3900
5670,1,780
5671,1,3030
5672,1,0
5673,1,0
5674,1,2000
5675,1,0
5676,1,1120
5677,1,1280
5678,1,750
5679,1,0
5680,1,130
5681,1,0
5682,1,0
5683,1,0
5684,1,0
5685,1,200
5686,1,60
5687,1,0
5688,1,51120
5689,1,3500
5690,1,15170
5691,1,3500
5692,1,1840
5693,1,420
5694,1,10000
5695,1,24480
5696,1,1520
5697,1,180
5698,1,1680
5699,1,240
5700,1,80
5701,1,800
5702,1,0
5703,1,0
5704,1,180
5705,1,1500
5706,1,6550
5707,1,8740
5708,1,1280
5709,1,0
5710,1,4160
5711,1,0
5712,1,300
5713,1,760
5714,1,2040
5715,1,0
5716,1,80
5717,1,540
5718,1,500
5719,1,1700
5720,1,400
5721,1,0
5722,1,80
5723,1,0
5724,1,0
5725,1,1240
5726,1,240
5727,1,7920
5728,1,150
5729,1,100
5730,1,20
5731,1,0
5732,1,300
5733,1,260
5734,1,120
5735,1,340
5736,1,6630
5737,1,7260
5738,1,1500
5739,1,1040
5740,1,0
5741,1,800
5742,1,0
5743,1,1960
5744,1,240
5745,1,0
5746,1,0
5747,1,12300
5748,1,2020
5749,1,0
5750,1,0
5751,1,0
5752,1,0
5753,1,2880
5754,1,7200
5755,1,0
5756,1,0
5757,1,0
5758,1,200
5759,1,4900
5760,1,500
5761,1,440
5762,1,340
5763,1,0
5764,1,0
5765,1,0
5766,1,640
5767,1,60
5768,1,560
5769,1,780
5770,1,1150
5771,1,0
5772,1,4800
5773,1,1550
5774,1,3340
5775,1,0
5776,1,20
5777,1,450
5778,1,20
5779,1,0
5780,1,700
5781,1,55710
5782,1,0
5783,1,0
5784,1,0
5785,1,1500
5786,1,9170
5787,1,0
5788,1,12970
5789,1,7130
5790,1,3000
5791,1,39790
5792,1,2760
5793,1,0
5794,1,360
5795,1,0
5796,1,0
5797,1,0
5798,1,0
5799,1,1320
5800,1,16550
5801,1,11720
5802,1,5860
5803,1,0
5804,1,24650
5805,1,0
5806,1,2040
5807,1,6830
5808,1,18700
5809,1,520
5810,1,12900
5811,1,300
5812,1,220
5813,1,980
5814,1,6750
5815,1,24510
5816,1,0
5817,1,0
5818,1,50740
5819,1,4480
5820,1,0
5821,1,0
5822,1,0
5823,1,5780
5824,1,3850
5825,1,0
5826,1,360
5827,1,0
5828,1,0
5829,1,180
5830,1,0
5831,1,800
5832,1,106610
5833,1,0
5834,1,3600
5835,1,720
5836,1,0
5837,1,2900
5838,1,0
5839,1,0
5840,1,13290
5841,1,1800
5842,1,1300
5843,1,0
5844,1,6710
5845,1,4800
5846,1,1600
5847,1,0
5848,1,0
5849,1,0
5850,1,188020
5851,1,0
5852,1,4060
5853,1,0
5854,1,0
5855,1,100
5856,1,400
5857,1,800
5858,1,18970
5859,1,160
5860,1,11480
5861,1,5380
5862,1,0
5863,1,2800
5864,1,2460
5865,1,0
5866,1,0
5867,1,0
5868,1,0
5869,1,320
5870,1,0
5871,1,2560
5872,1,15670
5873,1,0
5874,1,34570
5875,1,46990
5876,1,3880
5877,1,0
5878,1,88820
5879,1,0
5880,1,680
5881,1,9520
5882,1,14020
5883,1,9950
5884,1,6000
5885,1,130
5886,1,0
5887,1,300
5888,1,520
5889,1,4550
5890,1,750
5891,1,0
5892,1,450
5893,1,1820
5894,1,80
5895,1,0
5896,1,0
5897,1,0
5898,1,2800
5899,1,0
5900,1,3000
5901,1,500
5902,1,8490
5903,1,0
5904,1,0
5905,1,0
5906,1,2980
5907,1,0
5908,1,200
5909,1,2250
5910,1,0
5911,1,780
5912,1,0
5913,1,0
5914,1,0
5915,1,3750
5916,1,51220
5917,1,0
5918,1,1260
5919,1,280
5920,1,0
5921,1,0
5922,1,3120
5923,1,26510
5924,1,4070
5925,1,0
5926,1,1200
5927,1,13460
5928,1,0
5929,1,0
5930,1,0
5931,1,200
5932,1,0
5933,1,0
5934,1,0
5935,1,0
5936,1,3520
5937,1,4900
5938,1,0
5939,1,2400
5940,1,6850
5941,1,0
5942,1,520
5943,1,620
5944,1,1520
5945,1,4710
5946,1,7320
5947,1,1800
5948,1,0
5949,1,420
5950,1,0
5951,1,0
5952,1,160
5953,1,18920
5954,1,2850
5955,1,11750
5956,1,240
5957,1,0
5958,1,300
5959,1,0
5960,1,0
5961,1,1000
5962,1,0
5963,1,1340
5964,1,1720
5965,1,0
5966,1,80
5967,1,9050
5968,1,0
5969,1,0
5970,1,0
5971,1,0
5972,1,0
5973,1,140
5974,1,0
5975,1,0
5976,1,0
5977,1,10220
5978,1,27320
5979,1,780
5980,1,180
5981,1,9900
5982,1,1000
5983,1,0
5984,1,4760
5985,1,8270
5986,1,3030
5987,1,0
5988,1,0
5989,1,0
5990,1,1560
5991,1,0
5992,1,2350
5993,1,400
5994,1,0
5995,1,0
5996,1,0
5997,1,2120
5998,1,2640
5999,1,5520
6000,1,40
6001,1,0
6002,1,40
6003,1,260
6004,1,0
6005,1,40
6006,1,0
6007,1,17430
6008,1,2960
6009,1,400
6010,1,76180
6011,1,0
6012,1,9000
6013,1,0
6014,1,0
6015,1,0
6016,1,74380
6017,1,1600
6018,1,0
6019,1,0
6020,1,640
6021,1,10100
6022,1,0
6023,1,960
6024,1,11580
6025,1,2500
6026,1,9000
6027,1,2160
6028,1,4950
6029,1,3840
6030,1,2520
6031,1,8340
6032,1,8010
6033,1,7000
6034,1,16500
6035,1,1040
6036,1,0
6037,1,0
6038,1,3400
6039,1,0
6040,1,0
6041,1,0
6042,1,5900
6043,1,2870
6044,1,0
6045,1,840
6046,1,1350
6047,1,100
6048,1,120
6049,1,21070
6050,1,0
6051,1,0
6052,1,1260
6053,1,2080
6054,1,5500
6055,1,0
6056,1,20960
6057,1,0
6058,1,1580
6059,1,0
6060,1,3200
6061,1,2000
6062,1,2200
6063,1,1800
6064,1,5440
6065,1,1200
6066,1,400
6067,1,360
6068,1,33810
6069,1,6500
6070,1,8180
6071,1,1260
6072,1,1950
6073,1,0
6074,1,8940
6075,1,0
6076,1,0
6077,1,880
6078,1,0
6079,1,6400
6080,1,180
6081,1,0
6082,1,0
6083,1,0
6084,1,3820
6085,1,0
6086,1,0
6087,1,260
6088,1,280
6089,1,1920
6090,1,0
6091,1,0
6092,1,0
6093,1,5970
6094,1,33450
6095,1,0
6096,1,0
6097,1,1200
6098,1,300
6099,1,0
6100,1,1430
6101,1,44100
6102,1,0
6103,1,9900
6104,1,0
6105,1,720
6106,1,0
6107,1,0
6108,1,1520
6109,1,0
6110,1,7920
6111,1,3000
6112,1,3600
6113,1,2400
6114,1,400
6115,1,360
6116,1,12690
6117,1,20650
6118,1,0
6119,1,0
6120,1,1040
6121,1,0
6122,1,300
6123,1,900
6124,1,100
6125,1,38500
6126,1,19410
6127,1,14010
6128,1,4290
6129,1,0
6130,1,4900
6131,1,1200
6132,1,600
6133,1,0
6134,1,840
6135,1,960
6136,1,3140
6137,1,0
6138,1,720
6139,1,280
6140,1,35580
6141,1,13050
6142,1,1000
6143,1,760
6144,1,500000
6145,1,84580
6146,1,0
6147,1,0
6148,1,800
6149,1,0
6150,1,1380
6151,1,3040
6152,1,4780
6153,1,2100
6154,1,2710
6155,1,0
6156,1,6750
6157,1,0
6158,1,0
6159,1,7960
6160,1,3000
6161,1,2010
6162,1,2600
6163,1,2860
6164,1,10600
6165,1,40560
6166,1,1040
6167,1,0
6168,1,40
6169,1,0
6170,1,1830
6171,1,390
6172,1,0
6173,1,0
6174,1,0
6175,1,180
6176,1,3910
6177,1,240
6178,1,6850
6179,1,60
6180,1,320
6181,1,6130
6182,1,0
6183,1,920
6184,1,0
6185,1,7250
6186,1,0
6187,1,0
6188,1,360
6189,1,800
6190,1,0
6191,1,2960
6192,1,840
6193,1,2710
6194,1,0
6195,1,1200
6196,1,2400
6197,1,2460
6198,1,1820
6199,1,0
6200,1,3620
6201,1,0
6202,1,29930
6203,1,2700
6204,1,13500
6205,1,80
6206,1,10690
6207,1,0
6208,1,1800
6209,1,1400
6210,1,910
6211,1,280
6212,1,1390
6213,1,0
6214,1,620
6215,1,460
6216,1,1800
6217,1,160
6218,1,25480
6219,1,7600
6220,1,6800
6221,1,0
6222,1,0
6223,1,44840
6224,1,0
6225,1,0
6226,1,3240
6227,1,0
6228,1,0
6229,1,0
6230,1,0
6231,1,5990
6232,1,0
6233,1,0
6234,1,0
6235,1,660
6236,1,4540
6237,1,6960
6238,1,0
6239,1,6190
6240,1,7520
6241,1,0
6242,1,0
6243,1,4400
6244,1,7700
6245,1,0
6246,1,3400
6247,1,0
6248,1,3720
6249,1,500000
6250,1,0
6251,1,64840
6252,1,0
6253,1,0
6254,1,10400
6255,1,6600
6256,1,4380
6257,1,8750
6258,1,4060
6259,1,5640
6260,1,0
6261,1,1020
6262,1,0
6263,1,0
6264,1,2840
6265,1,24060
6266,1,19680
6267,1,0
6268,1,13590
6269,1,0
6270,1,1400
6271,1,0
6272,1,0
6273,1,520
6274,1,0
6275,1,420
6276,1,20500
6277,1,46200
6278,1,5610
6279,1,360
6280,1,1950
6281,1,1100
6282,1,1260
6283,1,0
6284,1,44580
6285,1,0
6286,1,1620
6287,1,0
6288,1,0
6289,1,260
6290,1,0
6291,1,1000
6292,1,2000
6293,1,7800
6294,1,0
6295,1,1000
6296,1,320
6297,1,320
6298,1,0
6299,1,0
6300,1,1780
6301,1,760
6302,1,2400
6303,1,500
6304,1,500
6305,1,720
6306,1,130
6307,1,0
6308,1,0
6309,1,0
6310,1,480
6311,1,840
6312,1,1500
6313,1,450
6314,1,0
6315,1,80
6316,1,0
6317,1,0
6318,1,0
6319,1,80
6320,1,140
6321,1,1020
6322,1,12550
6323,1,2280
6324,1,0
6325,1,560
6326,1,0
6327,1,1100
6328,1,1440
6329,1,0
6330,1,0
6331,1,1820
6332,1,3640
6333,1,0
6334,1,0
6335,1,0
6336,1,0
6337,1,0
6338,1,0
6339,1,0
6340,1,0
6341,1,3840
6342,1,15000
6343,1,0
6344,1,880
6345,1,5620
6346,1,1400
6347,1,0
6348,1,28650
6349,1,840
6350,1,0
6351,1,0
6352,1,0
6353,1,0
6354,1,0
6355,1,0
6356,1,18870
6357,1,1760
6358,1,5500
6359,1,2200
6360,1,120
6361,1,0
6362,1,3680
6363,1,440
6364,1,1500
6365,1,0
6366,1,0
6367,1,5730
6368,1,1080
6369,1,0
6370,1,0
6371,1,0
6372,1,2000
6373,1,7700
6374,1,21380
6375,1,0
6376,1,7500
6377,1,300
6378,1,2830
6379,1,0
6380,1,0
6381,1,1350
6382,1,420
6383,1,2360
6384,1,0
6385,1,60
6386,1,1700
6387,1,800
6388,1,300
6389,1,0
6390,1,740
6391,1,0
6392,1,0
6393,1,2100
6394,1,470
6395,1,0
6396,1,4360
6397,1,400
6398,1,0
6399,1,1970
6400,1,720
6401,1,660
6402,1,6470
6403,1,0
6404,1,500
6405,1,2100
6406,1,4500
6407,1,0
6408,1,5500
6409,1,3000
6410,1,3000
6411,1,0
6412,1,9350
6413,1,240
6414,1,780
6415,1,1800
6416,1,0
6417,1,0
6418,1,1580
6419,1,0
6420,1,0
6421,1,0
6422,1,0
6423,1,300
6424,1,3150
6425,1,1400
6426,1,360
6427,1,0
6428,1,16870
6429,1,5770
6430,1,0
6431,1,3160
6432,1,23440
6433,1,0
6434,1,320
6435,1,0
6436,1,16500
6437,1,3750
6438,1,0
6439,1,840
6440,1,0
6441,1,3770
6442,1,0
6443,1,13060
6444,1,2120
6445,1,2120
6446,1,120
6447,1,12380
6448,1,0
6449,1,1210
6450,1,400
6451,1,460
6452,1,0
6453,1,80
6454,1,80
6455,1,320
6456,1,820
6457,1,2020
6458,1,2010
6459,1,2500
6460,1,6970
6461,1,0
6462,1,20240
6463,1,0
6464,1,2600
6465,1,8590
6466,1,0
6467,1,0
6468,1,0
6469,1,0
6470,1,0
6471,1,0
6472,1,6490
6473,1,0
6474,1,1200
6475,1,2880
6476,1,6900
6477,1,540
6478,1,0
6479,1,0
6480,1,0
6481,1,4700
6482,1,0
6483,1,2700
6484,1,0
6485,1,0
6486,1,11400
6487,1,3760
6488,1,1920
6489,1,0
6490,1,0
6491,1,960
6492,1,146490
6493,1,720
6494,1,3420
6495,1,1340
6496,1,3800
6497,1,300
6498,1,1920
6499,1,0
6500,1,400
6501,1,280
6502,1,0
6503,1,0
6504,1,0
6505,1,0
6506,1,1080
6507,1,0
6508,1,1240
6509,1,2950
6510,1,0
6511,1,0
6512,1,560
6513,1,0
6514,1,100
6515,1,0
6516,1,18430
6517,1,480
6518,1,4820
6519,1,1800
6520,1,0
6521,1,0
6522,1,2160
6523,1,1320
6524,1,1660
6525,1,0
6526,1,3000
6527,1,3800
6528,1,780
6529,1,0
6530,1,3000
6531,1,3400
6532,1,1080
6533,1,2600
6534,1,22850
6535,1,0
6536,1,960
6537,1,0
6538,1,11420
6539,1,0
6540,1,0
6541,1,150
6542,1,640
6543,1,3500
6544,1,180
6545,1,0
6546,1,500
6547,1,0
6548,1,120
6549,1,360
6550,1,10240
6551,1,0
6552,1,1800
6553,1,0
6554,1,160
6555,1,0
6556,1,20
6557,1,600
6558,1,0
6559,1,7500
6560,1,23100
6561,1,1600
6562,1,0
6563,1,0
6564,1,1370
6565,1,0
6566,1,0
6567,1,3500
6568,1,4000
6569,1,67810
6570,1,0
6571,1,0
6572,1,0
6573,1,0
6574,1,2300
6575,1,2320
6576,1,4600
6577,1,0
6578,1,7240
6579,1,1350
6580,1,0
6581,1,0
6582,1,320
6583,1,0
6584,1,2350
6585,1,0
6586,1,0
6587,1,1080
6588,1,0
6589,1,0
6590,1,0
6591,1,24710
6592,1,0
6593,1,0
6594,1,1320
6595,1,1080
6596,1,18230
6597,1,0
6598,1,1360
6599,1,0
6600,1,5220
6601,1,0
6602,1,0
6603,1,8050
6604,1,560
6605,1,1440
6606,1,360
6607,1,11270
6608,1,23990
6609,1,0
6610,1,560
6611,1,0
6612,1,1800
6613,1,0
6614,1,1050
6615,1,640
6616,1,2360
6617,1,140
6618,1,0
6619,1,1440
6620,1,0
6621,1,0
6622,1,7650
6623,1,0
6624,1,12820
6625,1,2670
6626,1,0
6627,1,0
6628,1,0
6629,1,600
6630,1,4300
6631,1,0
6632,1,10000
6633,1,45190
6634,1,5850
6635,1,0
6636,1,0
6637,1,0
6638,1,6500
6639,1,0
6640,1,12500
6641,1,0
6642,1,0
6643,1,1560
6644,1,0
6645,1,0
6646,1,8400
6647,1,0
6648,1,1700
6649,1,1700
6650,1,19640
6651,1,11650
6652,1,2740
6653,1,0
6654,1,0
6655,1,0
6656,1,16200
6657,1,23620
6658,1,6040
6659,1,0
6660,1,360
6661,1,840
6662,1,0
6663,1,0
6664,1,2940
6665,1,1680
6666,1,7040
6667,1,0
6668,1,0
6669,1,960
6670,1,0
6671,1,1840
6672,1,3120
6673,1,6260
6674,1,160
6675,1,900
6676,1,0
6677,1,0
6678,1,0
6679,1,0
6680,1,0
6681,1,0
6682,1,0
6683,1,0
6684,1,520
6685,1,0
6686,1,3750
6687,1,160
6688,1,3000
6689,1,6320
6690,1,360
6691,1,8490
6692,1,0
6693,1,0
6694,1,14330
6695,1,0
6696,1,0
6697,1,3600
6698,1,600
6699,1,200
6700,1,0
6701,1,3800
6702,1,0
6703,1,4360
6704,1,0
6705,1,0
6706,1,240
6707,1,0
6708,1,2140
6709,1,7100
6710,1,3300
6711,1,0
6712,1,0
6713,1,1680
6714,1,250
6715,1,0
6716,1,1600
6717,1,1320
6718,1,0
6719,1,60
6720,1,0
6721,1,680
6722,1,0
6723,1,480
6724,1,800
6725,1,120
6726,1,0
6727,1,0
6728,1,1420
6729,1,120
6730,1,2360
6731,1,40
6732,1,150
6733,1,0
6734,1,0
6735,1,0
6736,1,350
6737,1,130
6738,1,850
6739,1,0
6740,1,200
6741,1,800
6742,1,1250
6743,1,250
6744,1,0
6745,1,0
6746,1,0
6747,1,490
6748,1,0
6749,1,0
6750,1,350
6751,1,0
6752,1,0
6753,1,0
6754,1,40
6755,1,1910
6756,1,0
6757,1,120
6758,1,0
6759,1,0
6760,1,2050
6761,1,410
6762,1,900
6763,1,2880
6764,1,1360
6765,1,0
6766,1,40
6767,1,160
6768,1,0
6769,1,0
6770,1,14610
6771,1,120
6772,1,600
6773,1,5660
6774,1,5230
6775,1,0
6776,1,2170
6777,1,8840
6778,1,0
6779,1,400
6780,1,0
6781,1,0
6782,1,0
6783,1,7800
6784,1,3000
6785,1,160
6786,1,0
6787,1,0
6788,1,0
6789,1,200
6790,1,0
6791,1,0
6792,1,960
6793,1,720
6794,1,17610
6795,1,0
6796,1,0
6797,1,0
6798,1,0
6799,1,0
6800,1,1600
6801,1,6000
6802,1,21360
6803,1,1700
6804,1,0
6805,1,1320
6806,1,7160
6807,1,4230
6808,1,4090
6809,1,0
6810,1,11820
6811,1,0
6812,1,9950
6813,1,240
6814,1,0
6815,1,2880
6816,1,20
6817,1,18600
6818,1,800
6819,1,0
6820,1,3700
6821,1,21020
6822,1,1080
6823,1,0
6824,1,0
6825,1,0
6826,1,0
6827,1,0
6828,1,1200
6829,1,0
6830,1,0
6831,1,260
6832,1,0
6833,1,6180
6834,1,3040
6835,1,0
6836,1,0
6837,1,0
6838,1,1960
6839,1,1750
6840,1,1430
6841,1,220
6842,1,0
6843,1,800
6844,1,260
6845,1,9340
6846,1,0
6847,1,400
6848,1,3420
6849,1,14430
6850,1,0
6851,1,0
6852,1,3840
6853,1,0
6854,1,25500
6855,1,3290
6856,1,3450
6857,1,0
6858,1,2340
6859,1,1000
6860,1,0
6861,1,0
6862,1,1080
6863,1,0
6864,1,0
6865,1,0
6866,1,1100
6867,1,400
6868,1,670
6869,1,0
6870,1,13470
6871,1,1500
6872,1,0
6873,1,27300
6874,1,3520
6875,1,0
6876,1,20080
6877,1,0
6878,1,0
6879,1,0
6880,1,0
6881,1,0
6882,1,0
6883,1,2600
6884,1,840
6885,1,0
6886,1,0
6887,1,0
6888,1,15680
6889,1,2800
6890,1,900
6891,1,8400
6892,1,920
6893,1,2000
6894,1,840
6895,1,1100
6896,1,0
6897,1,0
6898,1,440
6899,1,280
6900,1,560
6901,1,0
6902,1,800
6903,1,0
6904,1,2340
6905,1,0
6906,1,17080
6907,1,0
6908,1,0
6909,1,1900
6910,1,400
6911,1,0
6912,1,3160
6913,1,2200
6914,1,0
6915,1,700
6916,1,840
6917,1,160
6918,1,0
6919,1,6600
6920,1,0
6921,1,1920
6922,1,0
6923,1,3750
6924,1,0
6925,1,1590
6926,1,1750
6927,1,1400
6928,1,2250
6929,1,6070
6930,1,0
6931,1,4500
6932,1,7260
6933,1,40
6934,1,0
6935,1,1440
6936,1,1600
6937,1,910
6938,1,0
6939,1,0
6940,1,36940
6941,1,1300
6942,1,0
6943,1,0
6944,1,0
6945,1,540
6946,1,2080
6947,1,0
6948,1,27250
6949,1,0
6950,1,0
6951,1,360
6952,1,15000
6953,1,10500
6954,1,0
6955,1,660
6956,1,0
6957,1,1360
6958,1,7400
6959,1,0
6960,1,0
6961,1,0
6962,1,0
6963,1,0
6964,1,0
6965,1,0
6966,1,0
6967,1,3480
6968,1,2580
6969,1,6500
6970,1,15010
6971,1,240
6972,1,0
6973,1,260
6974,1,2040
6975,1,0
6976,1,1440
6977,1,39020
6978,1,17000
6979,1,1140
6980,1,840
6981,1,85900
6982,1,5250
6983,1,39410
6984,1,1560
6985,1,0
6986,1,10900
6987,1,6570
6988,1,0
6989,1,1200
6990,1,2480
6991,1,0
6992,1,600
6993,1,0
6994,1,3980
6995,1,9500
6996,1,0
6997,1,1650
6998,1,1250
6999,1,360
7000,1,40
7001,1,80
7002,1,192850
7003,1,4290
7004,1,0
7005,1,0
7006,1,0
7007,1,8040
7008,1,0
7009,1,0
7010,1,540
7011,1,7390
7012,1,0
7013,1,840
7014,1,1000
7015,1,0
7016,1,5100
7017,1,0
7018,1,0
7019,1,8000
7020,1,46950
7021,1,10900
7022,1,18250
7023,1,2760
7024,1,3840
7025,1,2400
7026,1,4120
7027,1,3450
7028,1,8810
7029,1,1200
7030,1,0
7031,1,0
7032,1,13040
7033,1,3610
7034,1,1280
7035,1,1500
7036,1,10090
7037,1,0
7038,1,2000
7039,1,5820
7040,1,0
7041,1,540
7042,1,1940
7043,1,100
7044,1,2840
7045,1,2200
7046,1,1500
7047,1,560
7048,1,2670
7049,1,280
7050,1,320
7051,1,200
7052,1,0
7053,1,0
7054,1,0
7055,1,0
7056,1,1950
7057,1,0
7058,1,0
7059,1,600
7060,1,2080
7061,1,4110
7062,1,500
7063,1,200
7064,1,1630
7065,1,60
7066,1,0
7067,1,0
7068,1,100
7069,1,0
7070,1,0
7071,1,0
7072,1,60
7073,1,0
7074,1,720
7075,1,120
7076,1,0
7077,1,420
7078,1,0
7079,1,0
7080,1,360
7081,1,1100
7082,1,540
7083,1,1770
7084,1,0
7085,1,500
7086,1,640
7087,1,1200
7088,1,2730
7089,1,0
7090,1,0
7091,1,0
7092,1,0
7093,1,180
7094,1,0
7095,1,0
7096,1,0
7097,1,0
7098,1,0
7099,1,900
7100,1,0
7101,1,400
7102,1,0
7103,1,0
7104,1,8200
7105,1,0
7106,1,200
7107,1,0
7108,1,40
7109,1,2720
7110,1,300
7111,1,1720
7112,1,0
7113,1,0
7114,1,0
7115,1,0
7116,1,0
7117,1,9140
7118,1,300
7119,1,0
7120,1,3360
7121,1,1640
7122,1,500
7123,1,780
7124,1,0
7125,1,1480
7126,1,480
7127,1,0
7128,1,0
7129,1,0
7130,1,20
7131,1,360
7132,1,690
7133,1,0
7134,1,690
7135,1,500
7136,1,1400
7137,1,0
7138,1,40
7139,1,900
7140,1,280
7141,1,40
7142,1,0
7143,1,150
7144,1,1300
7145,1,140
7146,1,700
7147,1,1050
7148,1,200
7149,1,0
7150,1,3000
7151,1,5640
7152,1,1200
7153,1,2880
7154,1,300
7155,1,570
7156,1,60
7157,1,100
7158,1,80
7159,1,26410
7160,1,7990
7161,1,260
7162,1,0
7163,1,21680
7164,1,1260
7165,1,0
7166,1,0
7167,1,0
7168,1,16910
7169,1,0
7170,1,2160
7171,1,28560
7172,1,5830
7173,1,1320
7174,1,0
7175,1,100
7176,1,760
7177,1,0
7178,1,930
7179,1,720
7180,1,0
7181,1,0
7182,1,5190
7183,1,0
7184,1,2470
7185,1,0
7186,1,0
7187,1,34100
7188,1,0
7189,1,2230
7190,1,0
7191,1,0
7192,1,15320
7193,1,1120
7194,1,4210
7195,1,10710
7196,1,0
7197,1,160
7198,1,0
7199,1,1400
7200,1,6750
7201,1,0
7202,1,17960
7203,1,650
7204,1,360
7205,1,0
7206,1,1500
7207,1,0
7208,1,0
7209,1,0
7210,1,80
7211,1,130
7212,1,300
7213,1,0
7214,1,1920
7215,1,560
7216,1,3340
7217,1,0
7218,1,20680
7219,1,11900
7220,1,54150
7221,1,0
7222,1,19260
7223,1,3250
7224,1,12740
7225,1,0
7226,1,0
7227,1,3640
7228,1,360
7229,1,0
7230,1,0
7231,1,0
7232,1,380
7233,1,1000
7234,1,0
7235,1,16670
7236,1,0
7237,1,0
7238,1,9380
7239,1,0
7240,1,0
7241,1,0
7242,1,0
7243,1,0
7244,1,360
7245,1,440
7246,1,3420
7247,1,0
7248,1,6000
7249,1,8790
7250,1,7800
7251,1,0
7252,1,0
7253,1,0
7254,1,780
7255,1,120
7256,1,5120
7257,1,0
7258,1,0
7259,1,0
7260,1,0
7261,1,2290
7262,1,25090
7263,1,2600
7264,1,0
7265,1,0
7266,1,1380
7267,1,3690
7268,1,720
7269,1,3400
7270,1,2560
7271,1,1690
7272,1,0
7273,1,3600
7274,1,0
7275,1,0
7276,1,4370
7277,1,2560
7278,1,0
7279,1,5780
7280,1,0
7281,1,1500
7282,1,1100
7283,1,1430
7284,1,3540
7285,1,29540
7286,1,700
7287,1,4480
7288,1,8770
7289,1,1280
7290,1,39710
7291,1,7590
7292,1,10500
7293,1,480
7294,1,540
7295,1,0
7296,1,0
7297,1,0
7298,1,760
7299,1,0
7300,1,0
7301,1,0
7302,1,520
7303,1,2280
7304,1,0
7305,1,0
7306,1,820
7307,1,16250
7308,1,0
7309,1,0
7310,1,0
7311,1,0
7312,1,7000
7313,1,0
7314,1,2720
7315,1,7500
7316,1,19380
7317,1,0
7318,1,5570
7319,1,2400
7320,1,0
7321,1,0
7322,1,0
7323,1,600
7324,1,400
7325,1,0
7326,1,0
7327,1,0
7328,1,1430
7329,1,0
7330,1,9990
7331,1,16430
7332,1,8660
7333,1,7000
7334,1,16010
7335,1,0
7336,1,9460
7337,1,0
7338,1,1950
7339,1,3840
7340,1,500
7341,1,19050
7342,1,400
7343,1,6080
7344,1,16200
7345,1,0
7346,1,9520
7347,1,80
7348,1,0
7349,1,570
7350,1,0
7351,1,0
7352,1,7500
7353,1,2680
7354,1,0
7355,1,1400
7356,1,12080
7357,1,0
7358,1,300
7359,1,10890
7360,1,1370
7361,1,2800
7362,1,0
7363,1,600
7364,1,0
7365,1,0
7366,1,320
7367,1,3820
7368,1,400
7369,1,0
7370,1,0
7371,1,0
7372,1,80
7373,1,480
7374,1,20840
7375,1,4140
7376,1,11010
7377,1,0
7378,1,600
7379,1,1800
7380,1,0
7381,1,380
7382,1,96240
7383,1,2400
7384,1,8000
7385,1,17690
7386,1,340
7387,1,1500
7388,1,7000
7389,1,800
7390,1,390
7391,1,0
7392,1,60
7393,1,400
7394,1,0
7395,1,0
7396,1,380
7397,1,0
7398,1,0
7399,1,0
7400,1,0
7401,1,3530
7402,1,0
7403,1,34180
7404,1,0
7405,1,7550
7406,1,11250
7407,1,0
7408,1,2620
7409,1,1800
7410,1,0
7411,1,5570
7412,1,2880
7413,1,200
7414,1,0
7415,1,0
7416,1,0
7417,1,0
7418,1,260
7419,1,0
7420,1,10000
7421,1,140
7422,1,0
7423,1,3460
7424,1,1350
7425,1,600
7426,1,160
7427,1,0
7428,1,1500
7429,1,300
7430,1,1430
7431,1,420
7432,1,0
7433,1,900
7434,1,720
7435,1,29530
7436,1,960
7437,1,0
7438,1,6600
7439,1,300
7440,1,5620
7441,1,1280
7442,1,0
7443,1,12860
7444,1,3960
7445,1,94620
7446,1,4250
7447,1,6250
7448,1,0
7449,1,5040
7450,1,80
7451,1,900
7452,1,0
7453,1,0
7454,1,0
7455,1,300
7456,1,4120
7457,1,400
7458,1,0
7459,1,0
7460,1,400
7461,1,750
7462,1,0
7463,1,0
7464,1,0
7465,1,1420
7466,1,0
7467,1,1750
7468,1,0
7469,1,0
7470,1,650
7471,1,0
7472,1,200
7473,1,0
7474,1,5100
7475,1,4500
7476,1,600
7477,1,13270
7478,1,13850
7479,1,9100
7480,1,6060
7481,1,14230
7482,1,0
7483,1,180
7484,1,0
7485,1,720
7486,1,120
7487,1,1170
7488,1,0
7489,1,0
7490,1,600
7491,1,720
7492,1,1720
7493,1,7000
7494,1,1000
7495,1,0
7496,1,2810
7497,1,17350
7498,1,120
7499,1,8300
7500,1,160
7501,1,0
7502,1,960
7503,1,0
7504,1,360
7505,1,6180
7506,1,1780
7507,1,1220
7508,1,2560
7509,1,0
7510,1,4700
7511,1,0
7512,1,1040
7513,1,480
7514,1,500000
7515,1,30040
7516,1,0
7517,1,4740
7518,1,12130
7519,1,0
7520,1,120
7521,1,12620
7522,1,2600
7523,1,950
7524,1,0
7525,1,0
7526,1,0
7527,1,1400
7528,1,2700
7529,1,26910
7530,1,0
7531,1,260
7532,1,200
7533,1,0
7534,1,0
7535,1,0
7536,1,0
7537,1,0
7538,1,1680
7539,1,0
7540,1,280
7541,1,1420
7542,1,4800
7543,1,0
7544,1,2340
7545,1,3500
7546,1,0
7547,1,3500
7548,1,9000
7549,1,0
7550,1,0
7551,1,1440
7552,1,0
7553,1,800
7554,1,0
7555,1,0
7556,1,0
7557,1,0
7558,1,0
7559,1,0
7560,1,0
7561,1,9060
7562,1,0
7563,1,7730
7564,1,560
7565,1,4980
7566,1,0
7567,1,0
7568,1,8500
7569,1,320
7570,1,0
7571,1,0
7572,1,700
7573,1,0
7574,1,0
7575,1,4250
7576,1,240
7577,1,0
7578,1,0
7579,1,1100
7580,1,8000
7581,1,22500
7582,1,0
7583,1,2760
7584,1,0
7585,1,0
7586,1,1140
7587,1,0
7588,1,0
7589,1,0
7590,1,0
7591,1,0
7592,1,0
7593,1,2340
7594,1,1400
7595,1,2200
7596,1,1800
7597,1,480
7598,1,19500
7599,1,900
7600,1,160
7601,1,600
7602,1,1820
7603,1,0
7604,1,0
7605,1,14800
7606,1,0
7607,1,0
7608,1,1360
7609,1,0
7610,1,0
7611,1,0
7612,1,87780
7613,1,4040
7614,1,0
7615,1,2600
7616,1,400
7617,1,600
7618,1,0
7619,1,10800
7620,1,1040
7621,1,3300
7622,1,4330
7623,1,6170
7624,1,0
7625,1,0
7626,1,13000
7627,1,2080
7628,1,1750
7629,1,700
7630,1,0
7631,1,3250
7632,1,500
7633,1,130
7634,1,5980
7635,1,220
7636,1,0
7637,1,10080
7638,1,0
7639,1,0
7640,1,0
7641,1,480
7642,1,1000
7643,1,1320
7644,1,3040
7645,1,0
7646,1,0
7647,1,4620
7648,1,0
7649,1,0
7650,1,0
7651,1,60
7652,1,0
7653,1,0
7654,1,2550
7655,1,320
7656,1,3250
7657,1,24790
7658,1,51310
7659,1,4400
7660,1,5060
7661,1,19550
7662,1,11780
7663,1,1000
7664,1,21040
7665,1,27320
7666,1,0
7667,1,10810
7668,1,0
7669,1,0
7670,1,0
7671,1,0
7672,1,0
7673,1,0
7674,1,0
7675,1,1680
7676,1,0
7677,1,0
7678,1,100
7679,1,0
7680,1,960
7681,1,8560
7682,1,160
7683,1,0
7684,1,5400
7685,1,5820
7686,1,1810
7687,1,600
7688,1,420
7689,1,120
7690,1,200
7691,1,1140
7692,1,0
7693,1,400
7694,1,2000
7695,1,0
7696,1,1200
7697,1,720
7698,1,700
7699,1,0
7700,1,800
7701,1,5740
7702,1,0
7703,1,1250
7704,1,2900
7705,1,0
7706,1,0
7707,1,360
7708,1,60
7709,1,160
7710,1,0
7711,1,960
7712,1,460
7713,1,4500
7714,1,0
7715,1,840
7716,1,1360
7717,1,0
7718,1,160
7719,1,480
7720,1,0
7721,1,0
7722,1,2880
7723,1,0
7724,1,120
7725,1,0
7726,1,0
7727,1,0
7728,1,0
7729,1,600
7730,1,0
7731,1,280
7732,1,480
7733,1,2100
7734,1,0
7735,1,9890
7736,1,4000
7737,1,2040
7738,1,80
7739,1,0
7740,1,8000
7741,1,0
7742,1,200
7743,1,0
7744,1,0
7745,1,0
7746,1,80
7747,1,480
7748,1,0
7749,1,0
7750,1,0
7751,1,720
7752,1,10910
7753,1,44660
7754,1,0
7755,1,0
7756,1,3400
7757,1,0
7758,1,2680
7759,1,5140
7760,1,0
7761,1,60
7762,1,0
7763,1,80
7764,1,0
7765,1,0
7766,1,720
7767,1,3480
7768,1,0
7769,1,12950
7770,1,1190
7771,1,0
7772,1,0
7773,1,0
7774,1,5440
7775,1,2440
7776,1,0
7777,1,2320
7778,1,0
7779,1,0
7780,1,720
7781,1,200
7782,1,4740
7783,1,0
7784,1,0
7785,1,0
7786,1,300
7787,1,0
7788,1,0
7789,1,200
7790,1,5500
7791,1,1200
7792,1,460
7793,1,0
7794,1,0
7795,1,2560
7796,1,480
7797,1,520
7798,1,660
7799,1,5760
7800,1,1400
7801,1,30920
7802,1,0
7803,1,24790
7804,1,0
7805,1,0
7806,1,0
7807,1,1600
7808,1,600
7809,1,36240
7810,1,0
7811,1,5250
7812,1,720
7813,1,5690
7814,1,600
7815,1,49390
7816,1,69070
7817,1,0
7818,1,2600
7819,1,4400
7820,1,0
7821,1,4840
7822,1,7950
7823,1,0
7824,1,0
7825,1,0
7826,1,0
7827,1,7360
7828,1,43950
7829,1,17330
7830,1,0
7831,1,5340
7832,1,0
7833,1,0
7834,1,0
7835,1,2160
7836,1,0
7837,1,8950
7838,1,0
7839,1,0
7840,1,0
7841,1,31670
7842,1,0
7843,1,3740
7844,1,0
7845,1,3650
7846,1,400
7847,1,0
7848,1,120
7849,1,400
7850,1,22910
7851,1,35150
7852,1,0
7853,1,1080
7854,1,3240
7855,1,660
7856,1,500
7857,1,0
7858,1,8750
7859,1,2860
7860,1,200
7861,1,7660
7862,1,1800
7863,1,18750
7864,1,27440
7865,1,19620
7866,1,0
7867,1,0
7868,1,0
7869,1,320
7870,1,2400
7871,1,160
7872,1,0
7873,1,0
7874,1,12980
7875,1,0
7876,1,0
7877,1,920
7878,1,700
7879,1,0
7880,1,0
7881,1,0
7882,1,0
7883,1,4210
7884,1,400
7885,1,0
7886,1,8260
7887,1,0
7888,1,1500
7889,1,280
7890,1,650
7891,1,1050
7892,1,0
7893,1,0
7894,1,1760
7895,1,10240
7896,1,0
7897,1,26970
7898,1,0
7899,1,0
7900,1,80
7901,1,1780
7902,1,3500
7903,1,16590
7904,1,6080
7905,1,900
7906,1,0
7907,1,3640
7908,1,9130
7909,1,0
7910,1,3530
7911,1,0
7912,1,0
7913,1,14990
7914,1,6840
7915,1,6500
7916,1,300
7917,1,0
7918,1,0
7919,1,4000
7920,1,20730
7921,1,0
7922,1,120
7923,1,0
7924,1,0
7925,1,18980
7926,1,1800
7927,1,1060
7928,1,400
7929,1,0
7930,1,960
7931,1,3980
7932,1,2010
7933,1,0
7934,1,0
7935,1,550
7936,1,21660
7937,1,0
7938,1,0
7939,1,400
7940,1,3500
7941,1,0
7942,1,2080
7943,1,5750
7944,1,2860
7945,1,0
7946,1,0
7947,1,0
7948,1,11950
7949,1,0
7950,1,3150
7951,1,0
7952,1,120
7953,1,21730
7954,1,0
7955,1,0
7956,1,340
7957,1,16320
7958,1,25160
7959,1,1820
7960,1,1380
7961,1,1000
7962,1,1040
7963,1,2470
7964,1,520
7965,1,1020
7966,1,0
7967,1,0
7968,1,63030
7969,1,35440
7970,1,1430
7971,1,12000
7972,1,0
7973,1,0
7974,1,0
7975,1,2800
7976,1,0
7977,1,1780
7978,1,42890
7979,1,0
7980,1,0
7981,1,0
7982,1,4500
7983,1,0
7984,1,18320
7985,1,19250
7986,1,7880
7987,1,1080
7988,1,0
7989,1,0
7990,1,1950
7991,1,0
7992,1,0
7993,1,910
7994,1,0
7995,1,2880
7996,1,0
7997,1,0
7998,1,0
7999,1,140
8000,1,40
8001,1,330
8002,1,0
8003,1,0
8004,1,6300
8005,1,0
8006,1,2400
8007,1,0
8008,1,0
8009,1,0
8010,1,280
8011,1,1960
8012,1,0
8013,1,9530
8014,1,2710
8015,1,2750
8016,1,6080
8017,1,0
8018,1,8260
8019,1,100
8020,1,6480
8021,1,8100
8022,1,61610
8023,1,0
8024,1,0
8025,1,1200
8026,1,3450
8027,1,0
8028,1,0
8029,1,12110
8030,1,1600
8031,1,0
8032,1,120
8033,1,600
8034,1,1350
8035,1,6020
8036,1,420
8037,1,0
8038,1,0
8039,1,0
8040,1,0
8041,1,0
8042,1,700
8043,1,2350
8044,1,0
8045,1,0
8046,1,2040
8047,1,1200
8048,1,18860
8049,1,14400
8050,1,0
8051,1,0
8052,1,2640
8053,1,1300
8054,1,10720
8055,1,0
8056,1,3500
8057,1,0
8058,1,600
8059,1,160
8060,1,240
8061,1,0
8062,1,39100
8063,1,17700
8064,1,3500
8065,1,5760
8066,1,1820
8067,1,0
8068,1,0
8069,1,7610
8070,1,0
8071,1,2550
8072,1,0
8073,1,3520
8074,1,1800
8075,1,7040
8076,1,17550
8077,1,29470
8078,1,5760
8079,1,0
8080,1,0
8081,1,43750
8082,1,4900
8083,1,560
8084,1,0
8085,1,14680
8086,1,0
8087,1,0
8088,1,0
8089,1,1300
8090,1,0
8091,1,520
8092,1,0
8093,1,0
8094,1,6840
8095,1,0
8096,1,910
8097,1,2500
8098,1,0
8099,1,4440
8100,1,900
8101,1,0
8102,1,7050
8103,1,620
8104,1,2720
8105,1,520
8106,1,0
8107,1,0
8108,1,320
8109,1,1000
8110,1,7000
8111,1,80890
8112,1,2340
8113,1,30720
8114,1,0
8115,1,0
8116,1,4280
8117,1,440
8118,1,41510
8119,1,0
8120,1,0
8121,1,75950
8122,1,3160
8123,1,250
8124,1,0
8125,1,720
8126,1,0
8127,1,0
8128,1,730
8129,1,0
8130,1,750
8131,1,0
8132,1,0
8133,1,2480
8134,1,2600
8135,1,0
8136,1,5400
8137,1,80
8138,1,0
8139,1,300
8140,1,120
8141,1,0
8142,1,660
8143,1,240
8144,1,5000
8145,1,0
8146,1,0
8147,1,960
8148,1,0
8149,1,1640
8150,1,900
8151,1,120
8152,1,420
8153,1,0
8154,1,0
8155,1,0
8156,1,240
8157,1,480
8158,1,500
8159,1,200
8160,1,280
8161,1,150
8162,1,960
8163,1,0
8164,1,600
8165,1,1450
8166,1,360
8167,1,780
8168,1,1200
8169,1,15780
8170,1,0
8171,1,0
8172,1,0
8173,1,1560
8174,1,600
8175,1,0
8176,1,670
8177,1,0
8178,1,140
8179,1,2400
8180,1,40
8181,1,0
8182,1,280
8183,1,4860
8184,1,80
8185,1,0
8186,1,10400
8187,1,0
8188,1,0
8189,1,28400
8190,1,2480
8191,1,0
8192,1,0
8193,1,0
8194,1,0
8195,1,10020
8196,1,500
8197,1,40
8198,1,0
8199,1,14440
8200,1,960
8201,1,0
8202,1,1140
8203,1,2250
8204,1,0
8205,1,0
8206,1,22930
8207,1,0
8208,1,8800
8209,1,3700
8210,1,8530
8211,1,750
8212,1,8200
8213,1,1000
8214,1,8000
8215,1,1140
8216,1,0
8217,1,300
8218,1,180
8219,1,4250
8220,1,9780
8221,1,480
8222,1,0
8223,1,200
8224,1,0
8225,1,1100
8226,1,160
8227,1,0
8228,1,6000
8229,1,400
8230,1,0
8231,1,40
8232,1,0
8233,1,0
8234,1,800
8235,1,2060
8236,1,1600
8237,1,5350
8238,1,0
8239,1,100
8240,1,0
8241,1,5520
8242,1,5640
8243,1,0
8244,1,0
8245,1,0
8246,1,0
8247,1,0
8248,1,0
8249,1,1830
8250,1,1400
8251,1,600
8252,1,150
8253,1,880
8254,1,0
8255,1,1540
8256,1,1080
8257,1,0
8258,1,500
8259,1,500000
8260,1,20530
8261,1,66180
8262,1,1220
8263,1,0
8264,1,0
8265,1,0
8266,1,0
8267,1,24000
8268,1,5120
8269,1,0
8270,1,1020
8271,1,0
8272,1,24000
8273,1,0
8274,1,9420
8275,1,8320
8276,1,7400
8277,1,830
8278,1,2580
8279,1,0
8280,1,11220
8281,1,240
8282,1,0
8283,1,0
8284,1,0
8285,1,350
8286,1,0
8287,1,0
8288,1,640
8289,1,1290
8290,1,30300
8291,1,28140
8292,1,7810
8293,1,0
8294,1,3750
8295,1,6000
8296,1,4200
8297,1,0
8298,1,22820
8299,1,5030
8300,1,0
8301,1,2250
8302,1,3500
8303,1,2100
8304,1,5000
8305,1,0
8306,1,3180
8307,1,1060
8308,1,980
8309,1,2760
8310,1,0
8311,1,5790
8312,1,1170
8313,1,420
8314,1,0
8315,1,0
8316,1,4200
8317,1,1400
8318,1,1280
8319,1,0
8320,1,0
8321,1,240
8322,1,13880
8323,1,0
8324,1,4390
8325,1,600
8326,1,0
8327,1,3740
8328,1,1280
8329,1,6430
8330,1,0
8331,1,6350
8332,1,60
8333,1,1800
8334,1,1920
8335,1,0
8336,1,0
8337,1,3600
8338,1,0
8339,1,1810
8340,1,1950
8341,1,0
8342,1,900
8343,1,0
8344,1,0
8345,1,720
8346,1,2000
8347,1,0
8348,1,100
8349,1,0
8350,1,0
8351,1,3500
8352,1,100
8353,1,4970
8354,1,2700
8355,1,4200
8356,1,7730
8357,1,0
8358,1,6650
8359,1,1230
8360,1,4500
8361,1,0
8362,1,0
8363,1,10520
8364,1,0
8365,1,280
8366,1,980
8367,1,1230
8368,1,0
8369,1,1000
8370,1,8750
8371,1,1430
8372,1,8200
8373,1,5500
8374,1,0
8375,1,2160
8376,1,0
8377,1,0
8378,1,1550
8379,1,0
8380,1,0
8381,1,0
8382,1,1920
8383,1,1320
8384,1,0
8385,1,0
8386,1,600
8387,1,900
8388,1,2360
8389,1,0
8390,1,0
8391,1,720
8392,1,0
8393,1,560
8394,1,0
8395,1,1240
8396,1,0
8397,1,0
8398,1,0
8399,1,4360
8400,1,3600
8401,1,120
8402,1,1500
8403,1,0
8404,1,0
8405,1,120
8406,1,10110
8407,1,250
8408,1,1200
8409,1,0
8410,1,280
8411,1,2440
8412,1,0
8413,1,180
8414,1,11690
8415,1,640
8416,1,5760
8417,1,240
8418,1,0
8419,1,13490
8420,1,680
8421,1,3190
8422,1,1040
8423,1,2480
8424,1,2800
8425,1,0
8426,1,4430
8427,1,0
8428,1,200
8429,1,4480
8430,1,4500
8431,1,0
8432,1,4250
8433,1,2740
8434,1,1430
8435,1,1200
8436,1,0
8437,1,760
8438,1,650
8439,1,1250
8440,1,0
8441,1,17530
8442,1,29460
8443,1,0
8444,1,780
8445,1,0
8446,1,0
8447,1,0
8448,1,1200
8449,1,0
8450,1,0
8451,1,41800
8452,1,3680
8453,1,0
8454,1,0
8455,1,3520
8456,1,200
8457,1,5330
8458,1,2210
8459,1,1600
8460,1,360
8461,1,7780
8462,1,2640
8463,1,0
8464,1,0
8465,1,1300
8466,1,0
8467,1,220
8468,1,1500
8469,1,1050
8470,1,0
8471,1,0
8472,1,560
8473,1,0
8474,1,1500
8475,1,0
8476,1,1200
8477,1,2910
8478,1,0
8479,1,6670
8480,1,0
8481,1,7500
8482,1,0
8483,1,0
8484,1,0
8485,1,0
8486,1,1920
8487,1,0
8488,1,0
8489,1,2500
8490,1,360
8491,1,2820
8492,1,32010
8493,1,0
8494,1,4500
8495,1,0
8496,1,0
8497,1,0
8498,1,6000
8499,1,0
8500,1,2000
8501,1,0
8502,1,18680
8503,1,8960
8504,1,1600
8505,1,300
8506,1,19130
8507,1,4470
8508,1,0
8509,1,2100
8510,1,1800
8511,1,0
8512,1,0
8513,1,11000
8514,1,3550
8515,1,900
8516,1,200
8517,1,0
8518,1,2000
8519,1,1100
8520,1,0
8521,1,2250
8522,1,0
8523,1,0
8524,1,5750
8525,1,3960
8526,1,900
8527,1,0
8528,1,0
8529,1,2100
8530,1,720
8531,1,0
8532,1,3000
8533,1,2280
8534,1,260
8535,1,13340
8536,1,8200
8537,1,0
8538,1,2990
8539,1,0
8540,1,1280
8541,1,800
8542,1,6600
8543,1,0
8544,1,0
8545,1,1650
8546,1,8550
8547,1,3990
8548,1,0
8549,1,0
8550,1,0
8551,1,500
8552,1,1800
8553,1,0
8554,1,120
8555,1,0
8556,1,8000
8557,1,750
8558,1,0
8559,1,2700
8560,1,120
8561,1,0
8562,1,2540
8563,1,60
8564,1,0
8565,1,0
8566,1,1420
8567,1,0
8568,1,7670
8569,1,250
8570,1,0
8571,1,100
8572,1,1230
8573,1,1080
8574,1,300
8575,1,47140
8576,1,680
8577,1,0
8578,1,0
8579,1,0
8580,1,38600
8581,1,1560
8582,1,27410
8583,1,600
8584,1,3180
8585,1,19590
8586,1,13960
8587,1,0
8588,1,0
8589,1,4000
8590,1,8740
8591,1,0
8592,1,7500
8593,1,1100
8594,1,0
8595,1,2210
8596,1,40
8597,1,5560
8598,1,0
8599,1,0
8600,1,480
8601,1,0
8602,1,7960
8603,1,120
8604,1,0
8605,1,0
8606,1,0
8607,1,2380
8608,1,2980
8609,1,1760
8610,1,60690
8611,1,17460
8612,1,0
8613,1,0
8614,1,0
8615,1,0
8616,1,0
8617,1,0
8618,1,12500
8619,1,3300
8620,1,23040
8621,1,6840
8622,1,200
8623,1,910
8624,1,0
8625,1,6460
8626,1,2350
8627,1,0
8628,1,7260
8629,1,3250
8630,1,780
8631,1,0
8632,1,7220
8633,1,9650
8634,1,0
8635,1,4920
8636,1,3690
8637,1,200
8638,1,1500
8639,1,1440
8640,1,1780
8641,1,2200
8642,1,840
8643,1,200
8644,1,0
8645,1,7330
8646,1,360
8647,1,6890
8648,1,0
8649,1,0
8650,1,140
8651,1,0
8652,1,3400
8653,1,0
8654,1,0
8655,1,300
8656,1,11380
8657,1,0
8658,1,2200
8659,1,360
8660,1,2800
8661,1,0
8662,1,4000
8663,1,10180
8664,1,26870
8665,1,480
8666,1,0
8667,1,300
8668,1,0
8669,1,1730
8670,1,260
8671,1,890
8672,1,0
8673,1,200
8674,1,21730
8675,1,0
8676,1,1400
8677,1,5360
8678,1,0
8679,1,0
8680,1,13110
8681,1,1320
8682,1,0
8683,1,0
8684,1,7300
8685,1,80
8686,1,28300
8687,1,10410
8688,1,4670
8689,1,280
8690,1,21720
8691,1,0
8692,1,0
8693,1,1750
8694,1,320
8695,1,120
8696,1,0
8697,1,22450
8698,1,22500
8699,1,9360
8700,1,6150
8701,1,0
8702,1,5780
8703,1,16250
8704,1,0
8705,1,10290
8706,1,0
8707,1,0
8708,1,2160
8709,1,4810
8710,1,4800
8711,1,0
8712,1,40000
8713,1,0
8714,1,300
8715,1,0
8716,1,3120
8717,1,5400
8718,1,1200
8719,1,0
8720,1,1380
8721,1,0
8722,1,2760
8723,1,0
8724,1,0
8725,1,3100
8726,1,0
8727,1,1600
8728,1,0
8729,1,1560
8730,1,88730
8731,1,66700
8732,1,52490
8733,1,600
8734,1,0
8735,1,0
8736,1,0
8737,1,15690
8738,1,5480
8739,1,33340
8740,1,2380
8741,1,360
8742,1,0
8743,1,1740
8744,1,0
8745,1,0
8746,1,2820
8747,1,1370
8748,1,1550
8749,1,860
8750,1,2020
8751,1,2000
8752,1,0
8753,1,0
8754,1,0
8755,1,8580
8756,1,60
8757,1,1680
8758,1,0
8759,1,4090
8760,1,0
8761,1,2470
8762,1,1100
8763,1,2280
8764,1,870
8765,1,240
8766,1,0
8767,1,0
8768,1,380
8769,1,990
8770,1,17500
8771,1,2520
8772,1,2400
8773,1,4770
8774,1,520
8775,1,0
8776,1,0
8777,1,900
8778,1,2800
8779,1,1730
8780,1,1500
8781,1,0
8782,1,5000
8783,1,600
8784,1,340
8785,1,0
8786,1,0
8787,1,80
8788,1,900
8789,1,0
8790,1,600
8791,1,0
8792,1,0
8793,1,0
8794,1,2340
8795,1,2250
8796,1,0
8797,1,1250
8798,1,480
8799,1,40
8800,1,0
8801,1,0
8802,1,780
8803,1,0
8804,1,16730
8805,1,8500
8806,1,300
8807,1,0
8808,1,0
8809,1,2940
8810,1,2340
8811,1,15410
8812,1,0
8813,1,8410
8814,1,1880
8815,1,1040
8816,1,2640
8817,1,140
8818,1,0
8819,1,3200
8820,1,7730
8821,1,0
8822,1,13220
8823,1,0
8824,1,15180
8825,1,7220
8826,1,40
8827,1,960
8828,1,280
8829,1,0
8830,1,4550
8831,1,17020
8832,1,0
8833,1,1220
8834,1,0
8835,1,2280
8836,1,300
8837,1,1620
8838,1,0
8839,1,0
8840,1,0
8841,1,0
8842,1,1540
8843,1,0
8844,1,0
8845,1,4750
8846,1,0
8847,1,0
8848,1,0
8849,1,180
8850,1,8990
8851,1,880
8852,1,0
8853,1,160
8854,1,22480
8855,1,0
8856,1,35650
8857,1,0
8858,1,2400
8859,1,15430
8860,1,910
8861,1,3840
8862,1,520
8863,1,0
8864,1,3800
8865,1,2000
8866,1,5190
8867,1,12650
8868,1,20270
8869,1,1800
8870,1,0
8871,1,0
8872,1,1680
8873,1,1130
8874,1,0
8875,1,2850
8876,1,5250
8877,1,0
8878,1,0
8879,1,560
8880,1,3000
8881,1,600
8882,1,4140
8883,1,0
8884,1,0
8885,1,0
8886,1,4000
8887,1,0
8888,1,1880
8889,1,11760
8890,1,140
8891,1,1240
8892,1,2500
8893,1,0
8894,1,720
8895,1,840
8896,1,700
8897,1,0
8898,1,2440
8899,1,10420
8900,1,600
8901,1,0
8902,1,860
8903,1,2000
8904,1,6460
8905,1,260
8906,1,4040
8907,1,0
8908,1,2420
8909,1,280
8910,1,0
8911,1,440
8912,1,240
8913,1,0
8914,1,6000
8915,1,0
8916,1,0
8917,1,1900
8918,1,0
8919,1,2080
8920,1,25570
8921,1,7910
8922,1,400
8923,1,9000
8924,1,0
8925,1,6380
8926,1,0
8927,1,1280
8928,1,0
8929,1,2160
8930,1,0
8931,1,0
8932,1,0
8933,1,3120
8934,1,0
8935,1,0
8936,1,0
8937,1,300
8938,1,0
8939,1,0
8940,1,20
8941,1,0
8942,1,300
8943,1,15520
8944,1,0
8945,1,2200
8946,1,600
8947,1,0
8948,1,24450
8949,1,10390
8950,1,4070
8951,1,280
8952,1,0
8953,1,1320
8954,1,10270
8955,1,1020
8956,1,1180
8957,1,100
8958,1,0
8959,1,840
8960,1,16250
8961,1,0
8962,1,3080
8963,1,2860
8964,1,0
8965,1,0
8966,1,60
8967,1,960
8968,1,0
8969,1,0
8970,1,900
8971,1,0
8972,1,640
8973,1,112440
8974,1,0
8975,1,14750
8976,1,3510
8977,1,240
8978,1,28160
8979,1,11000
8980,1,0
8981,1,14890
8982,1,650
8983,1,2480
8984,1,31200
8985,1,0
8986,1,0
8987,1,18250
8988,1,0
8989,1,0
8990,1,2900
8991,1,4110
8992,1,0
8993,1,2000
8994,1,10730
8995,1,0
8996,1,770
8997,1,660
8998,1,0
8999,1,100
9000,1,220
9001,1,140
9002,1,0
9003,1,0
9004,1,0
9005,1,20
9006,1,440
9007,1,20
9008,1,500
9009,1,0
9010,1,330
9011,1,10640
9012,1,1400
9013,1,3520
9014,1,3190
9015,1,11250
9016,1,4600
9017,1,4250
9018,1,0
9019,1,5760
9020,1,0
9021,1,3640
9022,1,600
9023,1,0
9024,1,0
9025,1,0
9026,1,8120
9027,1,12500
9028,1,0
9029,1,0
9030,1,0
9031,1,1040
9032,1,0
9033,1,0
9034,1,1000
9035,1,0
9036,1,38160
9037,1,520
9038,1,300
9039,1,14930
9040,1,27030
9041,1,0
9042,1,0
9043,1,0
9044,1,600
9045,1,11920
9046,1,0
9047,1,36010
9048,1,8160
9049,1,1560
9050,1,0
9051,1,2640
9052,1,0
9053,1,0
9054,1,12600
9055,1,0
9056,1,2500
9057,1,0
9058,1,0
9059,1,2160
9060,1,0
9061,1,27600
9062,1,1080
9063,1,300
9064,1,12680
9065,1,19530
9066,1,0
9067,1,0
9068,1,0
9069,1,2500
9070,1,0
9071,1,0
9072,1,0
9073,1,83620
9074,1,0
9075,1,0
9076,1,0
9077,1,1800
9078,1,5940
9079,1,2700
9080,1,15480
9081,1,0
9082,1,0
9083,1,17500
9084,1,0
9085,1,0
9086,1,17250
9087,1,640
9088,1,480
9089,1,0
9090,1,0
9091,1,0
9092,1,5600
9093,1,0
9094,1,0
9095,1,1440
9096,1,5500
9097,1,540
9098,1,0
9099,1,120
9100,1,0
9101,1,7050
9102,1,0
9103,1,0
9104,1,0
9105,1,0
9106,1,400
9107,1,0
9108,1,1530
9109,1,500
9110,1,40
9111,1,400
9112,1,11820
9113,1,16790
9114,1,100
9115,1,2360
9116,1,215890
9117,1,0
9118,1,4400
9119,1,14500
9120,1,14640
9121,1,0
9122,1,27250
9123,1,3630
9124,1,0
9125,1,2700
9126,1,1420
9127,1,1440
9128,1,0
9129,1,0
9130,1,0
9131,1,0
9132,1,1000
9133,1,6720
9134,1,0
9135,1,0
9136,1,2100
9137,1,0
9138,1,64230
9139,1,2160
9140,1,8020
9141,1,0
9142,1,500
9143,1,200
9144,1,160
9145,1,780
9146,1,80
9147,1,0
9148,1,0
9149,1,240
9150,1,0
9151,1,390
9152,1,0
9153,1,1830
9154,1,200
9155,1,0
9156,1,5000
9157,1,0
9158,1,0
9159,1,6880
9160,1,1200
9161,1,9600
9162,1,60
9163,1,0
9164,1,15300
9165,1,14010
9166,1,4200
9167,1,0
9168,1,300
9169,1,0
9170,1,120
9171,1,0
9172,1,600
9173,1,1710
9174,1,160
9175,1,11250
9176,1,1610
9177,1,8410
9178,1,40
9179,1,4000
9180,1,20
9181,1,0
9182,1,160
9183,1,0
9184,1,0
9185,1,0
9186,1,0
9187,1,5230
9188,1,6300
9189,1,1050
9190,1,1280
9191,1,0
9192,1,15080
9193,1,1200
9194,1,26100
9195,1,0
9196,1,25830
9197,1,0
9198,1,0
9199,1,5000
9200,1,1400
9201,1,1200
9202,1,1100
9203,1,2100
9204,1,780
9205,1,0
9206,1,0
9207,1,0
9208,1,5160
9209,1,1210
9210,1,0
9211,1,14830
9212,1,0
9213,1,2560
9214,1,2100
9215,1,7000
9216,1,0
9217,1,8500
9218,1,15960
9219,1,180
9220,1,4950
9221,1,0
9222,1,0
9223,1,0
9224,1,0
9225,1,0
9226,1,0
9227,1,0
9228,1,16770
9229,1,0
9230,1,4870
9231,1,650
9232,1,2110
9233,1,20
9234,1,0
9235,1,0
9236,1,20
9237,1,27410
9238,1,5900
9239,1,4840
9240,1,400
9241,1,14170
9242,1,0
9243,1,16750
9244,1,4200
9245,1,0
9246,1,0
9247,1,2880
9248,1,10220
9249,1,300
9250,1,180
9251,1,360
9252,1,140
9253,1,4160
9254,1,0
9255,1,2000
9256,1,160
9257,1,2760
9258,1,0
9259,1,400
9260,1,0
9261,1,800
9262,1,750
9263,1,900
9264,1,0
9265,1,0
9266,1,0
9267,1,0
9268,1,1200
9269,1,4280
9270,1,0
9271,1,0
9272,1,1720
9273,1,200
9274,1,3670
9275,1,7480
9276,1,750
9277,1,0
9278,1,1170
9279,1,0
9280,1,200
9281,1,0
9282,1,0
9283,1,2500
9284,1,0
9285,1,0
9286,1,0
9287,1,520
9288,1,0
9289,1,7700
9290,1,120
9291,1,1000
9292,1,0
9293,1,0
9294,1,43020
9295,1,0
9296,1,0
9297,1,0
9298,1,3800
9299,1,4750
9300,1,0
9301,1,160
9302,1,920
9303,1,220
9304,1,12600
9305,1,0
9306,1,500000
9307,1,35730
9308,1,0
9309,1,0
9310,1,6170
9311,1,0
9312,1,4500
9313,1,100
9314,1,0
9315,1,440
9316,1,0
9317,1,400
9318,1,120
9319,1,0
9320,1,6000
9321,1,0
9322,1,0
9323,1,0
9324,1,0
9325,1,47540
9326,1,1250
9327,1,900
9328,1,6110
9329,1,0
9330,1,0
9331,1,3460
9332,1,0
9333,1,320
9334,1,17300
9335,1,0
9336,1,1620
9337,1,1400
9338,1,4000
9339,1,0
9340,1,0
9341,1,15250
9342,1,120
9343,1,0
9344,1,1080
9345,1,2700
9346,1,0
9347,1,2960
9348,1,0
9349,1,0
9350,1,0
9351,1,0
9352,1,0
9353,1,7880
9354,1,0
9355,1,4000
9356,1,0
9357,1,80
9358,1,3020
9359,1,5000
9360,1,15730
9361,1,750
9362,1,910
9363,1,6340
9364,1,720
9365,1,160
9366,1,1610
9367,1,0
9368,1,0
9369,1,16700
9370,1,0
9371,1,1260
9372,1,0
9373,1,15050
9374,1,5740
9375,1,0
9376,1,400
9377,1,0
9378,1,0
9379,1,0
9380,1,160
9381,1,10380
9382,1,0
9383,1,46900
9384,1,13000
9385,1,3340
9386,1,4650
9387,1,0
9388,1,0
9389,1,0
9390,1,680
9391,1,5160
9392,1,0
9393,1,0
9394,1,6400
9395,1,5500
9396,1,0
9397,1,1940
9398,1,3120
9399,1,0
9400,1,0
9401,1,0
9402,1,2000
9403,1,840
9404,1,4420
9405,1,0
9406,1,1440
9407,1,1400
9408,1,480
9409,1,0
9410,1,13090
9411,1,0
9412,1,0
9413,1,680
9414,1,3870
9415,1,0
9416,1,30800
9417,1,0
9418,1,0
9419,1,0
9420,1,18590
9421,1,700
9422,1,0
9423,1,14390
9424,1,0
9425,1,0
9426,1,27450
9427,1,0
9428,1,0
9429,1,0
9430,1,1750
9431,1,0
9432,1,7270
9433,1,0
9434,1,1100
9435,1,1200
9436,1,119900
9437,1,8800
9438,1,0
9439,1,0
9440,1,600
9441,1,0
9442,1,0
9443,1,2880
9444,1,13000
9445,1,75850
9446,1,12550
9447,1,1920
9448,1,2210
9449,1,2760
9450,1,0
9451,1,1200
9452,1,0
9453,1,0
9454,1,840
9455,1,5550
9456,1,0
9457,1,800
9458,1,1960
9459,1,6780
9460,1,0
9461,1,0
9462,1,0
9463,1,3300
9464,1,2560
9465,1,1280
9466,1,1240
9467,1,0
9468,1,0
9469,1,0
9470,1,3160
9471,1,1120
9472,1,120
9473,1,17160
9474,1,0
9475,1,5650
9476,1,37630
9477,1,10800
9478,1,0
9479,1,3250
9480,1,2080
9481,1,19430
9482,1,1200
9483,1,1480
9484,1,960
9485,1,16940
9486,1,0
9487,1,3510
9488,1,0
9489,1,0
9490,1,12180
9491,1,0
9492,1,0
9493,1,640
9494,1,700
9495,1,7320
9496,1,35690
9497,1,0
9498,1,1440
9499,1,1600
9500,1,0
9501,1,4100
9502,1,1120
9503,1,0
9504,1,440
9505,1,0
9506,1,4410
9507,1,14120
9508,1,1900
9509,1,5310
9510,1,440
9511,1,17050
9512,1,13640
9513,1,320
9514,1,9240
9515,1,6970
9516,1,2080
9517,1,700
9518,1,0
9519,1,0
9520,1,7000
9521,1,0
9522,1,60
9523,1,130
9524,1,36430
9525,1,48550
9526,1,1600
9527,1,0
9528,1,0
9529,1,0
9530,1,0
9531,1,10200
9532,1,3760
9533,1,5080
9534,1,13250
9535,1,0
9536,1,0
9537,1,4600
9538,1,0
9539,1,6750
9540,1,0
9541,1,2640
9542,1,4490
9543,1,0
9544,1,0
9545,1,500000
9546,1,67700
9547,1,0
9548,1,7540
9549,1,2840
9550,1,4020
9551,1,18850
9552,1,0
9553,1,0
9554,1,15500
9555,1,0
9556,1,38750
9557,1,0
9558,1,4320
9559,1,11160
9560,1,300
9561,1,5440
9562,1,720
9563,1,2500
9564,1,6710
9565,1,2600
9566,1,0
9567,1,0
9568,1,4800
9569,1,200
9570,1,41930
9571,1,0
9572,1,39410
9573,1,25640
9574,1,0
9575,1,200
9576,1,12000
9577,1,8960
9578,1,0
9579,1,0
9580,1,1800
9581,1,0
9582,1,6500
9583,1,6880
9584,1,0
9585,1,0
9586,1,0
9587,1,10890
9588,1,70970
9589,1,780
9590,1,2800
9591,1,3120
9592,1,7260
9593,1,1040
9594,1,1600
9595,1,0
9596,1,120
9597,1,1950
9598,1,1170
9599,1,600
9600,1,500
9601,1,8250
9602,1,3860
9603,1,1860
9604,1,0
9605,1,1250
9606,1,0
9607,1,0
9608,1,4930
9609,1,1640
9610,1,400
9611,1,940
9612,1,0
9613,1,0
9614,1,60
9615,1,0
9616,1,10350
9617,1,0
9618,1,1950
9619,1,180
9620,1,180
9621,1,500
9622,1,0
9623,1,80
9624,1,1620
9625,1,45100
9626,1,14500
9627,1,0
9628,1,4600
9629,1,0
9630,1,7040
9631,1,0
9632,1,6580
9633,1,0
9634,1,0
9635,1,300
9636,1,0
9637,1,1920
9638,1,0
9639,1,2990
9640,1,160
9641,1,3500
9642,1,0
9643,1,6720
9644,1,2980
9645,1,1040
9646,1,0
9647,1,14100
9648,1,5180
9649,1,35080
9650,1,0
9651,1,0
9652,1,0
9653,1,0
9654,1,0
9655,1,3980
9656,1,1000
9657,1,0
9658,1,0
9659,1,640
9660,1,0
9661,1,18820
9662,1,2760
9663,1,1300
9664,1,0
9665,1,690
9666,1,0
9667,1,4750
9668,1,8680
9669,1,80
9670,1,720
9671,1,3640
9672,1,0
9673,1,0
9674,1,680
9675,1,0
9676,1,8950
9677,1,23990
9678,1,0
9679,1,0
9680,1,960
9681,1,0
9682,1,5290
9683,1,12420
9684,1,0
9685,1,5100
9686,1,0
9687,1,0
9688,1,0
9689,1,800
9690,1,5500
9691,1,300
9692,1,0
9693,1,8400
9694,1,0
9695,1,0
9696,1,0
9697,1,11920
9698,1,7620
9699,1,100
9700,1,0
9701,1,600
9702,1,100
9703,1,160
9704,1,0
9705,1,0
9706,1,0
9707,1,15310
9708,1,0
9709,1,980
9710,1,800
9711,1,0
9712,1,0
9713,1,1200
9714,1,1580
9715,1,1300
9716,1,2000
9717,1,1080
9718,1,1990
9719,1,1940
9720,1,1720
9721,1,380
9722,1,5500
9723,1,0
9724,1,0
9725,1,2880
9726,1,490
9727,1,40560
9728,1,0
9729,1,0
9730,1,0
9731,1,7080
9732,1,360
9733,1,0
9734,1,0
9735,1,0
9736,1,1380
9737,1,0
9738,1,9500
9739,1,0
9740,1,1600
9741,1,1180
9742,1,0
9743,1,0
9744,1,0
9745,1,0
9746,1,0
9747,1,0
9748,1,0
9749,1,0
9750,1,2400
9751,1,60930
9752,1,10080
9753,1,0
9754,1,1920
9755,1,3000
9756,1,80
9757,1,80
9758,1,250
9759,1,0
9760,1,0
9761,1,20
9762,1,0
9763,1,860
9764,1,4990
9765,1,1380
9766,1,6000
9767,1,200
9768,1,6850
9769,1,27280
9770,1,500000
9771,1,7350
9772,1,6750
9773,1,37080
9774,1,5300
9775,1,0
9776,1,0
9777,1,0
9778,1,30240
9779,1,0
9780,1,7960
9781,1,1050
9782,1,1170
9783,1,250
9784,1,17550
9785,1,8410
9786,1,320
9787,1,2200
9788,1,280
9789,1,0
9790,1,0
9791,1,0
9792,1,6000
9793,1,0
9794,1,1800
9795,1,21060
9796,1,0
9797,1,5080
9798,1,13620
9799,1,720
9800,1,0
9801,1,280
9802,1,5680
9803,1,0
9804,1,6570
9805,1,2060
9806,1,0
9807,1,0
9808,1,0
9809,1,280
9810,1,24030
9811,1,700
9812,1,0
9813,1,3360
9814,1,9830
9815,1,1020
9816,1,0
9817,1,0
9818,1,560
9819,1,30000
9820,1,2080
9821,1,6000
9822,1,800
9823,1,300
9824,1,960
9825,1,9380
9826,1,0
9827,1,1660
9828,1,400
9829,1,0
9830,1,0
9831,1,12580
9832,1,600
9833,1,0
9834,1,0
9835,1,1640
9836,1,0
9837,1,0
9838,1,1340
9839,1,100
9840,1,240
9841,1,0
9842,1,0
9843,1,1460
9844,1,0
9845,1,260
9846,1,29880
9847,1,7660
9848,1,800
9849,1,16400
9850,1,0
9851,1,1460
9852,1,9550
9853,1,0
9854,1,0
9855,1,0
9856,1,0
9857,1,0
9858,1,0
9859,1,400
9860,1,10740
9861,1,39560
9862,1,1880
9863,1,0
9864,1,240
9865,1,0
9866,1,0
9867,1,0
9868,1,7710
9869,1,34560
9870,1,0
9871,1,4500
9872,1,0
9873,1,1500
9874,1,0
9875,1,7630
9876,1,0
9877,1,0
9878,1,20420
9879,1,0
9880,1,16160
9881,1,15630
9882,1,3700
9883,1,1510
9884,1,0
9885,1,0
9886,1,0
9887,1,0
9888,1,320
9889,1,460
9890,1,0
9891,1,120
9892,1,0
9893,1,0
9894,1,0
9895,1,29260
9896,1,0
9897,1,0
9898,1,13550
9899,1,3720
9900,1,280
9901,1,0
9902,1,3160
9903,1,0
9904,1,5220
9905,1,2730
9906,1,3480
9907,1,0
9908,1,1140
9909,1,6250
9910,1,160
9911,1,0
9912,1,0
9913,1,600
9914,1,0
9915,1,3000
9916,1,8000
9917,1,6650
9918,1,0
9919,1,11620
9920,1,0
9921,1,0
9922,1,0
9923,1,0
9924,1,2800
9925,1,0
9926,1,3730
9927,1,0
9928,1,0
9929,1,0
9930,1,0
9931,1,0
9932,1,1660
9933,1,650
9934,1,1300
9935,1,3050
9936,1,0
9937,1,3800
9938,1,0
9939,1,1750
9940,1,10200
9941,1,1760
9942,1,0
9943,1,4000
9944,1,60
9945,1,180
9946,1,0
9947,1,0
9948,1,2080
9949,1,0
9950,1,0
9951,1,200
9952,1,1000
9953,1,2000
9954,1,0
9955,1,0
9956,1,2410
9957,1,1950
9958,1,0
9959,1,0
9960,1,0
9961,1,240
9962,1,0
9963,1,0
9964,1,7750
9965,1,0
9966,1,240
9967,1,280
9968,1,13390
9969,1,4220
9970,1,0
9971,1,17700
9972,1,1400
9973,1,0
9974,1,0
9975,1,1000
9976,1,1650
9977,1,2520
9978,1,8650
9979,1,0
9980,1,2840
9981,1,600
9982,1,1860
9983,1,0
9984,1,2060
9985,1,6410
9986,1,240
9987,1,0
9988,1,0
9989,1,3620
9990,1,0
9991,1,1560
9992,1,240
9993,1,0
9994,1,0
9995,1,0
9996,1,0
9997,1,0
9998,1,5340
9999,1,0
