0,1,21290
1,1,16060
2,1,9840
3,1,15780
4,1,17350
5,1,7870
6,1,1840
7,1,3440
8,1,9310
9,1,5320
10,1,19280
11,1,120420
12,1,42690
13,1,25390
14,1,630
15,1,1390
16,1,24290
17,1,22680
18,1,42910
19,1,26540
20,1,1370
21,1,39550
22,1,23420
23,1,3920
24,1,14380
25,1,2690
26,1,51750
27,1,10870
28,1,7820
29,1,14820
30,1,2080
31,1,8750
32,1,32010
33,1,4080
34,1,22060
35,1,14370
36,1,28220
37,1,45840
38,1,19140
39,1,2360
40,1,48620
41,1,36910
42,1,21260
43,1,17260
44,1,22440
45,1,15680
46,1,7910
47,1,2440
48,1,8600
49,1,17040
50,1,100310
51,1,14880
52,1,1580
53,1,2010
54,1,22560
55,1,21970
56,1,22320
57,1,44640
58,1,5470
59,1,5230
60,1,6840
61,1,20350
62,1,35650
63,1,10560
64,1,67390
65,1,13330
66,1,3660
67,1,14940
68,1,15300
69,1,3190
70,1,70350
71,1,2060
72,1,45190
73,1,41230
74,1,23840
75,1,5520
76,1,9870
77,1,14590
78,1,8490
79,1,7660
80,1,9950
81,1,5130
82,1,38300
83,1,24440
84,1,12680
85,1,8100
86,1,3150
87,1,1420
88,1,3850
89,1,27320
90,1,11400
91,1,31410
92,1,120060
93,1,37850
94,1,39470
95,1,44970
96,1,48000
97,1,9370
98,1,39820
99,1,12040
100,1,53730
101,1,7860
102,1,40140
103,1,43790
104,1,7940
105,1,28430
106,1,4010
107,1,10680
108,1,8860
109,1,38030
110,1,1250
111,1,17180
112,1,11940
113,1,44670
114,1,27120
115,1,42010
116,1,6850
117,1,7710
118,1,18920
119,1,15800
120,1,15160
121,1,1270
122,1,38750
123,1,12630
124,1,31230
125,1,86810
126,1,24500
127,1,9600
128,1,25730
129,1,23070
130,1,23640
131,1,7150
132,1,22380
133,1,17510
134,1,20170
135,1,35290
136,1,24760
137,1,5050
138,1,19250
139,1,5330
140,1,56530
141,1,21030
142,1,20120
143,1,12880
144,1,34480
145,1,28410
146,1,1690
147,1,17930
148,1,33090
149,1,7760
150,1,12590
151,1,7700
152,1,20900
153,1,9510
154,1,2490
155,1,14560
156,1,6620
157,1,6870
158,1,7330
159,1,1200
160,1,5570
161,1,58560
162,1,58740
163,1,16130
164,1,22520
165,1,1040
166,1,3100
167,1,4910
168,1,17360
169,1,6770
170,1,2830
171,1,9180
172,1,2690
173,1,6510
174,1,17160
175,1,18610
176,1,28050
177,1,15370
178,1,64660
179,1,51860
180,1,31010
181,1,94800
182,1,1230
183,1,34900
184,1,23270
185,1,1950
186,1,43820
187,1,33940
188,1,9330
189,1,1220
190,1,13960
191,1,26270
192,1,26200
193,1,40490
194,1,6840
195,1,7220
196,1,15250
197,1,17080
198,1,9900
199,1,3200
200,1,21040
201,1,13630
202,1,17060
203,1,360
204,1,17640
205,1,23150
206,1,10120
207,1,19230
208,1,10580
209,1,5820
210,1,11400
211,1,10730
212,1,1090
213,1,5150
214,1,23390
215,1,79370
216,1,29270
217,1,2860
218,1,32120
219,1,18460
220,1,23090
221,1,14810
222,1,8760
223,1,2200
224,1,150
225,1,20020
226,1,13320
227,1,8010
228,1,11000
229,1,8700
230,1,12670
231,1,4450
232,1,3520
233,1,11700
234,1,25040
235,1,1220
236,1,5410
237,1,4270
238,1,5510
239,1,25680
240,1,8450
241,1,1470
242,1,9430
243,1,39070
244,1,22820
245,1,13830
246,1,4150
247,1,3900
248,1,17480
249,1,12910
250,1,11880
251,1,26750
252,1,4590
253,1,9020
254,1,37310
255,1,25380
256,1,22300
257,1,80720
258,1,8240
259,1,27220
260,1,19590
261,1,29700
262,1,8210
263,1,15090
264,1,1220
265,1,6280
266,1,63240
267,1,12160
268,1,15350
269,1,1600
270,1,45430
271,1,18440
272,1,8120
273,1,4340
274,1,84390
275,1,41770
276,1,14460
277,1,8140
278,1,21270
279,1,6050
280,1,4150
281,1,2270
282,1,6410
283,1,10710
284,1,9530
285,1,20950
286,1,140
287,1,18770
288,1,17880
289,1,13460
290,1,44480
291,1,8120
292,1,80940
293,1,34940
294,1,40570
295,1,220
296,1,28830
297,1,13590
298,1,5400
299,1,8840
300,1,78640
301,1,27580
302,1,12140
303,1,6460
304,1,50050
305,1,20140
306,1,21370
307,1,26860
308,1,23230
309,1,1370
310,1,1780
311,1,8710
312,1,23330
313,1,14730
314,1,21270
315,1,14000
316,1,58170
317,1,30820
318,1,47830
319,1,7630
320,1,8230
321,1,74700
322,1,17490
323,1,9720
324,1,23610
325,1,10420
326,1,65290
327,1,36540
328,1,115410
329,1,3650
330,1,19590
331,1,900
332,1,39220
333,1,25610
334,1,7050
335,1,3460
336,1,15720
337,1,1440
338,1,121720
339,1,770
340,1,84190
341,1,20670
342,1,1860
343,1,4590
344,1,26470
345,1,30180
346,1,15870
347,1,47890
348,1,1780
349,1,40760
350,1,105210
351,1,890
352,1,900
353,1,26400
354,1,7610
355,1,7970
356,1,4760
357,1,3050
358,1,22530
359,1,16290
360,1,31020
361,1,19730
362,1,18000
363,1,37460
364,1,10240
365,1,16670
366,1,3060
367,1,500000
368,1,24410
369,1,7270
370,1,32140
371,1,17150
372,1,19040
373,1,6420
374,1,7820
375,1,56990
376,1,6750
377,1,10350
378,1,8630
379,1,33770
380,1,5790
381,1,4140
382,1,8190
383,1,6610
384,1,28750
385,1,7110
386,1,15370
387,1,31880
388,1,22960
389,1,35340
390,1,5540
391,1,18200
392,1,3190
393,1,14430
394,1,15010
395,1,62250
396,1,7390
397,1,27460
398,1,2240
399,1,9360
400,1,11230
401,1,1170
402,1,27060
403,1,17850
404,1,10860
405,1,9140
406,1,10690
407,1,82150
408,1,79470
409,1,24320
410,1,6970
411,1,52370
412,1,48580
413,1,18060
414,1,4600
415,1,11130
416,1,24320
417,1,440
418,1,8390
419,1,5810
420,1,34500
421,1,8590
422,1,44700
423,1,5760
424,1,69100
425,1,27140
426,1,13440
427,1,1130
428,1,36960
429,1,30130
430,1,13210
431,1,4400
432,1,15450
433,1,25070
434,1,87390
435,1,4990
436,1,75460
437,1,10850
438,1,1350
439,1,15050
440,1,24810
441,1,24860
442,1,14760
443,1,65740
444,1,7110
445,1,7290
446,1,55210
447,1,30080
448,1,17120
449,1,3010
450,1,2570
451,1,4280
452,1,47280
453,1,23760
454,1,8850
455,1,12010
456,1,25990
457,1,2420
458,1,27670
459,1,129860
460,1,27150
461,1,7070
462,1,3990
463,1,44110
464,1,11290
465,1,70000
466,1,23810
467,1,34930
468,1,38410
469,1,26180
470,1,28700
471,1,6370
472,1,44300
473,1,19610
474,1,2490
475,1,9160
476,1,68160
477,1,38600
478,1,39040
479,1,18060
480,1,62450
481,1,9100
482,1,9000
483,1,18470
484,1,65380
485,1,2060
486,1,3930
487,1,31890
488,1,35000
489,1,12750
490,1,3590
491,1,50760
492,1,5400
493,1,18630
494,1,3380
495,1,14440
496,1,19960
497,1,35210
498,1,5320
499,1,15050
500,1,80180
501,1,3880
502,1,6080
503,1,21470
504,1,10680
505,1,28300
506,1,1810
507,1,34240
508,1,46690
509,1,290
510,1,53540
511,1,32760
512,1,13090
513,1,15380
514,1,27700
515,1,4490
516,1,880
517,1,23600
518,1,57510
519,1,53330
520,1,22810
521,1,14290
522,1,40860
523,1,126340
524,1,20900
525,1,5100
526,1,57150
527,1,7640
528,1,13760
529,1,2820
530,1,26740
531,1,8320
532,1,13670
533,1,13970
534,1,21780
535,1,16000
536,1,23400
537,1,13490
538,1,1660
539,1,14030
540,1,9570
541,1,5400
542,1,17240
543,1,21260
544,1,7400
545,1,3070
546,1,19650
547,1,3650
548,1,25210
549,1,10680
550,1,6750
551,1,25060
552,1,5210
553,1,11930
554,1,4440
555,1,6800
556,1,17790
557,1,23420
558,1,2470
559,1,9140
560,1,7810
561,1,33170
562,1,4590
563,1,91680
564,1,42360
565,1,43750
566,1,36470
567,1,3280
568,1,7570
569,1,1930
570,1,54230
571,1,87620
572,1,9000
573,1,22410
574,1,56950
575,1,34860
576,1,740
577,1,40270
578,1,1450
579,1,920
580,1,12230
581,1,9660
582,1,5510
583,1,2670
584,1,4880
585,1,27010
586,1,32460
587,1,910
588,1,6500
589,1,22150
590,1,11650
591,1,500000
592,1,22300
593,1,12160
594,1,12720
595,1,16130
596,1,89010
597,1,3780
598,1,12420
599,1,13000
600,1,52190
601,1,6820
602,1,6760
603,1,2410
604,1,4900
605,1,8380
606,1,24620
607,1,33020
608,1,30760
609,1,38170
610,1,79870
611,1,18120
612,1,10660
613,1,5930
614,1,19990
615,1,45000
616,1,34810
617,1,6740
618,1,3970
619,1,24660
620,1,24860
621,1,20000
622,1,20890
623,1,11270
624,1,69410
625,1,35480
626,1,16300
627,1,15330
628,1,4630
629,1,16780
630,1,13450
631,1,3270
632,1,39140
633,1,2050
634,1,18480
635,1,23660
636,1,138910
637,1,10400
638,1,24890
639,1,5980
640,1,7440
641,1,10680
642,1,20940
643,1,5420
644,1,5720
645,1,16790
646,1,10520
647,1,72560
648,1,7680
649,1,14610
650,1,8170
651,1,20630
652,1,5320
653,1,17230
654,1,22410
655,1,34900
656,1,14830
657,1,16410
658,1,23510
659,1,10150
660,1,15050
661,1,4670
662,1,22730
663,1,41030
664,1,46510
665,1,3960
666,1,10290
667,1,83900
668,1,5290
669,1,24060
670,1,10070
671,1,11930
672,1,1260
673,1,41690
674,1,2370
675,1,25860
676,1,7690
677,1,52450
678,1,10840
679,1,36940
680,1,3970
681,1,34890
682,1,24740
683,1,67580
684,1,34780
685,1,97820
686,1,32060
687,1,36060
688,1,2040
689,1,33300
690,1,1760
691,1,500000
692,1,7390
693,1,20870
694,1,8510
695,1,10690
696,1,12610
697,1,58570
698,1,20230
699,1,98260
700,1,2540
701,1,27310
702,1,1730
703,1,87390
704,1,14930
705,1,31550
706,1,12930
707,1,8970
708,1,16140
709,1,2950
710,1,50600
711,1,42350
712,1,31440
713,1,11330
714,1,15170
715,1,2110
716,1,39070
717,1,15570
718,1,42540
719,1,5050
720,1,2930
721,1,18350
722,1,9730
723,1,26840
724,1,17030
725,1,25410
726,1,128940
727,1,45200
728,1,13480
729,1,17570
730,1,15590
731,1,580
732,1,17270
733,1,48590
734,1,4750
735,1,41590
736,1,80570
737,1,5010
738,1,9350
739,1,5760
740,1,4170
741,1,95110
742,1,6760
743,1,30840
744,1,43670
745,1,10010
746,1,9400
747,1,5330
748,1,3070
749,1,8100
750,1,4980
751,1,25750
752,1,4990
753,1,33070
754,1,49740
755,1,20380
756,1,4200
757,1,6430
758,1,3980
759,1,21480
760,1,28620
761,1,11910
762,1,1980
763,1,13230
764,1,580
765,1,14550
766,1,20400
767,1,500000
768,1,5290
769,1,1960
770,1,15910
771,1,5070
772,1,8770
773,1,19040
774,1,8970
775,1,11510
776,1,85100
777,1,15030
778,1,90430
779,1,9640
780,1,4300
781,1,20400
782,1,3120
783,1,8630
784,1,20140
785,1,6610
786,1,330
787,1,18610
788,1,7940
789,1,2520
790,1,1930
791,1,16330
792,1,24520
793,1,800
794,1,104760
795,1,6260
796,1,890
797,1,16710
798,1,500000
799,1,77930
800,1,14070
801,1,10730
802,1,8380
803,1,5510
804,1,31440
805,1,4430
806,1,16610
807,1,43800
808,1,11460
809,1,20130
810,1,28820
811,1,42840
812,1,39820
813,1,3960
814,1,2010
815,1,1000
816,1,13400
817,1,138150
818,1,3410
819,1,8070
820,1,460
821,1,17190
822,1,16220
823,1,43700
824,1,8900
825,1,9680
826,1,16150
827,1,1650
828,1,9270
829,1,26260
830,1,2360
831,1,18800
832,1,11000
833,1,13480
834,1,6970
835,1,15810
836,1,50990
837,1,1600
838,1,34800
839,1,130460
840,1,10790
841,1,55960
842,1,18270
843,1,760
844,1,18660
845,1,111260
846,1,11410
847,1,46540
848,1,15720
849,1,2230
850,1,6400
851,1,4010
852,1,40640
853,1,15750
854,1,4760
855,1,16870
856,1,30460
857,1,10130
858,1,1740
859,1,60130
860,1,25080
861,1,107890
862,1,47590
863,1,5520
864,1,1210
865,1,14450
866,1,9060
867,1,41310
868,1,23610
869,1,5250
870,1,84130
871,1,6960
872,1,10640
873,1,14370
874,1,2010
875,1,2600
876,1,19530
877,1,10010
878,1,2990
879,1,27580
880,1,44070
881,1,20650
882,1,4890
883,1,3260
884,1,8710
885,1,12290
886,1,16130
887,1,17060
888,1,9800
889,1,13980
890,1,41350
891,1,6940
892,1,99300
893,1,12020
894,1,11550
895,1,27150
896,1,12190
897,1,65550
898,1,10780
899,1,11070
900,1,13690
901,1,55970
902,1,51620
903,1,12490
904,1,1730
905,1,6850
906,1,7890
907,1,17030
908,1,5980
909,1,33820
910,1,11010
911,1,38170
912,1,53140
913,1,9510
914,1,15510
915,1,10660
916,1,18460
917,1,6120
918,1,17000
919,1,8470
920,1,16940
921,1,37810
922,1,3430
923,1,3110
924,1,27480
925,1,4010
926,1,66710
927,1,57780
928,1,87510
929,1,11240
930,1,37800
931,1,9040
932,1,16550
933,1,35300
934,1,45720
935,1,5950
936,1,21250
937,1,6930
938,1,16500
939,1,5790
940,1,24720
941,1,1100
942,1,930
943,1,8780
944,1,5050
945,1,7140
946,1,24660
947,1,17390
948,1,3020
949,1,39560
950,1,13260
951,1,9080
952,1,5540
953,1,18990
954,1,4300
955,1,6820
956,1,7810
957,1,1570
958,1,2400
959,1,4840
960,1,2450
961,1,143180
962,1,9020
963,1,18840
964,1,53640
965,1,1720
966,1,44180
967,1,31140
968,1,46150
969,1,7900
970,1,6550
971,1,14040
972,1,51160
973,1,286890
974,1,18820
975,1,28570
976,1,320
977,1,16770
978,1,5890
979,1,20180
980,1,15700
981,1,31690
982,1,5250
983,1,30260
984,1,26240
985,1,31080
986,1,9890
987,1,29390
988,1,1270
989,1,15910
990,1,4610
991,1,13980
992,1,5180
993,1,33550
994,1,3680
995,1,51130
996,1,33410
997,1,6610
998,1,6710
999,1,1330
1000,1,9230
1001,1,3910
1002,1,27260
1003,1,2900
1004,1,15070
1005,1,4350
1006,1,41190
1007,1,24620
1008,1,5660
1009,1,8550
1010,1,22360
1011,1,34340
1012,1,16670
1013,1,19030
1014,1,33480
1015,1,1170
1016,1,93890
1017,1,23210
1018,1,30430
1019,1,19700
1020,1,159010
1021,1,50610
1022,1,28310
1023,1,42980
1024,1,6030
1025,1,34350
1026,1,720
1027,1,12850
1028,1,75080
1029,1,78280
1030,1,4420
1031,1,14520
1032,1,30340
1033,1,26540
1034,1,27520
1035,1,37520
1036,1,4850
1037,1,12320
1038,1,3710
1039,1,25900
1040,1,6250
1041,1,7410
1042,1,40320
1043,1,10600
1044,1,7030
1045,1,58990
1046,1,11540
1047,1,10260
1048,1,45000
1049,1,6850
1050,1,530
1051,1,4860
1052,1,21060
1053,1,9640
1054,1,50500
1055,1,4150
1056,1,32360
1057,1,26580
1058,1,6390
1059,1,4080
1060,1,16020
1061,1,2040
1062,1,500000
1063,1,7480
1064,1,52810
1065,1,36900
1066,1,4020
1067,1,8280
1068,1,115880
1069,1,16440
1070,1,11730
1071,1,5480
1072,1,7930
1073,1,10070
1074,1,2430
1075,1,19320
1076,1,40540
1077,1,38390
1078,1,5950
1079,1,32530
1080,1,9200
1081,1,7360
1082,1,4880
1083,1,13610
1084,1,12730
1085,1,42540
1086,1,5330
1087,1,4210
1088,1,6060
1089,1,12910
1090,1,11240
1091,1,12520
1092,1,1250
1093,1,5510
1094,1,45340
1095,1,8560
1096,1,5620
1097,1,12930
1098,1,41270
1099,1,62470
1100,1,920
1101,1,290
1102,1,44410
1103,1,20380
1104,1,29900
1105,1,5050
1106,1,15090
1107,1,2530
1108,1,19240
1109,1,3710
1110,1,4740
1111,1,12920
1112,1,32380
1113,1,74290
1114,1,5870
1115,1,60100
1116,1,13550
1117,1,249330
1118,1,27210
1119,1,25540
1120,1,23590
1121,1,97120
1122,1,19900
1123,1,6790
1124,1,3810
1125,1,2160
1126,1,10530
1127,1,5330
1128,1,8750
1129,1,7600
1130,1,11810
1131,1,6830
1132,1,14070
1133,1,18940
1134,1,25600
1135,1,11390
1136,1,1980
1137,1,2030
1138,1,61520
1139,1,500000
1140,1,14120
1141,1,38160
1142,1,3550
1143,1,22920
1144,1,43790
1145,1,65530
1146,1,5250
1147,1,23620
1148,1,15820
1149,1,15170
1150,1,22780
1151,1,2110
1152,1,3760
1153,1,32980
1154,1,3650
1155,1,9000
1156,1,95310
1157,1,5930
1158,1,7150
1159,1,14320
1160,1,75780
1161,1,36110
1162,1,16160
1163,1,1970
1164,1,20080
1165,1,17850
1166,1,44280
1167,1,1770
1168,1,14520
1169,1,65880
1170,1,6710
1171,1,7320
1172,1,20740
1173,1,17080
1174,1,15980
1175,1,16210
1176,1,54040
1177,1,35760
1178,1,3950
1179,1,10830
1180,1,91860
1181,1,50420
1182,1,13790
1183,1,1300
1184,1,12190
1185,1,6640
1186,1,29230
1187,1,127640
1188,1,19510
1189,1,6610
1190,1,9140
1191,1,13870
1192,1,10660
1193,1,32950
1194,1,15690
1195,1,8510
1196,1,76440
1197,1,4440
1198,1,10060
1199,1,8280
1200,1,13010
1201,1,32350
1202,1,10560
1203,1,11570
1204,1,17120
1205,1,8960
1206,1,80040
1207,1,12330
1208,1,2820
1209,1,5720
1210,1,6000
1211,1,3790
1212,1,13210
1213,1,17560
1214,1,4810
1215,1,23130
1216,1,8850
1217,1,25870
1218,1,16760
1219,1,1180
1220,1,16890
1221,1,27810
1222,1,22640
1223,1,32920
1224,1,28240
1225,1,9930
1226,1,26190
1227,1,8790
1228,1,9700
1229,1,31520
1230,1,41060
1231,1,4850
1232,1,3460
1233,1,9050
1234,1,34520
1235,1,5990
1236,1,1120
1237,1,1920
1238,1,29790
1239,1,17960
1240,1,23870
1241,1,37910
1242,1,500000
1243,1,12580
1244,1,31730
1245,1,14750
1246,1,2920
1247,1,18680
1248,1,44400
1249,1,8690
1250,1,36370
1251,1,2940
1252,1,8360
1253,1,21540
1254,1,9450
1255,1,10200
1256,1,14300
1257,1,560
1258,1,49250
1259,1,25110
1260,1,26510
1261,1,12900
1262,1,6980
1263,1,14070
1264,1,34360
1265,1,59180
1266,1,22290
1267,1,12090
1268,1,32820
1269,1,9040
1270,1,39530
1271,1,10290
1272,1,81080
1273,1,940
1274,1,5420
1275,1,5590
1276,1,26590
1277,1,32050
1278,1,8310
1279,1,1660
1280,1,35790
1281,1,35290
1282,1,4930
1283,1,18060
1284,1,4720
1285,1,16400
1286,1,126610
1287,1,121680
1288,1,9900
1289,1,18920
1290,1,23710
1291,1,18330
1292,1,78520
1293,1,49580
1294,1,5510
1295,1,63740
1296,1,4660
1297,1,25460
1298,1,500000
1299,1,28390
1300,1,20100
1301,1,6710
1302,1,2330
1303,1,2940
1304,1,23190
1305,1,8750
1306,1,13460
1307,1,16720
1308,1,83280
1309,1,120680
1310,1,3330
1311,1,2490
1312,1,16880
1313,1,2870
1314,1,9030
1315,1,31630
1316,1,112240
1317,1,10930
1318,1,2980
1319,1,33850
1320,1,18040
1321,1,126700
1322,1,37450
1323,1,22320
1324,1,4850
1325,1,3220
1326,1,500
1327,1,7600
1328,1,28230
1329,1,1460
1330,1,37650
1331,1,25750
1332,1,14590
1333,1,3770
1334,1,73300
1335,1,16960
1336,1,8160
1337,1,25240
1338,1,16110
1339,1,2710
1340,1,39970
1341,1,14640
1342,1,32560
1343,1,27660
1344,1,18690
1345,1,25440
1346,1,64490
1347,1,17280
1348,1,10410
1349,1,34390
1350,1,116580
1351,1,31310
1352,1,9310
1353,1,22530
1354,1,22800
1355,1,13840
1356,1,21330
1357,1,9610
1358,1,19120
1359,1,16020
1360,1,10190
1361,1,46920
1362,1,14130
1363,1,45370
1364,1,16180
1365,1,36290
1366,1,164740
1367,1,17970
1368,1,17370
1369,1,43140
1370,1,7580
1371,1,74080
1372,1,1330
1373,1,29510
1374,1,42640
1375,1,4520
1376,1,17560
1377,1,500000
1378,1,6220
1379,1,5160
1380,1,11340
1381,1,21770
1382,1,15350
1383,1,27960
1384,1,19010
1385,1,69020
1386,1,10620
1387,1,11260
1388,1,7450
1389,1,32790
1390,1,3250
1391,1,6380
1392,1,25190
1393,1,7790
1394,1,16720
1395,1,1440
1396,1,45550
1397,1,400
1398,1,8100
1399,1,46230
1400,1,1900
1401,1,27920
1402,1,5760
1403,1,4900
1404,1,24250
1405,1,23570
1406,1,11660
1407,1,40
1408,1,14150
1409,1,12940
1410,1,6290
1411,1,3430
1412,1,3810
1413,1,30620
1414,1,46370
1415,1,8600
1416,1,48280
1417,1,50490
1418,1,24480
1419,1,5240
1420,1,6010
1421,1,16920
1422,1,84770
1423,1,17680
1424,1,49410
1425,1,46020
1426,1,41570
1427,1,19310
1428,1,37210
1429,1,5630
1430,1,55950
1431,1,7410
1432,1,65230
1433,1,100380
1434,1,26830
1435,1,59330
1436,1,60
1437,1,5490
1438,1,12090
1439,1,41180
1440,1,3900
1441,1,23270
1442,1,83930
1443,1,2210
1444,1,4930
1445,1,3360
1446,1,17200
1447,1,15080
1448,1,7060
1449,1,10030
1450,1,7770
1451,1,3150
1452,1,330
1453,1,3350
1454,1,18790
1455,1,14520
1456,1,5610
1457,1,50700
1458,1,41740
1459,1,17590
1460,1,16340
1461,1,8390
1462,1,3320
1463,1,5710
1464,1,21260
1465,1,10530
1466,1,1210
1467,1,55990
1468,1,11240
1469,1,21910
1470,1,38120
1471,1,1610
1472,1,23450
1473,1,22250
1474,1,20800
1475,1,11420
1476,1,32450
1477,1,13390
1478,1,99890
1479,1,11130
1480,1,17230
1481,1,2860
1482,1,20050
1483,1,53640
1484,1,16510
1485,1,10630
1486,1,71830
1487,1,2710
1488,1,19660
1489,1,53530
1490,1,5790
1491,1,19370
1492,1,34130
1493,1,50060
1494,1,30680
1495,1,6110
1496,1,20080
1497,1,9210
1498,1,10640
1499,1,19810
1500,1,26150
1501,1,10700
1502,1,1430
1503,1,12950
1504,1,151460
1505,1,23760
1506,1,3750
1507,1,20940
1508,1,9790
1509,1,24110
1510,1,4110
1511,1,4230
1512,1,21250
1513,1,26840
1514,1,850
1515,1,12520
1516,1,15030
1517,1,33710
1518,1,22400
1519,1,5850
1520,1,27510
1521,1,9740
1522,1,94480
1523,1,9210
1524,1,12760
1525,1,9490
1526,1,9450
1527,1,15780
1528,1,10110
1529,1,740
1530,1,105750
1531,1,27500
1532,1,8450
1533,1,7830
1534,1,56520
1535,1,24530
1536,1,5610
1537,1,10290
1538,1,8470
1539,1,13750
1540,1,6480
1541,1,21420
1542,1,16310
1543,1,3870
1544,1,20860
1545,1,30380
1546,1,56080
1547,1,62350
1548,1,19730
1549,1,12300
1550,1,15230
1551,1,9860
1552,1,10180
1553,1,10280
1554,1,7420
1555,1,20640
1556,1,6850
1557,1,25140
1558,1,34210
1559,1,38320
1560,1,9470
1561,1,163290
1562,1,14190
1563,1,6040
1564,1,5390
1565,1,2690
1566,1,3880
1567,1,82020
1568,1,9120
1569,1,1830
1570,1,3830
1571,1,7190
1572,1,14710
1573,1,12940
1574,1,8520
1575,1,5020
1576,1,5200
1577,1,10380
1578,1,9320
1579,1,7160
1580,1,16620
1581,1,38110
1582,1,6260
1583,1,25300
1584,1,8180
1585,1,5240
1586,1,16590
1587,1,15590
1588,1,43340
1589,1,2410
1590,1,4850
1591,1,4620
1592,1,8190
1593,1,39260
1594,1,7650
1595,1,48890
1596,1,17860
1597,1,5800
1598,1,13940
1599,1,11220
1600,1,2350
1601,1,970
1602,1,38600
1603,1,38300
1604,1,3150
1605,1,20610
1606,1,144900
1607,1,25570
1608,1,21160
1609,1,52300
1610,1,29130
1611,1,25640
1612,1,40210
1613,1,34470
1614,1,21740
1615,1,34850
1616,1,2150
1617,1,11220
1618,1,16850
1619,1,15450
1620,1,420
1621,1,12530
1622,1,64060
1623,1,10320
1624,1,11090
1625,1,36030
1626,1,36220
1627,1,32290
1628,1,3640
1629,1,3560
1630,1,99720
1631,1,3260
1632,1,19900
1633,1,31520
1634,1,36000
1635,1,19730
1636,1,17320
1637,1,8810
1638,1,5400
1639,1,27680
1640,1,15490
1641,1,46850
1642,1,45250
1643,1,3310
1644,1,11270
1645,1,2480
1646,1,108280
1647,1,8930
1648,1,7230
1649,1,1450
1650,1,38480
1651,1,11430
1652,1,8510
1653,1,5170
1654,1,34210
1655,1,19900
1656,1,16900
1657,1,24240
1658,1,16120
1659,1,870
1660,1,14890
1661,1,3950
1662,1,87830
1663,1,10550
1664,1,28360
1665,1,6450
1666,1,44320
1667,1,15140
1668,1,2800
1669,1,14380
1670,1,10690
1671,1,3180
1672,1,3160
1673,1,9030
1674,1,25790
1675,1,19030
1676,1,7200
1677,1,6200
1678,1,8720
1679,1,17400
1680,1,23490
1681,1,17520
1682,1,72340
1683,1,9860
1684,1,8730
1685,1,3900
1686,1,12050
1687,1,1440
1688,1,2830
1689,1,26900
1690,1,39200
1691,1,21560
1692,1,12940
1693,1,21970
1694,1,23370
1695,1,2330
1696,1,22200
1697,1,19260
1698,1,10790
1699,1,107040
1700,1,10330
1701,1,5070
1702,1,8250
1703,1,1790
1704,1,25000
1705,1,15180
1706,1,11510
1707,1,25000
1708,1,77210
1709,1,9060
1710,1,23950
1711,1,9510
1712,1,35720
1713,1,47060
1714,1,121250
1715,1,132140
1716,1,10530
1717,1,19070
1718,1,41380
1719,1,56920
1720,1,40520
1721,1,19380
1722,1,110730
1723,1,16240
1724,1,34920
1725,1,13030
1726,1,9920
1727,1,1940
1728,1,32210
1729,1,3900
1730,1,10580
1731,1,13620
1732,1,44350
1733,1,1620
1734,1,44960
1735,1,3530
1736,1,81590
1737,1,15110
1738,1,77850
1739,1,10910
1740,1,58090
1741,1,44640
1742,1,44700
1743,1,78600
1744,1,17990
1745,1,12490
1746,1,13470
1747,1,72620
1748,1,5220
1749,1,4420
1750,1,13830
1751,1,20780
1752,1,9710
1753,1,88570
1754,1,3060
1755,1,93330
1756,1,81540
1757,1,105600
1758,1,6990
1759,1,16630
1760,1,20860
1761,1,3730
1762,1,30660
1763,1,49810
1764,1,41740
1765,1,7130
1766,1,3850
1767,1,5370
1768,1,17280
1769,1,37690
1770,1,1710
1771,1,16730
1772,1,52850
1773,1,13290
1774,1,32800
1775,1,500000
1776,1,16950
1777,1,94330
1778,1,9960
1779,1,11070
1780,1,14290
1781,1,290
1782,1,8700
1783,1,21470
1784,1,31910
1785,1,1110
1786,1,94430
1787,1,13960
1788,1,3060
1789,1,20620
1790,1,23750
1791,1,20320
1792,1,1310
1793,1,4610
1794,1,28710
1795,1,39470
1796,1,2730
1797,1,5080
1798,1,4330
1799,1,5580
1800,1,16130
1801,1,1040
1802,1,56090
1803,1,20470
1804,1,18050
1805,1,20320
1806,1,990
1807,1,3490
1808,1,70950
1809,1,5760
1810,1,6910
1811,1,10870
1812,1,7730
1813,1,15210
1814,1,4980
1815,1,15630
1816,1,5380
1817,1,2960
1818,1,51690
1819,1,5210
1820,1,22880
1821,1,21310
1822,1,13270
1823,1,3250
1824,1,20790
1825,1,4270
1826,1,13790
1827,1,15830
1828,1,38110
1829,1,86820
1830,1,4400
1831,1,600
1832,1,59330
1833,1,14830
1834,1,13440
1835,1,3390
1836,1,36630
1837,1,112620
1838,1,4630
1839,1,4950
1840,1,950
1841,1,3180
1842,1,70610
1843,1,30180
1844,1,18110
1845,1,78020
1846,1,4360
1847,1,24740
1848,1,16460
1849,1,16850
1850,1,37720
1851,1,3150
1852,1,13210
1853,1,4470
1854,1,22300
1855,1,31120
1856,1,7670
1857,1,10340
1858,1,86810
1859,1,3200
1860,1,24210
1861,1,13240
1862,1,13010
1863,1,67190
1864,1,11530
1865,1,43550
1866,1,67720
1867,1,14210
1868,1,18780
1869,1,62800
1870,1,36390
1871,1,14130
1872,1,9890
1873,1,5750
1874,1,16930
1875,1,81020
1876,1,42230
1877,1,34800
1878,1,43360
1879,1,8070
1880,1,11750
1881,1,7610
1882,1,3170
1883,1,10640
1884,1,9490
1885,1,23470
1886,1,7140
1887,1,3220
1888,1,5420
1889,1,25540
1890,1,38900
1891,1,20380
1892,1,63560
1893,1,11060
1894,1,53880
1895,1,22980
1896,1,940
1897,1,5940
1898,1,10530
1899,1,25160
1900,1,7600
1901,1,44300
1902,1,16560
1903,1,24120
1904,1,5210
1905,1,40020
1906,1,10890
1907,1,12310
1908,1,27690
1909,1,4980
1910,1,16980
1911,1,1140
1912,1,1840
1913,1,40590
1914,1,5450
1915,1,12120
1916,1,102040
1917,1,6970
1918,1,3870
1919,1,17900
1920,1,90160
1921,1,40690
1922,1,5660
1923,1,13460
1924,1,10130
1925,1,6430
1926,1,22640
1927,1,7360
1928,1,12470
1929,1,7070
1930,1,9280
1931,1,15140
1932,1,30660
1933,1,36760
1934,1,18240
1935,1,28330
1936,1,3020
1937,1,7230
1938,1,11330
1939,1,10350
1940,1,24930
1941,1,22470
1942,1,30090
1943,1,79940
1944,1,57500
1945,1,22150
1946,1,10440
1947,1,17150
1948,1,37910
1949,1,14430
1950,1,8760
1951,1,19950
1952,1,1170
1953,1,780
1954,1,7880
1955,1,9560
1956,1,8060
1957,1,5280
1958,1,5660
1959,1,21200
1960,1,76150
1961,1,11310
1962,1,30280
1963,1,27730
1964,1,10100
1965,1,38290
1966,1,35900
1967,1,3030
1968,1,1940
1969,1,2320
1970,1,9590
1971,1,1830
1972,1,13510
1973,1,8320
1974,1,4260
1975,1,77890
1976,1,15500
1977,1,43770
1978,1,22570
1979,1,4960
1980,1,15480
1981,1,25170
1982,1,4350
1983,1,12570
1984,1,5510
1985,1,123790
1986,1,34690
1987,1,30540
1988,1,6520
1989,1,10930
1990,1,7600
1991,1,17140
1992,1,3580
1993,1,7920
1994,1,9350
1995,1,56010
1996,1,16310
1997,1,9390
1998,1,5900
1999,1,6350
2000,1,12800
2001,1,12490
2002,1,6770
2003,1,27380
2004,1,42910
2005,1,8870
2006,1,4490
2007,1,19600
2008,1,26580
2009,1,32020
2010,1,10000
2011,1,11770
2012,1,27760
2013,1,24460
2014,1,66000
2015,1,12240
2016,1,5960
2017,1,25470
2018,1,7860
2019,1,11530
2020,1,31860
2021,1,11930
2022,1,144150
2023,1,13120
2024,1,17440
2025,1,40660
2026,1,29850
2027,1,7000
2028,1,49920
2029,1,18540
2030,1,33350
2031,1,8180
2032,1,21780
2033,1,19640
2034,1,11880
2035,1,84580
2036,1,27540
2037,1,6670
2038,1,17750
2039,1,15320
2040,1,15360
2041,1,45630
2042,1,38730
2043,1,17650
2044,1,15210
2045,1,42630
2046,1,15710
2047,1,60520
2048,1,30690
2049,1,10580
2050,1,12040
2051,1,27910
2052,1,32750
2053,1,20450
2054,1,32130
2055,1,7010
2056,1,18630
2057,1,1970
2058,1,107710
2059,1,9410
2060,1,1470
2061,1,37780
2062,1,26410
2063,1,4020
2064,1,7700
2065,1,98540
2066,1,32430
2067,1,2560
2068,1,46070
2069,1,3230
2070,1,46700
2071,1,6970
2072,1,14400
2073,1,2370
2074,1,15340
2075,1,17380
2076,1,71690
2077,1,15070
2078,1,3130
2079,1,8450
2080,1,12320
2081,1,28830
2082,1,15190
2083,1,7410
2084,1,34350
2085,1,39000
2086,1,13060
2087,1,1900
2088,1,15060
2089,1,5770
2090,1,14620
2091,1,14130
2092,1,5170
2093,1,2980
2094,1,11130
2095,1,12650
2096,1,19390
2097,1,7630
2098,1,159530
2099,1,56710
2100,1,27480
2101,1,500000
2102,1,12500
2103,1,7930
2104,1,6200
2105,1,3670
2106,1,13940
2107,1,43680
2108,1,9670
2109,1,21750
2110,1,6400
2111,1,12130
2112,1,172260
2113,1,41530
2114,1,4540
2115,1,4730
2116,1,9720
2117,1,1780
2118,1,500000
2119,1,41820
2120,1,5660
2121,1,112710
2122,1,21740
2123,1,41320
2124,1,45050
2125,1,10000
2126,1,13450
2127,1,67880
2128,1,5740
2129,1,3550
2130,1,11220
2131,1,3440
2132,1,6290
2133,1,6460
2134,1,2000
2135,1,46890
2136,1,38000
2137,1,42120
2138,1,23010
2139,1,40500
2140,1,16120
2141,1,36750
2142,1,8860
2143,1,95960
2144,1,1920
2145,1,45720
2146,1,9330
2147,1,19690
2148,1,21370
2149,1,36470
2150,1,6610
2151,1,6670
2152,1,1810
2153,1,2960
2154,1,2740
2155,1,1490
2156,1,12620
2157,1,18310
2158,1,21670
2159,1,263310
2160,1,13580
2161,1,16170
2162,1,13330
2163,1,14140
2164,1,55230
2165,1,5010
2166,1,5370
2167,1,51590
2168,1,115010
2169,1,18270
2170,1,16910
2171,1,3440
2172,1,4000
2173,1,4390
2174,1,13290
2175,1,12940
2176,1,37860
2177,1,38430
2178,1,33820
2179,1,20760
2180,1,1900
2181,1,1260
2182,1,29650
2183,1,20130
2184,1,21890
2185,1,32310
2186,1,520
2187,1,14050
2188,1,470
2189,1,17050
2190,1,6170
2191,1,11840
2192,1,16290
2193,1,26870
2194,1,9210
2195,1,79890
2196,1,42070
2197,1,7260
2198,1,45020
2199,1,44300
2200,1,26310
2201,1,18310
2202,1,8040
2203,1,850
2204,1,17920
2205,1,17260
2206,1,16230
2207,1,1220
2208,1,32900
2209,1,13900
2210,1,3590
2211,1,3460
2212,1,5750
2213,1,11660
2214,1,18280
2215,1,13010
2216,1,10620
2217,1,19210
2218,1,58890
2219,1,23090
2220,1,16230
2221,1,6060
2222,1,56770
2223,1,7770
2224,1,7540
2225,1,54680
2226,1,1740
2227,1,27930
2228,1,2060
2229,1,13150
2230,1,19580
2231,1,11390
2232,1,4220
2233,1,12180
2234,1,5260
2235,1,2730
2236,1,1360
2237,1,13020
2238,1,14250
2239,1,47470
2240,1,18460
2241,1,12990
2242,1,86410
2243,1,29880
2244,1,500000
2245,1,17150
2246,1,5620
2247,1,4230
2248,1,12900
2249,1,15800
2250,1,29610
2251,1,8530
2252,1,37900
2253,1,35700
2254,1,3840
2255,1,34800
2256,1,8380
2257,1,14510
2258,1,27450
2259,1,9370
2260,1,26160
2261,1,34110
2262,1,82440
2263,1,25910
2264,1,2490
2265,1,34900
2266,1,25480
2267,1,3980
2268,1,6670
2269,1,9800
2270,1,24960
2271,1,9930
2272,1,2100
2273,1,12180
2274,1,18930
2275,1,16340
2276,1,74450
2277,1,46400
2278,1,3940
2279,1,32690
2280,1,14020
2281,1,39770
2282,1,18830
2283,1,22640
2284,1,7580
2285,1,20900
2286,1,9290
2287,1,12420
2288,1,1990
2289,1,61550
2290,1,11020
2291,1,8050
2292,1,17440
2293,1,2500
2294,1,23900
2295,1,72590
2296,1,5150
2297,1,33880
2298,1,27020
2299,1,17100
2300,1,87510
2301,1,58590
2302,1,10530
2303,1,500000
2304,1,23480
2305,1,8890
2306,1,21200
2307,1,9800
2308,1,5910
2309,1,7720
2310,1,12590
2311,1,8120
2312,1,4120
2313,1,26290
2314,1,4130
2315,1,67400
2316,1,20680
2317,1,12320
2318,1,12590
2319,1,38790
2320,1,20140
2321,1,36470
2322,1,33330
2323,1,11280
2324,1,26790
2325,1,9520
2326,1,162600
2327,1,15650
2328,1,89360
2329,1,24470
2330,1,11010
2331,1,1520
2332,1,4840
2333,1,10980
2334,1,4550
2335,1,33130
2336,1,1030
2337,1,21760
2338,1,46100
2339,1,17220
2340,1,500000
2341,1,17550
2342,1,16650
2343,1,37370
2344,1,13680
2345,1,59950
2346,1,92220
2347,1,18770
2348,1,11670
2349,1,4970
2350,1,4180
2351,1,9330
2352,1,34290
2353,1,11420
2354,1,4580
2355,1,4050
2356,1,14160
2357,1,7780
2358,1,40520
2359,1,17800
2360,1,28620
2361,1,31250
2362,1,4510
2363,1,1150
2364,1,11150
2365,1,13910
2366,1,3030
2367,1,33290
2368,1,50530
2369,1,7830
2370,1,24880
2371,1,37690
2372,1,14790
2373,1,1980
2374,1,4970
2375,1,11700
2376,1,16440
2377,1,29840
2378,1,5500
2379,1,370
2380,1,8860
2381,1,3670
2382,1,27930
2383,1,23090
2384,1,4390
2385,1,13000
2386,1,2080
2387,1,8210
2388,1,7250
2389,1,13180
2390,1,24950
2391,1,18210
2392,1,2740
2393,1,29850
2394,1,3380
2395,1,18750
2396,1,3380
2397,1,7830
2398,1,2420
2399,1,18360
2400,1,6990
2401,1,42310
2402,1,16700
2403,1,4320
2404,1,43570
2405,1,18520
2406,1,15780
2407,1,10260
2408,1,4960
2409,1,500000
2410,1,6660
2411,1,2980
2412,1,12790
2413,1,3560
2414,1,2800
2415,1,116190
2416,1,10230
2417,1,1640
2418,1,43680
2419,1,1130
2420,1,25520
2421,1,31230
2422,1,3350
2423,1,2290
2424,1,59100
2425,1,500000
2426,1,1860
2427,1,36260
2428,1,19860
2429,1,11900
2430,1,16020
2431,1,26260
2432,1,1080
2433,1,3140
2434,1,23950
2435,1,74820
2436,1,45270
2437,1,65420
2438,1,7880
2439,1,3760
2440,1,10900
2441,1,12550
2442,1,9370
2443,1,4230
2444,1,10630
2445,1,3920
2446,1,51550
2447,1,11010
2448,1,2960
2449,1,9110
2450,1,18680
2451,1,31760
2452,1,70260
2453,1,19870
2454,1,4190
2455,1,43720
2456,1,11380
2457,1,144990
2458,1,10310
2459,1,19290
2460,1,107620
2461,1,31100
2462,1,500000
2463,1,38010
2464,1,41700
2465,1,13320
2466,1,19990
2467,1,23360
2468,1,14280
2469,1,26950
2470,1,5110
2471,1,9710
2472,1,19570
2473,1,4400
2474,1,2900
2475,1,9620
2476,1,9420
2477,1,2920
2478,1,4630
2479,1,12180
2480,1,56370
2481,1,21880
2482,1,18220
2483,1,26070
2484,1,18880
2485,1,1660
2486,1,34910
2487,1,9650
2488,1,8850
2489,1,69460
2490,1,15920
2491,1,90720
2492,1,3230
2493,1,34330
2494,1,3390
2495,1,24790
2496,1,14550
2497,1,6620
2498,1,12290
2499,1,47860
2500,1,11700
2501,1,1990
2502,1,5430
2503,1,4880
2504,1,16200
2505,1,7520
2506,1,13170
2507,1,7830
2508,1,3540
2509,1,630
2510,1,18720
2511,1,21910
2512,1,7720
2513,1,19780
2514,1,9070
2515,1,85760
2516,1,21390
2517,1,12930
2518,1,9360
2519,1,22040
2520,1,105060
2521,1,5110
2522,1,5840
2523,1,1650
2524,1,22840
2525,1,14070
2526,1,19260
2527,1,28610
2528,1,1830
2529,1,96700
2530,1,2300
2531,1,2970
2532,1,42390
2533,1,23780
2534,1,4990
2535,1,3000
2536,1,21120
2537,1,56820
2538,1,37730
2539,1,6030
2540,1,9480
2541,1,500000
2542,1,12370
2543,1,8580
2544,1,13500
2545,1,4130
2546,1,2900
2547,1,1010
2548,1,2270
2549,1,53350
2550,1,12840
2551,1,14950
2552,1,21620
2553,1,5010
2554,1,4610
2555,1,18070
2556,1,83580
2557,1,8300
2558,1,28800
2559,1,36030
2560,1,62220
2561,1,6220
2562,1,88220
2563,1,22830
2564,1,16260
2565,1,17630
2566,1,8490
2567,1,37360
2568,1,11930
2569,1,550
2570,1,20090
2571,1,2530
2572,1,17870
2573,1,15120
2574,1,2560
2575,1,65520
2576,1,112710
2577,1,11270
2578,1,9650
2579,1,3020
2580,1,14310
2581,1,5460
2582,1,340
2583,1,154860
2584,1,15120
2585,1,13500
2586,1,17680
2587,1,8410
2588,1,44760
2589,1,9370
2590,1,23930
2591,1,33780
2592,1,18530
2593,1,1240
2594,1,10220
2595,1,49450
2596,1,58480
2597,1,23710
2598,1,4480
2599,1,33930
2600,1,4470
2601,1,35370
2602,1,16700
2603,1,11200
2604,1,22680
2605,1,15450
2606,1,5270
2607,1,21300
2608,1,53650
2609,1,25070
2610,1,8130
2611,1,12000
2612,1,34890
2613,1,5410
2614,1,17370
2615,1,490
2616,1,21860
2617,1,810
2618,1,9210
2619,1,2830
2620,1,2920
2621,1,1930
2622,1,11140
2623,1,98480
2624,1,28800
2625,1,2210
2626,1,18630
2627,1,15000
2628,1,8130
2629,1,129900
2630,1,54810
2631,1,45940
2632,1,6350
2633,1,6870
2634,1,43230
2635,1,9040
2636,1,6520
2637,1,28350
2638,1,38770
2639,1,51150
2640,1,4130
2641,1,28640
2642,1,87550
2643,1,80010
2644,1,33240
2645,1,22270
2646,1,25050
2647,1,7050
2648,1,2750
2649,1,5890
2650,1,91760
2651,1,12300
2652,1,10540
2653,1,14590
2654,1,1460
2655,1,2270
2656,1,24290
2657,1,16960
2658,1,17260
2659,1,10390
2660,1,3100
2661,1,11580
2662,1,400
2663,1,900
2664,1,820
2665,1,15680
2666,1,5080
2667,1,34220
2668,1,4950
2669,1,17080
2670,1,7100
2671,1,15180
2672,1,5590
2673,1,5060
2674,1,26570
2675,1,36020
2676,1,3390
2677,1,500000
2678,1,40700
2679,1,4480
2680,1,17020
2681,1,9250
2682,1,2050
2683,1,36880
2684,1,6430
2685,1,15660
2686,1,4340
2687,1,7720
2688,1,4470
2689,1,13490
2690,1,7740
2691,1,3920
2692,1,23590
2693,1,4180
2694,1,25510
2695,1,41830
2696,1,19970
2697,1,1900
2698,1,22000
2699,1,44330
2700,1,64520
2701,1,12560
2702,1,15620
2703,1,39490
2704,1,1990
2705,1,1970
2706,1,13110
2707,1,11980
2708,1,8350
2709,1,9520
2710,1,6320
2711,1,2450
2712,1,15400
2713,1,14150
2714,1,13060
2715,1,31340
2716,1,66880
2717,1,38710
2718,1,10940
2719,1,11150
2720,1,3370
2721,1,25250
2722,1,100760
2723,1,17380
2724,1,120730
2725,1,62200
2726,1,45350
2727,1,29710
2728,1,15600
2729,1,33000
2730,1,13830
2731,1,35490
2732,1,7620
2733,1,112140
2734,1,4160
2735,1,16340
2736,1,42220
2737,1,17330
2738,1,11540
2739,1,28750
2740,1,7800
2741,1,3360
2742,1,12530
2743,1,14850
2744,1,500000
2745,1,24310
2746,1,7550
2747,1,13490
2748,1,57760
2749,1,39110
2750,1,1250
2751,1,57660
2752,1,11260
2753,1,1530
2754,1,31550
2755,1,16990
2756,1,10390
2757,1,11340
2758,1,3930
2759,1,1140
2760,1,65020
2761,1,3030
2762,1,65310
2763,1,72190
2764,1,4140
2765,1,500000
2766,1,18270
2767,1,36230
2768,1,7870
2769,1,12110
2770,1,5620
2771,1,36930
2772,1,12910
2773,1,30410
2774,1,7050
2775,1,8140
2776,1,760
2777,1,58520
2778,1,6890
2779,1,3810
2780,1,20520
2781,1,3510
2782,1,6570
2783,1,176350
2784,1,65540
2785,1,2070
2786,1,5290
2787,1,60200
2788,1,24780
2789,1,13740
2790,1,11710
2791,1,10120
2792,1,1390
2793,1,7880
2794,1,4400
2795,1,500000
2796,1,9110
2797,1,16430
2798,1,28310
2799,1,6090
2800,1,4660
2801,1,31460
2802,1,9460
2803,1,22080
2804,1,24530
2805,1,87050
2806,1,30080
2807,1,6920
2808,1,10230
2809,1,4190
2810,1,5800
2811,1,4240
2812,1,1260
2813,1,5080
2814,1,10360
2815,1,1460
2816,1,6540
2817,1,4290
2818,1,21060
2819,1,38870
2820,1,2560
2821,1,8940
2822,1,8660
2823,1,7650
2824,1,28740
2825,1,11400
2826,1,8060
2827,1,12810
2828,1,3910
2829,1,6350
2830,1,1100
2831,1,83160
2832,1,35210
2833,1,5080
2834,1,2180
2835,1,6730
2836,1,51780
2837,1,6760
2838,1,8510
2839,1,9860
2840,1,11970
2841,1,10630
2842,1,48420
2843,1,5910
2844,1,18810
2845,1,10800
2846,1,15050
2847,1,32590
2848,1,12950
2849,1,18480
2850,1,27590
2851,1,24980
2852,1,8600
2853,1,33860
2854,1,17010
2855,1,13870
2856,1,22770
2857,1,23650
2858,1,330
2859,1,11480
2860,1,146460
2861,1,16080
2862,1,24330
2863,1,10920
2864,1,47680
2865,1,30120
2866,1,4450
2867,1,5530
2868,1,6000
2869,1,6120
2870,1,23800
2871,1,65380
2872,1,48630
2873,1,4810
2874,1,3600
2875,1,24910
2876,1,500000
2877,1,14250
2878,1,13080
2879,1,2200
2880,1,9680
2881,1,7390
2882,1,23520
2883,1,2750
2884,1,14130
2885,1,20810
2886,1,7850
2887,1,19500
2888,1,14550
2889,1,61960
2890,1,1520
2891,1,11410
2892,1,8140
2893,1,21030
2894,1,28860
2895,1,21720
2896,1,31600
2897,1,6620
2898,1,2450
2899,1,49530
2900,1,87970
2901,1,13760
2902,1,22380
2903,1,58950
2904,1,7050
2905,1,4990
2906,1,94800
2907,1,4530
2908,1,2930
2909,1,70290
2910,1,9550
2911,1,16030
2912,1,820
2913,1,69200
2914,1,11100
2915,1,83700
2916,1,16860
2917,1,6020
2918,1,1280
2919,1,5170
2920,1,2550
2921,1,12000
2922,1,29950
2923,1,11380
2924,1,41060
2925,1,13140
2926,1,7820
2927,1,13540
2928,1,14370
2929,1,29120
2930,1,43730
2931,1,12380
2932,1,3020
2933,1,28660
2934,1,24620
2935,1,2430
2936,1,31940
2937,1,20130
2938,1,41060
2939,1,9080
2940,1,9110
2941,1,20010
2942,1,12520
2943,1,7330
2944,1,500000
2945,1,11690
2946,1,1980
2947,1,14470
2948,1,8170
2949,1,3820
2950,1,3470
2951,1,13720
2952,1,11610
2953,1,6620
2954,1,11210
2955,1,23500
2956,1,4140
2957,1,34690
2958,1,39390
2959,1,18250
2960,1,3410
2961,1,66290
2962,1,23030
2963,1,38220
2964,1,8220
2965,1,4940
2966,1,5970
2967,1,16850
2968,1,7420
2969,1,19150
2970,1,5310
2971,1,12600
2972,1,31640
2973,1,2580
2974,1,2080
2975,1,6580
2976,1,27460
2977,1,25630
2978,1,125540
2979,1,38650
2980,1,9330
2981,1,9780
2982,1,1190
2983,1,1960
2984,1,27050
2985,1,5450
2986,1,28510
2987,1,4040
2988,1,25630
2989,1,4810
2990,1,6660
2991,1,25080
2992,1,24130
2993,1,500000
2994,1,80190
2995,1,9750
2996,1,500000
2997,1,36100
2998,1,12260
2999,1,24870
3000,1,31820
3001,1,950
3002,1,6650
3003,1,6500
3004,1,12490
3005,1,16430
3006,1,30850
3007,1,9810
3008,1,6830
3009,1,44380
3010,1,6340
3011,1,5380
3012,1,13110
3013,1,6080
3014,1,10870
3015,1,6040
3016,1,21170
3017,1,5600
3018,1,6110
3019,1,41540
3020,1,29280
3021,1,2010
3022,1,17090
3023,1,4040
3024,1,5620
3025,1,8890
3026,1,1700
3027,1,146920
3028,1,13220
3029,1,23280
3030,1,51350
3031,1,46500
3032,1,13690
3033,1,11360
3034,1,17350
3035,1,18600
3036,1,9790
3037,1,9750
3038,1,4660
3039,1,9610
3040,1,8060
3041,1,5110
3042,1,25180
3043,1,30450
3044,1,63490
3045,1,25150
3046,1,2370
3047,1,44450
3048,1,1080
3049,1,63220
3050,1,20460
3051,1,19790
3052,1,15650
3053,1,32240
3054,1,21170
3055,1,40580
3056,1,19690
3057,1,5330
3058,1,18590
3059,1,90230
3060,1,13760
3061,1,16440
3062,1,9130
3063,1,64220
3064,1,6930
3065,1,2020
3066,1,11910
3067,1,17860
3068,1,2210
3069,1,27010
3070,1,720
3071,1,4840
3072,1,6590
3073,1,5730
3074,1,21830
3075,1,18900
3076,1,8390
3077,1,71530
3078,1,15340
3079,1,19330
3080,1,4160
3081,1,11950
3082,1,26030
3083,1,25450
3084,1,12880
3085,1,500000
3086,1,17580
3087,1,280380
3088,1,1640
3089,1,70970
3090,1,720
3091,1,15370
3092,1,8310
3093,1,4940
3094,1,16230
3095,1,3850
3096,1,7800
3097,1,10040
3098,1,350
3099,1,2950
3100,1,15340
3101,1,28170
3102,1,8770
3103,1,40890
3104,1,1670
3105,1,61080
3106,1,8070
3107,1,3530
3108,1,8920
3109,1,3640
3110,1,41890
3111,1,6490
3112,1,20560
3113,1,6100
3114,1,61580
3115,1,36740
3116,1,3670
3117,1,12690
3118,1,25260
3119,1,15730
3120,1,6320
3121,1,61190
3122,1,14920
3123,1,4100
3124,1,1950
3125,1,13030
3126,1,26600
3127,1,21300
3128,1,14520
3129,1,50620
3130,1,56310
3131,1,3650
3132,1,3630
3133,1,20650
3134,1,50190
3135,1,5390
3136,1,34200
3137,1,94290
3138,1,8170
3139,1,5950
3140,1,15910
3141,1,27970
3142,1,12770
3143,1,15170
3144,1,1770
3145,1,16010
3146,1,6100
3147,1,5820
3148,1,4320
3149,1,4660
3150,1,23830
3151,1,27980
3152,1,3440
3153,1,66540
3154,1,19820
3155,1,8310
3156,1,21140
3157,1,22620
3158,1,11430
3159,1,4470
3160,1,61220
3161,1,18600
3162,1,1110
3163,1,1580
3164,1,500000
3165,1,14930
3166,1,45380
3167,1,11280
3168,1,59140
3169,1,9390
3170,1,37320
3171,1,31910
3172,1,27000
3173,1,10930
3174,1,2200
3175,1,3100
3176,1,25720
3177,1,28430
3178,1,220370
3179,1,1240
3180,1,32640
3181,1,8790
3182,1,34050
3183,1,7580
3184,1,2320
3185,1,21990
3186,1,37060
3187,1,38030
3188,1,5710
3189,1,11170
3190,1,4900
3191,1,18630
3192,1,3420
3193,1,2460
3194,1,151600
3195,1,12680
3196,1,1440
3197,1,4750
3198,1,8170
3199,1,35270
3200,1,7050
3201,1,9130
3202,1,35820
3203,1,1060
3204,1,15580
3205,1,11400
3206,1,10300
3207,1,64900
3208,1,5370
3209,1,21310
3210,1,79290
3211,1,5560
3212,1,5260
3213,1,2060
3214,1,33170
3215,1,2560
3216,1,15950
3217,1,8720
3218,1,5740
3219,1,22700
3220,1,100420
3221,1,7950
3222,1,6410
3223,1,82010
3224,1,2820
3225,1,7210
3226,1,38710
3227,1,13790
3228,1,15340
3229,1,20430
3230,1,32650
3231,1,34010
3232,1,107970
3233,1,152740
3234,1,34570
3235,1,1590
3236,1,24390
3237,1,72710
3238,1,3000
3239,1,4670
3240,1,20800
3241,1,53130
3242,1,18190
3243,1,5740
3244,1,5030
3245,1,14170
3246,1,51860
3247,1,5410
3248,1,87180
3249,1,15890
3250,1,6780
3251,1,3920
3252,1,3340
3253,1,5980
3254,1,7920
3255,1,5410
3256,1,161050
3257,1,51850
3258,1,29470
3259,1,22050
3260,1,16520
3261,1,10820
3262,1,3550
3263,1,7280
3264,1,570
3265,1,20600
3266,1,23490
3267,1,96450
3268,1,18550
3269,1,6130
3270,1,5860
3271,1,650
3272,1,48130
3273,1,38780
3274,1,12630
3275,1,46670
3276,1,4700
3277,1,3480
3278,1,80950
3279,1,6940
3280,1,6920
3281,1,94070
3282,1,15910
3283,1,23410
3284,1,25560
3285,1,11360
3286,1,3730
3287,1,8700
3288,1,30880
3289,1,2710
3290,1,17400
3291,1,21810
3292,1,43530
3293,1,11970
3294,1,32390
3295,1,9870
3296,1,13440
3297,1,2490
3298,1,720
3299,1,14250
3300,1,11480
3301,1,14970
3302,1,1700
3303,1,22980
3304,1,9100
3305,1,3520
3306,1,3580
3307,1,14470
3308,1,14650
3309,1,31350
3310,1,7640
3311,1,8540
3312,1,17340
3313,1,67220
3314,1,12600
3315,1,28560
3316,1,16350
3317,1,82770
3318,1,4300
3319,1,200240
3320,1,500000
3321,1,18990
3322,1,21870
3323,1,15380
3324,1,13710
3325,1,980
3326,1,75850
3327,1,21670
3328,1,30920
3329,1,5500
3330,1,3890
3331,1,13750
3332,1,17200
3333,1,16220
3334,1,5760
3335,1,6060
3336,1,18400
3337,1,29940
3338,1,36420
3339,1,23980
3340,1,51770
3341,1,19690
3342,1,23740
3343,1,9960
3344,1,163860
3345,1,12420
3346,1,4040
3347,1,12580
3348,1,22800
3349,1,56890
3350,1,8610
3351,1,13420
3352,1,37990
3353,1,19760
3354,1,5350
3355,1,2100
3356,1,17180
3357,1,22150
3358,1,28700
3359,1,500000
3360,1,38970
3361,1,39730
3362,1,22030
3363,1,6740
3364,1,4090
3365,1,14460
3366,1,9750
3367,1,12410
3368,1,5370
3369,1,59290
3370,1,27550
3371,1,114730
3372,1,18260
3373,1,29390
3374,1,50430
3375,1,8060
3376,1,76650
3377,1,32030
3378,1,257680
3379,1,4020
3380,1,7040
3381,1,10980
3382,1,51210
3383,1,3050
3384,1,8650
3385,1,18910
3386,1,1820
3387,1,3800
3388,1,7080
3389,1,5310
3390,1,16140
3391,1,500000
3392,1,4730
3393,1,23710
3394,1,29020
3395,1,41430
3396,1,7870
3397,1,8090
3398,1,38320
3399,1,35580
3400,1,16000
3401,1,37790
3402,1,6760
3403,1,23650
3404,1,52720
3405,1,3300
3406,1,25990
3407,1,3030
3408,1,10620
3409,1,53840
3410,1,14120
3411,1,7660
3412,1,61190
3413,1,65950
3414,1,1220
3415,1,6070
3416,1,13600
3417,1,22130
3418,1,2180
3419,1,14010
3420,1,2060
3421,1,32800
3422,1,6840
3423,1,23020
3424,1,1100
3425,1,21760
3426,1,6820
3427,1,2600
3428,1,16230
3429,1,31490
3430,1,9190
3431,1,36530
3432,1,5800
3433,1,9110
3434,1,57800
3435,1,75450
3436,1,17960
3437,1,4610
3438,1,14800
3439,1,5640
3440,1,7280
3441,1,65480
3442,1,50150
3443,1,2340
3444,1,3900
3445,1,40550
3446,1,8710
3447,1,55060
3448,1,18650
3449,1,6610
3450,1,32260
3451,1,8790
3452,1,35430
3453,1,16970
3454,1,17560
3455,1,1210
3456,1,2700
3457,1,12710
3458,1,30600
3459,1,11690
3460,1,16300
3461,1,7240
3462,1,35270
3463,1,43650
3464,1,38960
3465,1,58630
3466,1,54250
3467,1,59030
3468,1,18100
3469,1,13120
3470,1,990
3471,1,48590
3472,1,6310
3473,1,10450
3474,1,74310
3475,1,30000
3476,1,6740
3477,1,64390
3478,1,4430
3479,1,21470
3480,1,11410
3481,1,12400
3482,1,20940
3483,1,280
3484,1,6210
3485,1,15050
3486,1,22460
3487,1,78110
3488,1,2010
3489,1,23510
3490,1,88980
3491,1,15930
3492,1,39240
3493,1,25660
3494,1,3150
3495,1,53530
3496,1,3070
3497,1,1280
3498,1,52960
3499,1,37380
3500,1,34010
3501,1,2010
3502,1,48270
3503,1,5940
3504,1,13930
3505,1,2540
3506,1,14800
3507,1,36860
3508,1,4820
3509,1,13260
3510,1,12130
3511,1,14630
3512,1,4290
3513,1,1910
3514,1,30600
3515,1,3780
3516,1,47630
3517,1,32350
3518,1,3690
3519,1,9610
3520,1,33820
3521,1,100
3522,1,500000
3523,1,26300
3524,1,32900
3525,1,1530
3526,1,12740
3527,1,2050
3528,1,23700
3529,1,1810
3530,1,2350
3531,1,57800
3532,1,9270
3533,1,500000
3534,1,40380
3535,1,6650
3536,1,4780
3537,1,21310
3538,1,5670
3539,1,11070
3540,1,7290
3541,1,13510
3542,1,4100
3543,1,5350
3544,1,21250
3545,1,13660
3546,1,23750
3547,1,106680
3548,1,14290
3549,1,32750
3550,1,14490
3551,1,44770
3552,1,7610
3553,1,26210
3554,1,11230
3555,1,2980
3556,1,52320
3557,1,44050
3558,1,16790
3559,1,2440
3560,1,10100
3561,1,27570
3562,1,20420
3563,1,40530
3564,1,13700
3565,1,2580
3566,1,20410
3567,1,7230
3568,1,9380
3569,1,56590
3570,1,440
3571,1,2430
3572,1,74750
3573,1,31460
3574,1,5990
3575,1,5930
3576,1,10110
3577,1,13040
3578,1,8500
3579,1,52620
3580,1,58370
3581,1,700
3582,1,52940
3583,1,6690
3584,1,4730
3585,1,4410
3586,1,19190
3587,1,8170
3588,1,510
3589,1,33540
3590,1,540
3591,1,32410
3592,1,5480
3593,1,31760
3594,1,18430
3595,1,47970
3596,1,6840
3597,1,2520
3598,1,44230
3599,1,15890
3600,1,970
3601,1,36110
3602,1,52200
3603,1,400
3604,1,2630
3605,1,30440
3606,1,8610
3607,1,5110
3608,1,58020
3609,1,5440
3610,1,29650
3611,1,4780
3612,1,7410
3613,1,11380
3614,1,3580
3615,1,38460
3616,1,3880
3617,1,5670
3618,1,19060
3619,1,5720
3620,1,140360
3621,1,15780
3622,1,13780
3623,1,5810
3624,1,10300
3625,1,53040
3626,1,27400
3627,1,1640
3628,1,4690
3629,1,56560
3630,1,21030
3631,1,24390
3632,1,13310
3633,1,14900
3634,1,500000
3635,1,12320
3636,1,33570
3637,1,27220
3638,1,23990
3639,1,17310
3640,1,11820
3641,1,15420
3642,1,7380
3643,1,17840
3644,1,16570
3645,1,40750
3646,1,13870
3647,1,5290
3648,1,500000
3649,1,4510
3650,1,16430
3651,1,10540
3652,1,560
3653,1,13850
3654,1,60
3655,1,3990
3656,1,6010
3657,1,3810
3658,1,16930
3659,1,122020
3660,1,29000
3661,1,9860
3662,1,6770
3663,1,6800
3664,1,18340
3665,1,11270
3666,1,670
3667,1,30960
3668,1,46130
3669,1,2090
3670,1,73750
3671,1,37290
3672,1,16110
3673,1,13040
3674,1,55830
3675,1,2150
3676,1,2300
3677,1,55180
3678,1,13660
3679,1,7240
3680,1,32260
3681,1,7430
3682,1,4620
3683,1,9490
3684,1,33770
3685,1,400
3686,1,33910
3687,1,70860
3688,1,2200
3689,1,1640
3690,1,85640
3691,1,13840
3692,1,2850
3693,1,4660
3694,1,20230
3695,1,33230
3696,1,57870
3697,1,3010
3698,1,10260
3699,1,26450
3700,1,10180
3701,1,30370
3702,1,64870
3703,1,4350
3704,1,57790
3705,1,4130
3706,1,9550
3707,1,35920
3708,1,65070
3709,1,500000
3710,1,38430
3711,1,56190
3712,1,5540
3713,1,1500
3714,1,43930
3715,1,10450
3716,1,6960
3717,1,11130
3718,1,1760
3719,1,96790
3720,1,14860
3721,1,105300
3722,1,29480
3723,1,2200
3724,1,7100
3725,1,2940
3726,1,28760
3727,1,71240
3728,1,6570
3729,1,3700
3730,1,11320
3731,1,2460
3732,1,5080
3733,1,45200
3734,1,48300
3735,1,2500
3736,1,21860
3737,1,6550
3738,1,14400
3739,1,4880
3740,1,4860
3741,1,122150
3742,1,62100
3743,1,36510
3744,1,500000
3745,1,17350
3746,1,19890
3747,1,13150
3748,1,14560
3749,1,14330
3750,1,14630
3751,1,38900
3752,1,14100
3753,1,35180
3754,1,17150
3755,1,34160
3756,1,13720
3757,1,24800
3758,1,7860
3759,1,42910
3760,1,18590
3761,1,68410
3762,1,14620
3763,1,48410
3764,1,11360
3765,1,32670
3766,1,12020
3767,1,1710
3768,1,73540
3769,1,18870
3770,1,3300
3771,1,16950
3772,1,37170
3773,1,14900
3774,1,500000
3775,1,34000
3776,1,2680
3777,1,17070
3778,1,750
3779,1,13160
3780,1,9030
3781,1,2180
3782,1,14360
3783,1,3590
3784,1,32890
3785,1,38170
3786,1,890
3787,1,35740
3788,1,13880
3789,1,14490
3790,1,15620
3791,1,20550
3792,1,24230
3793,1,1480
3794,1,6680
3795,1,53810
3796,1,24310
3797,1,54440
3798,1,6740
3799,1,4900
3800,1,37310
3801,1,14670
3802,1,17110
3803,1,6090
3804,1,8940
3805,1,6330
3806,1,5610
3807,1,6180
3808,1,9440
3809,1,17550
3810,1,13620
3811,1,4160
3812,1,7750
3813,1,840
3814,1,4530
3815,1,14130
3816,1,9160
3817,1,61530
3818,1,500000
3819,1,44240
3820,1,23240
3821,1,3630
3822,1,2380
3823,1,18670
3824,1,86060
3825,1,5470
3826,1,68360
3827,1,5410
3828,1,7380
3829,1,7050
3830,1,26440
3831,1,31590
3832,1,10480
3833,1,55750
3834,1,20410
3835,1,9280
3836,1,108080
3837,1,59770
3838,1,8770
3839,1,25750
3840,1,6910
3841,1,39310
3842,1,13930
3843,1,5650
3844,1,1800
3845,1,51830
3846,1,970
3847,1,13690
3848,1,21220
3849,1,20950
3850,1,20440
3851,1,4400
3852,1,1710
3853,1,25500
3854,1,21890
3855,1,1100
3856,1,27720
3857,1,5720
3858,1,44430
3859,1,37950
3860,1,50810
3861,1,62900
3862,1,8940
3863,1,5620
3864,1,22320
3865,1,11480
3866,1,12230
3867,1,43790
3868,1,18970
3869,1,4190
3870,1,13090
3871,1,26990
3872,1,11620
3873,1,15580
3874,1,4600
3875,1,17230
3876,1,37140
3877,1,14280
3878,1,13080
3879,1,8990
3880,1,15180
3881,1,7740
3882,1,7770
3883,1,15030
3884,1,12390
3885,1,12070
3886,1,12210
3887,1,55690
3888,1,11090
3889,1,71420
3890,1,10650
3891,1,3160
3892,1,10630
3893,1,12730
3894,1,10310
3895,1,5760
3896,1,39590
3897,1,500000
3898,1,11660
3899,1,21790
3900,1,3780
3901,1,12290
3902,1,60710
3903,1,500000
3904,1,4890
3905,1,31050
3906,1,22660
3907,1,2790
3908,1,9050
3909,1,37670
3910,1,20770
3911,1,14170
3912,1,19120
3913,1,14910
3914,1,1680
3915,1,7330
3916,1,9980
3917,1,37270
3918,1,72460
3919,1,26500
3920,1,5080
3921,1,23410
3922,1,13560
3923,1,500000
3924,1,60130
3925,1,6490
3926,1,23100
3927,1,25460
3928,1,44210
3929,1,44560
3930,1,3510
3931,1,29120
3932,1,62430
3933,1,25410
3934,1,52570
3935,1,9550
3936,1,19060
3937,1,10370
3938,1,8830
3939,1,36220
3940,1,16590
3941,1,15680
3942,1,2120
3943,1,10540
3944,1,2580
3945,1,118300
3946,1,14910
3947,1,7210
3948,1,10550
3949,1,27740
3950,1,12290
3951,1,950
3952,1,101550
3953,1,15370
3954,1,29280
3955,1,15490
3956,1,37510
3957,1,94990
3958,1,38580
3959,1,21940
3960,1,25720
3961,1,50800
3962,1,79330
3963,1,2910
3964,1,11650
3965,1,24220
3966,1,28670
3967,1,60670
3968,1,47030
3969,1,8270
3970,1,48650
3971,1,11870
3972,1,130120
3973,1,2570
3974,1,41640
3975,1,2770
3976,1,18440
3977,1,4220
3978,1,5800
3979,1,2760
3980,1,40050
3981,1,49960
3982,1,12370
3983,1,7080
3984,1,4780
3985,1,1340
3986,1,54270
3987,1,15210
3988,1,11650
3989,1,13500
3990,1,26110
3991,1,10780
3992,1,67190
3993,1,12100
3994,1,19080
3995,1,10280
3996,1,16350
3997,1,11680
3998,1,55880
3999,1,7710
4000,1,7430
4001,1,72100
4002,1,15870
4003,1,30870
4004,1,3950
4005,1,3140
4006,1,36060
4007,1,5730
4008,1,16440
4009,1,19390
4010,1,17560
4011,1,24250
4012,1,4780
4013,1,8750
4014,1,7040
4015,1,50610
4016,1,5340
4017,1,8790
4018,1,1900
4019,1,85890
4020,1,75200
4021,1,2120
4022,1,9280
4023,1,4150
4024,1,20990
4025,1,37210
4026,1,29250
4027,1,43440
4028,1,20450
4029,1,42990
4030,1,23350
4031,1,12260
4032,1,10880
4033,1,61280
4034,1,7050
4035,1,7640
4036,1,56460
4037,1,28300
4038,1,500000
4039,1,15870
4040,1,20350
4041,1,9130
4042,1,208380
4043,1,6750
4044,1,2320
4045,1,4090
4046,1,6700
4047,1,3490
4048,1,30580
4049,1,40710
4050,1,500000
4051,1,3100
4052,1,4800
4053,1,21920
4054,1,820
4055,1,5190
4056,1,5930
4057,1,18800
4058,1,36980
4059,1,4470
4060,1,8600
4061,1,2570
4062,1,5250
4063,1,3660
4064,1,4500
4065,1,2230
4066,1,8700
4067,1,48220
4068,1,22970
4069,1,34260
4070,1,1600
4071,1,51290
4072,1,13630
4073,1,4870
4074,1,55300
4075,1,20560
4076,1,9990
4077,1,13090
4078,1,35490
4079,1,39040
4080,1,9190
4081,1,21330
4082,1,7330
4083,1,2170
4084,1,640
4085,1,39980
4086,1,31630
4087,1,16770
4088,1,9650
4089,1,24560
4090,1,34200
4091,1,4220
4092,1,12610
4093,1,22010
4094,1,60170
4095,1,2680
4096,1,1760
4097,1,35640
4098,1,7600
4099,1,9090
4100,1,6890
4101,1,42290
4102,1,34160
4103,1,17930
4104,1,4350
4105,1,246500
4106,1,8780
4107,1,9990
4108,1,21440
4109,1,13770
4110,1,54210
4111,1,46270
4112,1,88390
4113,1,18150
4114,1,5960
4115,1,380170
4116,1,12400
4117,1,25770
4118,1,10840
4119,1,58070
4120,1,7340
4121,1,3960
4122,1,6910
4123,1,21170
4124,1,2780
4125,1,26470
4126,1,7860
4127,1,4130
4128,1,15850
4129,1,48460
4130,1,790
4131,1,23240
4132,1,2870
4133,1,13440
4134,1,4450
4135,1,8940
4136,1,85630
4137,1,76130
4138,1,5610
4139,1,24960
4140,1,17060
4141,1,8460
4142,1,45730
4143,1,195780
4144,1,29800
4145,1,15450
4146,1,17060
4147,1,21790
4148,1,2340
4149,1,18260
4150,1,9390
4151,1,2810
4152,1,5980
4153,1,33750
4154,1,9760
4155,1,2350
4156,1,16400
4157,1,9600
4158,1,51000
4159,1,164810
4160,1,4990
4161,1,55770
4162,1,33110
4163,1,1920
4164,1,5170
4165,1,17270
4166,1,2310
4167,1,39180
4168,1,11850
4169,1,19010
4170,1,112630
4171,1,18350
4172,1,49510
4173,1,26280
4174,1,10510
4175,1,4180
4176,1,1380
4177,1,3280
4178,1,42180
4179,1,33980
4180,1,18000
4181,1,9670
4182,1,36090
4183,1,64110
4184,1,30050
4185,1,21120
4186,1,94300
4187,1,24490
4188,1,27160
4189,1,6620
4190,1,18030
4191,1,26540
4192,1,2020
4193,1,3660
4194,1,9710
4195,1,29900
4196,1,10650
4197,1,1400
4198,1,3570
4199,1,51390
4200,1,4790
4201,1,6060
4202,1,20590
4203,1,29070
4204,1,18410
4205,1,1320
4206,1,9580
4207,1,4520
4208,1,11010
4209,1,4010
4210,1,25950
4211,1,2440
4212,1,2940
4213,1,4770
4214,1,3560
4215,1,56130
4216,1,8410
4217,1,10720
4218,1,2320
4219,1,7350
4220,1,13750
4221,1,16460
4222,1,71450
4223,1,700
4224,1,56570
4225,1,23630
4226,1,88740
4227,1,5730
4228,1,37980
4229,1,5540
4230,1,3780
4231,1,4480
4232,1,26390
4233,1,20700
4234,1,32170
4235,1,25500
4236,1,25630
4237,1,1760
4238,1,2440
4239,1,9510
4240,1,50000
4241,1,17950
4242,1,8130
4243,1,1580
4244,1,20470
4245,1,1320
4246,1,17650
4247,1,92140
4248,1,50390
4249,1,4240
4250,1,5850
4251,1,316200
4252,1,16630
4253,1,5600
4254,1,19600
4255,1,112950
4256,1,39330
4257,1,3000
4258,1,107490
4259,1,1040
4260,1,18920
4261,1,21740
4262,1,30750
4263,1,58710
4264,1,11850
4265,1,40270
4266,1,9840
4267,1,500000
4268,1,10390
4269,1,22620
4270,1,13880
4271,1,11350
4272,1,4200
4273,1,7180
4274,1,104670
4275,1,13810
4276,1,1800
4277,1,18830
4278,1,2370
4279,1,1830
4280,1,24640
4281,1,15140
4282,1,15030
4283,1,50390
4284,1,23210
4285,1,18780
4286,1,55800
4287,1,14610
4288,1,33400
4289,1,30890
4290,1,11540
4291,1,140950
4292,1,33210
4293,1,3210
4294,1,6810
4295,1,72730
4296,1,27880
4297,1,14100
4298,1,10990
4299,1,17670
4300,1,8190
4301,1,34260
4302,1,8440
4303,1,4110
4304,1,45310
4305,1,17400
4306,1,500
4307,1,11870
4308,1,12750
4309,1,20050
4310,1,2760
4311,1,11900
4312,1,9530
4313,1,9680
4314,1,14180
4315,1,29250
4316,1,3490
4317,1,37400
4318,1,78390
4319,1,500000
4320,1,33170
4321,1,11310
4322,1,11730
4323,1,12860
4324,1,22500
4325,1,33130
4326,1,28780
4327,1,3770
4328,1,5870
4329,1,20970
4330,1,67870
4331,1,12170
4332,1,26310
4333,1,19140
4334,1,19800
4335,1,38730
4336,1,2690
4337,1,19630
4338,1,17370
4339,1,4900
4340,1,10570
4341,1,12540
4342,1,8230
4343,1,18360
4344,1,27600
4345,1,12630
4346,1,8290
4347,1,14750
4348,1,11960
4349,1,17170
4350,1,23300
4351,1,23140
4352,1,10800
4353,1,2360
4354,1,33740
4355,1,6900
4356,1,20610
4357,1,87140
4358,1,12480
4359,1,10610
4360,1,15290
4361,1,9280
4362,1,9180
4363,1,52960
4364,1,53960
4365,1,50890
4366,1,6700
4367,1,3700
4368,1,19510
4369,1,16140
4370,1,31770
4371,1,3930
4372,1,2480
4373,1,7830
4374,1,520
4375,1,12670
4376,1,13920
4377,1,3090
4378,1,14860
4379,1,7080
4380,1,20400
4381,1,27860
4382,1,16590
4383,1,57400
4384,1,44890
4385,1,13900
4386,1,17220
4387,1,14300
4388,1,22830
4389,1,30590
4390,1,8950
4391,1,2960
4392,1,16480
4393,1,27840
4394,1,500
4395,1,10020
4396,1,41900
4397,1,20470
4398,1,4730
4399,1,38630
4400,1,1040
4401,1,19560
4402,1,6030
4403,1,17150
4404,1,1740
4405,1,31570
4406,1,136810
4407,1,2000
4408,1,2480
4409,1,32070
4410,1,22990
4411,1,41410
4412,1,1070
4413,1,5330
4414,1,73480
4415,1,1170
4416,1,94450
4417,1,31620
4418,1,9490
4419,1,6570
4420,1,1200
4421,1,21700
4422,1,15360
4423,1,45370
4424,1,10350
4425,1,30270
4426,1,23540
4427,1,13480
4428,1,6020
4429,1,19000
4430,1,1410
4431,1,50480
4432,1,9470
4433,1,29280
4434,1,57210
4435,1,6710
4436,1,7190
4437,1,140830
4438,1,12520
4439,1,8140
4440,1,29460
4441,1,37120
4442,1,35000
4443,1,98420
4444,1,22260
4445,1,2330
4446,1,6990
4447,1,25780
4448,1,22680
4449,1,5260
4450,1,26780
4451,1,17170
4452,1,14630
4453,1,33310
4454,1,32630
4455,1,9620
4456,1,24470
4457,1,13870
4458,1,49940
4459,1,31540
4460,1,34280
4461,1,24450
4462,1,5850
4463,1,223340
4464,1,7860
4465,1,20180
4466,1,18690
4467,1,3180
4468,1,5510
4469,1,19260
4470,1,18470
4471,1,20430
4472,1,6200
4473,1,4650
4474,1,1480
4475,1,74270
4476,1,3820
4477,1,7230
4478,1,14390
4479,1,16540
4480,1,64930
4481,1,25980
4482,1,12840
4483,1,4070
4484,1,10120
4485,1,14820
4486,1,1940
4487,1,13090
4488,1,32130
4489,1,21370
4490,1,7100
4491,1,18910
4492,1,11060
4493,1,8690
4494,1,3870
4495,1,5630
4496,1,2080
4497,1,4370
4498,1,29890
4499,1,33880
4500,1,21130
4501,1,26800
4502,1,10040
4503,1,16890
4504,1,40890
4505,1,20750
4506,1,7670
4507,1,3610
4508,1,20260
4509,1,11100
4510,1,43190
4511,1,91570
4512,1,31630
4513,1,36780
4514,1,14660
4515,1,28490
4516,1,60790
4517,1,6820
4518,1,32340
4519,1,1840
4520,1,14660
4521,1,2200
4522,1,18020
4523,1,370
4524,1,16860
4525,1,16510
4526,1,41210
4527,1,26100
4528,1,7240
4529,1,16590
4530,1,19510
4531,1,65370
4532,1,43000
4533,1,9800
4534,1,14640
4535,1,4260
4536,1,5070
4537,1,14140
4538,1,8280
4539,1,7050
4540,1,7420
4541,1,14380
4542,1,16370
4543,1,7870
4544,1,5710
4545,1,25930
4546,1,27790
4547,1,14740
4548,1,22940
4549,1,9130
4550,1,23890
4551,1,35790
4552,1,2240
4553,1,29920
4554,1,20770
4555,1,2530
4556,1,15570
4557,1,16700
4558,1,1110
4559,1,420
4560,1,33430
4561,1,33120
4562,1,6520
4563,1,5620
4564,1,4060
4565,1,10790
4566,1,6410
4567,1,28820
4568,1,26820
4569,1,8110
4570,1,17590
4571,1,4720
4572,1,21390
4573,1,17870
4574,1,2690
4575,1,23640
4576,1,6110
4577,1,12820
4578,1,9230
4579,1,42210
4580,1,11580
4581,1,15120
4582,1,72520
4583,1,12870
4584,1,21310
4585,1,32400
4586,1,4860
4587,1,10530
4588,1,11630
4589,1,18300
4590,1,9520
4591,1,13190
4592,1,10850
4593,1,23400
4594,1,49020
4595,1,13330
4596,1,31960
4597,1,23920
4598,1,14140
4599,1,27780
4600,1,170730
4601,1,1980
4602,1,22370
4603,1,18370
4604,1,11450
4605,1,4280
4606,1,125530
4607,1,35430
4608,1,36370
4609,1,8490
4610,1,15540
4611,1,7270
4612,1,25780
4613,1,15470
4614,1,9760
4615,1,3880
4616,1,13450
4617,1,44330
4618,1,45670
4619,1,30900
4620,1,19740
4621,1,4120
4622,1,15850
4623,1,2950
4624,1,9410
4625,1,14840
4626,1,42190
4627,1,48650
4628,1,500000
4629,1,560
4630,1,20730
4631,1,60060
4632,1,4690
4633,1,15170
4634,1,32020
4635,1,10670
4636,1,38020
4637,1,27520
4638,1,7490
4639,1,52800
4640,1,28710
4641,1,15690
4642,1,7240
4643,1,21770
4644,1,12600
4645,1,1900
4646,1,2400
4647,1,6730
4648,1,69380
4649,1,11380
4650,1,75480
4651,1,19110
4652,1,13070
4653,1,33810
4654,1,4540
4655,1,9040
4656,1,21950
4657,1,9070
4658,1,57920
4659,1,9660
4660,1,1680
4661,1,5730
4662,1,4660
4663,1,24040
4664,1,2170
4665,1,4540
4666,1,14990
4667,1,7240
4668,1,9600
4669,1,38430
4670,1,4960
4671,1,18280
4672,1,65730
4673,1,15250
4674,1,6960
4675,1,42250
4676,1,39610
4677,1,3290
4678,1,79330
4679,1,14800
4680,1,15290
4681,1,11660
4682,1,8280
4683,1,12770
4684,1,2860
4685,1,70710
4686,1,22950
4687,1,9360
4688,1,240
4689,1,6760
4690,1,11860
4691,1,2950
4692,1,14200
4693,1,14730
4694,1,120670
4695,1,29660
4696,1,2630
4697,1,32520
4698,1,35640
4699,1,560
4700,1,42640
4701,1,57840
4702,1,37530
4703,1,11480
4704,1,5650
4705,1,2340
4706,1,5760
4707,1,36530
4708,1,39210
4709,1,9740
4710,1,24020
4711,1,6090
4712,1,3280
4713,1,3130
4714,1,118270
4715,1,8370
4716,1,1490
4717,1,9520
4718,1,28600
4719,1,18570
4720,1,15410
4721,1,31320
4722,1,12770
4723,1,12590
4724,1,69400
4725,1,12490
4726,1,4120
4727,1,4190
4728,1,4970
4729,1,69620
4730,1,11520
4731,1,29930
4732,1,9930
4733,1,10700
4734,1,91720
4735,1,6050
4736,1,55580
4737,1,12230
4738,1,21480
4739,1,13730
4740,1,13660
4741,1,21700
4742,1,21920
4743,1,33780
4744,1,134840
4745,1,7330
4746,1,34340
4747,1,2720
4748,1,23090
4749,1,6410
4750,1,19070
4751,1,1360
4752,1,16720
4753,1,21010
4754,1,17430
4755,1,14450
4756,1,16490
4757,1,7140
4758,1,6180
4759,1,15360
4760,1,44660
4761,1,19130
4762,1,17960
4763,1,7990
4764,1,11530
4765,1,70790
4766,1,32100
4767,1,82170
4768,1,64910
4769,1,30700
4770,1,17340
4771,1,14040
4772,1,11720
4773,1,40580
4774,1,9130
4775,1,9920
4776,1,500000
4777,1,6640
4778,1,10800
4779,1,35920
4780,1,21220
4781,1,11920
4782,1,7000
4783,1,33420
4784,1,15960
4785,1,4730
4786,1,1990
4787,1,7820
4788,1,97040
4789,1,14660
4790,1,1300
4791,1,67100
4792,1,16610
4793,1,8400
4794,1,11830
4795,1,25680
4796,1,7500
4797,1,140020
4798,1,10180
4799,1,11880
4800,1,11320
4801,1,11570
4802,1,3210
4803,1,111010
4804,1,7110
4805,1,14240
4806,1,29790
4807,1,38820
4808,1,6210
4809,1,10120
4810,1,11920
4811,1,51250
4812,1,18030
4813,1,98470
4814,1,14290
4815,1,17410
4816,1,8720
4817,1,16100
4818,1,15150
4819,1,83520
4820,1,11510
4821,1,11970
4822,1,24370
4823,1,25000
4824,1,50010
4825,1,12080
4826,1,27000
4827,1,5210
4828,1,500000
4829,1,2870
4830,1,6260
4831,1,22070
4832,1,1370
4833,1,28040
4834,1,17330
4835,1,5630
4836,1,5810
4837,1,18230
4838,1,31040
4839,1,10970
4840,1,730
4841,1,38470
4842,1,30980
4843,1,17300
4844,1,55210
4845,1,13140
4846,1,26010
4847,1,670
4848,1,43170
4849,1,5410
4850,1,43810
4851,1,32010
4852,1,3900
4853,1,1820
4854,1,13760
4855,1,23500
4856,1,2640
4857,1,20270
4858,1,21720
4859,1,16750
4860,1,12580
4861,1,33290
4862,1,360
4863,1,26110
4864,1,60450
4865,1,108560
4866,1,6040
4867,1,11280
4868,1,8210
4869,1,51920
4870,1,7590
4871,1,1870
4872,1,2860
4873,1,36100
4874,1,500000
4875,1,36560
4876,1,226970
4877,1,21850
4878,1,14700
4879,1,18680
4880,1,5150
4881,1,15840
4882,1,6070
4883,1,5550
4884,1,17110
4885,1,20760
4886,1,12680
4887,1,11240
4888,1,8390
4889,1,14170
4890,1,29110
4891,1,7900
4892,1,5090
4893,1,3320
4894,1,9070
4895,1,14700
4896,1,2450
4897,1,25750
4898,1,24420
4899,1,5790
4900,1,1120
4901,1,8400
4902,1,12520
4903,1,18620
4904,1,5070
4905,1,9730
4906,1,24570
4907,1,730
4908,1,10010
4909,1,750
4910,1,2730
4911,1,11400
4912,1,27040
4913,1,54370
4914,1,33980
4915,1,5210
4916,1,10690
4917,1,10080
4918,1,5940
4919,1,75430
4920,1,13600
4921,1,6340
4922,1,10170
4923,1,6750
4924,1,18780
4925,1,20390
4926,1,48140
4927,1,101140
4928,1,4640
4929,1,27660
4930,1,18260
4931,1,33950
4932,1,23940
4933,1,35730
4934,1,17400
4935,1,12550
4936,1,9610
4937,1,42360
4938,1,33930
4939,1,37380
4940,1,12730
4941,1,42350
4942,1,13420
4943,1,14900
4944,1,14700
4945,1,123800
4946,1,4390
4947,1,16320
4948,1,65920
4949,1,19950
4950,1,20790
4951,1,22670
4952,1,36090
4953,1,36750
4954,1,11420
4955,1,19910
4956,1,17450
4957,1,1370
4958,1,49400
4959,1,3770
4960,1,20380
4961,1,19690
4962,1,3280
4963,1,5860
4964,1,29140
4965,1,5010
4966,1,12100
4967,1,11180
4968,1,56680
4969,1,17350
4970,1,25780
4971,1,6470
4972,1,17750
4973,1,136160
4974,1,3900
4975,1,4350
4976,1,35500
4977,1,19870
4978,1,37030
4979,1,980
4980,1,2290
4981,1,1670
4982,1,41280
4983,1,108080
4984,1,25590
4985,1,37080
4986,1,54410
4987,1,33440
4988,1,10040
4989,1,19250
4990,1,17830
4991,1,63970
4992,1,6450
4993,1,35110
4994,1,9950
4995,1,33540
4996,1,17400
4997,1,26960
4998,1,26290
4999,1,73180
5000,1,15620
5001,1,31530
5002,1,53940
5003,1,4420
5004,1,18820
5005,1,16710
5006,1,10880
5007,1,12350
5008,1,16370
5009,1,68070
5010,1,3920
5011,1,2450
5012,1,16150
5013,1,6700
5014,1,14350
5015,1,1990
5016,1,19000
5017,1,28940
5018,1,14160
5019,1,4040
5020,1,26750
5021,1,10420
5022,1,16050
5023,1,10830
5024,1,25390
5025,1,31800
5026,1,4940
5027,1,37390
5028,1,1780
5029,1,58150
5030,1,28350
5031,1,6440
5032,1,4480
5033,1,24290
5034,1,6840
5035,1,25280
5036,1,960
5037,1,13460
5038,1,15590
5039,1,65980
5040,1,16440
5041,1,68110
5042,1,5370
5043,1,21430
5044,1,22110
5045,1,47750
5046,1,6380
5047,1,15500
5048,1,15020
5049,1,21980
5050,1,22420
5051,1,17080
5052,1,185970
5053,1,9060
5054,1,52290
5055,1,19530
5056,1,22360
5057,1,22110
5058,1,5350
5059,1,21220
5060,1,24880
5061,1,1240
5062,1,7190
5063,1,10190
5064,1,1360
5065,1,12120
5066,1,5640
5067,1,28700
5068,1,6170
5069,1,34320
5070,1,4300
5071,1,20210
5072,1,22680
5073,1,500000
5074,1,5190
5075,1,34350
5076,1,29770
5077,1,39010
5078,1,49250
5079,1,35390
5080,1,27910
5081,1,8660
5082,1,11000
5083,1,17270
5084,1,22560
5085,1,43600
5086,1,105940
5087,1,15280
5088,1,6980
5089,1,4770
5090,1,3660
5091,1,5980
5092,1,2760
5093,1,9230
5094,1,6470
5095,1,21260
5096,1,4230
5097,1,43890
5098,1,63080
5099,1,3140
5100,1,7790
5101,1,6270
5102,1,4510
5103,1,12270
5104,1,8100
5105,1,10000
5106,1,30880
5107,1,43170
5108,1,6650
5109,1,1780
5110,1,27920
5111,1,36380
5112,1,118600
5113,1,7200
5114,1,2350
5115,1,7530
5116,1,11080
5117,1,3390
5118,1,36620
5119,1,4170
5120,1,500000
5121,1,22640
5122,1,28330
5123,1,11240
5124,1,2990
5125,1,13480
5126,1,42170
5127,1,12040
5128,1,31720
5129,1,107380
5130,1,42500
5131,1,6140
5132,1,6830
5133,1,6140
5134,1,22600
5135,1,12290
5136,1,5310
5137,1,3460
5138,1,25540
5139,1,14810
5140,1,7440
5141,1,2410
5142,1,12850
5143,1,13070
5144,1,9950
5145,1,9580
5146,1,31010
5147,1,30230
5148,1,8530
5149,1,22220
5150,1,34310
5151,1,36410
5152,1,10940
5153,1,12860
5154,1,30740
5155,1,37610
5156,1,20740
5157,1,15480
5158,1,29810
5159,1,9270
5160,1,36190
5161,1,24480
5162,1,68440
5163,1,18830
5164,1,6790
5165,1,10990
5166,1,12400
5167,1,48460
5168,1,5740
5169,1,5880
5170,1,15060
5171,1,15750
5172,1,129790
5173,1,53720
5174,1,51920
5175,1,34120
5176,1,23870
5177,1,4030
5178,1,18850
5179,1,32620
5180,1,10370
5181,1,20440
5182,1,9090
5183,1,6740
5184,1,12990
5185,1,17960
5186,1,9720
5187,1,26940
5188,1,31630
5189,1,55820
5190,1,1300
5191,1,4010
5192,1,23900
5193,1,26690
5194,1,38980
5195,1,85450
5196,1,17010
5197,1,24460
5198,1,2500
5199,1,24320
5200,1,15210
5201,1,35910
5202,1,25990
5203,1,15140
5204,1,43440
5205,1,41450
5206,1,67340
5207,1,37650
5208,1,1640
5209,1,34420
5210,1,4190
5211,1,39190
5212,1,1880
5213,1,31170
5214,1,8560
5215,1,13910
5216,1,8790
5217,1,22090
5218,1,500000
5219,1,28250
5220,1,3570
5221,1,49710
5222,1,14560
5223,1,40590
5224,1,21540
5225,1,31090
5226,1,70280
5227,1,29860
5228,1,28150
5229,1,4300
5230,1,11160
5231,1,6970
5232,1,6950
5233,1,16060
5234,1,28650
5235,1,5640
5236,1,44690
5237,1,9000
5238,1,22200
5239,1,27300
5240,1,58370
5241,1,11350
5242,1,14220
5243,1,12000
5244,1,3090
5245,1,41920
5246,1,5820
5247,1,23170
5248,1,18340
5249,1,31260
5250,1,1360
5251,1,105530
5252,1,26090
5253,1,3450
5254,1,3700
5255,1,19350
5256,1,3250
5257,1,6040
5258,1,54050
5259,1,17640
5260,1,60890
5261,1,35800
5262,1,38760
5263,1,14630
5264,1,7820
5265,1,5260
5266,1,10590
5267,1,34690
5268,1,11820
5269,1,21740
5270,1,22190
5271,1,16790
5272,1,34750
5273,1,39950
5274,1,5170
5275,1,33280
5276,1,7140
5277,1,97260
5278,1,27530
5279,1,57160
5280,1,33810
5281,1,38540
5282,1,12010
5283,1,79790
5284,1,11140
5285,1,23970
5286,1,13450
5287,1,11910
5288,1,17260
5289,1,5470
5290,1,4860
5291,1,6690
5292,1,5240
5293,1,23830
5294,1,30760
5295,1,36230
5296,1,1670
5297,1,23130
5298,1,1710
5299,1,104220
5300,1,59290
5301,1,4790
5302,1,5380
5303,1,13450
5304,1,18560
5305,1,24810
5306,1,32320
5307,1,21430
5308,1,16870
5309,1,3060
5310,1,48400
5311,1,2620
5312,1,56010
5313,1,22240
5314,1,31290
5315,1,47620
5316,1,7850
5317,1,30880
5318,1,7620
5319,1,40820
5320,1,6560
5321,1,8530
5322,1,25670
5323,1,34870
5324,1,22820
5325,1,244290
5326,1,500000
5327,1,60150
5328,1,12520
5329,1,13720
5330,1,17570
5331,1,1570
5332,1,8910
5333,1,2440
5334,1,10410
5335,1,10570
5336,1,76490
5337,1,8230
5338,1,4090
5339,1,4510
5340,1,3850
5341,1,16700
5342,1,5410
5343,1,84830
5344,1,41770
5345,1,46810
5346,1,23450
5347,1,7940
5348,1,6250
5349,1,15870
5350,1,36070
5351,1,11360
5352,1,5490
5353,1,18740
5354,1,9580
5355,1,29530
5356,1,15740
5357,1,1060
5358,1,4120
5359,1,10600
5360,1,500000
5361,1,63380
5362,1,1530
5363,1,6820
5364,1,9100
5365,1,23100
5366,1,27440
5367,1,16420
5368,1,7420
5369,1,20200
5370,1,650
5371,1,32600
5372,1,5060
5373,1,21000
5374,1,31480
5375,1,28790
5376,1,39360
5377,1,44230
5378,1,990
5379,1,28950
5380,1,7840
5381,1,3900
5382,1,18620
5383,1,920
5384,1,10730
5385,1,5610
5386,1,33680
5387,1,11780
5388,1,100
5389,1,13450
5390,1,6470
5391,1,16800
5392,1,4440
5393,1,2910
5394,1,8310
5395,1,5610
5396,1,6860
5397,1,1380
5398,1,6110
5399,1,3080
5400,1,15810
5401,1,35170
5402,1,16090
5403,1,24350
5404,1,13420
5405,1,31440
5406,1,2690
5407,1,45860
5408,1,22070
5409,1,15320
5410,1,14510
5411,1,5450
5412,1,21570
5413,1,53910
5414,1,2240
5415,1,31070
5416,1,38880
5417,1,21650
5418,1,6700
5419,1,92520
5420,1,26530
5421,1,49880
5422,1,7370
5423,1,37260
5424,1,16230
5425,1,9030
5426,1,15520
5427,1,6300
5428,1,88040
5429,1,124200
5430,1,57050
5431,1,72060
5432,1,11440
5433,1,19180
5434,1,26910
5435,1,9980
5436,1,25800
5437,1,3370
5438,1,22550
5439,1,13610
5440,1,34330
5441,1,10650
5442,1,117380
5443,1,34340
5444,1,17860
5445,1,108540
5446,1,11140
5447,1,47230
5448,1,15480
5449,1,24870
5450,1,18090
5451,1,28920
5452,1,4290
5453,1,700
5454,1,1630
5455,1,19990
5456,1,5040
5457,1,11480
5458,1,21010
5459,1,18330
5460,1,4000
5461,1,12330
5462,1,24820
5463,1,115930
5464,1,7120
5465,1,27220
5466,1,3480
5467,1,29490
5468,1,29670
5469,1,20930
5470,1,2160
5471,1,7440
5472,1,8170
5473,1,28060
5474,1,51320
5475,1,2280
5476,1,4110
5477,1,4820
5478,1,46550
5479,1,17360
5480,1,17550
5481,1,23190
5482,1,35840
5483,1,500000
5484,1,55870
5485,1,4240
5486,1,1190
5487,1,12100
5488,1,2950
5489,1,6120
5490,1,42840
5491,1,10700
5492,1,115130
5493,1,5640
5494,1,15850
5495,1,9470
5496,1,34290
5497,1,4080
5498,1,46490
5499,1,30270
5500,1,22690
5501,1,3290
5502,1,2510
5503,1,25570
5504,1,6730
5505,1,35560
5506,1,32760
5507,1,18130
5508,1,8580
5509,1,6310
5510,1,1280
5511,1,12720
5512,1,12760
5513,1,38950
5514,1,51380
5515,1,6090
5516,1,17580
5517,1,9720
5518,1,4440
5519,1,9340
5520,1,3970
5521,1,14460
5522,1,32360
5523,1,1350
5524,1,3270
5525,1,56540
5526,1,500000
5527,1,9240
5528,1,1640
5529,1,16730
5530,1,500000
5531,1,51350
5532,1,8670
5533,1,25830
5534,1,24860
5535,1,74680
5536,1,7720
5537,1,15420
5538,1,19670
5539,1,109080
5540,1,13690
5541,1,6620
5542,1,28650
5543,1,20350
5544,1,27430
5545,1,28480
5546,1,37110
5547,1,22890
5548,1,11300
5549,1,23800
5550,1,20090
5551,1,344860
5552,1,12380
5553,1,51650
5554,1,14870
5555,1,58160
5556,1,32350
5557,1,101740
5558,1,14700
5559,1,39270
5560,1,31640
5561,1,39200
5562,1,51860
5563,1,860
5564,1,54060
5565,1,39860
5566,1,3420
5567,1,21010
5568,1,10160
5569,1,36880
5570,1,15970
5571,1,19520
5572,1,7770
5573,1,28600
5574,1,10970
5575,1,790
5576,1,41400
5577,1,66730
5578,1,46750
5579,1,32890
5580,1,14160
5581,1,1780
5582,1,17430
5583,1,7550
5584,1,12650
5585,1,67310
5586,1,11290
5587,1,2780
5588,1,26590
5589,1,8490
5590,1,29510
5591,1,1640
5592,1,5050
5593,1,1850
5594,1,10650
5595,1,640
5596,1,1940
5597,1,7110
5598,1,23330
5599,1,2080
5600,1,8160
5601,1,23410
5602,1,21220
5603,1,11140
5604,1,24450
5605,1,11670
5606,1,30810
5607,1,14490
5608,1,12170
5609,1,44350
5610,1,7470
5611,1,46940
5612,1,190070
5613,1,6140
5614,1,54210
5615,1,4550
5616,1,13180
5617,1,5480
5618,1,13260
5619,1,29170
5620,1,15720
5621,1,74100
5622,1,12300
5623,1,6900
5624,1,30110
5625,1,2630
5626,1,8870
5627,1,17630
5628,1,4020
5629,1,32500
5630,1,8000
5631,1,50710
5632,1,34480
5633,1,88760
5634,1,15460
5635,1,3300
5636,1,11760
5637,1,68260
5638,1,70560
5639,1,11380
5640,1,740
5641,1,13900
5642,1,18770
5643,1,13130
5644,1,6280
5645,1,23480
5646,1,10030
5647,1,73050
5648,1,38720
5649,1,23110
5650,1,17170
5651,1,7970
5652,1,84610
5653,1,3190
5654,1,47020
5655,1,47370
5656,1,13530
5657,1,10280
5658,1,6020
5659,1,25860
5660,1,19290
5661,1,2180
5662,1,35620
5663,1,14980
5664,1,31280
5665,1,87500
5666,1,2180
5667,1,7980
5668,1,5480
5669,1,80370
5670,1,1770
5671,1,2010
5672,1,6990
5673,1,7330
5674,1,8400
5675,1,19590
5676,1,40690
5677,1,2920
5678,1,11510
5679,1,5560
5680,1,2130
5681,1,19670
5682,1,7340
5683,1,13690
5684,1,2900
5685,1,9290
5686,1,14030
5687,1,34520
5688,1,51120
5689,1,3490
5690,1,15170
5691,1,7520
5692,1,6250
5693,1,4870
5694,1,16920
5695,1,105610
5696,1,1520
5697,1,60980
5698,1,15790
5699,1,500000
5700,1,204010
5701,1,9870
5702,1,4150
5703,1,58230
5704,1,16040
5705,1,10730
5706,1,6550
5707,1,8740
5708,1,16830
5709,1,21840
5710,1,5070
5711,1,7840
5712,1,12410
5713,1,5460
5714,1,17690
5715,1,24800
5716,1,106890
5717,1,104640
5718,1,35990
5719,1,2720
5720,1,10040
5721,1,7090
5722,1,15160
5723,1,350
5724,1,5930
5725,1,53740
5726,1,34050
5727,1,35480
5728,1,150
5729,1,9950
5730,1,3230
5731,1,12700
5732,1,9870
5733,1,30640
5734,1,12620
5735,1,6410
5736,1,6630
5737,1,13720
5738,1,28210
5739,1,26250
5740,1,17190
5741,1,22190
5742,1,13950
5743,1,17120
5744,1,16950
5745,1,59010
5746,1,20760
5747,1,41210
5748,1,4380
5749,1,3360
5750,1,33350
5751,1,21160
5752,1,14330
5753,1,61980
5754,1,3060
5755,1,24590
5756,1,14530
5757,1,17960
5758,1,13690
5759,1,7100
5760,1,3350
5761,1,4330
5762,1,49970
5763,1,7980
5764,1,25860
5765,1,32120
5766,1,5050
5767,1,10200
5768,1,44530
5769,1,18500
5770,1,4140
5771,1,44370
5772,1,15440
5773,1,1480
5774,1,3530
5775,1,6710
5776,1,20000
5777,1,25100
5778,1,18680
5779,1,4910
5780,1,5180
5781,1,56130
5782,1,6150
5783,1,16410
5784,1,67630
5785,1,18940
5786,1,33330
5787,1,35000
5788,1,12970
5789,1,24250
5790,1,1060
5791,1,39790
5792,1,13890
5793,1,30070
5794,1,12240
5795,1,10420
5796,1,37740
5797,1,500000
5798,1,14680
5799,1,42950
5800,1,5890
5801,1,7770
5802,1,42150
5803,1,53790
5804,1,6240
5805,1,31750
5806,1,31190
5807,1,4630
5808,1,44390
5809,1,12490
5810,1,730
5811,1,43210
5812,1,8660
5813,1,5530
5814,1,2440
5815,1,22820
5816,1,6380
5817,1,21100
5818,1,50740
5819,1,4080
5820,1,36040
5821,1,31870
5822,1,8430
5823,1,39480
5824,1,3850
5825,1,45170
5826,1,30850
5827,1,5570
5828,1,13240
5829,1,4820
5830,1,23240
5831,1,122550
5832,1,106610
5833,1,7950
5834,1,19080
5835,1,4510
5836,1,3500
5837,1,49770
5838,1,2780
5839,1,44330
5840,1,25720
5841,1,13920
5842,1,14840
5843,1,36730
5844,1,25550
5845,1,18980
5846,1,175470
5847,1,18720
5848,1,23200
5849,1,17740
5850,1,188020
5851,1,4610
5852,1,4060
5853,1,109480
5854,1,11700
5855,1,26210
5856,1,7090
5857,1,11130
5858,1,18970
5859,1,70420
5860,1,2750
5861,1,7810
5862,1,5920
5863,1,25580
5864,1,380
5865,1,1900
5866,1,34220
5867,1,1410
5868,1,7320
5869,1,26200
5870,1,9960
5871,1,37920
5872,1,4450
5873,1,15750
5874,1,34570
5875,1,46990
5876,1,9800
5877,1,8260
5878,1,88820
5879,1,20220
5880,1,39090
5881,1,8080
5882,1,14020
5883,1,500000
5884,1,9950
5885,1,25650
5886,1,16120
5887,1,3160
5888,1,740
5889,1,2930
5890,1,16700
5891,1,6200
5892,1,3900
5893,1,3750
5894,1,7180
5895,1,15660
5896,1,6240
5897,1,11600
5898,1,60690
5899,1,29190
5900,1,8850
5901,1,39240
5902,1,8490
5903,1,17960
5904,1,15130
5905,1,6070
5906,1,5870
5907,1,5880
5908,1,7500
5909,1,47010
5910,1,16480
5911,1,12290
5912,1,36820
5913,1,82260
5914,1,9170
5915,1,26110
5916,1,51610
5917,1,187850
5918,1,10860
5919,1,8310
5920,1,18980
5921,1,12170
5922,1,12790
5923,1,26510
5924,1,10820
5925,1,34630
5926,1,33350
5927,1,10900
5928,1,66520
5929,1,30860
5930,1,17730
5931,1,19120
5932,1,36720
5933,1,3680
5934,1,31470
5935,1,10230
5936,1,29720
5937,1,4510
5938,1,500000
5939,1,23950
5940,1,7620
5941,1,10540
5942,1,33070
5943,1,9490
5944,1,26110
5945,1,1670
5946,1,7580
5947,1,21530
5948,1,17990
5949,1,23720
5950,1,45370
5951,1,3510
5952,1,18600
5953,1,18920
5954,1,2850
5955,1,14870
5956,1,34830
5957,1,1780
5958,1,14630
5959,1,23900
5960,1,9720
5961,1,96440
5962,1,500000
5963,1,29550
5964,1,9470
5965,1,3720
5966,1,43420
5967,1,8810
5968,1,32580
5969,1,4220
5970,1,8390
5971,1,5150
5972,1,7840
5973,1,5100
5974,1,18270
5975,1,30190
5976,1,40520
5977,1,16820
5978,1,27320
5979,1,3440
5980,1,2330
5981,1,19490
5982,1,28550
5983,1,34430
5984,1,31020
5985,1,8270
5986,1,24710
5987,1,29470
5988,1,36060
5989,1,18980
5990,1,4970
5991,1,16480
5992,1,46020
5993,1,14680
5994,1,39470
5995,1,34190
5996,1,54960
5997,1,17660
5998,1,123050
5999,1,6990
6000,1,16940
6001,1,7000
6002,1,22390
6003,1,10140
6004,1,23970
6005,1,9720
6006,1,1380
6007,1,17910
6008,1,41710
6009,1,14280
6010,1,76180
6011,1,5290
6012,1,10110
6013,1,13880
6014,1,21150
6015,1,9940
6016,1,74380
6017,1,17180
6018,1,10170
6019,1,2210
6020,1,12460
6021,1,23330
6022,1,8560
6023,1,13740
6024,1,4440
6025,1,12890
6026,1,14820
6027,1,150230
6028,1,57520
6029,1,1180
6030,1,4810
6031,1,6050
6032,1,3120
6033,1,31930
6034,1,17220
6035,1,4820
6036,1,44880
6037,1,95770
6038,1,8250
6039,1,3200
6040,1,23920
6041,1,57320
6042,1,5900
6043,1,17380
6044,1,3170
6045,1,13760
6046,1,17600
6047,1,19710
6048,1,11500
6049,1,22350
6050,1,5090
6051,1,31970
6052,1,37860
6053,1,17540
6054,1,7620
6055,1,13360
6056,1,1510
6057,1,17670
6058,1,34100
6059,1,45700
6060,1,8980
6061,1,24210
6062,1,29370
6063,1,19660
6064,1,13620
6065,1,23990
6066,1,14570
6067,1,24760
6068,1,33810
6069,1,10630
6070,1,1160
6071,1,7830
6072,1,7810
6073,1,7470
6074,1,78530
6075,1,57670
6076,1,3320
6077,1,1460
6078,1,9160
6079,1,45780
6080,1,30280
6081,1,2030
6082,1,34040
6083,1,4830
6084,1,2610
6085,1,9690
6086,1,12170
6087,1,2360
6088,1,8570
6089,1,2530
6090,1,3560
6091,1,10160
6092,1,13500
6093,1,11500
6094,1,33450
6095,1,7060
6096,1,5710
6097,1,40140
6098,1,135520
6099,1,10970
6100,1,117420
6101,1,44420
6102,1,13710
6103,1,25720
6104,1,10260
6105,1,15210
6106,1,31930
6107,1,8010
6108,1,71450
6109,1,8460
6110,1,19420
6111,1,26990
6112,1,10490
6113,1,19950
6114,1,103590
6115,1,12520
6116,1,10740
6117,1,20650
6118,1,5030
6119,1,30140
6120,1,1040
6121,1,30720
6122,1,18400
6123,1,31330
6124,1,50880
6125,1,38500
6126,1,18930
6127,1,4300
6128,1,4290
6129,1,55420
6130,1,21030
6131,1,15790
6132,1,61450
6133,1,9910
6134,1,12400
6135,1,4630
6136,1,26170
6137,1,2890
6138,1,27180
6139,1,17870
6140,1,43140
6141,1,13050
6142,1,43510
6143,1,20000
6144,1,8820
6145,1,84580
6146,1,12930
6147,1,15070
6148,1,25320
6149,1,27860
6150,1,19050
6151,1,9990
6152,1,2220
6153,1,22130
6154,1,23370
6155,1,6390
6156,1,24680
6157,1,9960
6158,1,500000
6159,1,32270
6160,1,15880
6161,1,5810
6162,1,4490
6163,1,26300
6164,1,5650
6165,1,41760
6166,1,1040
6167,1,3220
6168,1,4390
6169,1,20170
6170,1,500000
6171,1,30160
6172,1,10150
6173,1,990
6174,1,14700
6175,1,24570
6176,1,6820
6177,1,9840
6178,1,4650
6179,1,1010
6180,1,83170
6181,1,28130
6182,1,14490
6183,1,37300
6184,1,13100
6185,1,7250
6186,1,15870
6187,1,44430
6188,1,19130
6189,1,440
6190,1,24610
6191,1,7750
6192,1,7070
6193,1,14780
6194,1,3850
6195,1,600
6196,1,7980
6197,1,4250
6198,1,2000
6199,1,2040
6200,1,18910
6201,1,31650
6202,1,29930
6203,1,12380
6204,1,26620
6205,1,6030
6206,1,10690
6207,1,11190
6208,1,19520
6209,1,41050
6210,1,2810
6211,1,22240
6212,1,1390
6213,1,390
6214,1,34280
6215,1,18770
6216,1,7390
6217,1,10790
6218,1,26800
6219,1,29530
6220,1,3010
6221,1,18790
6222,1,15540
6223,1,44840
6224,1,9770
6225,1,30910
6226,1,3420
6227,1,25270
6228,1,4920
6229,1,21270
6230,1,16230
6231,1,4790
6232,1,9160
6233,1,5750
6234,1,8890
6235,1,12740
6236,1,49940
6237,1,22650
6238,1,10320
6239,1,18330
6240,1,3700
6241,1,20010
6242,1,25390
6243,1,11130
6244,1,35860
6245,1,2710
6246,1,20880
6247,1,1210
6248,1,5100
6249,1,5130
6250,1,4080
6251,1,310
6252,1,29760
6253,1,9780
6254,1,63780
6255,1,500000
6256,1,6950
6257,1,36060
6258,1,7000
6259,1,2380
6260,1,3710
6261,1,4400
6262,1,91490
6263,1,23580
6264,1,4720
6265,1,24060
6266,1,19680
6267,1,4680
6268,1,500000
6269,1,54800
6270,1,3660
6271,1,14840
6272,1,56590
6273,1,29540
6274,1,23170
6275,1,8910
6276,1,16110
6277,1,46200
6278,1,20020
6279,1,4080
6280,1,9190
6281,1,154240
6282,1,9820
6283,1,19710
6284,1,43980
6285,1,3180
6286,1,11850
6287,1,57300
6288,1,63620
6289,1,9400
6290,1,5180
6291,1,16060
6292,1,3820
6293,1,12480
6294,1,2580
6295,1,63580
6296,1,30940
6297,1,49550
6298,1,13020
6299,1,25690
6300,1,1780
6301,1,60980
6302,1,3700
6303,1,6080
6304,1,37880
6305,1,16440
6306,1,55970
6307,1,16900
6308,1,30550
6309,1,2540
6310,1,11020
6311,1,89700
6312,1,37690
6313,1,1310
6314,1,21080
6315,1,25220
6316,1,9800
6317,1,500000
6318,1,500000
6319,1,20190
6320,1,11080
6321,1,5230
6322,1,12550
6323,1,65920
6324,1,17170
6325,1,770
6326,1,31140
6327,1,910
6328,1,15730
6329,1,4810
6330,1,4700
6331,1,920
6332,1,61960
6333,1,19940
6334,1,22220
6335,1,29890
6336,1,18810
6337,1,26600
6338,1,38030
6339,1,19040
6340,1,2870
6341,1,6920
6342,1,4870
6343,1,48020
6344,1,2780
6345,1,5560
6346,1,8890
6347,1,7970
6348,1,135410
6349,1,21690
6350,1,13080
6351,1,2600
6352,1,16120
6353,1,31550
6354,1,11780
6355,1,270
6356,1,17870
6357,1,36680
6358,1,19340
6359,1,44820
6360,1,2120
6361,1,53520
6362,1,35170
6363,1,18140
6364,1,2090
6365,1,130340
6366,1,14540
6367,1,12400
6368,1,55450
6369,1,7940
6370,1,25050
6371,1,20610
6372,1,60610
6373,1,9240
6374,1,21380
6375,1,7690
6376,1,19200
6377,1,17580
6378,1,2830
6379,1,12990
6380,1,8190
6381,1,69690
6382,1,22940
6383,1,33940
6384,1,21830
6385,1,6510
6386,1,35290
6387,1,2640
6388,1,221540
6389,1,7350
6390,1,23730
6391,1,46980
6392,1,38530
6393,1,3790
6394,1,470
6395,1,47350
6396,1,4360
6397,1,4090
6398,1,46840
6399,1,9430
6400,1,7790
6401,1,32360
6402,1,52390
6403,1,11200
6404,1,13960
6405,1,42090
6406,1,38860
6407,1,21190
6408,1,24530
6409,1,61770
6410,1,2200
6411,1,13070
6412,1,9350
6413,1,34070
6414,1,2090
6415,1,9210
6416,1,39750
6417,1,34910
6418,1,23400
6419,1,22470
6420,1,59800
6421,1,39440
6422,1,28000
6423,1,11130
6424,1,10830
6425,1,13430
6426,1,5060
6427,1,5630
6428,1,7880
6429,1,9400
6430,1,75270
6431,1,3160
6432,1,23440
6433,1,25270
6434,1,46070
6435,1,16050
6436,1,1380
6437,1,13890
6438,1,115980
6439,1,46280
6440,1,1440
6441,1,20440
6442,1,24450
6443,1,7780
6444,1,5680
6445,1,17120
6446,1,14470
6447,1,12380
6448,1,71980
6449,1,1210
6450,1,14840
6451,1,21500
6452,1,1390
6453,1,500000
6454,1,40280
6455,1,30400
6456,1,34510
6457,1,8330
6458,1,74720
6459,1,3690
6460,1,6970
6461,1,52590
6462,1,3400
6463,1,2700
6464,1,10080
6465,1,8590
6466,1,11440
6467,1,72770
6468,1,31340
6469,1,24210
6470,1,8290
6471,1,560
6472,1,57520
6473,1,2040
6474,1,5550
6475,1,8410
6476,1,4490
6477,1,16320
6478,1,2940
6479,1,5380
6480,1,6110
6481,1,32610
6482,1,34320
6483,1,49450
6484,1,35310
6485,1,3300
6486,1,57270
6487,1,4060
6488,1,24640
6489,1,9610
6490,1,690
6491,1,15930
6492,1,146490
6493,1,19190
6494,1,3420
6495,1,3270
6496,1,18320
6497,1,13390
6498,1,2560
6499,1,135780
6500,1,3250
6501,1,54650
6502,1,6310
6503,1,24180
6504,1,15320
6505,1,101090
6506,1,25170
6507,1,24380
6508,1,14080
6509,1,21990
6510,1,9540
6511,1,7190
6512,1,24210
6513,1,13700
6514,1,14990
6515,1,15910
6516,1,18350
6517,1,5460
6518,1,10130
6519,1,5050
6520,1,62630
6521,1,6940
6522,1,3060
6523,1,19110
6524,1,15860
6525,1,15140
6526,1,4500
6527,1,41140
6528,1,13240
6529,1,26560
6530,1,27840
6531,1,22260
6532,1,26340
6533,1,6120
6534,1,22850
6535,1,3060
6536,1,56950
6537,1,81290
6538,1,11420
6539,1,500000
6540,1,16810
6541,1,4370
6542,1,72390
6543,1,16150
6544,1,700
6545,1,2890
6546,1,23600
6547,1,45320
6548,1,30200
6549,1,11710
6550,1,5590
6551,1,13560
6552,1,15220
6553,1,5770
6554,1,2450
6555,1,11900
6556,1,4450
6557,1,28360
6558,1,39250
6559,1,2110
6560,1,13240
6561,1,4110
6562,1,5810
6563,1,49090
6564,1,15310
6565,1,34400
6566,1,16290
6567,1,2470
6568,1,5660
6569,1,500000
6570,1,114540
6571,1,55330
6572,1,7260
6573,1,22250
6574,1,7270
6575,1,96840
6576,1,1330
6577,1,168980
6578,1,8590
6579,1,8850
6580,1,8040
6581,1,4970
6582,1,6080
6583,1,12450
6584,1,2350
6585,1,19350
6586,1,12580
6587,1,23610
6588,1,13080
6589,1,12630
6590,1,23080
6591,1,24710
6592,1,10340
6593,1,6790
6594,1,12160
6595,1,13520
6596,1,18010
6597,1,27560
6598,1,28200
6599,1,2010
6600,1,3740
6601,1,18580
6602,1,34080
6603,1,21890
6604,1,38680
6605,1,40490
6606,1,7480
6607,1,500000
6608,1,23990
6609,1,56550
6610,1,22500
6611,1,9590
6612,1,14480
6613,1,25510
6614,1,10720
6615,1,13270
6616,1,1390
6617,1,17110
6618,1,73150
6619,1,12920
6620,1,6630
6621,1,17830
6622,1,7650
6623,1,24510
6624,1,13240
6625,1,7710
6626,1,65940
6627,1,4790
6628,1,32970
6629,1,2380
6630,1,8070
6631,1,12440
6632,1,21330
6633,1,45190
6634,1,7280
6635,1,6110
6636,1,1620
6637,1,8890
6638,1,580
6639,1,19230
6640,1,23490
6641,1,16860
6642,1,17580
6643,1,48920
6644,1,63870
6645,1,34250
6646,1,30890
6647,1,35270
6648,1,27750
6649,1,53670
6650,1,3530
6651,1,10350
6652,1,2740
6653,1,2300
6654,1,4840
6655,1,38910
6656,1,16200
6657,1,23620
6658,1,4400
6659,1,30570
6660,1,1930
6661,1,14770
6662,1,75370
6663,1,10500
6664,1,25360
6665,1,11280
6666,1,39410
6667,1,41280
6668,1,4380
6669,1,27830
6670,1,22630
6671,1,5520
6672,1,26710
6673,1,6260
6674,1,43470
6675,1,7830
6676,1,22800
6677,1,25210
6678,1,8060
6679,1,12860
6680,1,28460
6681,1,10140
6682,1,25070
6683,1,26230
6684,1,11100
6685,1,59360
6686,1,46140
6687,1,29450
6688,1,3390
6689,1,5710
6690,1,5980
6691,1,8490
6692,1,21140
6693,1,43680
6694,1,14330
6695,1,77050
6696,1,3340
6697,1,46220
6698,1,12890
6699,1,2750
6700,1,39870
6701,1,970
6702,1,2150
6703,1,36170
6704,1,23970
6705,1,13230
6706,1,6980
6707,1,117500
6708,1,8320
6709,1,5710
6710,1,41660
6711,1,9340
6712,1,2300
6713,1,50790
6714,1,250
6715,1,89520
6716,1,90490
6717,1,2860
6718,1,3310
6719,1,4220
6720,1,2460
6721,1,175320
6722,1,25050
6723,1,500000
6724,1,63310
6725,1,8940
6726,1,30660
6727,1,690
6728,1,8960
6729,1,4310
6730,1,17500
6731,1,5210
6732,1,43080
6733,1,6090
6734,1,5980
6735,1,37430
6736,1,25270
6737,1,2650
6738,1,122400
6739,1,10810
6740,1,27990
6741,1,5510
6742,1,2330
6743,1,11680
6744,1,40580
6745,1,41730
6746,1,26030
6747,1,8250
6748,1,12100
6749,1,5460
6750,1,8190
6751,1,35640
6752,1,2650
6753,1,7790
6754,1,12510
6755,1,1910
6756,1,19880
6757,1,12230
6758,1,15040
6759,1,11160
6760,1,5940
6761,1,28930
6762,1,31270
6763,1,9060
6764,1,6950
6765,1,11990
6766,1,28250
6767,1,2080
6768,1,23870
6769,1,34700
6770,1,14610
6771,1,16250
6772,1,4960
6773,1,11260
6774,1,15550
6775,1,27870
6776,1,3360
6777,1,4270
6778,1,8750
6779,1,22100
6780,1,4620
6781,1,22010
6782,1,6590
6783,1,34780
6784,1,14400
6785,1,24350
6786,1,24730
6787,1,7720
6788,1,3710
6789,1,21820
6790,1,29320
6791,1,1180
6792,1,4670
6793,1,3000
6794,1,17610
6795,1,7690
6796,1,17620
6797,1,22290
6798,1,11960
6799,1,31420
6800,1,38000
6801,1,52890
6802,1,24580
6803,1,2680
6804,1,27370
6805,1,22880
6806,1,19600
6807,1,9690
6808,1,15210
6809,1,10600
6810,1,11820
6811,1,24770
6812,1,29330
6813,1,17470
6814,1,3400
6815,1,6380
6816,1,42610
6817,1,23600
6818,1,2470
6819,1,3210
6820,1,3300
6821,1,21020
6822,1,16730
6823,1,1180
6824,1,27510
6825,1,30020
6826,1,19030
6827,1,4750
6828,1,500000
6829,1,4170
6830,1,3320
6831,1,3040
6832,1,13780
6833,1,6830
6834,1,1070
6835,1,20400
6836,1,7140
6837,1,35510
6838,1,9210
6839,1,7840
6840,1,45200
6841,1,1630
6842,1,31470
6843,1,25330
6844,1,21660
6845,1,18300
6846,1,860
6847,1,38040
6848,1,35670
6849,1,14430
6850,1,5130
6851,1,5490
6852,1,39700
6853,1,28580
6854,1,42490
6855,1,3290
6856,1,26040
6857,1,11730
6858,1,7490
6859,1,8410
6860,1,47160
6861,1,6860
6862,1,460
6863,1,3630
6864,1,95700
6865,1,25610
6866,1,15030
6867,1,86930
6868,1,8240
6869,1,25520
6870,1,13470
6871,1,5070
6872,1,35780
6873,1,27300
6874,1,47270
6875,1,4540
6876,1,20080
6877,1,13230
6878,1,41360
6879,1,102970
6880,1,19350
6881,1,20360
6882,1,3590
6883,1,42130
6884,1,5060
6885,1,1600
6886,1,2650
6887,1,39320
6888,1,15680
6889,1,89640
6890,1,50860
6891,1,13190
6892,1,26700
6893,1,3700
6894,1,10930
6895,1,11860
6896,1,2150
6897,1,45150
6898,1,160
6899,1,4570
6900,1,10750
6901,1,6010
6902,1,2500
6903,1,17060
6904,1,44860
6905,1,27060
6906,1,16850
6907,1,15610
6908,1,82740
6909,1,9030
6910,1,16670
6911,1,7420
6912,1,3160
6913,1,1600
6914,1,11840
6915,1,5440
6916,1,14710
6917,1,62880
6918,1,10070
6919,1,1400
6920,1,17690
6921,1,19870
6922,1,4880
6923,1,112750
6924,1,22900
6925,1,9320
6926,1,24810
6927,1,27220
6928,1,2490
6929,1,6070
6930,1,21070
6931,1,18000
6932,1,3840
6933,1,7980
6934,1,500000
6935,1,35510
6936,1,5610
6937,1,8640
6938,1,7400
6939,1,9240
6940,1,37060
6941,1,12860
6942,1,10370
6943,1,6490
6944,1,30690
6945,1,16620
6946,1,17490
6947,1,7150
6948,1,24870
6949,1,9190
6950,1,10030
6951,1,47880
6952,1,5630
6953,1,11220
6954,1,4080
6955,1,5010
6956,1,103470
6957,1,80700
6958,1,10900
6959,1,24770
6960,1,1790
6961,1,2840
6962,1,15750
6963,1,7510
6964,1,18120
6965,1,32910
6966,1,35920
6967,1,19500
6968,1,6830
6969,1,104740
6970,1,25870
6971,1,19620
6972,1,1160
6973,1,15610
6974,1,19600
6975,1,7300
6976,1,8790
6977,1,39020
6978,1,10010
6979,1,27070
6980,1,5970
6981,1,85900
6982,1,85340
6983,1,39410
6984,1,4000
6985,1,19020
6986,1,6530
6987,1,6570
6988,1,850
6989,1,1310
6990,1,5650
6991,1,8240
6992,1,10160
6993,1,26530
6994,1,27020
6995,1,10000
6996,1,4210
6997,1,1650
6998,1,8960
6999,1,18700
7000,1,6610
7001,1,29470
7002,1,192850
7003,1,60890
7004,1,36690
7005,1,2700
7006,1,29980
7007,1,1880
7008,1,4900
7009,1,7100
7010,1,6860
7011,1,131070
7012,1,43110
7013,1,179110
7014,1,6060
7015,1,8200
7016,1,8710
7017,1,67830
7018,1,8070
7019,1,1260
7020,1,40470
7021,1,4520
7022,1,22350
7023,1,1960
7024,1,4520
7025,1,71300
7026,1,26090
7027,1,46190
7028,1,6680
7029,1,13360
7030,1,11440
7031,1,14030
7032,1,14970
7033,1,4700
7034,1,29720
7035,1,27320
7036,1,11140
7037,1,12260
7038,1,22920
7039,1,2980
7040,1,7720
7041,1,10040
7042,1,3270
7043,1,5320
7044,1,7590
7045,1,4960
7046,1,28840
7047,1,22290
7048,1,13350
7049,1,8470
7050,1,20020
7051,1,37750
7052,1,2680
7053,1,3300
7054,1,4190
7055,1,21670
7056,1,31220
7057,1,1150
7058,1,21740
7059,1,66780
7060,1,2080
7061,1,62730
7062,1,21940
7063,1,3250
7064,1,166630
7065,1,23100
7066,1,7660
7067,1,22120
7068,1,9170
7069,1,83170
7070,1,14080
7071,1,4580
7072,1,25520
7073,1,12780
7074,1,10360
7075,1,13960
7076,1,32040
7077,1,760
7078,1,18190
7079,1,19180
7080,1,33440
7081,1,12280
7082,1,49870
7083,1,22150
7084,1,5950
7085,1,9030
7086,1,13050
7087,1,6310
7088,1,15340
7089,1,24090
7090,1,860
7091,1,49390
7092,1,21890
7093,1,2940
7094,1,19190
7095,1,38050
7096,1,9740
7097,1,22690
7098,1,6440
7099,1,20340
7100,1,5060
7101,1,3570
7102,1,4050
7103,1,34770
7104,1,32420
7105,1,2160
7106,1,63300
7107,1,17020
7108,1,15670
7109,1,9350
7110,1,31050
7111,1,6120
7112,1,6350
7113,1,25030
7114,1,22150
7115,1,64010
7116,1,14240
7117,1,21520
7118,1,17440
7119,1,500000
7120,1,49730
7121,1,7030
7122,1,1410
7123,1,90000
7124,1,41690
7125,1,15280
7126,1,11500
7127,1,9750
7128,1,6570
7129,1,4840
7130,1,8910
7131,1,17580
7132,1,2610
7133,1,11610
7134,1,13500
7135,1,29620
7136,1,10250
7137,1,32760
7138,1,6880
7139,1,20240
7140,1,10050
7141,1,34230
7142,1,14660
7143,1,24440
7144,1,11340
7145,1,11780
7146,1,19700
7147,1,20900
7148,1,2030
7149,1,20190
7150,1,41610
7151,1,39680
7152,1,6950
7153,1,43660
7154,1,59680
7155,1,15200
7156,1,5600
7157,1,19190
7158,1,5810
7159,1,28910
7160,1,29030
7161,1,90090
7162,1,32990
7163,1,2720
7164,1,56950
7165,1,12100
7166,1,10370
7167,1,4530
7168,1,16910
7169,1,39200
7170,1,4520
7171,1,28560
7172,1,5830
7173,1,5460
7174,1,14560
7175,1,13950
7176,1,2970
7177,1,4400
7178,1,28270
7179,1,74510
7180,1,5990
7181,1,18490
7182,1,5190
7183,1,22260
7184,1,2470
7185,1,20360
7186,1,6860
7187,1,34100
7188,1,30870
7189,1,500000
7190,1,30960
7191,1,26450
7192,1,40160
7193,1,1160
7194,1,17400
7195,1,12830
7196,1,500000
7197,1,72160
7198,1,22140
7199,1,31430
7200,1,2070
7201,1,21420
7202,1,16060
7203,1,920
7204,1,92220
7205,1,13320
7206,1,15330
7207,1,14000
7208,1,55870
7209,1,11730
7210,1,102330
7211,1,2610
7212,1,11780
7213,1,15620
7214,1,5400
7215,1,5460
7216,1,15770
7217,1,14630
7218,1,20680
7219,1,6130
7220,1,55050
7221,1,21000
7222,1,1880
7223,1,1480
7224,1,12740
7225,1,14230
7226,1,3870
7227,1,4140
7228,1,8170
7229,1,56620
7230,1,43640
7231,1,50580
7232,1,98590
7233,1,17530
7234,1,17910
7235,1,112600
7236,1,60180
7237,1,62470
7238,1,9380
7239,1,47670
7240,1,8980
7241,1,89300
7242,1,23230
7243,1,4320
7244,1,3500
7245,1,6270
7246,1,13180
7247,1,90520
7248,1,32950
7249,1,41170
7250,1,500000
7251,1,20800
7252,1,16350
7253,1,9790
7254,1,15970
7255,1,500000
7256,1,80010
7257,1,16840
7258,1,370
7259,1,2500
7260,1,19540
7261,1,2290
7262,1,25090
7263,1,7960
7264,1,2700
7265,1,9400
7266,1,29640
7267,1,4750
7268,1,8250
7269,1,52530
7270,1,21980
7271,1,21600
7272,1,20960
7273,1,3600
7274,1,89900
7275,1,78620
7276,1,13000
7277,1,7450
7278,1,10450
7279,1,9380
7280,1,13400
7281,1,2470
7282,1,73280
7283,1,16180
7284,1,23950
7285,1,29440
7286,1,10640
7287,1,3830
7288,1,56290
7289,1,7340
7290,1,12180
7291,1,7540
7292,1,64520
7293,1,20810
7294,1,12530
7295,1,7110
7296,1,2310
7297,1,4050
7298,1,1700
7299,1,17910
7300,1,33690
7301,1,57250
7302,1,13210
7303,1,64160
7304,1,8510
7305,1,15530
7306,1,7800
7307,1,9590
7308,1,7930
7309,1,7780
7310,1,34810
7311,1,26130
7312,1,27680
7313,1,77430
7314,1,93210
7315,1,32030
7316,1,17120
7317,1,11640
7318,1,99100
7319,1,56680
7320,1,25940
7321,1,5260
7322,1,6100
7323,1,28510
7324,1,20840
7325,1,500000
7326,1,23190
7327,1,11540
7328,1,6080
7329,1,8510
7330,1,32010
7331,1,16430
7332,1,3210
7333,1,9790
7334,1,16550
7335,1,6240
7336,1,8330
7337,1,14470
7338,1,5940
7339,1,3180
7340,1,26160
7341,1,19050
7342,1,17260
7343,1,10900
7344,1,53030
7345,1,8320
7346,1,9520
7347,1,14870
7348,1,49670
7349,1,7430
7350,1,7050
7351,1,2290
7352,1,20220
7353,1,44850
7354,1,36170
7355,1,13850
7356,1,12080
7357,1,16230
7358,1,4280
7359,1,11610
7360,1,1370
7361,1,46860
7362,1,14880
7363,1,13840
7364,1,4990
7365,1,12140
7366,1,4350
7367,1,3820
7368,1,19380
7369,1,5920
7370,1,4940
7371,1,11480
7372,1,15760
7373,1,48300
7374,1,20840
7375,1,15440
7376,1,61410
7377,1,24420
7378,1,52190
7379,1,72980
7380,1,8580
7381,1,6250
7382,1,96240
7383,1,55860
7384,1,114230
7385,1,13690
7386,1,6400
7387,1,22130
7388,1,19980
7389,1,73700
7390,1,18440
7391,1,18840
7392,1,19490
7393,1,8590
7394,1,25710
7395,1,30450
7396,1,60510
7397,1,3170
7398,1,17190
7399,1,7250
7400,1,5500
7401,1,23190
7402,1,92340
7403,1,33320
7404,1,16470
7405,1,7550
7406,1,11670
7407,1,51810
7408,1,26970
7409,1,1750
7410,1,7260
7411,1,5530
7412,1,4120
7413,1,32810
7414,1,18040
7415,1,65440
7416,1,33040
7417,1,5880
7418,1,3340
7419,1,30970
7420,1,6840
7421,1,18000
7422,1,162040
7423,1,16030
7424,1,31130
7425,1,6840
7426,1,29010
7427,1,2260
7428,1,9790
7429,1,2640
7430,1,1640
7431,1,31120
7432,1,20790
7433,1,16810
7434,1,3650
7435,1,29950
7436,1,20590
7437,1,19040
7438,1,5230
7439,1,12210
7440,1,7200
7441,1,9620
7442,1,26720
7443,1,50320
7444,1,5460
7445,1,93540
7446,1,4250
7447,1,11170
7448,1,38600
7449,1,16770
7450,1,3260
7451,1,3190
7452,1,27910
7453,1,75940
7454,1,123370
7455,1,26130
7456,1,63200
7457,1,11790
7458,1,8720
7459,1,8000
7460,1,3440
7461,1,137310
7462,1,4560
7463,1,1430
7464,1,5420
7465,1,19200
7466,1,22290
7467,1,7040
7468,1,4440
7469,1,10420
7470,1,13250
7471,1,990
7472,1,14730
7473,1,22550
7474,1,1070
7475,1,4500
7476,1,23270
7477,1,13270
7478,1,500000
7479,1,8170
7480,1,23630
7481,1,14130
7482,1,2520
7483,1,68670
7484,1,36450
7485,1,3330
7486,1,61900
7487,1,4110
7488,1,33670
7489,1,6720
7490,1,12660
7491,1,28590
7492,1,40660
7493,1,46780
7494,1,8800
7495,1,14220
7496,1,2810
7497,1,17350
7498,1,24360
7499,1,1580
7500,1,3510
7501,1,3690
7502,1,5030
7503,1,25310
7504,1,4020
7505,1,4470
7506,1,2980
7507,1,2020
7508,1,81350
7509,1,9420
7510,1,21350
7511,1,19080
7512,1,3900
7513,1,8170
7514,1,1840
7515,1,11650
7516,1,6850
7517,1,7340
7518,1,12130
7519,1,27040
7520,1,22100
7521,1,12620
7522,1,2600
7523,1,13600
7524,1,6650
7525,1,2130
7526,1,11680
7527,1,3910
7528,1,7810
7529,1,23160
7530,1,8780
7531,1,35660
7532,1,15220
7533,1,21710
7534,1,51000
7535,1,37600
7536,1,4630
7537,1,348610
7538,1,31560
7539,1,33270
7540,1,3810
7541,1,51740
7542,1,25480
7543,1,13450
7544,1,6110
7545,1,8370
7546,1,3160
7547,1,2160
7548,1,88250
7549,1,12920
7550,1,7110
7551,1,7470
7552,1,4080
7553,1,13280
7554,1,11110
7555,1,1130
7556,1,1700
7557,1,15510
7558,1,7230
7559,1,5020
7560,1,13820
7561,1,48660
7562,1,24250
7563,1,16330
7564,1,80510
7565,1,14360
7566,1,2340
7567,1,3420
7568,1,4770
7569,1,1730
7570,1,25410
7571,1,6100
7572,1,16680
7573,1,22380
7574,1,12490
7575,1,53680
7576,1,14400
7577,1,4830
7578,1,13510
7579,1,9480
7580,1,8000
7581,1,21340
7582,1,12050
7583,1,15880
7584,1,17010
7585,1,56880
7586,1,4190
7587,1,71800
7588,1,24490
7589,1,11440
7590,1,3430
7591,1,4680
7592,1,8860
7593,1,4140
7594,1,6960
7595,1,39240
7596,1,17180
7597,1,18600
7598,1,19500
7599,1,25830
7600,1,78720
7601,1,11210
7602,1,21570
7603,1,36820
7604,1,24530
7605,1,11340
7606,1,16240
7607,1,760
7608,1,22770
7609,1,5310
7610,1,13480
7611,1,37630
7612,1,87780
7613,1,79380
7614,1,14170
7615,1,1900
7616,1,19600
7617,1,21730
7618,1,14490
7619,1,27470
7620,1,34090
7621,1,40810
7622,1,40790
7623,1,4440
7624,1,114350
7625,1,57320
7626,1,2480
7627,1,6390
7628,1,1750
7629,1,26010
7630,1,18670
7631,1,28010
7632,1,40680
7633,1,18780
7634,1,7330
7635,1,27740
7636,1,5500
7637,1,7020
7638,1,21910
7639,1,42040
7640,1,15330
7641,1,13550
7642,1,6520
7643,1,10170
7644,1,38270
7645,1,17460
7646,1,7090
7647,1,37860
7648,1,29280
7649,1,34080
7650,1,22970
7651,1,11330
7652,1,9620
7653,1,19720
7654,1,30230
7655,1,24030
7656,1,20050
7657,1,26740
7658,1,51310
7659,1,27750
7660,1,7680
7661,1,4900
7662,1,11780
7663,1,11910
7664,1,21040
7665,1,16630
7666,1,7540
7667,1,10330
7668,1,15220
7669,1,60260
7670,1,5000
7671,1,3140
7672,1,2100
7673,1,109860
7674,1,17810
7675,1,30690
7676,1,30870
7677,1,30320
7678,1,10700
7679,1,1420
7680,1,3410
7681,1,99440
7682,1,11120
7683,1,10530
7684,1,8000
7685,1,5680
7686,1,35230
7687,1,19320
7688,1,49030
7689,1,25430
7690,1,14010
7691,1,16270
7692,1,4860
7693,1,5090
7694,1,8310
7695,1,22230
7696,1,19130
7697,1,32760
7698,1,62560
7699,1,500000
7700,1,4480
7701,1,3650
7702,1,3370
7703,1,15780
7704,1,20980
7705,1,33950
7706,1,19480
7707,1,26980
7708,1,23920
7709,1,3170
7710,1,32090
7711,1,22820
7712,1,24010
7713,1,27930
7714,1,13170
7715,1,6430
7716,1,13000
7717,1,34790
7718,1,30340
7719,1,28080
7720,1,13990
7721,1,7590
7722,1,3080
7723,1,5420
7724,1,18420
7725,1,15870
7726,1,2160
7727,1,40310
7728,1,28140
7729,1,13250
7730,1,5690
7731,1,2480
7732,1,15830
7733,1,10580
7734,1,24880
7735,1,10540
7736,1,30400
7737,1,5150
7738,1,2940
7739,1,6530
7740,1,13600
7741,1,13360
7742,1,20730
7743,1,6940
7744,1,2310
7745,1,4630
7746,1,33680
7747,1,23350
7748,1,88080
7749,1,6180
7750,1,25910
7751,1,3020
7752,1,2960
7753,1,44660
7754,1,18200
7755,1,8250
7756,1,9090
7757,1,43830
7758,1,49970
7759,1,5140
7760,1,10110
7761,1,23340
7762,1,53910
7763,1,24850
7764,1,6130
7765,1,220
7766,1,8700
7767,1,26200
7768,1,5390
7769,1,12950
7770,1,19180
7771,1,4500
7772,1,630
7773,1,70160
7774,1,5440
7775,1,5700
7776,1,27290
7777,1,4040
7778,1,14570
7779,1,17580
7780,1,60570
7781,1,21520
7782,1,50590
7783,1,27650
7784,1,19150
7785,1,5530
7786,1,28480
7787,1,3640
7788,1,3540
7789,1,67320
7790,1,5500
7791,1,27620
7792,1,16180
7793,1,24180
7794,1,12070
7795,1,23670
7796,1,2480
7797,1,6780
7798,1,6130
7799,1,12320
7800,1,23850
7801,1,30920
7802,1,24510
7803,1,7240
7804,1,13980
7805,1,61260
7806,1,1970
7807,1,23910
7808,1,21780
7809,1,35020
7810,1,26190
7811,1,46620
7812,1,89520
7813,1,7010
7814,1,9370
7815,1,49390
7816,1,69070
7817,1,8870
7818,1,43280
7819,1,73160
7820,1,28130
7821,1,78150
7822,1,8780
7823,1,11490
7824,1,34150
7825,1,37470
7826,1,70930
7827,1,32300
7828,1,43950
7829,1,17330
7830,1,22030
7831,1,15250
7832,1,4580
7833,1,14650
7834,1,9560
7835,1,38850
7836,1,30540
7837,1,18230
7838,1,950
7839,1,7620
7840,1,1420
7841,1,4890
7842,1,25860
7843,1,5300
7844,1,11710
7845,1,3650
7846,1,7130
7847,1,5860
7848,1,1120
7849,1,16550
7850,1,22910
7851,1,35150
7852,1,12340
7853,1,21260
7854,1,8900
7855,1,15740
7856,1,4210
7857,1,28850
7858,1,7900
7859,1,9700
7860,1,18330
7861,1,6460
7862,1,3980
7863,1,34790
7864,1,43320
7865,1,6970
7866,1,3480
7867,1,83140
7868,1,17720
7869,1,27910
7870,1,4460
7871,1,15800
7872,1,7560
7873,1,20510
7874,1,3940
7875,1,13910
7876,1,33900
7877,1,20810
7878,1,22280
7879,1,12130
7880,1,12040
7881,1,52730
7882,1,10400
7883,1,21060
7884,1,71440
7885,1,4430
7886,1,21420
7887,1,21320
7888,1,12470
7889,1,1290
7890,1,3780
7891,1,23300
7892,1,151370
7893,1,41980
7894,1,41780
7895,1,970
7896,1,8950
7897,1,29470
7898,1,2730
7899,1,10580
7900,1,1330
7901,1,27180
7902,1,3670
7903,1,16590
7904,1,39170
7905,1,22400
7906,1,740
7907,1,13040
7908,1,9130
7909,1,22790
7910,1,3530
7911,1,108190
7912,1,5790
7913,1,14990
7914,1,30440
7915,1,34390
7916,1,19760
7917,1,72700
7918,1,35210
7919,1,32800
7920,1,24780
7921,1,20860
7922,1,7750
7923,1,6900
7924,1,4740
7925,1,21000
7926,1,11570
7927,1,34380
7928,1,9060
7929,1,21300
7930,1,4770
7931,1,8750
7932,1,2010
7933,1,17640
7934,1,30580
7935,1,21550
7936,1,21660
7937,1,10090
7938,1,7860
7939,1,14710
7940,1,18320
7941,1,1510
7942,1,23030
7943,1,21070
7944,1,18570
7945,1,6070
7946,1,30540
7947,1,50990
7948,1,11950
7949,1,18700
7950,1,39350
7951,1,31020
7952,1,10020
7953,1,20760
7954,1,27790
7955,1,18850
7956,1,22030
7957,1,16320
7958,1,25160
7959,1,7260
7960,1,2100
7961,1,4380
7962,1,19050
7963,1,11860
7964,1,6090
7965,1,50950
7966,1,2800
7967,1,1730
7968,1,62670
7969,1,35440
7970,1,7560
7971,1,6740
7972,1,17970
7973,1,17040
7974,1,1920
7975,1,23870
7976,1,23790
7977,1,21960
7978,1,42890
7979,1,10350
7980,1,970
7981,1,3950
7982,1,5970
7983,1,4910
7984,1,128680
7985,1,55750
7986,1,11130
7987,1,14060
7988,1,14710
7989,1,15090
7990,1,23840
7991,1,3770
7992,1,52410
7993,1,13960
7994,1,12580
7995,1,19760
7996,1,5600
7997,1,11730
7998,1,2490
7999,1,4380
8000,1,53630
8001,1,11100
8002,1,1820
8003,1,21070
8004,1,6300
8005,1,830
8006,1,41130
8007,1,19080
8008,1,11150
8009,1,9990
8010,1,1850
8011,1,45960
8012,1,93320
8013,1,9530
8014,1,4130
8015,1,6120
8016,1,8060
8017,1,46150
8018,1,12080
8019,1,42080
8020,1,6480
8021,1,3980
8022,1,61610
8023,1,16710
8024,1,23030
8025,1,13720
8026,1,4230
8027,1,4670
8028,1,134830
8029,1,12110
8030,1,5030
8031,1,8510
8032,1,16600
8033,1,16340
8034,1,13680
8035,1,6020
8036,1,65910
8037,1,4730
8038,1,3910
8039,1,4250
8040,1,17850
8041,1,6700
8042,1,6300
8043,1,53730
8044,1,9190
8045,1,27360
8046,1,5300
8047,1,15310
8048,1,20210
8049,1,9660
8050,1,26560
8051,1,64470
8052,1,9650
8053,1,12380
8054,1,24660
8055,1,88890
8056,1,4490
8057,1,14160
8058,1,41900
8059,1,9610
8060,1,51410
8061,1,59180
8062,1,39100
8063,1,17700
8064,1,29870
8065,1,33180
8066,1,18450
8067,1,31930
8068,1,5800
8069,1,6820
8070,1,30240
8071,1,6400
8072,1,6810
8073,1,24380
8074,1,15490
8075,1,10030
8076,1,25910
8077,1,29470
8078,1,95460
8079,1,25600
8080,1,3260
8081,1,43750
8082,1,7370
8083,1,83400
8084,1,11240
8085,1,70810
8086,1,500000
8087,1,52890
8088,1,16390
8089,1,17590
8090,1,9350
8091,1,2880
8092,1,5710
8093,1,3360
8094,1,12450
8095,1,2710
8096,1,17680
8097,1,27950
8098,1,7100
8099,1,3510
8100,1,2960
8101,1,10570
8102,1,16040
8103,1,28210
8104,1,4020
8105,1,10970
8106,1,72010
8107,1,6430
8108,1,4590
8109,1,12730
8110,1,18250
8111,1,80890
8112,1,5490
8113,1,52280
8114,1,7440
8115,1,35480
8116,1,22490
8117,1,2520
8118,1,12010
8119,1,21900
8120,1,6400
8121,1,75950
8122,1,3160
8123,1,5310
8124,1,7870
8125,1,6390
8126,1,54190
8127,1,2470
8128,1,13070
8129,1,6680
8130,1,3800
8131,1,20920
8132,1,66930
8133,1,3320
8134,1,35970
8135,1,15180
8136,1,15260
8137,1,17590
8138,1,44060
8139,1,22820
8140,1,4420
8141,1,10630
8142,1,10470
8143,1,11650
8144,1,12750
8145,1,70780
8146,1,6600
8147,1,71340
8148,1,20000
8149,1,23040
8150,1,5220
8151,1,3230
8152,1,12080
8153,1,10700
8154,1,17590
8155,1,46120
8156,1,37560
8157,1,47390
8158,1,4580
8159,1,4720
8160,1,1860
8161,1,20950
8162,1,2580
8163,1,19220
8164,1,6800
8165,1,18580
8166,1,37020
8167,1,5220
8168,1,46140
8169,1,15780
8170,1,4260
8171,1,15450
8172,1,40610
8173,1,56760
8174,1,1600
8175,1,43460
8176,1,48220
8177,1,9190
8178,1,42310
8179,1,30940
8180,1,470
8181,1,8640
8182,1,100210
8183,1,3170
8184,1,4080
8185,1,14010
8186,1,16650
8187,1,13800
8188,1,18200
8189,1,29310
8190,1,13430
8191,1,37900
8192,1,7760
8193,1,12120
8194,1,11740
8195,1,3360
8196,1,8370
8197,1,14390
8198,1,36530
8199,1,37770
8200,1,4780
8201,1,6280
8202,1,31800
8203,1,37880
8204,1,24820
8205,1,30900
8206,1,11700
8207,1,26650
8208,1,3470
8209,1,17980
8210,1,9090
8211,1,860
8212,1,500000
8213,1,13240
8214,1,27090
8215,1,18350
8216,1,14660
8217,1,7050
8218,1,11560
8219,1,15090
8220,1,26740
8221,1,21340
8222,1,1240
8223,1,11610
8224,1,28450
8225,1,7500
8226,1,29880
8227,1,5970
8228,1,7430
8229,1,120170
8230,1,46330
8231,1,5550
8232,1,133360
8233,1,700
8234,1,26790
8235,1,11980
8236,1,21790
8237,1,22190
8238,1,43040
8239,1,32790
8240,1,58200
8241,1,20970
8242,1,5640
8243,1,9110
8244,1,29610
8245,1,11760
8246,1,22020
8247,1,9420
8248,1,5200
8249,1,1880
8250,1,125940
8251,1,11430
8252,1,9830
8253,1,1660
8254,1,4310
8255,1,11530
8256,1,21370
8257,1,5270
8258,1,33710
8259,1,3760
8260,1,38620
8261,1,41740
8262,1,9200
8263,1,97240
8264,1,58300
8265,1,10480
8266,1,8790
8267,1,1120
8268,1,31170
8269,1,22790
8270,1,50450
8271,1,8340
8272,1,3800
8273,1,10340
8274,1,22410
8275,1,5780
8276,1,8410
8277,1,830
8278,1,2580
8279,1,3640
8280,1,9970
8281,1,11210
8282,1,2790
8283,1,45700
8284,1,7920
8285,1,8340
8286,1,18080
8287,1,7060
8288,1,8400
8289,1,10050
8290,1,24840
8291,1,28140
8292,1,56810
8293,1,14580
8294,1,61810
8295,1,26730
8296,1,53520
8297,1,9480
8298,1,22820
8299,1,31180
8300,1,9640
8301,1,500000
8302,1,21830
8303,1,71130
8304,1,9420
8305,1,3810
8306,1,40
8307,1,4340
8308,1,68650
8309,1,2600
8310,1,12420
8311,1,4020
8312,1,2410
8313,1,2780
8314,1,40210
8315,1,35840
8316,1,11040
8317,1,63450
8318,1,41950
8319,1,47240
8320,1,14900
8321,1,6870
8322,1,7110
8323,1,17200
8324,1,57660
8325,1,67280
8326,1,14760
8327,1,10640
8328,1,7950
8329,1,4920
8330,1,25250
8331,1,4560
8332,1,57600
8333,1,10990
8334,1,16910
8335,1,9090
8336,1,970
8337,1,860
8338,1,7460
8339,1,40680
8340,1,5820
8341,1,6600
8342,1,14700
8343,1,5130
8344,1,2240
8345,1,4580
8346,1,3240
8347,1,7170
8348,1,1580
8349,1,4930
8350,1,12210
8351,1,12490
8352,1,13110
8353,1,58160
8354,1,1780
8355,1,37290
8356,1,6430
8357,1,67780
8358,1,18400
8359,1,27300
8360,1,44920
8361,1,57090
8362,1,15100
8363,1,10520
8364,1,17640
8365,1,4990
8366,1,7540
8367,1,31000
8368,1,20940
8369,1,43410
8370,1,10580
8371,1,6170
8372,1,8200
8373,1,30590
8374,1,19730
8375,1,2160
8376,1,6830
8377,1,13830
8378,1,68790
8379,1,9960
8380,1,40770
8381,1,29800
8382,1,50450
8383,1,13150
8384,1,6560
8385,1,18610
8386,1,32280
8387,1,55820
8388,1,35100
8389,1,500000
8390,1,11830
8391,1,2130
8392,1,36980
8393,1,28690
8394,1,7530
8395,1,26010
8396,1,11520
8397,1,6690
8398,1,12280
8399,1,13360
8400,1,24240
8401,1,4990
8402,1,30550
8403,1,17710
8404,1,28760
8405,1,16450
8406,1,10110
8407,1,146350
8408,1,13490
8409,1,18750
8410,1,12940
8411,1,19330
8412,1,1070
8413,1,13600
8414,1,12490
8415,1,43230
8416,1,3230
8417,1,2680
8418,1,13330
8419,1,13490
8420,1,25170
8421,1,11660
8422,1,1020
8423,1,2100
8424,1,15290
8425,1,10120
8426,1,4430
8427,1,56760
8428,1,14880
8429,1,10140
8430,1,2760
8431,1,5300
8432,1,6980
8433,1,26270
8434,1,17250
8435,1,82300
8436,1,15580
8437,1,5680
8438,1,22680
8439,1,30240
8440,1,13540
8441,1,17530
8442,1,29460
8443,1,7340
8444,1,19510
8445,1,1320
8446,1,1340
8447,1,36510
8448,1,9040
8449,1,18350
8450,1,110510
8451,1,51940
8452,1,9720
8453,1,9100
8454,1,65850
8455,1,40040
8456,1,40760
8457,1,11340
8458,1,6460
8459,1,24770
8460,1,4670
8461,1,17450
8462,1,17400
8463,1,11320
8464,1,500000
8465,1,47010
8466,1,13780
8467,1,34570
8468,1,46030
8469,1,7260
8470,1,43310
8471,1,40660
8472,1,18560
8473,1,27160
8474,1,6100
8475,1,10090
8476,1,42030
8477,1,2900
8478,1,9690
8479,1,6670
8480,1,6240
8481,1,265500
8482,1,63190
8483,1,1870
8484,1,7560
8485,1,3820
8486,1,22330
8487,1,6200
8488,1,98180
8489,1,4110
8490,1,7010
8491,1,16720
8492,1,32010
8493,1,6520
8494,1,8490
8495,1,7830
8496,1,58110
8497,1,16770
8498,1,2800
8499,1,21430
8500,1,10970
8501,1,41070
8502,1,41440
8503,1,8960
8504,1,15700
8505,1,21810
8506,1,19610
8507,1,17690
8508,1,31310
8509,1,97340
8510,1,6420
8511,1,10140
8512,1,10130
8513,1,17160
8514,1,14910
8515,1,10830
8516,1,10080
8517,1,3400
8518,1,23030
8519,1,15160
8520,1,10080
8521,1,1790
8522,1,6470
8523,1,1190
8524,1,23790
8525,1,3680
8526,1,46270
8527,1,3100
8528,1,3820
8529,1,16260
8530,1,12100
8531,1,2210
8532,1,13650
8533,1,5420
8534,1,14190
8535,1,13340
8536,1,10500
8537,1,42230
8538,1,2990
8539,1,44970
8540,1,43110
8541,1,26810
8542,1,6600
8543,1,10820
8544,1,13170
8545,1,16760
8546,1,8550
8547,1,29030
8548,1,10880
8549,1,9820
8550,1,6120
8551,1,4500
8552,1,15030
8553,1,6610
8554,1,31300
8555,1,5870
8556,1,3120
8557,1,64920
8558,1,49260
8559,1,22110
8560,1,7030
8561,1,3430
8562,1,98860
8563,1,2090
8564,1,20380
8565,1,5150
8566,1,18850
8567,1,9180
8568,1,5240
8569,1,6490
8570,1,730
8571,1,24710
8572,1,6480
8573,1,19160
8574,1,15280
8575,1,47140
8576,1,20900
8577,1,10990
8578,1,228920
8579,1,8950
8580,1,38600
8581,1,25680
8582,1,27410
8583,1,13860
8584,1,5120
8585,1,19590
8586,1,13960
8587,1,11180
8588,1,1100
8589,1,18890
8590,1,7300
8591,1,500000
8592,1,8380
8593,1,131600
8594,1,23980
8595,1,13390
8596,1,1450
8597,1,5870
8598,1,3630
8599,1,9730
8600,1,4710
8601,1,38030
8602,1,8970
8603,1,2240
8604,1,8560
8605,1,2300
8606,1,38190
8607,1,31450
8608,1,64890
8609,1,740
8610,1,60450
8611,1,30630
8612,1,24450
8613,1,17850
8614,1,44870
8615,1,710
8616,1,36840
8617,1,24390
8618,1,10970
8619,1,500000
8620,1,23040
8621,1,6840
8622,1,1730
8623,1,18180
8624,1,35160
8625,1,6460
8626,1,28800
8627,1,10390
8628,1,17330
8629,1,3510
8630,1,6570
8631,1,30150
8632,1,28790
8633,1,9530
8634,1,42330
8635,1,4540
8636,1,3690
8637,1,45720
8638,1,35890
8639,1,30180
8640,1,2090
8641,1,11110
8642,1,11750
8643,1,9160
8644,1,37530
8645,1,7330
8646,1,44500
8647,1,6890
8648,1,24640
8649,1,13790
8650,1,19440
8651,1,37120
8652,1,10120
8653,1,15070
8654,1,14260
8655,1,21250
8656,1,11380
8657,1,6400
8658,1,27790
8659,1,4880
8660,1,5340
8661,1,62820
8662,1,3250
8663,1,7680
8664,1,26870
8665,1,13420
8666,1,33090
8667,1,23420
8668,1,16030
8669,1,1370
8670,1,33660
8671,1,500000
8672,1,1530
8673,1,23240
8674,1,21730
8675,1,11860
8676,1,45830
8677,1,5360
8678,1,1110
8679,1,13990
8680,1,13110
8681,1,6550
8682,1,20360
8683,1,16260
8684,1,29220
8685,1,7610
8686,1,14050
8687,1,3550
8688,1,14210
8689,1,16470
8690,1,3440
8691,1,14410
8692,1,7910
8693,1,1750
8694,1,39300
8695,1,2740
8696,1,3060
8697,1,22450
8698,1,4400
8699,1,10300
8700,1,55560
8701,1,6260
8702,1,17880
8703,1,2490
8704,1,3830
8705,1,18730
8706,1,13700
8707,1,4670
8708,1,62500
8709,1,4810
8710,1,4570
8711,1,13140
8712,1,40000
8713,1,32420
8714,1,110250
8715,1,280410
8716,1,25320
8717,1,2530
8718,1,4260
8719,1,32970
8720,1,67080
8721,1,15500
8722,1,11810
8723,1,6100
8724,1,36120
8725,1,19740
8726,1,11010
8727,1,28200
8728,1,14290
8729,1,13680
8730,1,88730
8731,1,500000
8732,1,52490
8733,1,4860
8734,1,16460
8735,1,27870
8736,1,49950
8737,1,15690
8738,1,28130
8739,1,95380
8740,1,37400
8741,1,29860
8742,1,15380
8743,1,7540
8744,1,55020
8745,1,42090
8746,1,12170
8747,1,24180
8748,1,500000
8749,1,7130
8750,1,2020
8751,1,19170
8752,1,45560
8753,1,17800
8754,1,6260
8755,1,8580
8756,1,11220
8757,1,10650
8758,1,16640
8759,1,4090
8760,1,3510
8761,1,16580
8762,1,31160
8763,1,14680
8764,1,870
8765,1,3650
8766,1,7470
8767,1,56190
8768,1,3020
8769,1,22880
8770,1,17500
8771,1,2740
8772,1,6040
8773,1,8490
8774,1,20020
8775,1,25990
8776,1,13100
8777,1,900
8778,1,6200
8779,1,590
8780,1,3530
8781,1,50690
8782,1,13090
8783,1,29670
8784,1,2540
8785,1,11690
8786,1,6240
8787,1,15780
8788,1,20380
8789,1,12770
8790,1,71050
8791,1,3240
8792,1,9340
8793,1,16540
8794,1,15480
8795,1,360
8796,1,17780
8797,1,58400
8798,1,10090
8799,1,24210
8800,1,8020
8801,1,5840
8802,1,23240
8803,1,35930
8804,1,16730
8805,1,1720
8806,1,6760
8807,1,29500
8808,1,15830
8809,1,5820
8810,1,7460
8811,1,15410
8812,1,27760
8813,1,23120
8814,1,30880
8815,1,6450
8816,1,70950
8817,1,17470
8818,1,500000
8819,1,32960
8820,1,7730
8821,1,28730
8822,1,24770
8823,1,9560
8824,1,11280
8825,1,23210
8826,1,5500
8827,1,6140
8828,1,49540
8829,1,27960
8830,1,5680
8831,1,17020
8832,1,16730
8833,1,23900
8834,1,19810
8835,1,4640
8836,1,8070
8837,1,11840
8838,1,46890
8839,1,30220
8840,1,17670
8841,1,35660
8842,1,56750
8843,1,24310
8844,1,2270
8845,1,18070
8846,1,8250
8847,1,36450
8848,1,99770
8849,1,10040
8850,1,8990
8851,1,12760
8852,1,57080
8853,1,7740
8854,1,22480
8855,1,23620
8856,1,36560
8857,1,4070
8858,1,5080
8859,1,28820
8860,1,12140
8861,1,6960
8862,1,18100
8863,1,40480
8864,1,34960
8865,1,14480
8866,1,1100
8867,1,12650
8868,1,20270
8869,1,25010
8870,1,5490
8871,1,120090
8872,1,19840
8873,1,18990
8874,1,16800
8875,1,16350
8876,1,21130
8877,1,23150
8878,1,13430
8879,1,16400
8880,1,10610
8881,1,43690
8882,1,39210
8883,1,24280
8884,1,23190
8885,1,14420
8886,1,4000
8887,1,12190
8888,1,3440
8889,1,11760
8890,1,20380
8891,1,2640
8892,1,12810
8893,1,112280
8894,1,46670
8895,1,34570
8896,1,3760
8897,1,39560
8898,1,13840
8899,1,10420
8900,1,15040
8901,1,3540
8902,1,4720
8903,1,23070
8904,1,6460
8905,1,2290
8906,1,8660
8907,1,6320
8908,1,22680
8909,1,8740
8910,1,95160
8911,1,9340
8912,1,54620
8913,1,12050
8914,1,87970
8915,1,29010
8916,1,4530
8917,1,51310
8918,1,20220
8919,1,17890
8920,1,25730
8921,1,7910
8922,1,11810
8923,1,40400
8924,1,20800
8925,1,6380
8926,1,25960
8927,1,7400
8928,1,11620
8929,1,12930
8930,1,7940
8931,1,22600
8932,1,39070
8933,1,8990
8934,1,47760
8935,1,52120
8936,1,36010
8937,1,4830
8938,1,25810
8939,1,7280
8940,1,6000
8941,1,3620
8942,1,9440
8943,1,15520
8944,1,47380
8945,1,15740
8946,1,32920
8947,1,3390
8948,1,19750
8949,1,500000
8950,1,18570
8951,1,4100
8952,1,11660
8953,1,13260
8954,1,11070
8955,1,35830
8956,1,1230
8957,1,8000
8958,1,39740
8959,1,14380
8960,1,3630
8961,1,810
8962,1,46980
8963,1,16270
8964,1,15710
8965,1,10790
8966,1,9830
8967,1,60080
8968,1,6610
8969,1,15510
8970,1,57060
8971,1,2540
8972,1,10380
8973,1,112440
8974,1,6150
8975,1,14750
8976,1,3510
8977,1,500000
8978,1,28160
8979,1,10580
8980,1,21270
8981,1,14890
8982,1,8510
8983,1,59700
8984,1,31200
8985,1,19390
8986,1,9330
8987,1,9030
8988,1,4770
8989,1,42350
8990,1,14400
8991,1,19130
8992,1,30360
8993,1,3710
8994,1,10730
8995,1,40500
8996,1,770
8997,1,840
8998,1,25430
8999,1,3800
9000,1,9980
9001,1,11560
9002,1,210190
9003,1,3910
9004,1,4250
9005,1,13830
9006,1,66550
9007,1,60120
9008,1,20210
9009,1,3840
9010,1,320
9011,1,10640
9012,1,48010
9013,1,18040
9014,1,42780
9015,1,6850
9016,1,44450
9017,1,4250
9018,1,79720
9019,1,22620
9020,1,15280
9021,1,6710
9022,1,158010
9023,1,9080
9024,1,5980
9025,1,2020
9026,1,50840
9027,1,18830
9028,1,9200
9029,1,5880
9030,1,103090
9031,1,71860
9032,1,50690
9033,1,32700
9034,1,24120
9035,1,28120
9036,1,38160
9037,1,14450
9038,1,50780
9039,1,2320
9040,1,27030
9041,1,2780
9042,1,3180
9043,1,15720
9044,1,27860
9045,1,33130
9046,1,2260
9047,1,5460
9048,1,34280
9049,1,8640
9050,1,500000
9051,1,53100
9052,1,13080
9053,1,62310
9054,1,22620
9055,1,11890
9056,1,11410
9057,1,2060
9058,1,16210
9059,1,34300
9060,1,18080
9061,1,9510
9062,1,4710
9063,1,25220
9064,1,9850
9065,1,51350
9066,1,37620
9067,1,2720
9068,1,5510
9069,1,7970
9070,1,37200
9071,1,41680
9072,1,15230
9073,1,83620
9074,1,1230
9075,1,1200
9076,1,54060
9077,1,38480
9078,1,8710
9079,1,7040
9080,1,4090
9081,1,23260
9082,1,46110
9083,1,14050
9084,1,9140
9085,1,18730
9086,1,25440
9087,1,38390
9088,1,8150
9089,1,17800
9090,1,38490
9091,1,16170
9092,1,33520
9093,1,39880
9094,1,10430
9095,1,1440
9096,1,52810
9097,1,26130
9098,1,59490
9099,1,17280
9100,1,4650
9101,1,10970
9102,1,23930
9103,1,29760
9104,1,26810
9105,1,8070
9106,1,18890
9107,1,13460
9108,1,10650
9109,1,4900
9110,1,36460
9111,1,28490
9112,1,11820
9113,1,5500
9114,1,13030
9115,1,3610
9116,1,215890
9117,1,4630
9118,1,12000
9119,1,8400
9120,1,14640
9121,1,2900
9122,1,42380
9123,1,3590
9124,1,13610
9125,1,15710
9126,1,17600
9127,1,63360
9128,1,4080
9129,1,34230
9130,1,13220
9131,1,16120
9132,1,13310
9133,1,14000
9134,1,9220
9135,1,6190
9136,1,105260
9137,1,13410
9138,1,63780
9139,1,22380
9140,1,8020
9141,1,36100
9142,1,47120
9143,1,29430
9144,1,11610
9145,1,22830
9146,1,6760
9147,1,14590
9148,1,37600
9149,1,19780
9150,1,5300
9151,1,50390
9152,1,17370
9153,1,10770
9154,1,4700
9155,1,27510
9156,1,31290
9157,1,52410
9158,1,10630
9159,1,6880
9160,1,12070
9161,1,9600
9162,1,32800
9163,1,10550
9164,1,15300
9165,1,14010
9166,1,4200
9167,1,2210
9168,1,26870
9169,1,123420
9170,1,2370
9171,1,24150
9172,1,1460
9173,1,45360
9174,1,8280
9175,1,11100
9176,1,13950
9177,1,8410
9178,1,7210
9179,1,44420
9180,1,21490
9181,1,5530
9182,1,8060
9183,1,28400
9184,1,22890
9185,1,183630
9186,1,12360
9187,1,5230
9188,1,11430
9189,1,51790
9190,1,22100
9191,1,42580
9192,1,15080
9193,1,22540
9194,1,25860
9195,1,6430
9196,1,12880
9197,1,6360
9198,1,9260
9199,1,10740
9200,1,8160
9201,1,19520
9202,1,18180
9203,1,30260
9204,1,17370
9205,1,12320
9206,1,9910
9207,1,38350
9208,1,18260
9209,1,20550
9210,1,1980
9211,1,690
9212,1,12140
9213,1,680
9214,1,25670
9215,1,126460
9216,1,40130
9217,1,59000
9218,1,10010
9219,1,4310
9220,1,5360
9221,1,5490
9222,1,50410
9223,1,3840
9224,1,8820
9225,1,27110
9226,1,89040
9227,1,39720
9228,1,16370
9229,1,8560
9230,1,4870
9231,1,44670
9232,1,2110
9233,1,42970
9234,1,12840
9235,1,1560
9236,1,10820
9237,1,27310
9238,1,5120
9239,1,5520
9240,1,10490
9241,1,14170
9242,1,890
9243,1,16750
9244,1,11370
9245,1,14890
9246,1,7660
9247,1,2830
9248,1,10220
9249,1,10480
9250,1,15380
9251,1,56330
9252,1,2500
9253,1,10040
9254,1,59510
9255,1,6930
9256,1,3070
9257,1,4110
9258,1,11070
9259,1,31760
9260,1,11370
9261,1,23240
9262,1,14660
9263,1,1520
9264,1,7150
9265,1,9290
9266,1,5040
9267,1,30570
9268,1,500000
9269,1,55220
9270,1,42730
9271,1,15700
9272,1,20530
9273,1,34550
9274,1,1920
9275,1,30000
9276,1,124060
9277,1,42690
9278,1,9960
9279,1,52410
9280,1,410
9281,1,18140
9282,1,1980
9283,1,21780
9284,1,44310
9285,1,5050
9286,1,16830
9287,1,30050
9288,1,37850
9289,1,25340
9290,1,14540
9291,1,11550
9292,1,3710
9293,1,8700
9294,1,44020
9295,1,11050
9296,1,16090
9297,1,24670
9298,1,13950
9299,1,4720
9300,1,6700
9301,1,28820
9302,1,13170
9303,1,32770
9304,1,5190
9305,1,10120
9306,1,17920
9307,1,12470
9308,1,7350
9309,1,36830
9310,1,18110
9311,1,23720
9312,1,43500
9313,1,17230
9314,1,109390
9315,1,680
9316,1,21860
9317,1,5780
9318,1,14090
9319,1,25780
9320,1,9860
9321,1,3860
9322,1,5900
9323,1,39900
9324,1,26680
9325,1,47540
9326,1,40240
9327,1,1910
9328,1,6110
9329,1,25860
9330,1,9170
9331,1,22910
9332,1,16680
9333,1,32800
9334,1,1180
9335,1,42980
9336,1,7830
9337,1,27230
9338,1,16470
9339,1,5560
9340,1,2920
9341,1,51430
9342,1,8010
9343,1,7540
9344,1,37570
9345,1,840
9346,1,25810
9347,1,9960
9348,1,6940
9349,1,8800
9350,1,6760
9351,1,104220
9352,1,17680
9353,1,990
9354,1,17920
9355,1,28570
9356,1,10410
9357,1,18970
9358,1,6710
9359,1,26470
9360,1,17170
9361,1,4610
9362,1,21720
9363,1,6340
9364,1,6890
9365,1,8620
9366,1,4370
9367,1,1980
9368,1,2330
9369,1,10870
9370,1,35310
9371,1,1810
9372,1,6020
9373,1,10160
9374,1,20280
9375,1,39980
9376,1,9600
9377,1,74420
9378,1,10340
9379,1,7770
9380,1,8710
9381,1,10270
9382,1,28280
9383,1,47160
9384,1,1630
9385,1,10940
9386,1,13890
9387,1,2660
9388,1,16500
9389,1,40390
9390,1,500000
9391,1,19900
9392,1,6610
9393,1,8430
9394,1,122830
9395,1,12560
9396,1,17530
9397,1,49460
9398,1,11480
9399,1,112600
9400,1,74590
9401,1,82600
9402,1,20680
9403,1,11200
9404,1,19180
9405,1,5360
9406,1,3880
9407,1,23880
9408,1,16850
9409,1,16440
9410,1,12830
9411,1,47270
9412,1,69400
9413,1,6560
9414,1,7080
9415,1,5770
9416,1,640
9417,1,50720
9418,1,26670
9419,1,33390
9420,1,18590
9421,1,1860
9422,1,6760
9423,1,14390
9424,1,84190
9425,1,16440
9426,1,27450
9427,1,15610
9428,1,68150
9429,1,2710
9430,1,7820
9431,1,3210
9432,1,7270
9433,1,4900
9434,1,13650
9435,1,10100
9436,1,119900
9437,1,29900
9438,1,26410
9439,1,7130
9440,1,17470
9441,1,123540
9442,1,17660
9443,1,3540
9444,1,37330
9445,1,76810
9446,1,32460
9447,1,500000
9448,1,14110
9449,1,2760
9450,1,37090
9451,1,9720
9452,1,19080
9453,1,26080
9454,1,4560
9455,1,10670
9456,1,2100
9457,1,23110
9458,1,7800
9459,1,5510
9460,1,14450
9461,1,5350
9462,1,8370
9463,1,7780
9464,1,4830
9465,1,134060
9466,1,39920
9467,1,34900
9468,1,13280
9469,1,15270
9470,1,19290
9471,1,4850
9472,1,31800
9473,1,17040
9474,1,26050
9475,1,6830
9476,1,37630
9477,1,10800
9478,1,19830
9479,1,11680
9480,1,21630
9481,1,6750
9482,1,3090
9483,1,13530
9484,1,41190
9485,1,16940
9486,1,86160
9487,1,13980
9488,1,66310
9489,1,1710
9490,1,3700
9491,1,7060
9492,1,2410
9493,1,23880
9494,1,13150
9495,1,18380
9496,1,35690
9497,1,8370
9498,1,18020
9499,1,4330
9500,1,54560
9501,1,14440
9502,1,22230
9503,1,7420
9504,1,7390
9505,1,500000
9506,1,4410
9507,1,14120
9508,1,37820
9509,1,4700
9510,1,8700
9511,1,17050
9512,1,32260
9513,1,124250
9514,1,17110
9515,1,5970
9516,1,10740
9517,1,10870
9518,1,31250
9519,1,22700
9520,1,8560
9521,1,8000
9522,1,6290
9523,1,25820
9524,1,36430
9525,1,48550
9526,1,3230
9527,1,2280
9528,1,13310
9529,1,11220
9530,1,10920
9531,1,81420
9532,1,10870
9533,1,13160
9534,1,24080
9535,1,8550
9536,1,7060
9537,1,3510
9538,1,11760
9539,1,45990
9540,1,16680
9541,1,3710
9542,1,9920
9543,1,760
9544,1,17180
9545,1,13720
9546,1,67700
9547,1,11890
9548,1,9900
9549,1,8440
9550,1,15630
9551,1,14530
9552,1,16480
9553,1,20350
9554,1,2720
9555,1,15730
9556,1,3080
9557,1,6880
9558,1,7240
9559,1,11160
9560,1,25100
9561,1,9370
9562,1,500000
9563,1,108640
9564,1,16450
9565,1,25280
9566,1,30460
9567,1,19180
9568,1,3220
9569,1,66440
9570,1,43930
9571,1,22970
9572,1,39410
9573,1,15990
9574,1,20900
9575,1,3070
9576,1,4720
9577,1,75690
9578,1,9850
9579,1,1490
9580,1,56060
9581,1,5570
9582,1,148400
9583,1,11360
9584,1,30320
9585,1,13710
9586,1,24030
9587,1,47910
9588,1,70970
9589,1,26810
9590,1,22640
9591,1,39580
9592,1,7260
9593,1,23430
9594,1,6250
9595,1,8210
9596,1,11850
9597,1,25490
9598,1,23220
9599,1,32110
9600,1,29870
9601,1,6880
9602,1,2120
9603,1,38120
9604,1,11840
9605,1,3680
9606,1,3120
9607,1,17750
9608,1,45920
9609,1,20110
9610,1,34460
9611,1,10090
9612,1,17670
9613,1,47090
9614,1,3620
9615,1,12510
9616,1,10350
9617,1,4460
9618,1,1940
9619,1,6310
9620,1,36860
9621,1,910
9622,1,21640
9623,1,12510
9624,1,5180
9625,1,45970
9626,1,500000
9627,1,8000
9628,1,1520
9629,1,5870
9630,1,11230
9631,1,21830
9632,1,4540
9633,1,15700
9634,1,6370
9635,1,6500
9636,1,6080
9637,1,27570
9638,1,21890
9639,1,44030
9640,1,11130
9641,1,500000
9642,1,3560
9643,1,44950
9644,1,20900
9645,1,500000
9646,1,12900
9647,1,13350
9648,1,28470
9649,1,35740
9650,1,32100
9651,1,7080
9652,1,1000
9653,1,12860
9654,1,5130
9655,1,14370
9656,1,8660
9657,1,3560
9658,1,26700
9659,1,21430
9660,1,24470
9661,1,23370
9662,1,17800
9663,1,5580
9664,1,43590
9665,1,1380
9666,1,19810
9667,1,13390
9668,1,1030
9669,1,14070
9670,1,16220
9671,1,420
9672,1,70490
9673,1,13780
9674,1,5780
9675,1,18170
9676,1,21040
9677,1,20070
9678,1,9260
9679,1,70850
9680,1,880
9681,1,24080
9682,1,11760
9683,1,12420
9684,1,12550
9685,1,16220
9686,1,15610
9687,1,26520
9688,1,11430
9689,1,36230
9690,1,8590
9691,1,9390
9692,1,13930
9693,1,9740
9694,1,4250
9695,1,33620
9696,1,25340
9697,1,11920
9698,1,7620
9699,1,4890
9700,1,25850
9701,1,88400
9702,1,26330
9703,1,8120
9704,1,31630
9705,1,16890
9706,1,26620
9707,1,17390
9708,1,33970
9709,1,44350
9710,1,7620
9711,1,6810
9712,1,9540
9713,1,16240
9714,1,8630
9715,1,25940
9716,1,7550
9717,1,6110
9718,1,1990
9719,1,20810
9720,1,7190
9721,1,18280
9722,1,17500
9723,1,11390
9724,1,11570
9725,1,2880
9726,1,490
9727,1,40560
9728,1,46010
9729,1,5650
9730,1,2750
9731,1,37880
9732,1,6260
9733,1,11010
9734,1,42040
9735,1,15900
9736,1,16490
9737,1,16830
9738,1,9500
9739,1,3050
9740,1,34750
9741,1,1090
9742,1,19960
9743,1,35480
9744,1,20810
9745,1,4720
9746,1,14400
9747,1,14530
9748,1,1800
9749,1,4590
9750,1,72950
9751,1,60930
9752,1,10080
9753,1,9500
9754,1,1920
9755,1,34210
9756,1,600
9757,1,26480
9758,1,250
9759,1,143560
9760,1,17370
9761,1,13500
9762,1,7140
9763,1,55060
9764,1,10390
9765,1,25230
9766,1,1270
9767,1,27640
9768,1,27980
9769,1,27280
9770,1,3050
9771,1,4290
9772,1,17250
9773,1,7070
9774,1,4250
9775,1,3360
9776,1,3710
9777,1,62060
9778,1,3990
9779,1,5300
9780,1,5560
9781,1,11880
9782,1,16710
9783,1,26810
9784,1,18850
9785,1,10110
9786,1,12400
9787,1,5630
9788,1,25260
9789,1,4820
9790,1,3310
9791,1,6990
9792,1,8100
9793,1,9800
9794,1,41880
9795,1,21060
9796,1,4360
9797,1,16570
9798,1,1250
9799,1,15900
9800,1,7790
9801,1,1900
9802,1,1850
9803,1,15220
9804,1,1210
9805,1,4720
9806,1,55570
9807,1,43240
9808,1,13370
9809,1,10700
9810,1,24230
9811,1,2310
9812,1,1950
9813,1,19380
9814,1,9410
9815,1,18060
9816,1,43890
9817,1,20660
9818,1,14970
9819,1,5300
9820,1,26190
9821,1,11250
9822,1,6020
9823,1,9580
9824,1,28410
9825,1,9380
9826,1,11010
9827,1,57040
9828,1,27740
9829,1,15830
9830,1,12720
9831,1,1850
9832,1,38150
9833,1,58240
9834,1,2470
9835,1,1640
9836,1,7020
9837,1,8310
9838,1,19100
9839,1,25150
9840,1,150000
9841,1,28380
9842,1,61100
9843,1,6380
9844,1,7280
9845,1,33240
9846,1,29880
9847,1,20220
9848,1,10640
9849,1,43590
9850,1,17650
9851,1,13490
9852,1,9090
9853,1,3950
9854,1,19000
9855,1,3930
9856,1,9010
9857,1,22450
9858,1,15290
9859,1,23500
9860,1,13540
9861,1,39560
9862,1,1880
9863,1,11710
9864,1,1150
9865,1,27360
9866,1,29880
9867,1,96110
9868,1,8270
9869,1,34560
9870,1,31390
9871,1,106310
9872,1,42740
9873,1,20780
9874,1,10280
9875,1,27220
9876,1,47880
9877,1,11820
9878,1,20420
9879,1,1820
9880,1,540
9881,1,13950
9882,1,10390
9883,1,1090
9884,1,38120
9885,1,21500
9886,1,37560
9887,1,127540
9888,1,24730
9889,1,6590
9890,1,9960
9891,1,2260
9892,1,15210
9893,1,11160
9894,1,2850
9895,1,29260
9896,1,20150
9897,1,13700
9898,1,15210
9899,1,3070
9900,1,15330
9901,1,19890
9902,1,3680
9903,1,12980
9904,1,23650
9905,1,81250
9906,1,5260
9907,1,20450
9908,1,23900
9909,1,45880
9910,1,43980
9911,1,3330
9912,1,14550
9913,1,1010
9914,1,20070
9915,1,22930
9916,1,40180
9917,1,1430
9918,1,5610
9919,1,10100
9920,1,33700
9921,1,13680
9922,1,49180
9923,1,8080
9924,1,11340
9925,1,1700
9926,1,3190
9927,1,2990
9928,1,3350
9929,1,9090
9930,1,8840
9931,1,27720
9932,1,11410
9933,1,21850
9934,1,14160
9935,1,66290
9936,1,12590
9937,1,35150
9938,1,16210
9939,1,18860
9940,1,30430
9941,1,4670
9942,1,5390
9943,1,31850
9944,1,4380
9945,1,5040
9946,1,42390
9947,1,23470
9948,1,30220
9949,1,6080
9950,1,131650
9951,1,20860
9952,1,5660
9953,1,19680
9954,1,1960
9955,1,20850
9956,1,2980
9957,1,14460
9958,1,25820
9959,1,7400
9960,1,22510
9961,1,4160
9962,1,4130
9963,1,14210
9964,1,63330
9965,1,1310
9966,1,8320
9967,1,20300
9968,1,13390
9969,1,9360
9970,1,4730
9971,1,17700
9972,1,4170
9973,1,7790
9974,1,6600
9975,1,47230
9976,1,18180
9977,1,7070
9978,1,10730
9979,1,7910
9980,1,57170
9981,1,30520
9982,1,8680
9983,1,20340
9984,1,39840
9985,1,9250
9986,1,8330
9987,1,2380
9988,1,3800
9989,1,19310
9990,1,2360
9991,1,74860
9992,1,17540
9993,1,11330
9994,1,3150
9995,1,23330
9996,1,8740
9997,1,4700
9998,1,29350
9999,1,8660
