0,1,3020
1,1,23190
2,1,17310
3,1,3400
4,1,26750
5,1,4410
6,1,11990
7,1,46660
8,1,5990
9,1,7510
10,1,34100
11,1,6040
12,1,2780
13,1,4840
14,1,14540
15,1,1200
16,1,1870
17,1,53580
18,1,2990
19,1,11430
20,1,14650
21,1,90420
22,1,4020
23,1,32350
24,1,16610
25,1,26930
26,1,8160
27,1,72940
28,1,1990
29,1,4690
30,1,6640
31,1,6090
32,1,2440
33,1,3410
34,1,10920
35,1,12490
36,1,29030
37,1,2560
38,1,34540
39,1,3260
40,1,1930
41,1,24710
42,1,16810
43,1,2780
44,1,16170
45,1,10540
46,1,31770
47,1,4890
48,1,6340
49,1,6250
50,1,120230
51,1,4680
52,1,12540
53,1,5600
54,1,78690
55,1,7760
56,1,4440
57,1,34550
58,1,11890
59,1,19000
60,1,4590
61,1,240
62,1,2880
63,1,165450
64,1,2760
65,1,8120
66,1,1310
67,1,1050
68,1,62910
69,1,28490
70,1,70940
71,1,23830
72,1,77090
73,1,23340
74,1,14290
75,1,33340
76,1,18880
77,1,62720
78,1,4040
79,1,19000
80,1,6700
81,1,14180
82,1,7470
83,1,51740
84,1,580
85,1,29410
86,1,5980
87,1,27170
88,1,15730
89,1,9220
90,1,40280
91,1,70020
92,1,9740
93,1,7800
94,1,38870
95,1,44150
96,1,14750
97,1,12370
98,1,13210
99,1,43450
100,1,54250
101,1,14820
102,1,6650
103,1,26500
104,1,16680
105,1,17170
106,1,8290
107,1,24340
108,1,100
109,1,38910
110,1,27480
111,1,3560
112,1,14100
113,1,15520
114,1,28970
115,1,1700
116,1,8140
117,1,870
118,1,2670
119,1,6690
120,1,15320
121,1,41640
122,1,24060
123,1,34060
124,1,2580
125,1,13590
126,1,12100
127,1,9220
128,1,27640
129,1,5420
130,1,33520
131,1,6040
132,1,12200
133,1,10960
134,1,140180
135,1,1700
136,1,530
137,1,2540
138,1,11990
139,1,250
140,1,1740
141,1,10220
142,1,61420
143,1,26290
144,1,14480
145,1,3390
146,1,1960
147,1,3620
148,1,5950
149,1,2530
150,1,25830
151,1,890
152,1,8830
153,1,19760
154,1,13020
155,1,4300
156,1,25590
157,1,44330
158,1,2910
159,1,16610
160,1,27280
161,1,14070
162,1,17240
163,1,10710
164,1,33380
165,1,26450
166,1,17190
167,1,3980
168,1,22650
169,1,10460
170,1,65270
171,1,780
172,1,3330
173,1,25920
174,1,19430
175,1,3700
176,1,38750
177,1,24370
178,1,10420
179,1,16740
180,1,15480
181,1,8980
182,1,3850
183,1,50210
184,1,11000
185,1,10840
186,1,3680
187,1,18610
188,1,1390
189,1,3060
190,1,12850
191,1,53130
192,1,42070
193,1,15340
194,1,1970
195,1,3300
196,1,29450
197,1,22470
198,1,9090
199,1,3430
200,1,2980
201,1,14940
202,1,12510
203,1,15600
204,1,7650
205,1,119460
206,1,29220
207,1,31530
208,1,1590
209,1,31440
210,1,94140
211,1,8550
212,1,7980
213,1,32370
214,1,9340
215,1,5280
216,1,3300
217,1,17670
218,1,253820
219,1,48900
220,1,2910
221,1,1880
222,1,7590
223,1,21200
224,1,141850
225,1,16850
226,1,7010
227,1,22680
228,1,3140
229,1,23360
230,1,13880
231,1,232950
232,1,29820
233,1,1980
234,1,38330
235,1,8380
236,1,3860
237,1,9810
238,1,28090
239,1,23300
240,1,171410
241,1,11130
242,1,20750
243,1,28730
244,1,21440
245,1,4400
246,1,11380
247,1,22130
248,1,12260
249,1,13150
250,1,10540
251,1,4460
252,1,8600
253,1,5860
254,1,15100
255,1,5410
256,1,2400
257,1,3110
258,1,17220
259,1,6600
260,1,13610
261,1,23910
262,1,7020
263,1,8820
264,1,20570
265,1,3000
266,1,19550
267,1,12810
268,1,980
269,1,9850
270,1,5560
271,1,2410
272,1,750
273,1,3610
274,1,4710
275,1,1620
276,1,17220
277,1,74030
278,1,11580
279,1,12390
280,1,5330
281,1,27600
282,1,9980
283,1,6590
284,1,780
285,1,1110
286,1,9780
287,1,4560
288,1,21010
289,1,3730
290,1,4260
291,1,17430
292,1,4090
293,1,11960
294,1,17880
295,1,6070
296,1,17680
297,1,950
298,1,800
299,1,6470
300,1,1570
301,1,7730
302,1,3120
303,1,17720
304,1,3990
305,1,2660
306,1,7200
307,1,2130
308,1,5080
309,1,470
310,1,180
311,1,9150
312,1,3280
313,1,7220
314,1,23890
315,1,43710
316,1,4280
317,1,7210
318,1,7730
319,1,6420
320,1,66590
321,1,2290
322,1,75730
323,1,2160
324,1,3630
325,1,3660
326,1,1380
327,1,3250
328,1,2370
329,1,5300
330,1,18400
331,1,8120
332,1,35820
333,1,26980
334,1,8470
335,1,15330
336,1,10340
337,1,4220
338,1,18640
339,1,490
340,1,5690
341,1,8560
342,1,15150
343,1,5060
344,1,62450
345,1,5190
346,1,12990
347,1,3350
348,1,280
349,1,9790
350,1,47240
351,1,39440
352,1,15970
353,1,17410
354,1,7390
355,1,31920
356,1,6920
357,1,2770
358,1,13070
359,1,7600
360,1,6020
361,1,3640
362,1,10180
363,1,390
364,1,32380
365,1,3180
366,1,9840
367,1,70150
368,1,65880
369,1,6100
370,1,60
371,1,13440
372,1,96260
373,1,410
374,1,2300
375,1,7360
376,1,13670
377,1,56390
378,1,5250
379,1,1880
380,1,10350
381,1,65980
382,1,12010
383,1,5940
384,1,2130
385,1,10610
386,1,44470
387,1,53350
388,1,8910
389,1,3270
390,1,4750
391,1,1650
392,1,16350
393,1,7610
394,1,27500
395,1,6020
396,1,3040
397,1,46630
398,1,31600
399,1,43270
400,1,4060
401,1,1690
402,1,21170
403,1,15090
404,1,32050
405,1,16660
406,1,670
407,1,51450
408,1,640
409,1,1870
410,1,28430
411,1,27740
412,1,1880
413,1,1100
414,1,109750
415,1,18370
416,1,31570
417,1,25600
418,1,7170
419,1,3560
420,1,4610
421,1,5150
422,1,42380
423,1,44530
424,1,18420
425,1,4100
426,1,4630
427,1,10470
428,1,72530
429,1,5500
430,1,50590
431,1,4310
432,1,4540
433,1,18660
434,1,42070
435,1,13380
436,1,2360
437,1,4180
438,1,41410
439,1,12420
440,1,5450
441,1,1970
442,1,2210
443,1,27200
444,1,22110
445,1,9050
446,1,13050
447,1,8000
448,1,52030
449,1,1680
450,1,16340
451,1,2980
452,1,7180
453,1,32470
454,1,5620
455,1,34610
456,1,37870
457,1,4140
458,1,14230
459,1,12280
460,1,7720
461,1,10710
462,1,8710
463,1,10260
464,1,10610
465,1,8070
466,1,24010
467,1,73990
468,1,8470
469,1,14000
470,1,22930
471,1,27420
472,1,7730
473,1,7510
474,1,1710
475,1,6240
476,1,19500
477,1,5840
478,1,10440
479,1,2480
480,1,79240
481,1,10480
482,1,16260
483,1,142420
484,1,35900
485,1,3340
486,1,5240
487,1,15380
488,1,11970
489,1,4720
490,1,2980
491,1,1530
492,1,23840
493,1,6060
494,1,2320
495,1,125230
496,1,30250
497,1,10920
498,1,14670
499,1,15720
500,1,63360
501,1,12180
502,1,8270
503,1,39480
504,1,9530
505,1,20530
506,1,19830
507,1,840
508,1,22270
509,1,4510
510,1,37380
511,1,3440
512,1,9270
513,1,5250
514,1,4720
515,1,25510
516,1,1670
517,1,15960
518,1,16750
519,1,26320
520,1,29280
521,1,23880
522,1,42110
523,1,5030
524,1,92180
525,1,1540
526,1,152580
527,1,6570
528,1,6410
529,1,41290
530,1,17240
531,1,15510
532,1,88520
533,1,60
534,1,2700
535,1,21270
536,1,6210
537,1,5360
538,1,6990
539,1,1050
540,1,12990
541,1,19720
542,1,9260
543,1,52550
544,1,12250
545,1,840
546,1,8880
547,1,38400
548,1,9230
549,1,16660
550,1,1240
551,1,45520
552,1,56440
553,1,11710
554,1,15310
555,1,4990
556,1,8980
557,1,43040
558,1,11580
559,1,1440
560,1,10690
561,1,13630
562,1,17940
563,1,7820
564,1,1690
565,1,6790
566,1,5480
567,1,1480
568,1,4810
569,1,9540
570,1,14230
571,1,20310
572,1,79630
573,1,5430
574,1,6120
575,1,2560
576,1,14310
577,1,37290
578,1,9560
579,1,22100
580,1,11270
581,1,4380
582,1,4270
583,1,4550
584,1,12660
585,1,1850
586,1,3650
587,1,13220
588,1,20540
589,1,49020
590,1,67080
591,1,1350
592,1,11280
593,1,30610
594,1,5990
595,1,24120
596,1,9070
597,1,6900
598,1,9700
599,1,36050
600,1,18980
601,1,3010
602,1,22920
603,1,2350
604,1,68690
605,1,90350
606,1,17290
607,1,13310
608,1,47220
609,1,15730
610,1,5940
611,1,2610
612,1,5160
613,1,7970
614,1,3450
615,1,123870
616,1,5080
617,1,36780
618,1,5330
619,1,6390
620,1,36500
621,1,14700
622,1,24030
623,1,4390
624,1,6630
625,1,41270
626,1,8880
627,1,21250
628,1,18860
629,1,4650
630,1,7310
631,1,14720
632,1,38820
633,1,17310
634,1,16900
635,1,8020
636,1,19040
637,1,25640
638,1,6170
639,1,1380
640,1,44440
641,1,3130
642,1,22860
643,1,3510
644,1,8600
645,1,11050
646,1,10160
647,1,55800
648,1,4700
649,1,10610
650,1,110780
651,1,4680
652,1,6530
653,1,18200
654,1,84550
655,1,5000
656,1,6210
657,1,44830
658,1,31700
659,1,1730
660,1,1620
661,1,107630
662,1,20980
663,1,4010
664,1,8470
665,1,2030
666,1,7940
667,1,11660
668,1,30760
669,1,13370
670,1,2580
671,1,12660
672,1,45870
673,1,15880
674,1,26150
675,1,40970
676,1,25940
677,1,8850
678,1,77410
679,1,2250
680,1,13960
681,1,1670
682,1,27300
683,1,18010
684,1,28840
685,1,4020
686,1,15590
687,1,3380
688,1,35880
689,1,5500
690,1,6320
691,1,10950
692,1,59800
693,1,2310
694,1,16170
695,1,4750
696,1,160
697,1,12920
698,1,37760
699,1,11620
700,1,33960
701,1,12620
702,1,52640
703,1,1890
704,1,99980
705,1,3250
706,1,12080
707,1,17060
708,1,2780
709,1,13260
710,1,18940
711,1,41160
712,1,5300
713,1,6790
714,1,13620
715,1,11950
716,1,2410
717,1,6220
718,1,2170
719,1,15840
720,1,8860
721,1,350
722,1,7550
723,1,3570
724,1,720
725,1,1970
726,1,18780
727,1,9590
728,1,47080
729,1,9520
730,1,4990
731,1,3650
732,1,2270
733,1,8040
734,1,69050
735,1,860
736,1,1760
737,1,38090
738,1,4890
739,1,6400
740,1,2880
741,1,540
742,1,14860
743,1,2760
744,1,3640
745,1,17930
746,1,3270
747,1,19540
748,1,4500
749,1,2440
750,1,56840
751,1,9830
752,1,22900
753,1,9040
754,1,3650
755,1,3060
756,1,4290
757,1,3800
758,1,5880
759,1,41930
760,1,6750
761,1,74980
762,1,22390
763,1,41730
764,1,1660
765,1,3760
766,1,3980
767,1,1760
768,1,5010
769,1,760
770,1,3600
771,1,11690
772,1,6300
773,1,100180
774,1,16000
775,1,7520
776,1,4000
777,1,2880
778,1,3900
779,1,16100
780,1,1860
781,1,2230
782,1,2420
783,1,32600
784,1,4190
785,1,3690
786,1,1060
787,1,9270
788,1,1570
789,1,45480
790,1,4930
791,1,16550
792,1,17890
793,1,1460
794,1,7650
795,1,95010
796,1,6300
797,1,76330
798,1,7800
799,1,11950
800,1,42010
801,1,43600
802,1,13020
803,1,5260
804,1,13020
805,1,21050
806,1,23320
807,1,280
808,1,4430
809,1,670
810,1,860
811,1,15490
812,1,59640
813,1,2640
814,1,27950
815,1,3270
816,1,5080
817,1,65710
818,1,13850
819,1,5500
820,1,11080
821,1,9570
822,1,55980
823,1,15870
824,1,15210
825,1,3090
826,1,17770
827,1,40140
828,1,23050
829,1,5570
830,1,43760
831,1,6410
832,1,4070
833,1,102870
834,1,17990
835,1,4170
836,1,6120
837,1,770
838,1,30070
839,1,15530
840,1,41370
841,1,1910
842,1,900
843,1,20460
844,1,4350
845,1,6780
846,1,8250
847,1,6570
848,1,4690
849,1,32390
850,1,6280
851,1,9500
852,1,36610
853,1,3310
854,1,11380
855,1,5540
856,1,19000
857,1,2160
858,1,1450
859,1,9250
860,1,10690
861,1,9920
862,1,2520
863,1,3840
864,1,9980
865,1,5980
866,1,15700
867,1,10390
868,1,21480
869,1,36040
870,1,24080
871,1,20720
872,1,15210
873,1,7400
874,1,10330
875,1,8320
876,1,58050
877,1,85370
878,1,12800
879,1,77460
880,1,9060
881,1,7490
882,1,10100
883,1,35110
884,1,3330
885,1,3620
886,1,6590
887,1,6640
888,1,710
889,1,25130
890,1,50290
891,1,14210
892,1,10600
893,1,51650
894,1,5470
895,1,12860
896,1,41340
897,1,101330
898,1,22700
899,1,26590
900,1,1710
901,1,14400
902,1,2030
903,1,11080
904,1,28260
905,1,6540
906,1,14240
907,1,6370
908,1,11560
909,1,6750
910,1,6150
911,1,3580
912,1,1300
913,1,7650
914,1,6990
915,1,3820
916,1,9350
917,1,8600
918,1,5300
919,1,35900
920,1,1420
921,1,7890
922,1,21070
923,1,30570
924,1,36490
925,1,6240
926,1,7930
927,1,6330
928,1,1810
929,1,3210
930,1,111170
931,1,11280
932,1,4790
933,1,12340
934,1,8950
935,1,10830
936,1,4290
937,1,3180
938,1,23020
939,1,3390
940,1,21840
941,1,13710
942,1,51430
943,1,2630
944,1,53630
945,1,11530
946,1,11740
947,1,2270
948,1,9910
949,1,4440
950,1,5510
951,1,12260
952,1,7410
953,1,25470
954,1,5730
955,1,10030
956,1,4640
957,1,22780
958,1,30290
959,1,4610
960,1,14530
961,1,5710
962,1,8020
963,1,43410
964,1,16710
965,1,2630
966,1,27320
967,1,9140
968,1,7970
969,1,9180
970,1,39080
971,1,4960
972,1,10440
973,1,63010
974,1,1330
975,1,14680
976,1,9430
977,1,44860
978,1,26430
979,1,4500
980,1,9790
981,1,23110
982,1,75600
983,1,12430
984,1,1990
985,1,2670
986,1,5160
987,1,14430
988,1,6700
989,1,18140
990,1,68050
991,1,38760
992,1,5280
993,1,6970
994,1,34300
995,1,16380
996,1,8720
997,1,19060
998,1,3640
999,1,3330
1000,1,1660
1001,1,6390
1002,1,48650
1003,1,16880
1004,1,4730
1005,1,3440
1006,1,14100
1007,1,12310
1008,1,10310
1009,1,4110
1010,1,8740
1011,1,8210
1012,1,17330
1013,1,9270
1014,1,34190
1015,1,12340
1016,1,7200
1017,1,13220
1018,1,2170
1019,1,3290
1020,1,198450
1021,1,52860
1022,1,1560
1023,1,11420
1024,1,7840
1025,1,21970
1026,1,7100
1027,1,9280
1028,1,22820
1029,1,29070
1030,1,19800
1031,1,20140
1032,1,42640
1033,1,43550
1034,1,5510
1035,1,40840
1036,1,67110
1037,1,3850
1038,1,9880
1039,1,63160
1040,1,4420
1041,1,11990
1042,1,6090
1043,1,11420
1044,1,32810
1045,1,1420
1046,1,9260
1047,1,3450
1048,1,10180
1049,1,41010
1050,1,25030
1051,1,52330
1052,1,27280
1053,1,15650
1054,1,2400
1055,1,19610
1056,1,19810
1057,1,95260
1058,1,460
1059,1,1960
1060,1,630
1061,1,6850
1062,1,57080
1063,1,3530
1064,1,55290
1065,1,33250
1066,1,1140
1067,1,112970
1068,1,26520
1069,1,2560
1070,1,25480
1071,1,17220
1072,1,18300
1073,1,6510
1074,1,58070
1075,1,2210
1076,1,7220
1077,1,8970
1078,1,5590
1079,1,8730
1080,1,173990
1081,1,43250
1082,1,109780
1083,1,19460
1084,1,1830
1085,1,49060
1086,1,2760
1087,1,40
1088,1,16590
1089,1,1450
1090,1,16050
1091,1,31020
1092,1,1340
1093,1,33160
1094,1,20210
1095,1,320
1096,1,10460
1097,1,47660
1098,1,6660
1099,1,15900
1100,1,9200
1101,1,38340
1102,1,17560
1103,1,4410
1104,1,950
1105,1,15060
1106,1,470
1107,1,7730
1108,1,7390
1109,1,35200
1110,1,52730
1111,1,4370
1112,1,8130
1113,1,14890
1114,1,1350
1115,1,7330
1116,1,4010
1117,1,26780
1118,1,16890
1119,1,54580
1120,1,30060
1121,1,1030
1122,1,16360
1123,1,12870
1124,1,6810
1125,1,19450
1126,1,56920
1127,1,2730
1128,1,500
1129,1,20420
1130,1,62460
1131,1,8450
1132,1,17010
1133,1,7840
1134,1,5750
1135,1,14780
1136,1,11420
1137,1,5350
1138,1,13650
1139,1,21000
1140,1,2610
1141,1,3450
1142,1,790
1143,1,3130
1144,1,6780
1145,1,8900
1146,1,64310
1147,1,10680
1148,1,4850
1149,1,3500
1150,1,3670
1151,1,54760
1152,1,26120
1153,1,7100
1154,1,19680
1155,1,8100
1156,1,39330
1157,1,44840
1158,1,2900
1159,1,730
1160,1,7260
1161,1,6910
1162,1,18630
1163,1,9470
1164,1,2300
1165,1,560
1166,1,3340
1167,1,2400
1168,1,9570
1169,1,13500
1170,1,9500
1171,1,12740
1172,1,320
1173,1,32330
1174,1,5040
1175,1,28410
1176,1,970
1177,1,1200
1178,1,2980
1179,1,6100
1180,1,1060
1181,1,62410
1182,1,35520
1183,1,15250
1184,1,9980
1185,1,44070
1186,1,18050
1187,1,5750
1188,1,1470
1189,1,4000
1190,1,4030
1191,1,24180
1192,1,13530
1193,1,27240
1194,1,3840
1195,1,9370
1196,1,9080
1197,1,4000
1198,1,8390
1199,1,83890
1200,1,1280
1201,1,3360
1202,1,2010
1203,1,480
1204,1,26940
1205,1,450
1206,1,19610
1207,1,2520
1208,1,22300
1209,1,750
1210,1,125140
1211,1,13300
1212,1,2510
1213,1,53850
1214,1,30790
1215,1,15830
1216,1,21020
1217,1,12630
1218,1,13190
1219,1,56840
1220,1,3010
1221,1,36930
1222,1,6780
1223,1,23620
1224,1,21220
1225,1,550
1226,1,19610
1227,1,2850
1228,1,9180
1229,1,890
1230,1,5700
1231,1,890
1232,1,1390
1233,1,64760
1234,1,9410
1235,1,10150
1236,1,23060
1237,1,6020
1238,1,11290
1239,1,7840
1240,1,6580
1241,1,1420
1242,1,8660
1243,1,18210
1244,1,1100
1245,1,2890
1246,1,5150
1247,1,4880
1248,1,7290
1249,1,2300
1250,1,12410
1251,1,38890
1252,1,48070
1253,1,1630
1254,1,3370
1255,1,5940
1256,1,79640
1257,1,30390
1258,1,13760
1259,1,3340
1260,1,13460
1261,1,3330
1262,1,38290
1263,1,2430
1264,1,760
1265,1,6280
1266,1,2070
1267,1,2180
1268,1,8460
1269,1,15340
1270,1,6490
1271,1,9370
1272,1,175460
1273,1,880
1274,1,51940
1275,1,7640
1276,1,9920
1277,1,27960
1278,1,2340
1279,1,2390
1280,1,4040
1281,1,14150
1282,1,46990
1283,1,5280
1284,1,11630
1285,1,5030
1286,1,11080
1287,1,19970
1288,1,18620
1289,1,14350
1290,1,17520
1291,1,6750
1292,1,25000
1293,1,21890
1294,1,2350
1295,1,1520
1296,1,12950
1297,1,10670
1298,1,8290
1299,1,14550
1300,1,11600
1301,1,1270
1302,1,480
1303,1,8610
1304,1,30170
1305,1,15490
1306,1,3300
1307,1,7420
1308,1,12260
1309,1,7540
1310,1,10370
1311,1,29570
1312,1,3170
1313,1,3870
1314,1,10950
1315,1,4980
1316,1,53500
1317,1,4780
1318,1,5740
1319,1,1690
1320,1,26050
1321,1,11340
1322,1,47510
1323,1,60790
1324,1,3910
1325,1,1010
1326,1,4930
1327,1,133510
1328,1,3860
1329,1,4800
1330,1,6580
1331,1,9250
1332,1,2320
1333,1,1910
1334,1,13150
1335,1,20760
1336,1,11160
1337,1,16400
1338,1,17000
1339,1,13890
1340,1,11960
1341,1,10850
1342,1,5590
1343,1,2700
1344,1,12230
1345,1,13540
1346,1,2080
1347,1,18110
1348,1,4630
1349,1,39440
1350,1,2590
1351,1,32530
1352,1,47740
1353,1,6050
1354,1,43330
1355,1,25320
1356,1,43350
1357,1,48060
1358,1,17280
1359,1,8960
1360,1,620
1361,1,14550
1362,1,1170
1363,1,12660
1364,1,14880
1365,1,8270
1366,1,2740
1367,1,22220
1368,1,12200
1369,1,12890
1370,1,8180
1371,1,27740
1372,1,7400
1373,1,10570
1374,1,7350
1375,1,59120
1376,1,10680
1377,1,25260
1378,1,12790
1379,1,43300
1380,1,9560
1381,1,8010
1382,1,10180
1383,1,17410
1384,1,21550
1385,1,63130
1386,1,5080
1387,1,13900
1388,1,2720
1389,1,25200
1390,1,20230
1391,1,37960
1392,1,9440
1393,1,4060
1394,1,1540
1395,1,4310
1396,1,10080
1397,1,5340
1398,1,3810
1399,1,16190
1400,1,182490
1401,1,430
1402,1,11950
1403,1,43380
1404,1,5670
1405,1,72500
1406,1,49330
1407,1,3990
1408,1,11800
1409,1,85690
1410,1,47220
1411,1,30290
1412,1,29480
1413,1,18320
1414,1,21790
1415,1,34480
1416,1,44990
1417,1,33900
1418,1,690
1419,1,10870
1420,1,40230
1421,1,5840
1422,1,8150
1423,1,39710
1424,1,6120
1425,1,10140
1426,1,10640
1427,1,1890
1428,1,29840
1429,1,6350
1430,1,660
1431,1,67670
1432,1,5220
1433,1,9940
1434,1,19740
1435,1,4420
1436,1,7460
1437,1,139230
1438,1,9750
1439,1,19900
1440,1,19000
1441,1,7780
1442,1,1600
1443,1,49480
1444,1,19670
1445,1,28060
1446,1,8970
1447,1,4690
1448,1,15360
1449,1,3390
1450,1,17310
1451,1,3100
1452,1,8510
1453,1,24820
1454,1,5290
1455,1,6360
1456,1,1280
1457,1,410
1458,1,12270
1459,1,20170
1460,1,57420
1461,1,5430
1462,1,20050
1463,1,13030
1464,1,56660
1465,1,28190
1466,1,580
1467,1,12750
1468,1,4070
1469,1,13240
1470,1,10270
1471,1,10510
1472,1,2520
1473,1,2590
1474,1,3390
1475,1,37310
1476,1,7430
1477,1,2610
1478,1,710
1479,1,18190
1480,1,1620
1481,1,9680
1482,1,22980
1483,1,51120
1484,1,13990
1485,1,11270
1486,1,160
1487,1,8600
1488,1,2720
1489,1,10530
1490,1,5090
1491,1,3950
1492,1,5180
1493,1,152040
1494,1,2190
1495,1,5560
1496,1,35210
1497,1,2820
1498,1,2630
1499,1,72960
1500,1,9600
1501,1,45320
1502,1,3540
1503,1,7500
1504,1,510
1505,1,51300
1506,1,14560
1507,1,81930
1508,1,43700
1509,1,3570
1510,1,8230
1511,1,73050
1512,1,2470
1513,1,14380
1514,1,26260
1515,1,12990
1516,1,3660
1517,1,1620
1518,1,55760
1519,1,5630
1520,1,6400
1521,1,7180
1522,1,160
1523,1,13070
1524,1,4850
1525,1,16090
1526,1,5010
1527,1,73820
1528,1,19480
1529,1,820
1530,1,37130
1531,1,31380
1532,1,313270
1533,1,10880
1534,1,6890
1535,1,28970
1536,1,17530
1537,1,3460
1538,1,6360
1539,1,2730
1540,1,30620
1541,1,27310
1542,1,26620
1543,1,9760
1544,1,2210
1545,1,6520
1546,1,1590
1547,1,2740
1548,1,20730
1549,1,5160
1550,1,12840
1551,1,2560
1552,1,3550
1553,1,11860
1554,1,12340
1555,1,820
1556,1,91160
1557,1,17520
1558,1,73110
1559,1,24720
1560,1,1160
1561,1,6280
1562,1,9860
1563,1,6710
1564,1,28550
1565,1,58480
1566,1,5640
1567,1,55910
1568,1,59770
1569,1,4500
1570,1,1910
1571,1,39130
1572,1,125140
1573,1,14940
1574,1,6990
1575,1,1370
1576,1,13200
1577,1,13920
1578,1,87610
1579,1,2760
1580,1,14220
1581,1,18050
1582,1,730
1583,1,2130
1584,1,34790
1585,1,16450
1586,1,10630
1587,1,2200
1588,1,4860
1589,1,4930
1590,1,139280
1591,1,187050
1592,1,1760
1593,1,22390
1594,1,95870
1595,1,21330
1596,1,26540
1597,1,5720
1598,1,2240
1599,1,5740
1600,1,3700
1601,1,15190
1602,1,7720
1603,1,11950
1604,1,2620
1605,1,50820
1606,1,13320
1607,1,20210
1608,1,8840
1609,1,3140
1610,1,1950
1611,1,3780
1612,1,14200
1613,1,3660
1614,1,3050
1615,1,5020
1616,1,2770
1617,1,30650
1618,1,22580
1619,1,24090
1620,1,8810
1621,1,50750
1622,1,2880
1623,1,6630
1624,1,13490
1625,1,8990
1626,1,2310
1627,1,32860
1628,1,1570
1629,1,500000
1630,1,2680
1631,1,5330
1632,1,3670
1633,1,25870
1634,1,3900
1635,1,19670
1636,1,30280
1637,1,850
1638,1,12260
1639,1,15300
1640,1,110710
1641,1,4250
1642,1,45140
1643,1,20650
1644,1,5710
1645,1,8450
1646,1,7580
1647,1,3040
1648,1,12150
1649,1,22100
1650,1,14830
1651,1,24940
1652,1,9260
1653,1,0
1654,1,1950
1655,1,13730
1656,1,6970
1657,1,1000
1658,1,16860
1659,1,12040
1660,1,37110
1661,1,228880
1662,1,4240
1663,1,25150
1664,1,102940
1665,1,67450
1666,1,41560
1667,1,10790
1668,1,7090
1669,1,147710
1670,1,8900
1671,1,4610
1672,1,940
1673,1,27760
1674,1,18540
1675,1,12080
1676,1,25030
1677,1,24920
1678,1,77340
1679,1,1850
1680,1,5970
1681,1,8780
1682,1,5620
1683,1,73650
1684,1,8900
1685,1,63240
1686,1,11980
1687,1,16070
1688,1,7500
1689,1,13330
1690,1,37650
1691,1,14200
1692,1,5090
1693,1,17360
1694,1,2000
1695,1,87120
1696,1,8380
1697,1,8620
1698,1,10300
1699,1,11060
1700,1,4110
1701,1,6050
1702,1,34460
1703,1,7940
1704,1,37500
1705,1,30070
1706,1,1170
1707,1,2290
1708,1,2330
1709,1,17770
1710,1,3390
1711,1,7260
1712,1,59010
1713,1,23030
1714,1,8490
1715,1,4190
1716,1,5290
1717,1,9500
1718,1,2860
1719,1,12580
1720,1,27190
1721,1,4090
1722,1,13580
1723,1,5580
1724,1,13020
1725,1,22960
1726,1,18280
1727,1,27700
1728,1,7830
1729,1,15540
1730,1,450
1731,1,700
1732,1,32280
1733,1,44480
1734,1,6130
1735,1,1310
1736,1,12220
1737,1,1460
1738,1,400
1739,1,135850
1740,1,15620
1741,1,55620
1742,1,27320
1743,1,5050
1744,1,55290
1745,1,8490
1746,1,7980
1747,1,13070
1748,1,104450
1749,1,1150
1750,1,2770
1751,1,43490
1752,1,10590
1753,1,3560
1754,1,6540
1755,1,32850
1756,1,2110
1757,1,39450
1758,1,16900
1759,1,1130
1760,1,9600
1761,1,4750
1762,1,4200
1763,1,2700
1764,1,21280
1765,1,28830
1766,1,40650
1767,1,3910
1768,1,48500
1769,1,152700
1770,1,2820
1771,1,28490
1772,1,35510
1773,1,26350
1774,1,31000
1775,1,28330
1776,1,6600
1777,1,6560
1778,1,9900
1779,1,8410
1780,1,2770
1781,1,3680
1782,1,7500
1783,1,5570
1784,1,21000
1785,1,25940
1786,1,6400
1787,1,56330
1788,1,2680
1789,1,7230
1790,1,48200
1791,1,11480
1792,1,5440
1793,1,21710
1794,1,8560
1795,1,25260
1796,1,2420
1797,1,9980
1798,1,2120
1799,1,10480
1800,1,2040
1801,1,10610
1802,1,40290
1803,1,8850
1804,1,17140
1805,1,620
1806,1,21510
1807,1,9450
1808,1,64130
1809,1,33450
1810,1,37040
1811,1,4820
1812,1,22010
1813,1,66210
1814,1,12200
1815,1,39910
1816,1,44810
1817,1,23280
1818,1,5590
1819,1,62750
1820,1,16420
1821,1,21960
1822,1,31340
1823,1,18800
1824,1,4050
1825,1,10410
1826,1,11620
1827,1,58750
1828,1,18430
1829,1,22510
1830,1,23190
1831,1,15340
1832,1,4200
1833,1,10330
1834,1,22850
1835,1,5800
1836,1,640
1837,1,3040
1838,1,20580
1839,1,1650
1840,1,28650
1841,1,18650
1842,1,48800
1843,1,90980
1844,1,31280
1845,1,31220
1846,1,27450
1847,1,8350
1848,1,1620
1849,1,88480
1850,1,34050
1851,1,3820
1852,1,11780
1853,1,6450
1854,1,20590
1855,1,48800
1856,1,19840
1857,1,6170
1858,1,44020
1859,1,8820
1860,1,6510
1861,1,21180
1862,1,5190
1863,1,15150
1864,1,240
1865,1,10090
1866,1,10060
1867,1,22020
1868,1,5870
1869,1,4140
1870,1,13380
1871,1,1760
1872,1,3990
1873,1,1670
1874,1,20070
1875,1,29250
1876,1,58400
1877,1,4940
1878,1,4400
1879,1,23630
1880,1,4180
1881,1,4700
1882,1,1920
1883,1,12130
1884,1,48130
1885,1,22920
1886,1,1320
1887,1,9600
1888,1,6010
1889,1,5580
1890,1,5480
1891,1,42020
1892,1,7150
1893,1,28230
1894,1,31030
1895,1,10220
1896,1,2290
1897,1,39800
1898,1,12270
1899,1,4670
1900,1,2310
1901,1,6950
1902,1,10670
1903,1,5350
1904,1,6410
1905,1,21960
1906,1,3650
1907,1,14060
1908,1,5350
1909,1,140860
1910,1,3610
1911,1,2210
1912,1,11010
1913,1,6890
1914,1,4160
1915,1,2820
1916,1,5470
1917,1,13360
1918,1,70660
1919,1,5620
1920,1,13290
1921,1,17140
1922,1,460
1923,1,10830
1924,1,6280
1925,1,22460
1926,1,4350
1927,1,12060
1928,1,38470
1929,1,33380
1930,1,9180
1931,1,16650
1932,1,20950
1933,1,27130
1934,1,48320
1935,1,23530
1936,1,7120
1937,1,8920
1938,1,6750
1939,1,50860
1940,1,9740
1941,1,3790
1942,1,6930
1943,1,120
1944,1,1720
1945,1,5320
1946,1,7210
1947,1,7310
1948,1,10530
1949,1,14610
1950,1,4840
1951,1,3780
1952,1,13680
1953,1,22130
1954,1,13180
1955,1,64020
1956,1,12100
1957,1,5950
1958,1,6500
1959,1,10770
1960,1,16340
1961,1,7870
1962,1,38320
1963,1,13590
1964,1,3190
1965,1,680
1966,1,13980
1967,1,4490
1968,1,167250
1969,1,3750
1970,1,20670
1971,1,7890
1972,1,14790
1973,1,26030
1974,1,13390
1975,1,27460
1976,1,4500
1977,1,10830
1978,1,14540
1979,1,71620
1980,1,45740
1981,1,7540
1982,1,11140
1983,1,11890
1984,1,10020
1985,1,19730
1986,1,21440
1987,1,4830
1988,1,7000
1989,1,400
1990,1,3570
1991,1,3340
1992,1,10020
1993,1,6960
1994,1,21440
1995,1,20030
1996,1,26590
1997,1,14130
1998,1,2500
1999,1,8670
2000,1,5630
2001,1,10340
2002,1,9660
2003,1,5550
2004,1,1150
2005,1,3230
2006,1,52720
2007,1,5040
2008,1,6160
2009,1,12300
2010,1,18770
2011,1,2710
2012,1,9940
2013,1,29870
2014,1,11730
2015,1,2060
2016,1,1270
2017,1,17650
2018,1,3700
2019,1,1670
2020,1,15170
2021,1,8170
2022,1,92820
2023,1,12320
2024,1,271320
2025,1,4230
2026,1,3620
2027,1,3410
2028,1,1280
2029,1,14000
2030,1,22310
2031,1,40730
2032,1,13860
2033,1,28940
2034,1,17790
2035,1,13320
2036,1,35820
2037,1,820
2038,1,11230
2039,1,12580
2040,1,5720
2041,1,9160
2042,1,5930
2043,1,13810
2044,1,4600
2045,1,3990
2046,1,5380
2047,1,1990
2048,1,36360
2049,1,14000
2050,1,8380
2051,1,5320
2052,1,7880
2053,1,2160
2054,1,18350
2055,1,48380
2056,1,26050
2057,1,620
2058,1,15310
2059,1,1340
2060,1,7730
2061,1,50020
2062,1,6440
2063,1,94610
2064,1,17850
2065,1,54030
2066,1,1650
2067,1,16000
2068,1,7020
2069,1,31580
2070,1,6450
2071,1,75800
2072,1,4370
2073,1,22420
2074,1,5840
2075,1,480
2076,1,8380
2077,1,75300
2078,1,9530
2079,1,12450
2080,1,2230
2081,1,2230
2082,1,9690
2083,1,3810
2084,1,4950
2085,1,36690
2086,1,3240
2087,1,21800
2088,1,4840
2089,1,3430
2090,1,5660
2091,1,1040
2092,1,3680
2093,1,140340
2094,1,5350
2095,1,7460
2096,1,780
2097,1,2660
2098,1,24260
2099,1,51040
2100,1,8940
2101,1,2320
2102,1,6720
2103,1,114510
2104,1,4550
2105,1,74150
2106,1,1200
2107,1,19250
2108,1,15450
2109,1,80
2110,1,4460
2111,1,550
2112,1,27630
2113,1,11660
2114,1,8470
2115,1,6090
2116,1,9520
2117,1,440
2118,1,47390
2119,1,34880
2120,1,26030
2121,1,5530
2122,1,20810
2123,1,12210
2124,1,28990
2125,1,2240
2126,1,2820
2127,1,2090
2128,1,45870
2129,1,6980
2130,1,64680
2131,1,110760
2132,1,14560
2133,1,44040
2134,1,34030
2135,1,6120
2136,1,16150
2137,1,2870
2138,1,2780
2139,1,159150
2140,1,7910
2141,1,8650
2142,1,103800
2143,1,3770
2144,1,2760
2145,1,7130
2146,1,8480
2147,1,23090
2148,1,40230
2149,1,27800
2150,1,3300
2151,1,6930
2152,1,79750
2153,1,7340
2154,1,8140
2155,1,5710
2156,1,8880
2157,1,3800
2158,1,6220
2159,1,780
2160,1,18750
2161,1,13560
2162,1,4730
2163,1,7220
2164,1,320
2165,1,7000
2166,1,2370
2167,1,30800
2168,1,17890
2169,1,15910
2170,1,18890
2171,1,5570
2172,1,255570
2173,1,3160
2174,1,2220
2175,1,158650
2176,1,6250
2177,1,14950
2178,1,4560
2179,1,5330
2180,1,7640
2181,1,18290
2182,1,12990
2183,1,2570
2184,1,15090
2185,1,5390
2186,1,9940
2187,1,11040
2188,1,21500
2189,1,7890
2190,1,5200
2191,1,19350
2192,1,1840
2193,1,12990
2194,1,4820
2195,1,4490
2196,1,8570
2197,1,106090
2198,1,34780
2199,1,2800
2200,1,42510
2201,1,15930
2202,1,1460
2203,1,5900
2204,1,21190
2205,1,500000
2206,1,5280
2207,1,8480
2208,1,6720
2209,1,14050
2210,1,8530
2211,1,9240
2212,1,7120
2213,1,74320
2214,1,200
2215,1,25940
2216,1,55630
2217,1,680
2218,1,6300
2219,1,12800
2220,1,21510
2221,1,43150
2222,1,24950
2223,1,68930
2224,1,32450
2225,1,1750
2226,1,12350
2227,1,43500
2228,1,2010
2229,1,7860
2230,1,28680
2231,1,44580
2232,1,2300
2233,1,66230
2234,1,11960
2235,1,11010
2236,1,127460
2237,1,28800
2238,1,9730
2239,1,1200
2240,1,12450
2241,1,5600
2242,1,520
2243,1,32400
2244,1,5600
2245,1,22420
2246,1,380
2247,1,1630
2248,1,5000
2249,1,6940
2250,1,1850
2251,1,2560
2252,1,7740
2253,1,10120
2254,1,8720
2255,1,77780
2256,1,15820
2257,1,27390
2258,1,5720
2259,1,79530
2260,1,5230
2261,1,3240
2262,1,9380
2263,1,84090
2264,1,10040
2265,1,26770
2266,1,9390
2267,1,5150
2268,1,13280
2269,1,6950
2270,1,12230
2271,1,8140
2272,1,142420
2273,1,41640
2274,1,22100
2275,1,7350
2276,1,16010
2277,1,14680
2278,1,10590
2279,1,6920
2280,1,980
2281,1,6440
2282,1,10110
2283,1,9750
2284,1,8400
2285,1,7880
2286,1,23480
2287,1,2450
2288,1,18690
2289,1,6120
2290,1,28230
2291,1,36430
2292,1,3420
2293,1,12360
2294,1,3080
2295,1,24520
2296,1,8900
2297,1,4290
2298,1,7800
2299,1,13400
2300,1,10100
2301,1,2970
2302,1,3450
2303,1,81280
2304,1,6090
2305,1,9620
2306,1,37010
2307,1,6590
2308,1,10260
2309,1,13110
2310,1,3050
2311,1,7710
2312,1,36870
2313,1,4510
2314,1,30110
2315,1,34470
2316,1,14130
2317,1,9700
2318,1,13430
2319,1,41590
2320,1,25380
2321,1,28030
2322,1,45450
2323,1,33420
2324,1,8760
2325,1,2200
2326,1,120970
2327,1,5230
2328,1,1650
2329,1,13620
2330,1,6960
2331,1,2710
2332,1,26270
2333,1,6190
2334,1,4170
2335,1,160
2336,1,19560
2337,1,2300
2338,1,27410
2339,1,1110
2340,1,62810
2341,1,9510
2342,1,27560
2343,1,31560
2344,1,70150
2345,1,12090
2346,1,600
2347,1,8820
2348,1,1480
2349,1,9780
2350,1,82460
2351,1,12280
2352,1,8450
2353,1,4800
2354,1,9560
2355,1,1840
2356,1,11940
2357,1,12150
2358,1,25250
2359,1,1880
2360,1,16710
2361,1,19790
2362,1,5840
2363,1,2370
2364,1,5680
2365,1,41250
2366,1,14660
2367,1,10480
2368,1,38190
2369,1,17500
2370,1,9110
2371,1,6640
2372,1,27690
2373,1,14130
2374,1,23170
2375,1,11760
2376,1,21110
2377,1,2030
2378,1,33340
2379,1,14560
2380,1,17940
2381,1,7460
2382,1,10000
2383,1,22080
2384,1,1510
2385,1,19650
2386,1,4620
2387,1,4450
2388,1,2110
2389,1,11540
2390,1,10950
2391,1,2100
2392,1,27390
2393,1,52660
2394,1,22480
2395,1,1600
2396,1,10810
2397,1,23770
2398,1,24030
2399,1,4590
2400,1,12240
2401,1,3290
2402,1,48320
2403,1,10970
2404,1,1180
2405,1,10800
2406,1,38740
2407,1,3990
2408,1,3500
2409,1,77960
2410,1,7290
2411,1,33710
2412,1,18090
2413,1,3440
2414,1,55730
2415,1,16940
2416,1,4220
2417,1,5760
2418,1,109120
2419,1,129400
2420,1,4600
2421,1,1600
2422,1,36800
2423,1,2250
2424,1,7480
2425,1,46630
2426,1,2440
2427,1,5090
2428,1,1570
2429,1,4680
2430,1,1220
2431,1,5410
2432,1,28830
2433,1,33980
2434,1,16170
2435,1,7280
2436,1,1460
2437,1,1710
2438,1,25160
2439,1,45760
2440,1,41010
2441,1,22310
2442,1,21020
2443,1,6590
2444,1,21850
2445,1,3570
2446,1,4930
2447,1,23410
2448,1,920
2449,1,2470
2450,1,11930
2451,1,2040
2452,1,56840
2453,1,30490
2454,1,3470
2455,1,8360
2456,1,1910
2457,1,9790
2458,1,15840
2459,1,7770
2460,1,22750
2461,1,28360
2462,1,18130
2463,1,6010
2464,1,9130
2465,1,26630
2466,1,4810
2467,1,20130
2468,1,36740
2469,1,6580
2470,1,2780
2471,1,32370
2472,1,5740
2473,1,7150
2474,1,15040
2475,1,85820
2476,1,59230
2477,1,13120
2478,1,18850
2479,1,39330
2480,1,8290
2481,1,6690
2482,1,38580
2483,1,3440
2484,1,1650
2485,1,3470
2486,1,87500
2487,1,6320
2488,1,6430
2489,1,23060
2490,1,9460
2491,1,30990
2492,1,38340
2493,1,4870
2494,1,12030
2495,1,49630
2496,1,25950
2497,1,8450
2498,1,4410
2499,1,4690
2500,1,2050
2501,1,9970
2502,1,9080
2503,1,4180
2504,1,11520
2505,1,2640
2506,1,13630
2507,1,3370
2508,1,28450
2509,1,11250
2510,1,9690
2511,1,74490
2512,1,13680
2513,1,41200
2514,1,5850
2515,1,17810
2516,1,750
2517,1,10640
2518,1,86820
2519,1,960
2520,1,1500
2521,1,12810
2522,1,30570
2523,1,12540
2524,1,12770
2525,1,4600
2526,1,10740
2527,1,28740
2528,1,16700
2529,1,9260
2530,1,56950
2531,1,1790
2532,1,14520
2533,1,42440
2534,1,2710
2535,1,2220
2536,1,1900
2537,1,16780
2538,1,11470
2539,1,37130
2540,1,1090
2541,1,6560
2542,1,6210
2543,1,4600
2544,1,5490
2545,1,2880
2546,1,35500
2547,1,2230
2548,1,5500
2549,1,14530
2550,1,66690
2551,1,18320
2552,1,156390
2553,1,3980
2554,1,24210
2555,1,5020
2556,1,2470
2557,1,24190
2558,1,20160
2559,1,15230
2560,1,127440
2561,1,42700
2562,1,9800
2563,1,59020
2564,1,3590
2565,1,8300
2566,1,3320
2567,1,29180
2568,1,14700
2569,1,7850
2570,1,1760
2571,1,3590
2572,1,3260
2573,1,3800
2574,1,3040
2575,1,3780
2576,1,660
2577,1,24990
2578,1,2060
2579,1,3830
2580,1,8530
2581,1,11230
2582,1,20270
2583,1,21250
2584,1,32800
2585,1,2130
2586,1,15350
2587,1,28670
2588,1,9720
2589,1,63070
2590,1,19340
2591,1,6620
2592,1,17030
2593,1,44500
2594,1,29790
2595,1,140330
2596,1,3070
2597,1,3500
2598,1,24880
2599,1,33300
2600,1,5240
2601,1,33680
2602,1,38130
2603,1,12640
2604,1,6600
2605,1,10850
2606,1,1060
2607,1,5260
2608,1,930
2609,1,10730
2610,1,42740
2611,1,11230
2612,1,13440
2613,1,8720
2614,1,8210
2615,1,14180
2616,1,1110
2617,1,160
2618,1,5130
2619,1,3010
2620,1,1000
2621,1,3380
2622,1,7340
2623,1,9890
2624,1,13610
2625,1,17680
2626,1,23520
2627,1,8660
2628,1,63800
2629,1,23870
2630,1,14530
2631,1,125860
2632,1,730
2633,1,8560
2634,1,3330
2635,1,19670
2636,1,9280
2637,1,39610
2638,1,1730
2639,1,250
2640,1,5860
2641,1,35390
2642,1,2590
2643,1,64740
2644,1,1460
2645,1,116840
2646,1,3180
2647,1,6990
2648,1,7620
2649,1,54930
2650,1,23890
2651,1,2260
2652,1,2850
2653,1,14560
2654,1,8040
2655,1,5240
2656,1,71610
2657,1,2020
2658,1,30110
2659,1,6850
2660,1,2240
2661,1,15500
2662,1,630
2663,1,50200
2664,1,11390
2665,1,6080
2666,1,3570
2667,1,28050
2668,1,12990
2669,1,3540
2670,1,11820
2671,1,78470
2672,1,28020
2673,1,10230
2674,1,104810
2675,1,5070
2676,1,1470
2677,1,9600
2678,1,10490
2679,1,15940
2680,1,7540
2681,1,3640
2682,1,4560
2683,1,7090
2684,1,6430
2685,1,2910
2686,1,3780
2687,1,26320
2688,1,1840
2689,1,20900
2690,1,26600
2691,1,9620
2692,1,570
2693,1,7920
2694,1,11090
2695,1,1990
2696,1,6820
2697,1,10290
2698,1,73910
2699,1,17720
2700,1,6910
2701,1,6740
2702,1,13750
2703,1,35660
2704,1,65430
2705,1,12610
2706,1,14950
2707,1,6250
2708,1,23660
2709,1,20660
2710,1,57460
2711,1,26550
2712,1,3430
2713,1,4780
2714,1,2530
2715,1,35610
2716,1,10820
2717,1,3930
2718,1,67500
2719,1,9800
2720,1,60120
2721,1,47430
2722,1,41870
2723,1,4440
2724,1,5810
2725,1,10950
2726,1,19380
2727,1,2200
2728,1,7110
2729,1,8810
2730,1,22720
2731,1,54030
2732,1,8020
2733,1,4940
2734,1,8430
2735,1,3640
2736,1,32210
2737,1,13430
2738,1,8200
2739,1,82730
2740,1,8460
2741,1,71920
2742,1,1830
2743,1,10010
2744,1,26640
2745,1,11250
2746,1,22860
2747,1,25830
2748,1,5270
2749,1,2340
2750,1,4290
2751,1,16530
2752,1,6490
2753,1,11870
2754,1,25730
2755,1,11050
2756,1,16140
2757,1,580
2758,1,2030
2759,1,7430
2760,1,2630
2761,1,1260
2762,1,26450
2763,1,3200
2764,1,1600
2765,1,7820
2766,1,17030
2767,1,29610
2768,1,1030
2769,1,14170
2770,1,82580
2771,1,21830
2772,1,19050
2773,1,3800
2774,1,12760
2775,1,840
2776,1,8630
2777,1,5470
2778,1,26710
2779,1,14650
2780,1,12080
2781,1,240
2782,1,330
2783,1,5110
2784,1,780
2785,1,8550
2786,1,16630
2787,1,35170
2788,1,7790
2789,1,27980
2790,1,26820
2791,1,7510
2792,1,8650
2793,1,66160
2794,1,179770
2795,1,13690
2796,1,27520
2797,1,37480
2798,1,12730
2799,1,1000
2800,1,1900
2801,1,3110
2802,1,16260
2803,1,2790
2804,1,3990
2805,1,13020
2806,1,11580
2807,1,4350
2808,1,1650
2809,1,73380
2810,1,58710
2811,1,94260
2812,1,7200
2813,1,2750
2814,1,32490
2815,1,10820
2816,1,1320
2817,1,5800
2818,1,9300
2819,1,40180
2820,1,16860
2821,1,1370
2822,1,1160
2823,1,1360
2824,1,7750
2825,1,11120
2826,1,8160
2827,1,4610
2828,1,9580
2829,1,18180
2830,1,4220
2831,1,14410
2832,1,33180
2833,1,117030
2834,1,19450
2835,1,18070
2836,1,15610
2837,1,8020
2838,1,9100
2839,1,4760
2840,1,2570
2841,1,16220
2842,1,1580
2843,1,970
2844,1,680
2845,1,3380
2846,1,3330
2847,1,4190
2848,1,21940
2849,1,13040
2850,1,6900
2851,1,1000
2852,1,4970
2853,1,5300
2854,1,9550
2855,1,1130
2856,1,9170
2857,1,37810
2858,1,31470
2859,1,9230
2860,1,24180
2861,1,18470
2862,1,9660
2863,1,27880
2864,1,1450
2865,1,10380
2866,1,18460
2867,1,11340
2868,1,1260
2869,1,1060
2870,1,6610
2871,1,220
2872,1,13370
2873,1,7350
2874,1,1730
2875,1,1580
2876,1,14220
2877,1,12170
2878,1,24500
2879,1,2470
2880,1,1790
2881,1,8840
2882,1,26330
2883,1,27710
2884,1,14090
2885,1,10620
2886,1,18860
2887,1,23870
2888,1,5470
2889,1,2580
2890,1,17210
2891,1,42690
2892,1,53410
2893,1,1540
2894,1,20670
2895,1,8200
2896,1,21650
2897,1,11010
2898,1,750
2899,1,960
2900,1,4530
2901,1,39090
2902,1,12720
2903,1,39930
2904,1,7040
2905,1,13760
2906,1,5850
2907,1,4760
2908,1,27700
2909,1,14530
2910,1,6220
2911,1,2320
2912,1,88700
2913,1,3780
2914,1,28020
2915,1,4190
2916,1,15070
2917,1,14850
2918,1,9380
2919,1,11550
2920,1,1950
2921,1,49130
2922,1,76520
2923,1,2260
2924,1,1440
2925,1,42510
2926,1,15720
2927,1,2510
2928,1,2890
2929,1,26200
2930,1,56870
2931,1,4980
2932,1,1490
2933,1,35630
2934,1,8010
2935,1,2380
2936,1,55960
2937,1,4200
2938,1,4850
2939,1,52190
2940,1,6800
2941,1,27970
2942,1,52440
2943,1,5090
2944,1,13320
2945,1,19660
2946,1,16560
2947,1,12650
2948,1,13040
2949,1,460
2950,1,48760
2951,1,19360
2952,1,24500
2953,1,23460
2954,1,1420
2955,1,2750
2956,1,15140
2957,1,23450
2958,1,3160
2959,1,760
2960,1,2780
2961,1,6740
2962,1,73350
2963,1,1650
2964,1,108830
2965,1,29630
2966,1,4400
2967,1,4510
2968,1,21790
2969,1,42620
2970,1,2560
2971,1,4470
2972,1,8670
2973,1,106800
2974,1,2900
2975,1,2390
2976,1,10710
2977,1,26870
2978,1,5330
2979,1,15280
2980,1,23800
2981,1,8360
2982,1,1200
2983,1,17860
2984,1,3030
2985,1,6300
2986,1,30980
2987,1,27350
2988,1,3780
2989,1,15490
2990,1,12200
2991,1,22120
2992,1,7290
2993,1,9180
2994,1,9750
2995,1,6530
2996,1,23610
2997,1,6360
2998,1,23540
2999,1,51650
3000,1,11060
3001,1,4870
3002,1,3660
3003,1,850
3004,1,25060
3005,1,6690
3006,1,3240
3007,1,2920
3008,1,40
3009,1,37800
3010,1,15550
3011,1,3000
3012,1,20960
3013,1,2240
3014,1,5370
3015,1,15080
3016,1,7520
3017,1,8430
3018,1,28250
3019,1,2390
3020,1,103210
3021,1,5680
3022,1,5340
3023,1,11720
3024,1,42040
3025,1,4040
3026,1,2550
3027,1,14500
3028,1,2280
3029,1,1590
3030,1,1510
3031,1,24130
3032,1,13140
3033,1,2820
3034,1,3120
3035,1,48690
3036,1,18690
3037,1,480
3038,1,810
3039,1,44570
3040,1,19000
3041,1,9820
3042,1,4360
3043,1,3980
3044,1,7350
3045,1,15640
3046,1,13120
3047,1,15650
3048,1,3580
3049,1,26020
3050,1,27820
3051,1,850
3052,1,3680
3053,1,24430
3054,1,26890
3055,1,54140
3056,1,8560
3057,1,1220
3058,1,20840
3059,1,3400
3060,1,19710
3061,1,18700
3062,1,5660
3063,1,80
3064,1,22220
3065,1,1820
3066,1,2500
3067,1,48650
3068,1,10550
3069,1,15670
3070,1,8570
3071,1,7400
3072,1,12130
3073,1,1860
3074,1,2640
3075,1,18350
3076,1,4420
3077,1,5100
3078,1,11160
3079,1,28650
3080,1,176180
3081,1,5830
3082,1,22040
3083,1,2130
3084,1,18360
3085,1,5700
3086,1,3890
3087,1,11680
3088,1,39600
3089,1,5510
3090,1,8520
3091,1,13610
3092,1,5470
3093,1,60450
3094,1,13570
3095,1,37960
3096,1,17760
3097,1,57240
3098,1,5990
3099,1,36630
3100,1,1300
3101,1,9280
3102,1,1190
3103,1,7960
3104,1,690
3105,1,53170
3106,1,4240
3107,1,1130
3108,1,31810
3109,1,420
3110,1,5150
3111,1,2870
3112,1,3620
3113,1,19290
3114,1,21200
3115,1,13010
3116,1,1920
3117,1,8210
3118,1,2170
3119,1,142260
3120,1,9300
3121,1,4200
3122,1,15100
3123,1,3890
3124,1,35640
3125,1,43440
3126,1,32050
3127,1,11090
3128,1,22070
3129,1,5830
3130,1,9830
3131,1,22810
3132,1,1490
3133,1,20540
3134,1,4290
3135,1,1270
3136,1,29180
3137,1,9120
3138,1,2520
3139,1,2980
3140,1,7480
3141,1,7810
3142,1,1850
3143,1,5420
3144,1,1340
3145,1,1020
3146,1,8100
3147,1,25510
3148,1,13660
3149,1,3310
3150,1,121350
3151,1,10650
3152,1,12340
3153,1,2240
3154,1,9530
3155,1,22940
3156,1,13120
3157,1,15550
3158,1,14780
3159,1,9050
3160,1,34360
3161,1,14280
3162,1,1440
3163,1,8210
3164,1,276070
3165,1,33660
3166,1,8380
3167,1,1970
3168,1,1190
3169,1,8310
3170,1,25300
3171,1,210
3172,1,55830
3173,1,7070
3174,1,28840
3175,1,7320
3176,1,13570
3177,1,7700
3178,1,10460
3179,1,27870
3180,1,6560
3181,1,2190
3182,1,26400
3183,1,4610
3184,1,40100
3185,1,2670
3186,1,170110
3187,1,10370
3188,1,1110
3189,1,4660
3190,1,13340
3191,1,28630
3192,1,19690
3193,1,8020
3194,1,10100
3195,1,22120
3196,1,80
3197,1,22930
3198,1,2570
3199,1,69460
3200,1,17920
3201,1,3150
3202,1,1970
3203,1,41820
3204,1,1470
3205,1,9960
3206,1,1610
3207,1,2160
3208,1,1370
3209,1,77920
3210,1,46760
3211,1,28920
3212,1,8070
3213,1,5590
3214,1,27390
3215,1,1750
3216,1,91960
3217,1,10340
3218,1,10910
3219,1,12840
3220,1,31700
3221,1,62240
3222,1,1420
3223,1,1020
3224,1,4230
3225,1,2270
3226,1,24590
3227,1,31990
3228,1,3000
3229,1,28660
3230,1,17740
3231,1,16030
3232,1,14530
3233,1,870
3234,1,24460
3235,1,3420
3236,1,11880
3237,1,1580
3238,1,6350
3239,1,23370
3240,1,5400
3241,1,6460
3242,1,3190
3243,1,2840
3244,1,19320
3245,1,9660
3246,1,12360
3247,1,3420
3248,1,27370
3249,1,17170
3250,1,57280
3251,1,14500
3252,1,5990
3253,1,8660
3254,1,7070
3255,1,49830
3256,1,7570
3257,1,3050
3258,1,17860
3259,1,2840
3260,1,6030
3261,1,13540
3262,1,72670
3263,1,9610
3264,1,47660
3265,1,1320
3266,1,8460
3267,1,9320
3268,1,24300
3269,1,17830
3270,1,1330
3271,1,13270
3272,1,9570
3273,1,5860
3274,1,55040
3275,1,9850
3276,1,11610
3277,1,7680
3278,1,3430
3279,1,10340
3280,1,28640
3281,1,38250
3282,1,1500
3283,1,21030
3284,1,60530
3285,1,12250
3286,1,23980
3287,1,760
3288,1,8700
3289,1,11380
3290,1,1710
3291,1,11120
3292,1,8170
3293,1,13290
3294,1,7140
3295,1,18900
3296,1,8210
3297,1,5520
3298,1,7470
3299,1,14280
3300,1,1700
3301,1,12610
3302,1,14410
3303,1,11420
3304,1,8020
3305,1,50700
3306,1,21140
3307,1,34180
3308,1,1700
3309,1,44030
3310,1,4450
3311,1,40850
3312,1,220
3313,1,61650
3314,1,34740
3315,1,13790
3316,1,24150
3317,1,27420
3318,1,34420
3319,1,7400
3320,1,2750
3321,1,960
3322,1,5900
3323,1,28840
3324,1,1650
3325,1,15040
3326,1,36040
3327,1,65050
3328,1,180
3329,1,2480
3330,1,12770
3331,1,71890
3332,1,2330
3333,1,60740
3334,1,5940
3335,1,26680
3336,1,95870
3337,1,5410
3338,1,5720
3339,1,8610
3340,1,4310
3341,1,3780
3342,1,7760
3343,1,187180
3344,1,44790
3345,1,8810
3346,1,38800
3347,1,10950
3348,1,61010
3349,1,22460
3350,1,41150
3351,1,16070
3352,1,16550
3353,1,2080
3354,1,5670
3355,1,37050
3356,1,1320
3357,1,2600
3358,1,12150
3359,1,7490
3360,1,9090
3361,1,10530
3362,1,68800
3363,1,2340
3364,1,18210
3365,1,9290
3366,1,45710
3367,1,9370
3368,1,7330
3369,1,5900
3370,1,49810
3371,1,980
3372,1,5580
3373,1,4680
3374,1,20320
3375,1,12740
3376,1,34700
3377,1,17810
3378,1,10690
3379,1,5940
3380,1,14150
3381,1,72580
3382,1,20130
3383,1,12680
3384,1,6730
3385,1,0
3386,1,15120
3387,1,720
3388,1,20490
3389,1,2070
3390,1,6800
3391,1,22070
3392,1,9220
3393,1,4650
3394,1,5280
3395,1,440
3396,1,70830
3397,1,16230
3398,1,2770
3399,1,8390
3400,1,1780
3401,1,9360
3402,1,60620
3403,1,9940
3404,1,2220
3405,1,6420
3406,1,111150
3407,1,1740
3408,1,20530
3409,1,49780
3410,1,4180
3411,1,3070
3412,1,2570
3413,1,1270
3414,1,300
3415,1,5980
3416,1,29250
3417,1,82210
3418,1,7090
3419,1,22640
3420,1,21550
3421,1,7440
3422,1,4490
3423,1,6710
3424,1,3920
3425,1,16670
3426,1,6400
3427,1,5950
3428,1,14280
3429,1,2290
3430,1,4440
3431,1,7850
3432,1,32060
3433,1,3210
3434,1,9720
3435,1,12110
3436,1,12970
3437,1,13030
3438,1,6640
3439,1,22890
3440,1,1430
3441,1,2690
3442,1,32950
3443,1,15980
3444,1,1400
3445,1,9050
3446,1,4590
3447,1,5510
3448,1,4260
3449,1,41430
3450,1,59360
3451,1,3520
3452,1,4780
3453,1,27620
3454,1,50090
3455,1,48170
3456,1,5490
3457,1,32180
3458,1,36700
3459,1,20330
3460,1,5720
3461,1,43060
3462,1,6410
3463,1,18220
3464,1,281360
3465,1,6310
3466,1,1510
3467,1,19840
3468,1,1420
3469,1,52310
3470,1,12030
3471,1,32160
3472,1,1970
3473,1,28850
3474,1,2340
3475,1,9540
3476,1,5620
3477,1,22690
3478,1,180
3479,1,20250
3480,1,1680
3481,1,31880
3482,1,6760
3483,1,16560
3484,1,2020
3485,1,8000
3486,1,8860
3487,1,97000
3488,1,3590
3489,1,6070
3490,1,20070
3491,1,65740
3492,1,6250
3493,1,7680
3494,1,260
3495,1,7810
3496,1,72630
3497,1,5790
3498,1,9000
3499,1,2100
3500,1,9060
3501,1,620
3502,1,44730
3503,1,11710
3504,1,28870
3505,1,2100
3506,1,7650
3507,1,7090
3508,1,23810
3509,1,40970
3510,1,5040
3511,1,980
3512,1,3470
3513,1,8490
3514,1,16530
3515,1,121210
3516,1,15840
3517,1,7430
3518,1,24410
3519,1,8590
3520,1,3500
3521,1,10440
3522,1,2560
3523,1,7210
3524,1,21620
3525,1,13570
3526,1,61360
3527,1,10480
3528,1,21330
3529,1,3860
3530,1,760
3531,1,12300
3532,1,890
3533,1,55940
3534,1,14860
3535,1,1720
3536,1,46510
3537,1,17530
3538,1,2380
3539,1,1400
3540,1,6670
3541,1,16560
3542,1,8340
3543,1,50350
3544,1,8510
3545,1,4750
3546,1,7470
3547,1,31100
3548,1,14190
3549,1,13340
3550,1,17220
3551,1,3410
3552,1,23330
3553,1,9000
3554,1,9420
3555,1,16350
3556,1,47180
3557,1,80030
3558,1,10320
3559,1,5110
3560,1,19950
3561,1,6770
3562,1,22860
3563,1,3500
3564,1,5260
3565,1,940
3566,1,1300
3567,1,160
3568,1,3970
3569,1,1540
3570,1,26510
3571,1,1840
3572,1,9490
3573,1,38210
3574,1,13090
3575,1,19570
3576,1,37910
3577,1,1290
3578,1,1140
3579,1,37640
3580,1,109590
3581,1,9860
3582,1,3040
3583,1,24480
3584,1,18340
3585,1,30780
3586,1,48280
3587,1,2860
3588,1,2520
3589,1,29760
3590,1,3910
3591,1,2230
3592,1,7690
3593,1,9420
3594,1,21470
3595,1,24170
3596,1,9950
3597,1,3660
3598,1,41960
3599,1,7450
3600,1,1110
3601,1,9160
3602,1,13290
3603,1,4580
3604,1,2080
3605,1,1330
3606,1,96500
3607,1,17820
3608,1,11860
3609,1,11420
3610,1,2860
3611,1,4210
3612,1,5270
3613,1,5800
3614,1,950
3615,1,5420
3616,1,20680
3617,1,25180
3618,1,8950
3619,1,38730
3620,1,3930
3621,1,19740
3622,1,4930
3623,1,3050
3624,1,16230
3625,1,56420
3626,1,5420
3627,1,9350
3628,1,60680
3629,1,20340
3630,1,1960
3631,1,10230
3632,1,1760
3633,1,1680
3634,1,2790
3635,1,2570
3636,1,25830
3637,1,1630
3638,1,3170
3639,1,7950
3640,1,5150
3641,1,19440
3642,1,28310
3643,1,19660
3644,1,10270
3645,1,14380
3646,1,8710
3647,1,9180
3648,1,18940
3649,1,8340
3650,1,11260
3651,1,6370
3652,1,11440
3653,1,2820
3654,1,8910
3655,1,28110
3656,1,17060
3657,1,12690
3658,1,8060
3659,1,7840
3660,1,76120
3661,1,63990
3662,1,5210
3663,1,92920
3664,1,18140
3665,1,46200
3666,1,11220
3667,1,19050
3668,1,5220
3669,1,11630
3670,1,9730
3671,1,32040
3672,1,166570
3673,1,28960
3674,1,5010
3675,1,88650
3676,1,7650
3677,1,24260
3678,1,6020
3679,1,910
3680,1,8390
3681,1,10300
3682,1,25490
3683,1,12510
3684,1,6990
3685,1,5600
3686,1,6330
3687,1,5060
3688,1,9210
3689,1,2430
3690,1,42340
3691,1,5170
3692,1,53360
3693,1,81270
3694,1,6550
3695,1,3420
3696,1,4040
3697,1,17700
3698,1,17820
3699,1,9640
3700,1,215890
3701,1,24920
3702,1,5320
3703,1,3170
3704,1,35740
3705,1,3500
3706,1,104520
3707,1,3280
3708,1,7650
3709,1,59130
3710,1,33410
3711,1,50820
3712,1,10270
3713,1,31440
3714,1,20200
3715,1,20850
3716,1,2030
3717,1,4340
3718,1,320
3719,1,1060
3720,1,11150
3721,1,4460
3722,1,17960
3723,1,2160
3724,1,17400
3725,1,6740
3726,1,3730
3727,1,26920
3728,1,2870
3729,1,240
3730,1,44760
3731,1,5620
3732,1,52570
3733,1,6680
3734,1,16390
3735,1,4310
3736,1,9090
3737,1,820
3738,1,2950
3739,1,6150
3740,1,79740
3741,1,17620
3742,1,20630
3743,1,4070
3744,1,9170
3745,1,3620
3746,1,11830
3747,1,2600
3748,1,5460
3749,1,10430
3750,1,11730
3751,1,14340
3752,1,1890
3753,1,19830
3754,1,7110
3755,1,1630
3756,1,5930
3757,1,2890
3758,1,780
3759,1,620
3760,1,95930
3761,1,6780
3762,1,44440
3763,1,9000
3764,1,2900
3765,1,6380
3766,1,2680
3767,1,13620
3768,1,9950
3769,1,10390
3770,1,48970
3771,1,1800
3772,1,7750
3773,1,1670
3774,1,7140
3775,1,3010
3776,1,5750
3777,1,17660
3778,1,81000
3779,1,27170
3780,1,3510
3781,1,4380
3782,1,10540
3783,1,1460
3784,1,1890
3785,1,2550
3786,1,2820
3787,1,19050
3788,1,43610
3789,1,3540
3790,1,17780
3791,1,1450
3792,1,12970
3793,1,9010
3794,1,30870
3795,1,6210
3796,1,58030
3797,1,10810
3798,1,20710
3799,1,2610
3800,1,3320
3801,1,16360
3802,1,11810
3803,1,68860
3804,1,3380
3805,1,2930
3806,1,4300
3807,1,6570
3808,1,19530
3809,1,10480
3810,1,7800
3811,1,13470
3812,1,5230
3813,1,2720
3814,1,3110
3815,1,4100
3816,1,19920
3817,1,76640
3818,1,4670
3819,1,1240
3820,1,123830
3821,1,10790
3822,1,8950
3823,1,6670
3824,1,1610
3825,1,47440
3826,1,6320
3827,1,20570
3828,1,8590
3829,1,63210
3830,1,12710
3831,1,7880
3832,1,15930
3833,1,22800
3834,1,21690
3835,1,3570
3836,1,10960
3837,1,3780
3838,1,17820
3839,1,31530
3840,1,17250
3841,1,22740
3842,1,2840
3843,1,14910
3844,1,1010
3845,1,72480
3846,1,1080
3847,1,7910
3848,1,10660
3849,1,96930
3850,1,7900
3851,1,22730
3852,1,1600
3853,1,2100
3854,1,5030
3855,1,2950
3856,1,2460
3857,1,30270
3858,1,47450
3859,1,13140
3860,1,8430
3861,1,1720
3862,1,32790
3863,1,4220
3864,1,1670
3865,1,5640
3866,1,14260
3867,1,2940
3868,1,22100
3869,1,15820
3870,1,6120
3871,1,74760
3872,1,5300
3873,1,6490
3874,1,7480
3875,1,11760
3876,1,31390
3877,1,16990
3878,1,19930
3879,1,53010
3880,1,740
3881,1,44400
3882,1,12860
3883,1,5170
3884,1,1160
3885,1,60110
3886,1,24390
3887,1,26320
3888,1,12820
3889,1,5660
3890,1,15810
3891,1,1480
3892,1,46750
3893,1,1120
3894,1,36190
3895,1,14880
3896,1,3690
3897,1,14470
3898,1,65140
3899,1,13940
3900,1,60
3901,1,1120
3902,1,8790
3903,1,5140
3904,1,2980
3905,1,1620
3906,1,47480
3907,1,3150
3908,1,32400
3909,1,28000
3910,1,7180
3911,1,2860
3912,1,26510
3913,1,13220
3914,1,59430
3915,1,4980
3916,1,36770
3917,1,146790
3918,1,20730
3919,1,19040
3920,1,1750
3921,1,980
3922,1,19620
3923,1,2440
3924,1,9010
3925,1,18530
3926,1,12190
3927,1,22740
3928,1,6030
3929,1,25350
3930,1,16670
3931,1,2560
3932,1,46890
3933,1,21280
3934,1,42630
3935,1,19150
3936,1,9170
3937,1,16160
3938,1,1670
3939,1,12910
3940,1,113590
3941,1,36000
3942,1,500000
3943,1,47800
3944,1,7290
3945,1,8500
3946,1,12100
3947,1,700
3948,1,13740
3949,1,2900
3950,1,19650
3951,1,13570
3952,1,12520
3953,1,25210
3954,1,2880
3955,1,11720
3956,1,2410
3957,1,2350
3958,1,3100
3959,1,8950
3960,1,500
3961,1,41650
3962,1,28520
3963,1,9480
3964,1,1360
3965,1,39000
3966,1,31750
3967,1,4580
3968,1,51250
3969,1,9930
3970,1,13150
3971,1,32440
3972,1,2110
3973,1,13640
3974,1,1450
3975,1,32800
3976,1,2990
3977,1,65230
3978,1,2200
3979,1,4110
3980,1,3540
3981,1,101660
3982,1,750
3983,1,600
3984,1,9560
3985,1,0
3986,1,3860
3987,1,11790
3988,1,6250
3989,1,1550
3990,1,2770
3991,1,7240
3992,1,13500
3993,1,5840
3994,1,14730
3995,1,1990
3996,1,4150
3997,1,4730
3998,1,1900
3999,1,10200
4000,1,16720
4001,1,13580
4002,1,29870
4003,1,9010
4004,1,16860
4005,1,5480
4006,1,5250
4007,1,7460
4008,1,2900
4009,1,36640
4010,1,6860
4011,1,14590
4012,1,10960
4013,1,380
4014,1,3920
4015,1,270
4016,1,27320
4017,1,8670
4018,1,96420
4019,1,9160
4020,1,64000
4021,1,10860
4022,1,30350
4023,1,9720
4024,1,4320
4025,1,5430
4026,1,15220
4027,1,5240
4028,1,11960
4029,1,48560
4030,1,2150
4031,1,17630
4032,1,30190
4033,1,3320
4034,1,580
4035,1,1580
4036,1,7770
4037,1,17780
4038,1,9990
4039,1,4230
4040,1,3180
4041,1,6660
4042,1,40560
4043,1,1660
4044,1,18080
4045,1,8250
4046,1,8590
4047,1,7140
4048,1,49940
4049,1,10590
4050,1,34440
4051,1,5450
4052,1,43480
4053,1,36830
4054,1,2090
4055,1,8840
4056,1,4540
4057,1,3540
4058,1,14370
4059,1,4240
4060,1,14930
4061,1,9150
4062,1,78070
4063,1,55800
4064,1,560
4065,1,52490
4066,1,3770
4067,1,22510
4068,1,10000
4069,1,16200
4070,1,6320
4071,1,12660
4072,1,4420
4073,1,10110
4074,1,7310
4075,1,12550
4076,1,104250
4077,1,66690
4078,1,3640
4079,1,6780
4080,1,10490
4081,1,7360
4082,1,27900
4083,1,15540
4084,1,3520
4085,1,18050
4086,1,82490
4087,1,1000
4088,1,13720
4089,1,1840
4090,1,9380
4091,1,124380
4092,1,55350
4093,1,3370
4094,1,16490
4095,1,9040
4096,1,68190
4097,1,3370
4098,1,12050
4099,1,2440
4100,1,9850
4101,1,3280
4102,1,18320
4103,1,63120
4104,1,7520
4105,1,80
4106,1,1220
4107,1,5200
4108,1,14390
4109,1,28970
4110,1,23190
4111,1,860
4112,1,5430
4113,1,2240
4114,1,990
4115,1,23250
4116,1,23460
4117,1,19960
4118,1,9030
4119,1,1780
4120,1,7130
4121,1,14400
4122,1,21270
4123,1,7670
4124,1,18550
4125,1,1380
4126,1,9760
4127,1,101280
4128,1,2370
4129,1,74890
4130,1,6780
4131,1,16340
4132,1,11030
4133,1,6520
4134,1,1480
4135,1,10670
4136,1,30830
4137,1,6580
4138,1,31280
4139,1,12330
4140,1,1070
4141,1,8580
4142,1,6690
4143,1,2220
4144,1,16690
4145,1,2810
4146,1,9690
4147,1,2190
4148,1,4080
4149,1,30520
4150,1,38940
4151,1,6100
4152,1,5060
4153,1,9410
4154,1,62040
4155,1,37340
4156,1,5360
4157,1,5690
4158,1,4780
4159,1,26020
4160,1,3960
4161,1,9590
4162,1,8040
4163,1,35250
4164,1,10320
4165,1,12350
4166,1,4970
4167,1,5290
4168,1,1890
4169,1,58850
4170,1,2870
4171,1,87770
4172,1,57440
4173,1,21830
4174,1,39490
4175,1,6390
4176,1,23850
4177,1,590
4178,1,5830
4179,1,22650
4180,1,8470
4181,1,183620
4182,1,15090
4183,1,14390
4184,1,22920
4185,1,31570
4186,1,26520
4187,1,2450
4188,1,7440
4189,1,17310
4190,1,3930
4191,1,4610
4192,1,5810
4193,1,4530
4194,1,73580
4195,1,7540
4196,1,7230
4197,1,12550
4198,1,7310
4199,1,27190
4200,1,9100
4201,1,20350
4202,1,69190
4203,1,5960
4204,1,12710
4205,1,18540
4206,1,1240
4207,1,8000
4208,1,10220
4209,1,5310
4210,1,9100
4211,1,1060
4212,1,5230
4213,1,2970
4214,1,12840
4215,1,2050
4216,1,1460
4217,1,42730
4218,1,24470
4219,1,1840
4220,1,6840
4221,1,12810
4222,1,2960
4223,1,6310
4224,1,32150
4225,1,5870
4226,1,7990
4227,1,3840
4228,1,25400
4229,1,14190
4230,1,1810
4231,1,12980
4232,1,3410
4233,1,9440
4234,1,27840
4235,1,10890
4236,1,57200
4237,1,24960
4238,1,9110
4239,1,890
4240,1,175040
4241,1,91540
4242,1,15130
4243,1,9600
4244,1,4630
4245,1,29060
4246,1,4080
4247,1,14030
4248,1,2600
4249,1,9640
4250,1,23200
4251,1,22800
4252,1,5430
4253,1,20540
4254,1,1250
4255,1,9220
4256,1,1410
4257,1,24180
4258,1,7260
4259,1,10850
4260,1,10060
4261,1,31080
4262,1,19040
4263,1,57170
4264,1,2960
4265,1,4160
4266,1,3590
4267,1,6960
4268,1,3570
4269,1,2100
4270,1,3380
4271,1,3350
4272,1,1880
4273,1,10190
4274,1,58700
4275,1,10270
4276,1,41040
4277,1,450
4278,1,17020
4279,1,62680
4280,1,26070
4281,1,6060
4282,1,400
4283,1,17970
4284,1,3920
4285,1,20530
4286,1,9910
4287,1,25030
4288,1,22370
4289,1,6650
4290,1,740
4291,1,13440
4292,1,1240
4293,1,1210
4294,1,7120
4295,1,21100
4296,1,2940
4297,1,1080
4298,1,6890
4299,1,7180
4300,1,12880
4301,1,19350
4302,1,8530
4303,1,8660
4304,1,10980
4305,1,21670
4306,1,8150
4307,1,3120
4308,1,11640
4309,1,8540
4310,1,38970
4311,1,24830
4312,1,7730
4313,1,1960
4314,1,13510
4315,1,44980
4316,1,2360
4317,1,4860
4318,1,13770
4319,1,9540
4320,1,62820
4321,1,3240
4322,1,5600
4323,1,1720
4324,1,22160
4325,1,119320
4326,1,3060
4327,1,9800
4328,1,5990
4329,1,5600
4330,1,30100
4331,1,17580
4332,1,7190
4333,1,3910
4334,1,10810
4335,1,3100
4336,1,8450
4337,1,6960
4338,1,640
4339,1,9210
4340,1,1760
4341,1,1920
4342,1,1440
4343,1,26450
4344,1,39450
4345,1,4030
4346,1,26600
4347,1,350
4348,1,16590
4349,1,8420
4350,1,47980
4351,1,28640
4352,1,6710
4353,1,8770
4354,1,9940
4355,1,8840
4356,1,15680
4357,1,750
4358,1,20410
4359,1,11810
4360,1,22150
4361,1,3650
4362,1,3470
4363,1,10240
4364,1,450
4365,1,31090
4366,1,4380
4367,1,21340
4368,1,9140
4369,1,20120
4370,1,15760
4371,1,240
4372,1,920
4373,1,6390
4374,1,30540
4375,1,17960
4376,1,30660
4377,1,44290
4378,1,1540
4379,1,15870
4380,1,10430
4381,1,970
4382,1,27670
4383,1,1870
4384,1,13300
4385,1,1490
4386,1,35260
4387,1,20320
4388,1,25050
4389,1,1720
4390,1,9940
4391,1,25220
4392,1,9620
4393,1,4820
4394,1,4970
4395,1,670
4396,1,10790
4397,1,50200
4398,1,1100
4399,1,21620
4400,1,12990
4401,1,37940
4402,1,17220
4403,1,5570
4404,1,410
4405,1,1920
4406,1,23670
4407,1,8100
4408,1,7380
4409,1,78070
4410,1,7380
4411,1,3200
4412,1,1890
4413,1,32270
4414,1,2190
4415,1,4980
4416,1,23280
4417,1,5120
4418,1,8460
4419,1,6060
4420,1,11360
4421,1,5350
4422,1,10760
4423,1,5280
4424,1,15000
4425,1,34410
4426,1,39920
4427,1,3050
4428,1,54010
4429,1,17260
4430,1,12960
4431,1,21490
4432,1,15590
4433,1,10340
4434,1,16180
4435,1,2070
4436,1,7930
4437,1,7020
4438,1,2480
4439,1,2580
4440,1,7970
4441,1,15740
4442,1,30290
4443,1,15840
4444,1,5040
4445,1,14650
4446,1,4300
4447,1,22070
4448,1,14500
4449,1,23910
4450,1,24130
4451,1,360
4452,1,2850
4453,1,16080
4454,1,9380
4455,1,11300
4456,1,7110
4457,1,53820
4458,1,36310
4459,1,43700
4460,1,2850
4461,1,5550
4462,1,8070
4463,1,12480
4464,1,10740
4465,1,15560
4466,1,30660
4467,1,4950
4468,1,7240
4469,1,262500
4470,1,84820
4471,1,9200
4472,1,2630
4473,1,2730
4474,1,22350
4475,1,152460
4476,1,18020
4477,1,36970
4478,1,4010
4479,1,7960
4480,1,35590
4481,1,2240
4482,1,3860
4483,1,5300
4484,1,28030
4485,1,17870
4486,1,18800
4487,1,2530
4488,1,2810
4489,1,14570
4490,1,2040
4491,1,13780
4492,1,2910
4493,1,76580
4494,1,9030
4495,1,21610
4496,1,14060
4497,1,7560
4498,1,29130
4499,1,62530
4500,1,14250
4501,1,22870
4502,1,1970
4503,1,12120
4504,1,12440
4505,1,19620
4506,1,12140
4507,1,16690
4508,1,19150
4509,1,14580
4510,1,8360
4511,1,23330
4512,1,40800
4513,1,3350
4514,1,9430
4515,1,9960
4516,1,9040
4517,1,153390
4518,1,8930
4519,1,4250
4520,1,70750
4521,1,5500
4522,1,5070
4523,1,3560
4524,1,2050
4525,1,1790
4526,1,11730
4527,1,1240
4528,1,2620
4529,1,112330
4530,1,2190
4531,1,24330
4532,1,7990
4533,1,4460
4534,1,20650
4535,1,2000
4536,1,40550
4537,1,3800
4538,1,2130
4539,1,3040
4540,1,25970
4541,1,11630
4542,1,52580
4543,1,5860
4544,1,6000
4545,1,3820
4546,1,1490
4547,1,8260
4548,1,9570
4549,1,46030
4550,1,49120
4551,1,8810
4552,1,24390
4553,1,11510
4554,1,10340
4555,1,2150
4556,1,3980
4557,1,3550
4558,1,6280
4559,1,9130
4560,1,14210
4561,1,23240
4562,1,22170
4563,1,1490
4564,1,5010
4565,1,13180
4566,1,3580
4567,1,13120
4568,1,54110
4569,1,2380
4570,1,2170
4571,1,14230
4572,1,7770
4573,1,3950
4574,1,86590
4575,1,8860
4576,1,33490
4577,1,4170
4578,1,3270
4579,1,8320
4580,1,4260
4581,1,9280
4582,1,20270
4583,1,6160
4584,1,38240
4585,1,4980
4586,1,78900
4587,1,12770
4588,1,23070
4589,1,19310
4590,1,10830
4591,1,9150
4592,1,5210
4593,1,1910
4594,1,9010
4595,1,52520
4596,1,3970
4597,1,2030
4598,1,72470
4599,1,32580
4600,1,44990
4601,1,134090
4602,1,5820
4603,1,1400
4604,1,23030
4605,1,3300
4606,1,23580
4607,1,11440
4608,1,3380
4609,1,5000
4610,1,10690
4611,1,7560
4612,1,6670
4613,1,30710
4614,1,44270
4615,1,11660
4616,1,126160
4617,1,46450
4618,1,22440
4619,1,5630
4620,1,3250
4621,1,1940
4622,1,7920
4623,1,11770
4624,1,8710
4625,1,5490
4626,1,11200
4627,1,6380
4628,1,80050
4629,1,34060
4630,1,9050
4631,1,2520
4632,1,440
4633,1,7960
4634,1,18010
4635,1,4380
4636,1,36730
4637,1,1180
4638,1,40460
4639,1,6960
4640,1,18870
4641,1,22980
4642,1,7830
4643,1,35610
4644,1,6160
4645,1,4610
4646,1,2650
4647,1,11510
4648,1,19270
4649,1,5590
4650,1,18890
4651,1,31050
4652,1,19440
4653,1,200
4654,1,4230
4655,1,2440
4656,1,47290
4657,1,12450
4658,1,8870
4659,1,10130
4660,1,43870
4661,1,21790
4662,1,15250
4663,1,34300
4664,1,65140
4665,1,68720
4666,1,8810
4667,1,11830
4668,1,8090
4669,1,570
4670,1,600
4671,1,43550
4672,1,4080
4673,1,14920
4674,1,45140
4675,1,11660
4676,1,29000
4677,1,2580
4678,1,26230
4679,1,29090
4680,1,5410
4681,1,84070
4682,1,38570
4683,1,6010
4684,1,1700
4685,1,5640
4686,1,2240
4687,1,6360
4688,1,33060
4689,1,7260
4690,1,40600
4691,1,7020
4692,1,11280
4693,1,6950
4694,1,7260
4695,1,7740
4696,1,7710
4697,1,3140
4698,1,31920
4699,1,20480
4700,1,4320
4701,1,9020
4702,1,3340
4703,1,15790
4704,1,37630
4705,1,56230
4706,1,6970
4707,1,22450
4708,1,13930
4709,1,98090
4710,1,28980
4711,1,3320
4712,1,43960
4713,1,1020
4714,1,3360
4715,1,10380
4716,1,29780
4717,1,940
4718,1,37060
4719,1,18830
4720,1,6960
4721,1,4410
4722,1,0
4723,1,3880
4724,1,7460
4725,1,1560
4726,1,50270
4727,1,710
4728,1,47640
4729,1,9250
4730,1,9270
4731,1,9090
4732,1,35220
4733,1,5060
4734,1,4660
4735,1,29350
4736,1,2190
4737,1,2870
4738,1,14610
4739,1,83850
4740,1,61860
4741,1,14140
4742,1,7820
4743,1,8060
4744,1,7750
4745,1,43030
4746,1,10160
4747,1,28830
4748,1,18200
4749,1,120
4750,1,1400
4751,1,20210
4752,1,23620
4753,1,5320
4754,1,9480
4755,1,16500
4756,1,172610
4757,1,4000
4758,1,10010
4759,1,43450
4760,1,16320
4761,1,4090
4762,1,26400
4763,1,24470
4764,1,71610
4765,1,27860
4766,1,20480
4767,1,12370
4768,1,1500
4769,1,40200
4770,1,5280
4771,1,19550
4772,1,30640
4773,1,33650
4774,1,23660
4775,1,14030
4776,1,20290
4777,1,7790
4778,1,25910
4779,1,4730
4780,1,55620
4781,1,4110
4782,1,40
4783,1,2670
4784,1,1990
4785,1,25470
4786,1,6050
4787,1,9970
4788,1,6350
4789,1,5500
4790,1,450
4791,1,1750
4792,1,11650
4793,1,8360
4794,1,5820
4795,1,860
4796,1,20640
4797,1,5930
4798,1,5480
4799,1,5350
4800,1,14990
4801,1,9360
4802,1,42360
4803,1,26150
4804,1,8460
4805,1,4890
4806,1,5580
4807,1,6590
4808,1,17010
4809,1,4600
4810,1,34460
4811,1,35780
4812,1,29070
4813,1,12580
4814,1,102770
4815,1,4160
4816,1,7650
4817,1,254350
4818,1,12040
4819,1,240
4820,1,13030
4821,1,57640
4822,1,51970
4823,1,10660
4824,1,4990
4825,1,25960
4826,1,16510
4827,1,16180
4828,1,26710
4829,1,21140
4830,1,7330
4831,1,17930
4832,1,33560
4833,1,19600
4834,1,51080
4835,1,9800
4836,1,7460
4837,1,72100
4838,1,13480
4839,1,920
4840,1,1730
4841,1,9320
4842,1,3790
4843,1,33250
4844,1,20880
4845,1,17360
4846,1,8380
4847,1,13040
4848,1,32380
4849,1,12620
4850,1,77560
4851,1,1880
4852,1,14160
4853,1,33780
4854,1,710
4855,1,10470
4856,1,4720
4857,1,930
4858,1,650
4859,1,5060
4860,1,3840
4861,1,1940
4862,1,13610
4863,1,29520
4864,1,900
4865,1,24240
4866,1,28120
4867,1,93920
4868,1,13390
4869,1,8450
4870,1,25060
4871,1,9120
4872,1,35650
4873,1,15310
4874,1,6520
4875,1,35650
4876,1,13190
4877,1,17500
4878,1,140920
4879,1,4240
4880,1,28650
4881,1,36800
4882,1,2930
4883,1,70490
4884,1,13110
4885,1,9300
4886,1,18100
4887,1,101730
4888,1,25300
4889,1,9150
4890,1,90600
4891,1,9830
4892,1,11690
4893,1,79080
4894,1,9060
4895,1,1360
4896,1,3260
4897,1,11290
4898,1,1420
4899,1,1560
4900,1,2850
4901,1,8420
4902,1,8720
4903,1,6310
4904,1,260
4905,1,11860
4906,1,29720
4907,1,6760
4908,1,12380
4909,1,1790
4910,1,76510
4911,1,7050
4912,1,11910
4913,1,5620
4914,1,64000
4915,1,13610
4916,1,24620
4917,1,208370
4918,1,28900
4919,1,36360
4920,1,25920
4921,1,18740
4922,1,0
4923,1,50070
4924,1,32930
4925,1,40110
4926,1,16870
4927,1,4410
4928,1,31150
4929,1,2980
4930,1,6920
4931,1,7110
4932,1,12560
4933,1,11940
4934,1,13620
4935,1,18530
4936,1,13140
4937,1,63420
4938,1,10360
4939,1,14400
4940,1,5050
4941,1,8590
4942,1,6140
4943,1,60270
4944,1,10060
4945,1,62460
4946,1,27340
4947,1,90070
4948,1,10660
4949,1,8010
4950,1,1680
4951,1,1130
4952,1,5500
4953,1,5330
4954,1,115020
4955,1,2510
4956,1,6380
4957,1,42950
4958,1,10950
4959,1,31970
4960,1,10740
4961,1,1000
4962,1,7330
4963,1,830
4964,1,1940
4965,1,16460
4966,1,450
4967,1,23830
4968,1,5860
4969,1,11020
4970,1,2480
4971,1,6050
4972,1,14550
4973,1,14540
4974,1,9450
4975,1,3630
4976,1,18810
4977,1,15090
4978,1,4620
4979,1,18590
4980,1,40140
4981,1,3090
4982,1,2840
4983,1,53960
4984,1,5700
4985,1,2380
4986,1,77100
4987,1,6990
4988,1,18050
4989,1,26520
4990,1,20460
4991,1,2340
4992,1,490
4993,1,1910
4994,1,43750
4995,1,13890
4996,1,21410
4997,1,480
4998,1,5920
4999,1,1620
5000,1,430
5001,1,16120
5002,1,570
5003,1,1660
5004,1,16320
5005,1,128950
5006,1,12050
5007,1,7140
5008,1,10850
5009,1,15120
5010,1,5000
5011,1,3210
5012,1,23080
5013,1,5690
5014,1,16970
5015,1,3520
5016,1,13400
5017,1,1410
5018,1,2000
5019,1,4190
5020,1,6070
5021,1,21510
5022,1,8690
5023,1,15160
5024,1,12100
5025,1,2720
5026,1,15110
5027,1,4590
5028,1,9030
5029,1,2790
5030,1,4000
5031,1,77440
5032,1,31560
5033,1,74470
5034,1,6690
5035,1,2160
5036,1,6930
5037,1,26860
5038,1,24600
5039,1,39230
5040,1,70490
5041,1,17120
5042,1,4560
5043,1,10690
5044,1,610
5045,1,1540
5046,1,11290
5047,1,8040
5048,1,15860
5049,1,19480
5050,1,2510
5051,1,35480
5052,1,13040
5053,1,1930
5054,1,10160
5055,1,32040
5056,1,14750
5057,1,5090
5058,1,6160
5059,1,22550
5060,1,1940
5061,1,1250
5062,1,7900
5063,1,30140
5064,1,5660
5065,1,4800
5066,1,5510
5067,1,6890
5068,1,3290
5069,1,5590
5070,1,1380
5071,1,129440
5072,1,3860
5073,1,17040
5074,1,2480
5075,1,11880
5076,1,31090
5077,1,1400
5078,1,1450
5079,1,25640
5080,1,6190
5081,1,67850
5082,1,22800
5083,1,11740
5084,1,54960
5085,1,13640
5086,1,5110
5087,1,33380
5088,1,9240
5089,1,10470
5090,1,5790
5091,1,20120
5092,1,4200
5093,1,2190
5094,1,10460
5095,1,50810
5096,1,25180
5097,1,3660
5098,1,4290
5099,1,3500
5100,1,64380
5101,1,7900
5102,1,24010
5103,1,2660
5104,1,25940
5105,1,17020
5106,1,19900
5107,1,1410
5108,1,6530
5109,1,2280
5110,1,3640
5111,1,44640
5112,1,7270
5113,1,11580
5114,1,3380
5115,1,6570
5116,1,12340
5117,1,21910
5118,1,22060
5119,1,142800
5120,1,3020
5121,1,11990
5122,1,3700
5123,1,8080
5124,1,29340
5125,1,7180
5126,1,8320
5127,1,19600
5128,1,3440
5129,1,13380
5130,1,10960
5131,1,2780
5132,1,8240
5133,1,10510
5134,1,7630
5135,1,3330
5136,1,21020
5137,1,3340
5138,1,5700
5139,1,32360
5140,1,1860
5141,1,19760
5142,1,7120
5143,1,3170
5144,1,24930
5145,1,73500
5146,1,2330
5147,1,36920
5148,1,17760
5149,1,10980
5150,1,49280
5151,1,6290
5152,1,18540
5153,1,7880
5154,1,39220
5155,1,46510
5156,1,37310
5157,1,31080
5158,1,1340
5159,1,8890
5160,1,7400
5161,1,21980
5162,1,16640
5163,1,1290
5164,1,57800
5165,1,2850
5166,1,16590
5167,1,120
5168,1,760
5169,1,1800
5170,1,10180
5171,1,12480
5172,1,23950
5173,1,21170
5174,1,3870
5175,1,1460
5176,1,3040
5177,1,4220
5178,1,1980
5179,1,12020
5180,1,18630
5181,1,6740
5182,1,10520
5183,1,14090
5184,1,24190
5185,1,1920
5186,1,84890
5187,1,3900
5188,1,67220
5189,1,9660
5190,1,6250
5191,1,2570
5192,1,3270
5193,1,34570
5194,1,17040
5195,1,8010
5196,1,7840
5197,1,5290
5198,1,91360
5199,1,8030
5200,1,8040
5201,1,31250
5202,1,33830
5203,1,22960
5204,1,1360
5205,1,32880
5206,1,1260
5207,1,8250
5208,1,40450
5209,1,48460
5210,1,7930
5211,1,1490
5212,1,2950
5213,1,1940
5214,1,109770
5215,1,210
5216,1,7050
5217,1,2750
5218,1,4210
5219,1,8530
5220,1,9290
5221,1,6620
5222,1,2020
5223,1,4720
5224,1,2730
5225,1,31290
5226,1,3450
5227,1,16090
5228,1,2620
5229,1,1760
5230,1,4990
5231,1,4230
5232,1,3980
5233,1,12830
5234,1,5390
5235,1,34190
5236,1,13330
5237,1,7590
5238,1,29320
5239,1,15000
5240,1,4700
5241,1,12740
5242,1,4230
5243,1,100370
5244,1,1570
5245,1,4770
5246,1,30510
5247,1,3090
5248,1,14980
5249,1,9780
5250,1,5200
5251,1,11370
5252,1,18670
5253,1,3500
5254,1,4730
5255,1,12330
5256,1,17360
5257,1,12210
5258,1,13190
5259,1,5490
5260,1,78660
5261,1,10250
5262,1,7060
5263,1,3340
5264,1,68260
5265,1,40450
5266,1,39740
5267,1,14130
5268,1,28340
5269,1,24930
5270,1,10740
5271,1,2660
5272,1,15630
5273,1,620
5274,1,2520
5275,1,4430
5276,1,17410
5277,1,2160
5278,1,24900
5279,1,12570
5280,1,2580
5281,1,1720
5282,1,490
5283,1,5330
5284,1,2420
5285,1,22400
5286,1,2320
5287,1,3820
5288,1,830
5289,1,7860
5290,1,1380
5291,1,30970
5292,1,870
5293,1,27980
5294,1,58660
5295,1,3420
5296,1,1570
5297,1,27070
5298,1,7000
5299,1,3760
5300,1,1790
5301,1,33970
5302,1,11830
5303,1,8930
5304,1,2110
5305,1,8330
5306,1,122700
5307,1,1400
5308,1,10950
5309,1,26230
5310,1,12830
5311,1,7490
5312,1,9640
5313,1,1310
5314,1,11970
5315,1,4470
5316,1,2460
5317,1,12480
5318,1,5760
5319,1,11340
5320,1,1300
5321,1,63830
5322,1,5250
5323,1,14150
5324,1,3310
5325,1,4880
5326,1,53510
5327,1,17210
5328,1,5020
5329,1,40450
5330,1,900
5331,1,1740
5332,1,22160
5333,1,62550
5334,1,17810
5335,1,133230
5336,1,4040
5337,1,6100
5338,1,146260
5339,1,55760
5340,1,4410
5341,1,99670
5342,1,5740
5343,1,22010
5344,1,21350
5345,1,2230
5346,1,6840
5347,1,7030
5348,1,13260
5349,1,21320
5350,1,8500
5351,1,2960
5352,1,1700
5353,1,3710
5354,1,3090
5355,1,2280
5356,1,79520
5357,1,4530
5358,1,22310
5359,1,7860
5360,1,35160
5361,1,51910
5362,1,14560
5363,1,49510
5364,1,7340
5365,1,8010
5366,1,40310
5367,1,26860
5368,1,11050
5369,1,12540
5370,1,6170
5371,1,1830
5372,1,68780
5373,1,92900
5374,1,24640
5375,1,26430
5376,1,14120
5377,1,30110
5378,1,28770
5379,1,30130
5380,1,6730
5381,1,8460
5382,1,1410
5383,1,16540
5384,1,5030
5385,1,1010
5386,1,15380
5387,1,5870
5388,1,2930
5389,1,3970
5390,1,10270
5391,1,4550
5392,1,15510
5393,1,19750
5394,1,4020
5395,1,6630
5396,1,18210
5397,1,16250
5398,1,126150
5399,1,38740
5400,1,10130
5401,1,4450
5402,1,29520
5403,1,19990
5404,1,27320
5405,1,3970
5406,1,12360
5407,1,1540
5408,1,2920
5409,1,6000
5410,1,3630
5411,1,370
5412,1,9500
5413,1,48500
5414,1,6210
5415,1,4540
5416,1,33360
5417,1,10900
5418,1,4040
5419,1,6530
5420,1,3760
5421,1,22830
5422,1,5440
5423,1,10150
5424,1,3580
5425,1,11760
5426,1,42990
5427,1,29440
5428,1,19560
5429,1,3340
5430,1,73670
5431,1,6350
5432,1,58280
5433,1,27520
5434,1,14620
5435,1,73200
5436,1,3330
5437,1,1990
5438,1,6980
5439,1,1400
5440,1,1500
5441,1,40
5442,1,15330
5443,1,6240
5444,1,190
5445,1,15020
5446,1,7780
5447,1,42560
5448,1,28460
5449,1,21490
5450,1,1340
5451,1,8980
5452,1,8380
5453,1,11100
5454,1,6990
5455,1,14750
5456,1,22780
5457,1,40450
5458,1,100740
5459,1,1340
5460,1,4180
5461,1,6190
5462,1,6520
5463,1,2380
5464,1,19640
5465,1,23860
5466,1,12450
5467,1,20770
5468,1,1640
5469,1,6710
5470,1,2860
5471,1,82040
5472,1,22050
5473,1,100800
5474,1,1460
5475,1,80070
5476,1,4020
5477,1,6560
5478,1,2840
5479,1,16920
5480,1,8570
5481,1,6070
5482,1,8050
5483,1,5960
5484,1,14990
5485,1,8410
5486,1,11450
5487,1,1290
5488,1,60880
5489,1,900
5490,1,15620
5491,1,8390
5492,1,9350
5493,1,1550
5494,1,30520
5495,1,2180
5496,1,61020
5497,1,8020
5498,1,15850
5499,1,22170
5500,1,23380
5501,1,5140
5502,1,2900
5503,1,18580
5504,1,5700
5505,1,460
5506,1,16780
5507,1,80
5508,1,20140
5509,1,2570
5510,1,1110
5511,1,6160
5512,1,15470
5513,1,20940
5514,1,28010
5515,1,6270
5516,1,73610
5517,1,71570
5518,1,5120
5519,1,16280
5520,1,20460
5521,1,2060
5522,1,3410
5523,1,6540
5524,1,38380
5525,1,10050
5526,1,12000
5527,1,23240
5528,1,2510
5529,1,1990
5530,1,8860
5531,1,5360
5532,1,8060
5533,1,40820
5534,1,3440
5535,1,18950
5536,1,2610
5537,1,80020
5538,1,10040
5539,1,1810
5540,1,35010
5541,1,11320
5542,1,28160
5543,1,11810
5544,1,32980
5545,1,2510
5546,1,4550
5547,1,32850
5548,1,31530
5549,1,2660
5550,1,12980
5551,1,14270
5552,1,5180
5553,1,3120
5554,1,10750
5555,1,1580
5556,1,6070
5557,1,34810
5558,1,49440
5559,1,78600
5560,1,8610
5561,1,33940
5562,1,7040
5563,1,5850
5564,1,2770
5565,1,2860
5566,1,13950
5567,1,510
5568,1,47320
5569,1,30110
5570,1,14500
5571,1,770
5572,1,11420
5573,1,13560
5574,1,29310
5575,1,2390
5576,1,31290
5577,1,12760
5578,1,6940
5579,1,7150
5580,1,28500
5581,1,16930
5582,1,57500
5583,1,24070
5584,1,12370
5585,1,24020
5586,1,5540
5587,1,1540
5588,1,13780
5589,1,72520
5590,1,3660
5591,1,53870
5592,1,9460
5593,1,5800
5594,1,4650
5595,1,3730
5596,1,13910
5597,1,10760
5598,1,58800
5599,1,3940
5600,1,4810
5601,1,820
5602,1,34120
5603,1,76910
5604,1,6210
5605,1,10910
5606,1,25180
5607,1,6790
5608,1,2560
5609,1,148930
5610,1,4450
5611,1,3450
5612,1,36330
5613,1,26810
5614,1,14190
5615,1,5090
5616,1,17510
5617,1,770
5618,1,24990
5619,1,14820
5620,1,82060
5621,1,20210
5622,1,11590
5623,1,13800
5624,1,3350
5625,1,8240
5626,1,3680
5627,1,1580
5628,1,18390
5629,1,31870
5630,1,120
5631,1,840
5632,1,14500
5633,1,1500
5634,1,16120
5635,1,2220
5636,1,18980
5637,1,17610
5638,1,44200
5639,1,7310
5640,1,37390
5641,1,21590
5642,1,4680
5643,1,2240
5644,1,4740
5645,1,10810
5646,1,4840
5647,1,5930
5648,1,17550
5649,1,4800
5650,1,34070
5651,1,3320
5652,1,32400
5653,1,430
5654,1,22180
5655,1,57870
5656,1,14790
5657,1,9140
5658,1,3340
5659,1,29290
5660,1,8040
5661,1,5470
5662,1,9030
5663,1,3100
5664,1,9060
5665,1,4050
5666,1,3630
5667,1,7380
5668,1,9310
5669,1,52170
5670,1,9600
5671,1,28100
5672,1,640
5673,1,10140
5674,1,5890
5675,1,7750
5676,1,12800
5677,1,11510
5678,1,7740
5679,1,6350
5680,1,88980
5681,1,11730
5682,1,1070
5683,1,3900
5684,1,2540
5685,1,60100
5686,1,17350
5687,1,10870
5688,1,40230
5689,1,18730
5690,1,3960
5691,1,47070
5692,1,2370
5693,1,18390
5694,1,1620
5695,1,6350
5696,1,23310
5697,1,890
5698,1,52290
5699,1,18900
5700,1,102090
5701,1,17570
5702,1,0
5703,1,18870
5704,1,1530
5705,1,32340
5706,1,2920
5707,1,5640
5708,1,42830
5709,1,49810
5710,1,6410
5711,1,5850
5712,1,8060
5713,1,11630
5714,1,23050
5715,1,21360
5716,1,23680
5717,1,9880
5718,1,7790
5719,1,440
5720,1,31060
5721,1,8270
5722,1,3020
5723,1,6420
5724,1,13570
5725,1,22700
5726,1,28420
5727,1,37860
5728,1,11960
5729,1,13160
5730,1,4010
5731,1,22430
5732,1,6850
5733,1,10660
5734,1,106830
5735,1,13010
5736,1,3660
5737,1,8150
5738,1,17680
5739,1,9830
5740,1,43870
5741,1,22870
5742,1,18630
5743,1,2010
5744,1,1860
5745,1,1630
5746,1,3490
5747,1,19050
5748,1,6610
5749,1,7020
5750,1,7350
5751,1,12090
5752,1,10640
5753,1,17610
5754,1,30990
5755,1,40900
5756,1,35390
5757,1,12770
5758,1,16050
5759,1,700
5760,1,23080
5761,1,5550
5762,1,89340
5763,1,8680
5764,1,2720
5765,1,24040
5766,1,4150
5767,1,32340
5768,1,20320
5769,1,32230
5770,1,4140
5771,1,24540
5772,1,1520
5773,1,50250
5774,1,15520
5775,1,73460
5776,1,12980
5777,1,10560
5778,1,2500
5779,1,3710
5780,1,93600
5781,1,14140
5782,1,1200
5783,1,1080
5784,1,33710
5785,1,9100
5786,1,10880
5787,1,9580
5788,1,7870
5789,1,34540
5790,1,2080
5791,1,1890
5792,1,0
5793,1,1490
5794,1,13180
5795,1,38000
5796,1,30240
5797,1,22300
5798,1,3090
5799,1,13360
5800,1,21800
5801,1,2110
5802,1,53890
5803,1,5010
5804,1,12410
5805,1,1510
5806,1,37440
5807,1,4710
5808,1,7190
5809,1,18030
5810,1,3610
5811,1,2380
5812,1,2140
5813,1,1590
5814,1,24550
5815,1,21400
5816,1,25320
5817,1,19140
5818,1,2300
5819,1,520
5820,1,8170
5821,1,10650
5822,1,2940
5823,1,31520
5824,1,87590
5825,1,100
5826,1,27400
5827,1,44500
5828,1,23340
5829,1,14410
5830,1,5040
5831,1,32620
5832,1,7240
5833,1,32150
5834,1,6490
5835,1,4200
5836,1,2240
5837,1,20540
5838,1,19290
5839,1,3760
5840,1,1360
5841,1,10350
5842,1,11720
5843,1,2140
5844,1,38920
5845,1,7790
5846,1,3590
5847,1,36670
5848,1,41530
5849,1,18340
5850,1,8710
5851,1,7270
5852,1,14490
5853,1,5760
5854,1,29370
5855,1,21250
5856,1,12070
5857,1,1400
5858,1,1250
5859,1,204580
5860,1,42400
5861,1,630
5862,1,3610
5863,1,31500
5864,1,50460
5865,1,161520
5866,1,14670
5867,1,2640
5868,1,5440
5869,1,14630
5870,1,5640
5871,1,4980
5872,1,6780
5873,1,2440
5874,1,5300
5875,1,38030
5876,1,5880
5877,1,8360
5878,1,3210
5879,1,189490
5880,1,9120
5881,1,16990
5882,1,5930
5883,1,62540
5884,1,5210
5885,1,3320
5886,1,24340
5887,1,4810
5888,1,4930
5889,1,24470
5890,1,3040
5891,1,6560
5892,1,800
5893,1,18910
5894,1,1210
5895,1,330
5896,1,2850
5897,1,2600
5898,1,4740
5899,1,9400
5900,1,20680
5901,1,3800
5902,1,11520
5903,1,13030
5904,1,16820
5905,1,7840
5906,1,41160
5907,1,14180
5908,1,24960
5909,1,3460
5910,1,10780
5911,1,44170
5912,1,19540
5913,1,2830
5914,1,7310
5915,1,800
5916,1,1050
5917,1,7610
5918,1,4100
5919,1,2190
5920,1,6710
5921,1,34820
5922,1,1010
5923,1,38990
5924,1,3100
5925,1,18870
5926,1,15020
5927,1,18360
5928,1,12950
5929,1,4200
5930,1,18100
5931,1,2310
5932,1,25370
5933,1,6090
5934,1,12300
5935,1,50360
5936,1,38680
5937,1,45630
5938,1,39270
5939,1,15860
5940,1,61500
5941,1,4210
5942,1,4610
5943,1,3790
5944,1,5450
5945,1,61310
5946,1,15660
5947,1,6550
5948,1,15290
5949,1,40810
5950,1,7480
5951,1,98190
5952,1,158510
5953,1,1770
5954,1,11730
5955,1,3860
5956,1,1060
5957,1,2170
5958,1,5690
5959,1,14110
5960,1,10220
5961,1,48600
5962,1,3340
5963,1,50110
5964,1,13580
5965,1,1410
5966,1,43980
5967,1,18080
5968,1,49480
5969,1,82490
5970,1,4770
5971,1,9410
5972,1,7430
5973,1,46250
5974,1,7080
5975,1,480
5976,1,890
5977,1,5770
5978,1,6040
5979,1,15720
5980,1,20630
5981,1,10850
5982,1,1860
5983,1,37660
5984,1,9130
5985,1,16290
5986,1,4740
5987,1,9520
5988,1,3100
5989,1,17800
5990,1,15340
5991,1,6210
5992,1,25650
5993,1,8310
5994,1,2540
5995,1,10090
5996,1,29360
5997,1,4150
5998,1,3220
5999,1,11080
6000,1,4480
6001,1,12550
6002,1,6620
6003,1,10120
6004,1,12610
6005,1,6750
6006,1,2260
6007,1,24330
6008,1,9010
6009,1,920
6010,1,7130
6011,1,58360
6012,1,133200
6013,1,74340
6014,1,6080
6015,1,2200
6016,1,7020
6017,1,1530
6018,1,283370
6019,1,18380
6020,1,8350
6021,1,6910
6022,1,4810
6023,1,2220
6024,1,7630
6025,1,14460
6026,1,25290
6027,1,12270
6028,1,17300
6029,1,15170
6030,1,14670
6031,1,9680
6032,1,19650
6033,1,730
6034,1,65670
6035,1,9460
6036,1,4890
6037,1,15020
6038,1,25330
6039,1,2820
6040,1,22730
6041,1,82040
6042,1,12630
6043,1,7450
6044,1,7320
6045,1,2120
6046,1,14600
6047,1,1850
6048,1,5370
6049,1,13260
6050,1,16170
6051,1,12140
6052,1,11590
6053,1,5880
6054,1,83050
6055,1,24040
6056,1,6690
6057,1,5830
6058,1,30180
6059,1,3800
6060,1,5850
6061,1,2300
6062,1,50990
6063,1,15770
6064,1,2610
6065,1,8980
6066,1,9060
6067,1,3960
6068,1,6030
6069,1,13740
6070,1,1660
6071,1,6260
6072,1,36110
6073,1,13570
6074,1,13730
6075,1,7210
6076,1,6920
6077,1,1720
6078,1,20690
6079,1,22660
6080,1,9160
6081,1,5970
6082,1,16640
6083,1,1740
6084,1,15380
6085,1,111790
6086,1,13120
6087,1,580
6088,1,17560
6089,1,28580
6090,1,1130
6091,1,1840
6092,1,11260
6093,1,15940
6094,1,7970
6095,1,39760
6096,1,22200
6097,1,7660
6098,1,6050
6099,1,5390
6100,1,7540
6101,1,5380
6102,1,1340
6103,1,6110
6104,1,17150
6105,1,14490
6106,1,16560
6107,1,35390
6108,1,16690
6109,1,4170
6110,1,3900
6111,1,19620
6112,1,111120
6113,1,12080
6114,1,8140
6115,1,6930
6116,1,1440
6117,1,1140
6118,1,13670
6119,1,7020
6120,1,5530
6121,1,33190
6122,1,60930
6123,1,5110
6124,1,8330
6125,1,6880
6126,1,5770
6127,1,500000
6128,1,17540
6129,1,5690
6130,1,15050
6131,1,1280
6132,1,1700
6133,1,17270
6134,1,3810
6135,1,4700
6136,1,4870
6137,1,7320
6138,1,20580
6139,1,61230
6140,1,70950
6141,1,2760
6142,1,4410
6143,1,51020
6144,1,2110
6145,1,23370
6146,1,15090
6147,1,10120
6148,1,20220
6149,1,16910
6150,1,35670
6151,1,900
6152,1,5090
6153,1,84560
6154,1,16520
6155,1,8560
6156,1,690
6157,1,13060
6158,1,360
6159,1,2110
6160,1,69390
6161,1,20100
6162,1,7540
6163,1,31040
6164,1,2630
6165,1,5500
6166,1,25950
6167,1,18950
6168,1,61270
6169,1,470
6170,1,17090
6171,1,16740
6172,1,5690
6173,1,10310
6174,1,1880
6175,1,18770
6176,1,8990
6177,1,16910
6178,1,5720
6179,1,1470
6180,1,2800
6181,1,1400
6182,1,11540
6183,1,6790
6184,1,3190
6185,1,5270
6186,1,41140
6187,1,39390
6188,1,4530
6189,1,1180
6190,1,60350
6191,1,2450
6192,1,3040
6193,1,4990
6194,1,27600
6195,1,1980
6196,1,22800
6197,1,16800
6198,1,28410
6199,1,15480
6200,1,14120
6201,1,360
6202,1,7610
6203,1,46540
6204,1,4370
6205,1,6700
6206,1,10680
6207,1,4110
6208,1,3010
6209,1,590
6210,1,9410
6211,1,9910
6212,1,790
6213,1,42820
6214,1,5580
6215,1,20180
6216,1,16390
6217,1,6370
6218,1,89610
6219,1,42840
6220,1,45930
6221,1,12650
6222,1,4020
6223,1,12810
6224,1,9970
6225,1,9750
6226,1,2540
6227,1,25060
6228,1,16840
6229,1,15580
6230,1,26860
6231,1,57490
6232,1,500000
6233,1,4380
6234,1,40710
6235,1,11210
6236,1,1760
6237,1,2490
6238,1,3460
6239,1,10890
6240,1,23590
6241,1,48500
6242,1,20130
6243,1,4680
6244,1,8440
6245,1,9140
6246,1,1330
6247,1,14070
6248,1,13630
6249,1,17900
6250,1,81400
6251,1,4470
6252,1,7870
6253,1,7000
6254,1,12830
6255,1,24790
6256,1,4230
6257,1,5440
6258,1,30620
6259,1,52890
6260,1,53220
6261,1,16660
6262,1,4220
6263,1,23070
6264,1,39690
6265,1,7870
6266,1,24360
6267,1,980
6268,1,1220
6269,1,10720
6270,1,31580
6271,1,710
6272,1,9390
6273,1,2900
6274,1,20100
6275,1,11530
6276,1,65110
6277,1,5190
6278,1,5140
6279,1,3980
6280,1,1300
6281,1,3190
6282,1,1670
6283,1,75960
6284,1,15810
6285,1,5280
6286,1,2520
6287,1,15650
6288,1,15510
6289,1,2490
6290,1,1960
6291,1,54590
6292,1,6160
6293,1,75780
6294,1,11720
6295,1,3230
6296,1,15950
6297,1,35090
6298,1,15070
6299,1,18580
6300,1,9560
6301,1,17980
6302,1,11020
6303,1,111090
6304,1,2600
6305,1,3360
6306,1,12110
6307,1,16640
6308,1,12680
6309,1,36860
6310,1,1640
6311,1,4690
6312,1,10430
6313,1,4190
6314,1,810
6315,1,22390
6316,1,10450
6317,1,5270
6318,1,101070
6319,1,22000
6320,1,3760
6321,1,38720
6322,1,5630
6323,1,10690
6324,1,1260
6325,1,6410
6326,1,10160
6327,1,3060
6328,1,4080
6329,1,10210
6330,1,6400
6331,1,11750
6332,1,6040
6333,1,18220
6334,1,12500
6335,1,122100
6336,1,53880
6337,1,6700
6338,1,13650
6339,1,7390
6340,1,49880
6341,1,2400
6342,1,11350
6343,1,41790
6344,1,9700
6345,1,2830
6346,1,76430
6347,1,8260
6348,1,2770
6349,1,17010
6350,1,12540
6351,1,16200
6352,1,7780
6353,1,26070
6354,1,11900
6355,1,2810
6356,1,13800
6357,1,76200
6358,1,8300
6359,1,1720
6360,1,7980
6361,1,30610
6362,1,1480
6363,1,74480
6364,1,1170
6365,1,3720
6366,1,1310
6367,1,11050
6368,1,2720
6369,1,4680
6370,1,7660
6371,1,9780
6372,1,1750
6373,1,9090
6374,1,12940
6375,1,9060
6376,1,12050
6377,1,9240
6378,1,11480
6379,1,4320
6380,1,9020
6381,1,13210
6382,1,5700
6383,1,15510
6384,1,26300
6385,1,4910
6386,1,1090
6387,1,17430
6388,1,52330
6389,1,3290
6390,1,5610
6391,1,19120
6392,1,23430
6393,1,10130
6394,1,15790
6395,1,5730
6396,1,8230
6397,1,5220
6398,1,19170
6399,1,5090
6400,1,2050
6401,1,14900
6402,1,26410
6403,1,1060
6404,1,8610
6405,1,11650
6406,1,3210
6407,1,5050
6408,1,14890
6409,1,1610
6410,1,93160
6411,1,10290
6412,1,10960
6413,1,6210
6414,1,3070
6415,1,560
6416,1,30390
6417,1,101630
6418,1,62130
6419,1,21180
6420,1,2110
6421,1,15560
6422,1,4940
6423,1,16030
6424,1,10730
6425,1,7840
6426,1,6040
6427,1,2840
6428,1,8720
6429,1,2460
6430,1,38090
6431,1,12840
6432,1,15520
6433,1,330
6434,1,8810
6435,1,16910
6436,1,14820
6437,1,6860
6438,1,4020
6439,1,32640
6440,1,4800
6441,1,99900
6442,1,2990
6443,1,15770
6444,1,8630
6445,1,200
6446,1,51420
6447,1,312400
6448,1,4630
6449,1,16210
6450,1,10510
6451,1,6790
6452,1,17490
6453,1,6170
6454,1,10190
6455,1,6620
6456,1,3580
6457,1,12330
6458,1,4960
6459,1,87570
6460,1,17680
6461,1,55520
6462,1,10510
6463,1,17160
6464,1,9620
6465,1,860
6466,1,23030
6467,1,3080
6468,1,24300
6469,1,34080
6470,1,4970
6471,1,39830
6472,1,12680
6473,1,55690
6474,1,20180
6475,1,17820
6476,1,4260
6477,1,11810
6478,1,4140
6479,1,9660
6480,1,1580
6481,1,20140
6482,1,2130
6483,1,14250
6484,1,8110
6485,1,3840
6486,1,4970
6487,1,1460
6488,1,27480
6489,1,4060
6490,1,3530
6491,1,4550
6492,1,3020
6493,1,6520
6494,1,15200
6495,1,7680
6496,1,13690
6497,1,1450
6498,1,1930
6499,1,15350
6500,1,41780
6501,1,1530
6502,1,5620
6503,1,4030
6504,1,89700
6505,1,7290
6506,1,2330
6507,1,4660
6508,1,5430
6509,1,10420
6510,1,3550
6511,1,2590
6512,1,27870
6513,1,27620
6514,1,11450
6515,1,48330
6516,1,91380
6517,1,8410
6518,1,11410
6519,1,360
6520,1,10980
6521,1,34590
6522,1,36410
6523,1,15520
6524,1,8310
6525,1,142700
6526,1,6980
6527,1,14850
6528,1,80
6529,1,1000
6530,1,5140
6531,1,12550
6532,1,1520
6533,1,40240
6534,1,1240
6535,1,46750
6536,1,13450
6537,1,24140
6538,1,1000
6539,1,530
6540,1,3150
6541,1,15330
6542,1,30940
6543,1,63930
6544,1,10720
6545,1,2660
6546,1,72240
6547,1,28110
6548,1,61030
6549,1,2560
6550,1,4290
6551,1,14340
6552,1,13100
6553,1,360
6554,1,56700
6555,1,17770
6556,1,8450
6557,1,22930
6558,1,33970
6559,1,4990
6560,1,2780
6561,1,5640
6562,1,2930
6563,1,3290
6564,1,620
6565,1,11450
6566,1,2240
6567,1,7930
6568,1,48120
6569,1,8650
6570,1,2350
6571,1,1430
6572,1,35870
6573,1,32920
6574,1,10200
6575,1,6480
6576,1,8140
6577,1,17960
6578,1,3820
6579,1,21800
6580,1,67490
6581,1,13080
6582,1,7670
6583,1,7550
6584,1,6180
6585,1,23550
6586,1,2730
6587,1,109280
6588,1,13460
6589,1,730
6590,1,3800
6591,1,5320
6592,1,10980
6593,1,5790
6594,1,3500
6595,1,3400
6596,1,440
6597,1,35100
6598,1,19470
6599,1,23120
6600,1,6340
6601,1,23380
6602,1,1640
6603,1,13590
6604,1,18080
6605,1,25560
6606,1,18940
6607,1,7120
6608,1,3120
6609,1,51450
6610,1,3410
6611,1,67270
6612,1,124980
6613,1,130370
6614,1,3240
6615,1,38940
6616,1,12800
6617,1,12440
6618,1,14130
6619,1,280
6620,1,7330
6621,1,8600
6622,1,3880
6623,1,8800
6624,1,1900
6625,1,4690
6626,1,17740
6627,1,10940
6628,1,39550
6629,1,7590
6630,1,7310
6631,1,1200
6632,1,7450
6633,1,6580
6634,1,1940
6635,1,12020
6636,1,4790
6637,1,14740
6638,1,3550
6639,1,16860
6640,1,4190
6641,1,3530
6642,1,13710
6643,1,11160
6644,1,29530
6645,1,250
6646,1,2280
6647,1,6250
6648,1,8060
6649,1,30300
6650,1,13150
6651,1,12190
6652,1,46150
6653,1,2770
6654,1,6800
6655,1,16850
6656,1,5530
6657,1,9040
6658,1,5860
6659,1,13640
6660,1,12500
6661,1,1830
6662,1,26750
6663,1,63160
6664,1,10700
6665,1,28700
6666,1,13220
6667,1,16300
6668,1,11630
6669,1,3860
6670,1,1920
6671,1,12220
6672,1,650
6673,1,14710
6674,1,19720
6675,1,20310
6676,1,4020
6677,1,8680
6678,1,3560
6679,1,38540
6680,1,5950
6681,1,2790
6682,1,15080
6683,1,640
6684,1,6880
6685,1,16720
6686,1,10300
6687,1,12090
6688,1,19280
6689,1,34950
6690,1,4810
6691,1,4340
6692,1,54570
6693,1,24680
6694,1,2810
6695,1,1760
6696,1,10660
6697,1,5940
6698,1,15780
6699,1,20170
6700,1,11730
6701,1,9440
6702,1,16380
6703,1,2820
6704,1,18220
6705,1,3880
6706,1,6850
6707,1,3080
6708,1,2990
6709,1,1660
6710,1,24310
6711,1,6270
6712,1,570
6713,1,2700
6714,1,13940
6715,1,13320
6716,1,85190
6717,1,18120
6718,1,17920
6719,1,13120
6720,1,8030
6721,1,8420
6722,1,630
6723,1,21110
6724,1,4030
6725,1,11200
6726,1,5030
6727,1,39710
6728,1,1980
6729,1,23990
6730,1,15050
6731,1,7750
6732,1,3910
6733,1,15580
6734,1,1110
6735,1,21130
6736,1,20950
6737,1,10830
6738,1,9680
6739,1,6680
6740,1,620
6741,1,57430
6742,1,7620
6743,1,7540
6744,1,6760
6745,1,3350
6746,1,21660
6747,1,420
6748,1,70910
6749,1,11660
6750,1,9720
6751,1,9800
6752,1,8760
6753,1,4520
6754,1,6040
6755,1,27190
6756,1,7280
6757,1,5700
6758,1,16860
6759,1,3740
6760,1,20980
6761,1,2270
6762,1,810
6763,1,7960
6764,1,32670
6765,1,13370
6766,1,19820
6767,1,17990
6768,1,1440
6769,1,93360
6770,1,31190
6771,1,4770
6772,1,680
6773,1,4270
6774,1,24840
6775,1,10890
6776,1,8890
6777,1,7350
6778,1,50890
6779,1,8910
6780,1,28740
6781,1,8610
6782,1,7580
6783,1,1790
6784,1,25380
6785,1,24280
6786,1,51660
6787,1,13400
6788,1,19330
6789,1,880
6790,1,7020
6791,1,2100
6792,1,1980
6793,1,62780
6794,1,39890
6795,1,1260
6796,1,1000
6797,1,13230
6798,1,5720
6799,1,15500
6800,1,16430
6801,1,10440
6802,1,28550
6803,1,14060
6804,1,1900
6805,1,144060
6806,1,192470
6807,1,8440
6808,1,364890
6809,1,19530
6810,1,2070
6811,1,1280
6812,1,29280
6813,1,1300
6814,1,24180
6815,1,4330
6816,1,7140
6817,1,7920
6818,1,15880
6819,1,32990
6820,1,4850
6821,1,13170
6822,1,44570
6823,1,8990
6824,1,27290
6825,1,6020
6826,1,4710
6827,1,90250
6828,1,34830
6829,1,25100
6830,1,6810
6831,1,23210
6832,1,33960
6833,1,4260
6834,1,56170
6835,1,24970
6836,1,70160
6837,1,5100
6838,1,29950
6839,1,27310
6840,1,8700
6841,1,10540
6842,1,58230
6843,1,1010
6844,1,2990
6845,1,2360
6846,1,36290
6847,1,17820
6848,1,1860
6849,1,35430
6850,1,12060
6851,1,23640
6852,1,54930
6853,1,24830
6854,1,9140
6855,1,15760
6856,1,16680
6857,1,18380
6858,1,4280
6859,1,5070
6860,1,56960
6861,1,24110
6862,1,8990
6863,1,1920
6864,1,4410
6865,1,8200
6866,1,8970
6867,1,16500
6868,1,52190
6869,1,2960
6870,1,8510
6871,1,3830
6872,1,2750
6873,1,8480
6874,1,11480
6875,1,3640
6876,1,2020
6877,1,27200
6878,1,4720
6879,1,1630
6880,1,67780
6881,1,620
6882,1,30690
6883,1,1490
6884,1,125580
6885,1,7470
6886,1,260
6887,1,1550
6888,1,8200
6889,1,16980
6890,1,2900
6891,1,17840
6892,1,1890
6893,1,10350
6894,1,26480
6895,1,5440
6896,1,12800
6897,1,18510
6898,1,19230
6899,1,60670
6900,1,4730
6901,1,43370
6902,1,7230
6903,1,560
6904,1,13910
6905,1,7290
6906,1,7340
6907,1,6510
6908,1,2660
6909,1,6070
6910,1,28520
6911,1,21410
6912,1,16320
6913,1,15500
6914,1,4110
6915,1,9640
6916,1,45130
6917,1,16310
6918,1,11670
6919,1,620
6920,1,2200
6921,1,7580
6922,1,700
6923,1,3990
6924,1,30600
6925,1,24300
6926,1,6460
6927,1,2150
6928,1,37330
6929,1,9960
6930,1,36020
6931,1,9060
6932,1,28630
6933,1,1190
6934,1,6280
6935,1,4660
6936,1,4880
6937,1,7680
6938,1,200
6939,1,29730
6940,1,9720
6941,1,2680
6942,1,1720
6943,1,3680
6944,1,4660
6945,1,390
6946,1,50920
6947,1,360
6948,1,3130
6949,1,5070
6950,1,34910
6951,1,17260
6952,1,8150
6953,1,5540
6954,1,31460
6955,1,940
6956,1,15860
6957,1,11990
6958,1,12930
6959,1,4870
6960,1,8390
6961,1,16530
6962,1,21330
6963,1,250
6964,1,1760
6965,1,640
6966,1,133090
6967,1,1680
6968,1,2970
6969,1,9460
6970,1,7300
6971,1,19080
6972,1,1660
6973,1,10730
6974,1,12290
6975,1,48920
6976,1,47310
6977,1,15300
6978,1,900
6979,1,5560
6980,1,880
6981,1,6240
6982,1,22840
6983,1,3090
6984,1,16520
6985,1,53740
6986,1,61480
6987,1,1170
6988,1,540
6989,1,7220
6990,1,95240
6991,1,10770
6992,1,28190
6993,1,17350
6994,1,6270
6995,1,2790
6996,1,2660
6997,1,15580
6998,1,10000
6999,1,22260
7000,1,20070
7001,1,2140
7002,1,29630
7003,1,10090
7004,1,8580
7005,1,74270
7006,1,14780
7007,1,3090
7008,1,33440
7009,1,26420
7010,1,26520
7011,1,20510
7012,1,2040
7013,1,28660
7014,1,15490
7015,1,1760
7016,1,20610
7017,1,5780
7018,1,1350
7019,1,2290
7020,1,1980
7021,1,24310
7022,1,9590
7023,1,19950
7024,1,1470
7025,1,48770
7026,1,14220
7027,1,8040
7028,1,28270
7029,1,15970
7030,1,7960
7031,1,10000
7032,1,15430
7033,1,35610
7034,1,2220
7035,1,30050
7036,1,1960
7037,1,12810
7038,1,1180
7039,1,5390
7040,1,63380
7041,1,2200
7042,1,10590
7043,1,29070
7044,1,14860
7045,1,6210
7046,1,14920
7047,1,62740
7048,1,21430
7049,1,4990
7050,1,77310
7051,1,4630
7052,1,28940
7053,1,12380
7054,1,3460
7055,1,16800
7056,1,7470
7057,1,610
7058,1,92090
7059,1,24530
7060,1,13230
7061,1,15350
7062,1,6500
7063,1,24010
7064,1,3940
7065,1,39100
7066,1,2240
7067,1,66110
7068,1,18680
7069,1,19210
7070,1,7530
7071,1,10740
7072,1,22340
7073,1,4850
7074,1,32570
7075,1,11050
7076,1,14510
7077,1,6580
7078,1,2310
7079,1,10330
7080,1,13550
7081,1,25140
7082,1,5650
7083,1,1620
7084,1,48410
7085,1,6900
7086,1,15940
7087,1,24250
7088,1,9300
7089,1,5490
7090,1,3810
7091,1,15270
7092,1,2630
7093,1,10030
7094,1,3910
7095,1,26440
7096,1,6160
7097,1,3500
7098,1,15730
7099,1,4790
7100,1,34470
7101,1,850
7102,1,14430
7103,1,17270
7104,1,3130
7105,1,4790
7106,1,19560
7107,1,129080
7108,1,1450
7109,1,6060
7110,1,53250
7111,1,16250
7112,1,1050
7113,1,38150
7114,1,164700
7115,1,850
7116,1,15530
7117,1,7880
7118,1,6400
7119,1,4880
7120,1,16550
7121,1,9210
7122,1,1780
7123,1,6180
7124,1,9340
7125,1,11270
7126,1,20950
7127,1,12460
7128,1,440
7129,1,17250
7130,1,730
7131,1,1840
7132,1,14560
7133,1,37140
7134,1,340
7135,1,7110
7136,1,12140
7137,1,25120
7138,1,89150
7139,1,4010
7140,1,8800
7141,1,12660
7142,1,5200
7143,1,10120
7144,1,2620
7145,1,9130
7146,1,57330
7147,1,17600
7148,1,17090
7149,1,10060
7150,1,10560
7151,1,24750
7152,1,7600
7153,1,12940
7154,1,16570
7155,1,39560
7156,1,12710
7157,1,4660
7158,1,20680
7159,1,3570
7160,1,11310
7161,1,1110
7162,1,23790
7163,1,12700
7164,1,5230
7165,1,32640
7166,1,3960
7167,1,3220
7168,1,8560
7169,1,12060
7170,1,4230
7171,1,3670
7172,1,6360
7173,1,3940
7174,1,75410
7175,1,8290
7176,1,15760
7177,1,2270
7178,1,790
7179,1,7290
7180,1,17930
7181,1,520
7182,1,6770
7183,1,12120
7184,1,3070
7185,1,3330
7186,1,10560
7187,1,3160
7188,1,4470
7189,1,6120
7190,1,19590
7191,1,1780
7192,1,25530
7193,1,16000
7194,1,13390
7195,1,24650
7196,1,9480
7197,1,9910
7198,1,36260
7199,1,5370
7200,1,64090
7201,1,4960
7202,1,7000
7203,1,8450
7204,1,69280
7205,1,21480
7206,1,24740
7207,1,4250
7208,1,1460
7209,1,9040
7210,1,28490
7211,1,35930
7212,1,27760
7213,1,5790
7214,1,14690
7215,1,10930
7216,1,6810
7217,1,13790
7218,1,3000
7219,1,34410
7220,1,9690
7221,1,4220
7222,1,2090
7223,1,6970
7224,1,4050
7225,1,3280
7226,1,1130
7227,1,0
7228,1,13300
7229,1,12860
7230,1,12430
7231,1,5260
7232,1,6540
7233,1,69110
7234,1,46680
7235,1,61190
7236,1,920
7237,1,19120
7238,1,47390
7239,1,10300
7240,1,13930
7241,1,5230
7242,1,7700
7243,1,8510
7244,1,4130
7245,1,9080
7246,1,8580
7247,1,42000
7248,1,18180
7249,1,880
7250,1,6030
7251,1,5620
7252,1,9420
7253,1,11740
7254,1,6490
7255,1,10570
7256,1,10010
7257,1,124010
7258,1,7290
7259,1,11850
7260,1,22610
7261,1,37900
7262,1,17880
7263,1,7490
7264,1,43830
7265,1,15150
7266,1,37650
7267,1,70290
7268,1,43400
7269,1,15270
7270,1,115650
7271,1,27480
7272,1,2210
7273,1,4460
7274,1,14340
7275,1,1550
7276,1,1600
7277,1,5080
7278,1,53370
7279,1,6220
7280,1,6990
7281,1,38440
7282,1,9940
7283,1,33010
7284,1,14170
7285,1,8300
7286,1,11860
7287,1,18490
7288,1,26980
7289,1,4880
7290,1,6660
7291,1,20880
7292,1,5240
7293,1,23100
7294,1,23470
7295,1,6190
7296,1,131460
7297,1,7060
7298,1,8930
7299,1,4340
7300,1,24810
7301,1,3960
7302,1,25050
7303,1,27690
7304,1,20700
7305,1,8670
7306,1,3370
7307,1,15540
7308,1,9830
7309,1,1630
7310,1,14620
7311,1,400
7312,1,17780
7313,1,6170
7314,1,2530
7315,1,190850
7316,1,20550
7317,1,5720
7318,1,15970
7319,1,33720
7320,1,5760
7321,1,4360
7322,1,6160
7323,1,3220
7324,1,1100
7325,1,5820
7326,1,11490
7327,1,31750
7328,1,14960
7329,1,53960
7330,1,3910
7331,1,1660
7332,1,15410
7333,1,2340
7334,1,12840
7335,1,65660
7336,1,35610
7337,1,12930
7338,1,5170
7339,1,10150
7340,1,19400
7341,1,23360
7342,1,3850
7343,1,1130
7344,1,1320
7345,1,6460
7346,1,34440
7347,1,4120
7348,1,6660
7349,1,2650
7350,1,6120
7351,1,2740
7352,1,5820
7353,1,25570
7354,1,18470
7355,1,21930
7356,1,11750
7357,1,2260
7358,1,3100
7359,1,69770
7360,1,143840
7361,1,5600
7362,1,39750
7363,1,19670
7364,1,3030
7365,1,12020
7366,1,24550
7367,1,12030
7368,1,10670
7369,1,3520
7370,1,30110
7371,1,10050
7372,1,2670
7373,1,16400
7374,1,16000
7375,1,137380
7376,1,12280
7377,1,10420
7378,1,13130
7379,1,4890
7380,1,9770
7381,1,49850
7382,1,7990
7383,1,18140
7384,1,860
7385,1,7210
7386,1,360
7387,1,2360
7388,1,30020
7389,1,3030
7390,1,42120
7391,1,3310
7392,1,6950
7393,1,18520
7394,1,21390
7395,1,30280
7396,1,9080
7397,1,189190
7398,1,5830
7399,1,37280
7400,1,91110
7401,1,111970
7402,1,11900
7403,1,25460
7404,1,5460
7405,1,24270
7406,1,117160
7407,1,15750
7408,1,11800
7409,1,11330
7410,1,13210
7411,1,25220
7412,1,840
7413,1,1360
7414,1,56200
7415,1,5360
7416,1,4630
7417,1,5520
7418,1,54630
7419,1,43240
7420,1,260
7421,1,16400
7422,1,7920
7423,1,11350
7424,1,3950
7425,1,2030
7426,1,29670
7427,1,6480
7428,1,890
7429,1,23450
7430,1,18900
7431,1,2540
7432,1,9460
7433,1,7130
7434,1,22950
7435,1,1320
7436,1,27710
7437,1,83300
7438,1,20680
7439,1,240
7440,1,2940
7441,1,6800
7442,1,1910
7443,1,163830
7444,1,23450
7445,1,27580
7446,1,3010
7447,1,5890
7448,1,16630
7449,1,56050
7450,1,25290
7451,1,4470
7452,1,7850
7453,1,43950
7454,1,24080
7455,1,15380
7456,1,44320
7457,1,6440
7458,1,7990
7459,1,139150
7460,1,92220
7461,1,26220
7462,1,7270
7463,1,86750
7464,1,1140
7465,1,5120
7466,1,25290
7467,1,75280
7468,1,1670
7469,1,5910
7470,1,26230
7471,1,35810
7472,1,6060
7473,1,14950
7474,1,91400
7475,1,6540
7476,1,980
7477,1,1940
7478,1,18140
7479,1,7320
7480,1,7970
7481,1,9270
7482,1,12880
7483,1,37760
7484,1,1440
7485,1,18800
7486,1,12140
7487,1,1190
7488,1,5110
7489,1,5280
7490,1,330
7491,1,1520
7492,1,2590
7493,1,500000
7494,1,3640
7495,1,5920
7496,1,2670
7497,1,6440
7498,1,18100
7499,1,7270
7500,1,30330
7501,1,9190
7502,1,35790
7503,1,3590
7504,1,19420
7505,1,21210
7506,1,2870
7507,1,5800
7508,1,2390
7509,1,34790
7510,1,3750
7511,1,29750
7512,1,52480
7513,1,5840
7514,1,14090
7515,1,17200
7516,1,460
7517,1,191000
7518,1,11590
7519,1,5640
7520,1,4190
7521,1,2450
7522,1,20770
7523,1,19310
7524,1,15570
7525,1,3360
7526,1,6770
7527,1,2020
7528,1,11130
7529,1,59440
7530,1,11400
7531,1,2360
7532,1,320
7533,1,83780
7534,1,5100
7535,1,34530
7536,1,29630
7537,1,58260
7538,1,1700
7539,1,2680
7540,1,8280
7541,1,32820
7542,1,5380
7543,1,5160
7544,1,980
7545,1,3230
7546,1,4220
7547,1,160
7548,1,19170
7549,1,5600
7550,1,9170
7551,1,3910
7552,1,5600
7553,1,52210
7554,1,6760
7555,1,470
7556,1,2780
7557,1,3950
7558,1,9100
7559,1,27520
7560,1,1520
7561,1,16920
7562,1,4030
7563,1,9740
7564,1,45380
7565,1,18680
7566,1,28640
7567,1,6120
7568,1,6250
7569,1,12410
7570,1,22270
7571,1,480
7572,1,4980
7573,1,95670
7574,1,23000
7575,1,22020
7576,1,10210
7577,1,8700
7578,1,5600
7579,1,1530
7580,1,7890
7581,1,290
7582,1,3900
7583,1,1940
7584,1,4870
7585,1,10240
7586,1,1980
7587,1,5720
7588,1,700
7589,1,7720
7590,1,20280
7591,1,8760
7592,1,1720
7593,1,18270
7594,1,17120
7595,1,2240
7596,1,13310
7597,1,11090
7598,1,1340
7599,1,46690
7600,1,3060
7601,1,120
7602,1,2180
7603,1,4070
7604,1,17200
7605,1,2690
7606,1,8030
7607,1,5740
7608,1,6840
7609,1,21900
7610,1,5410
7611,1,1190
7612,1,38750
7613,1,510
7614,1,17820
7615,1,1920
7616,1,38650
7617,1,4000
7618,1,400
7619,1,25370
7620,1,21460
7621,1,19060
7622,1,6530
7623,1,45150
7624,1,8860
7625,1,6560
7626,1,30260
7627,1,5340
7628,1,63190
7629,1,16030
7630,1,7700
7631,1,6470
7632,1,17300
7633,1,55680
7634,1,4680
7635,1,49690
7636,1,2680
7637,1,10100
7638,1,5720
7639,1,26560
7640,1,14550
7641,1,34420
7642,1,1940
7643,1,18080
7644,1,42030
7645,1,6450
7646,1,10160
7647,1,1250
7648,1,500
7649,1,4020
7650,1,930
7651,1,4600
7652,1,6440
7653,1,18810
7654,1,19740
7655,1,19530
7656,1,980
7657,1,1390
7658,1,32600
7659,1,3460
7660,1,3490
7661,1,8310
7662,1,5960
7663,1,1090
7664,1,15040
7665,1,16280
7666,1,2440
7667,1,11260
7668,1,5210
7669,1,1310
7670,1,28290
7671,1,10840
7672,1,14200
7673,1,37550
7674,1,3970
7675,1,11560
7676,1,7890
7677,1,11640
7678,1,6290
7679,1,15890
7680,1,68400
7681,1,6190
7682,1,16560
7683,1,61190
7684,1,1920
7685,1,49870
7686,1,1370
7687,1,18820
7688,1,49010
7689,1,3780
7690,1,10070
7691,1,8630
7692,1,2180
7693,1,3980
7694,1,67440
7695,1,29670
7696,1,8280
7697,1,67680
7698,1,810
7699,1,1610
7700,1,26900
7701,1,53270
7702,1,17000
7703,1,1540
7704,1,2050
7705,1,56290
7706,1,8380
7707,1,2260
7708,1,104860
7709,1,15660
7710,1,23550
7711,1,780
7712,1,1490
7713,1,1110
7714,1,68800
7715,1,33030
7716,1,32590
7717,1,3910
7718,1,8010
7719,1,7380
7720,1,6240
7721,1,10890
7722,1,10170
7723,1,77320
7724,1,14800
7725,1,24250
7726,1,14810
7727,1,28380
7728,1,420
7729,1,14820
7730,1,58080
7731,1,38910
7732,1,9500
7733,1,171350
7734,1,53320
7735,1,6740
7736,1,79930
7737,1,3560
7738,1,2200
7739,1,3070
7740,1,14220
7741,1,34600
7742,1,62330
7743,1,8990
7744,1,15450
7745,1,3920
7746,1,14820
7747,1,4870
7748,1,82360
7749,1,9820
7750,1,34550
7751,1,22230
7752,1,5860
7753,1,1940
7754,1,13760
7755,1,20480
7756,1,8080
7757,1,3030
7758,1,10130
7759,1,6420
7760,1,7550
7761,1,10710
7762,1,4890
7763,1,14570
7764,1,46560
7765,1,26790
7766,1,6350
7767,1,8650
7768,1,3680
7769,1,3040
7770,1,5430
7771,1,690
7772,1,13480
7773,1,11270
7774,1,37400
7775,1,7820
7776,1,3570
7777,1,1790
7778,1,33240
7779,1,94130
7780,1,34600
7781,1,33570
7782,1,26990
7783,1,46850
7784,1,18750
7785,1,10210
7786,1,19110
7787,1,7840
7788,1,6210
7789,1,8280
7790,1,2400
7791,1,5210
7792,1,40390
7793,1,1520
7794,1,5350
7795,1,40340
7796,1,56650
7797,1,17880
7798,1,3950
7799,1,7620
7800,1,1510
7801,1,15750
7802,1,12560
7803,1,7720
7804,1,5490
7805,1,5940
7806,1,17440
7807,1,10920
7808,1,5290
7809,1,1490
7810,1,3030
7811,1,48070
7812,1,8380
7813,1,1880
7814,1,3680
7815,1,25930
7816,1,4550
7817,1,1370
7818,1,1380
7819,1,2950
7820,1,6640
7821,1,2400
7822,1,13750
7823,1,22050
7824,1,1690
7825,1,84400
7826,1,27100
7827,1,48960
7828,1,5440
7829,1,9220
7830,1,6700
7831,1,9320
7832,1,2900
7833,1,3140
7834,1,3090
7835,1,3990
7836,1,5570
7837,1,9910
7838,1,4310
7839,1,9420
7840,1,6270
7841,1,9390
7842,1,10540
7843,1,3620
7844,1,9650
7845,1,1000
7846,1,8050
7847,1,440
7848,1,1740
7849,1,2060
7850,1,13060
7851,1,21890
7852,1,110980
7853,1,4540
7854,1,450
7855,1,3540
7856,1,2080
7857,1,8300
7858,1,2180
7859,1,8310
7860,1,17860
7861,1,3200
7862,1,5060
7863,1,2840
7864,1,5710
7865,1,5150
7866,1,8230
7867,1,13710
7868,1,6130
7869,1,820
7870,1,6640
7871,1,4870
7872,1,22960
7873,1,13950
7874,1,2890
7875,1,3050
7876,1,4990
7877,1,43180
7878,1,72390
7879,1,16130
7880,1,42430
7881,1,500
7882,1,78170
7883,1,8540
7884,1,14180
7885,1,9180
7886,1,5350
7887,1,4010
7888,1,5440
7889,1,13500
7890,1,2540
7891,1,2810
7892,1,2810
7893,1,67740
7894,1,17300
7895,1,3670
7896,1,31490
7897,1,40530
7898,1,22770
7899,1,4610
7900,1,11070
7901,1,1940
7902,1,14670
7903,1,8200
7904,1,10790
7905,1,12160
7906,1,7890
7907,1,13510
7908,1,26880
7909,1,18970
7910,1,1040
7911,1,17100
7912,1,1200
7913,1,23120
7914,1,23500
7915,1,4560
7916,1,3330
7917,1,12770
7918,1,11160
7919,1,37540
7920,1,12420
7921,1,3960
7922,1,5740
7923,1,28520
7924,1,34210
7925,1,2800
7926,1,8070
7927,1,16220
7928,1,5850
7929,1,8060
7930,1,4100
7931,1,10950
7932,1,34650
7933,1,26350
7934,1,1500
7935,1,8390
7936,1,15800
7937,1,12980
7938,1,44650
7939,1,89890
7940,1,60920
7941,1,9060
7942,1,7140
7943,1,20690
7944,1,3220
7945,1,12670
7946,1,33330
7947,1,11340
7948,1,28920
7949,1,6920
7950,1,9420
7951,1,64160
7952,1,380
7953,1,19640
7954,1,8440
7955,1,5050
7956,1,33220
7957,1,5310
7958,1,16810
7959,1,5280
7960,1,22260
7961,1,18850
7962,1,14840
7963,1,15360
7964,1,27000
7965,1,32490
7966,1,1600
7967,1,7060
7968,1,12410
7969,1,22880
7970,1,7380
7971,1,1010
7972,1,46010
7973,1,39810
7974,1,1340
7975,1,20970
7976,1,29790
7977,1,4990
7978,1,3420
7979,1,16680
7980,1,24760
7981,1,1600
7982,1,56080
7983,1,3580
7984,1,17120
7985,1,23410
7986,1,16000
7987,1,3730
7988,1,9610
7989,1,6920
7990,1,4100
7991,1,2100
7992,1,17170
7993,1,6990
7994,1,83680
7995,1,35810
7996,1,2930
7997,1,72080
7998,1,3130
7999,1,6020
8000,1,20870
8001,1,10750
8002,1,1120
8003,1,5350
8004,1,1500
8005,1,173680
8006,1,18400
8007,1,74010
8008,1,4990
8009,1,10320
8010,1,28840
8011,1,5100
8012,1,28150
8013,1,7310
8014,1,840
8015,1,10950
8016,1,4880
8017,1,1600
8018,1,21250
8019,1,15770
8020,1,5400
8021,1,3670
8022,1,28450
8023,1,38140
8024,1,1470
8025,1,11560
8026,1,30140
8027,1,5020
8028,1,42450
8029,1,15370
8030,1,1520
8031,1,4310
8032,1,3590
8033,1,9610
8034,1,35870
8035,1,2130
8036,1,26950
8037,1,4950
8038,1,1230
8039,1,8830
8040,1,820
8041,1,6870
8042,1,3460
8043,1,6840
8044,1,21340
8045,1,3720
8046,1,1450
8047,1,5930
8048,1,3330
8049,1,10160
8050,1,15820
8051,1,400
8052,1,8820
8053,1,7360
8054,1,1940
8055,1,1320
8056,1,6520
8057,1,11260
8058,1,15440
8059,1,4850
8060,1,31950
8061,1,1720
8062,1,1320
8063,1,1890
8064,1,35940
8065,1,5080
8066,1,10830
8067,1,2410
8068,1,3760
8069,1,33560
8070,1,2310
8071,1,11520
8072,1,9140
8073,1,26180
8074,1,25910
8075,1,7390
8076,1,16740
8077,1,480
8078,1,21200
8079,1,3170
8080,1,7480
8081,1,28750
8082,1,1840
8083,1,31220
8084,1,18820
8085,1,0
8086,1,12190
8087,1,2380
8088,1,18880
8089,1,89950
8090,1,16890
8091,1,44520
8092,1,1070
8093,1,30970
8094,1,6870
8095,1,5080
8096,1,19430
8097,1,23400
8098,1,81520
8099,1,18620
8100,1,11230
8101,1,9490
8102,1,8350
8103,1,670
8104,1,33750
8105,1,3880
8106,1,21640
8107,1,420
8108,1,25710
8109,1,56000
8110,1,71570
8111,1,47340
8112,1,1080
8113,1,10500
8114,1,8900
8115,1,4880
8116,1,18470
8117,1,16530
8118,1,13820
8119,1,10800
8120,1,26020
8121,1,3260
8122,1,73050
8123,1,12790
8124,1,35490
8125,1,26340
8126,1,42820
8127,1,10190
8128,1,21990
8129,1,5850
8130,1,23250
8131,1,8600
8132,1,5480
8133,1,26320
8134,1,18970
8135,1,40280
8136,1,4910
8137,1,2780
8138,1,17390
8139,1,4550
8140,1,28180
8141,1,35000
8142,1,1030
8143,1,1810
8144,1,7090
8145,1,22980
8146,1,14570
8147,1,2010
8148,1,1810
8149,1,4270
8150,1,29600
8151,1,8390
8152,1,3210
8153,1,6340
8154,1,7780
8155,1,15960
8156,1,30080
8157,1,5770
8158,1,5890
8159,1,10290
8160,1,11320
8161,1,46350
8162,1,74140
8163,1,9720
8164,1,7360
8165,1,49320
8166,1,7010
8167,1,4590
8168,1,53440
8169,1,43690
8170,1,6510
8171,1,2000
8172,1,23820
8173,1,1420
8174,1,4490
8175,1,9120
8176,1,9060
8177,1,3670
8178,1,13180
8179,1,10720
8180,1,28060
8181,1,87690
8182,1,27600
8183,1,6000
8184,1,23720
8185,1,16480
8186,1,52450
8187,1,9530
8188,1,50320
8189,1,2110
8190,1,33850
8191,1,6480
8192,1,4690
8193,1,1040
8194,1,2800
8195,1,16420
8196,1,11380
8197,1,12760
8198,1,11080
8199,1,73500
8200,1,2310
8201,1,32230
8202,1,27150
8203,1,8290
8204,1,29480
8205,1,21950
8206,1,22080
8207,1,640
8208,1,1240
8209,1,43560
8210,1,3140
8211,1,73970
8212,1,10090
8213,1,21430
8214,1,15470
8215,1,16380
8216,1,59930
8217,1,3440
8218,1,19530
8219,1,860
8220,1,18820
8221,1,78940
8222,1,9630
8223,1,100
8224,1,2680
8225,1,600
8226,1,3920
8227,1,11500
8228,1,2760
8229,1,17230
8230,1,60560
8231,1,40250
8232,1,8100
8233,1,14190
8234,1,950
8235,1,24350
8236,1,13030
8237,1,20760
8238,1,62900
8239,1,2300
8240,1,10090
8241,1,13530
8242,1,36700
8243,1,16950
8244,1,2300
8245,1,5590
8246,1,39590
8247,1,3640
8248,1,500000
8249,1,9000
8250,1,18780
8251,1,3640
8252,1,6680
8253,1,1680
8254,1,3650
8255,1,3010
8256,1,20410
8257,1,12540
8258,1,5810
8259,1,6330
8260,1,14870
8261,1,18870
8262,1,5080
8263,1,6280
8264,1,5090
8265,1,5490
8266,1,35560
8267,1,79020
8268,1,57060
8269,1,56730
8270,1,1480
8271,1,9520
8272,1,1780
8273,1,64090
8274,1,20140
8275,1,1930
8276,1,64790
8277,1,11150
8278,1,1120
8279,1,20810
8280,1,8190
8281,1,23580
8282,1,22950
8283,1,29840
8284,1,130370
8285,1,2560
8286,1,30160
8287,1,83600
8288,1,3480
8289,1,8280
8290,1,28680
8291,1,9170
8292,1,5000
8293,1,34790
8294,1,11870
8295,1,1160
8296,1,16360
8297,1,17790
8298,1,3490
8299,1,33990
8300,1,12250
8301,1,20270
8302,1,3820
8303,1,21440
8304,1,580
8305,1,4550
8306,1,1390
8307,1,3940
8308,1,8950
8309,1,5830
8310,1,6290
8311,1,2570
8312,1,27680
8313,1,48260
8314,1,5780
8315,1,32800
8316,1,3580
8317,1,7500
8318,1,17860
8319,1,1440
8320,1,5270
8321,1,8690
8322,1,2740
8323,1,5030
8324,1,15170
8325,1,18060
8326,1,16880
8327,1,19160
8328,1,22710
8329,1,427610
8330,1,1440
8331,1,3380
8332,1,6770
8333,1,46290
8334,1,890
8335,1,16670
8336,1,28700
8337,1,980
8338,1,38680
8339,1,33230
8340,1,44130
8341,1,3370
8342,1,3950
8343,1,21840
8344,1,50340
8345,1,14140
8346,1,47980
8347,1,49040
8348,1,8500
8349,1,23130
8350,1,9820
8351,1,24580
8352,1,37400
8353,1,27770
8354,1,38430
8355,1,17500
8356,1,3950
8357,1,17690
8358,1,2430
8359,1,4820
8360,1,27510
8361,1,6720
8362,1,45740
8363,1,9140
8364,1,11160
8365,1,750
8366,1,60
8367,1,6750
8368,1,16140
8369,1,3990
8370,1,17460
8371,1,60380
8372,1,12920
8373,1,10680
8374,1,31590
8375,1,13000
8376,1,269140
8377,1,1220
8378,1,10090
8379,1,60650
8380,1,15440
8381,1,4780
8382,1,3800
8383,1,16430
8384,1,8220
8385,1,7420
8386,1,10290
8387,1,27150
8388,1,21280
8389,1,1670
8390,1,44100
8391,1,21850
8392,1,5930
8393,1,15940
8394,1,11610
8395,1,23920
8396,1,17850
8397,1,2790
8398,1,10090
8399,1,5900
8400,1,29120
8401,1,16110
8402,1,1480
8403,1,22630
8404,1,920
8405,1,15690
8406,1,2310
8407,1,7120
8408,1,16390
8409,1,5370
8410,1,6380
8411,1,340
8412,1,12010
8413,1,61050
8414,1,3070
8415,1,22660
8416,1,4000
8417,1,27350
8418,1,14310
8419,1,19780
8420,1,540
8421,1,4680
8422,1,4130
8423,1,8220
8424,1,16520
8425,1,15620
8426,1,5590
8427,1,11380
8428,1,3620
8429,1,17100
8430,1,77850
8431,1,38630
8432,1,8780
8433,1,41520
8434,1,2160
8435,1,26940
8436,1,31110
8437,1,800
8438,1,16270
8439,1,26580
8440,1,23190
8441,1,18000
8442,1,14600
8443,1,1860
8444,1,28830
8445,1,14960
8446,1,3920
8447,1,8270
8448,1,27800
8449,1,1420
8450,1,520
8451,1,3100
8452,1,9420
8453,1,21360
8454,1,14220
8455,1,26860
8456,1,10170
8457,1,4080
8458,1,2800
8459,1,700
8460,1,9740
8461,1,10610
8462,1,980
8463,1,2190
8464,1,62700
8465,1,18050
8466,1,16690
8467,1,17080
8468,1,2120
8469,1,2260
8470,1,4370
8471,1,9200
8472,1,23450
8473,1,7760
8474,1,4870
8475,1,25810
8476,1,2060
8477,1,2540
8478,1,2700
8479,1,131840
8480,1,9190
8481,1,48830
8482,1,4080
8483,1,74540
8484,1,6070
8485,1,4890
8486,1,6080
8487,1,13930
8488,1,27590
8489,1,290
8490,1,3420
8491,1,10980
8492,1,7190
8493,1,14590
8494,1,1830
8495,1,8240
8496,1,23820
8497,1,17330
8498,1,12820
8499,1,6410
8500,1,9990
8501,1,5900
8502,1,9990
8503,1,16020
8504,1,23510
8505,1,25500
8506,1,20090
8507,1,1430
8508,1,1800
8509,1,40240
8510,1,21270
8511,1,3770
8512,1,199350
8513,1,22340
8514,1,2450
8515,1,33800
8516,1,19960
8517,1,10510
8518,1,5420
8519,1,7910
8520,1,51370
8521,1,12940
8522,1,30250
8523,1,13470
8524,1,24520
8525,1,11090
8526,1,57720
8527,1,67530
8528,1,2030
8529,1,3230
8530,1,10170
8531,1,3070
8532,1,2840
8533,1,49600
8534,1,6540
8535,1,44610
8536,1,20840
8537,1,5870
8538,1,14050
8539,1,40380
8540,1,6690
8541,1,11930
8542,1,12140
8543,1,5310
8544,1,7140
8545,1,3800
8546,1,4110
8547,1,13100
8548,1,2460
8549,1,3310
8550,1,62600
8551,1,3940
8552,1,8470
8553,1,3820
8554,1,15810
8555,1,5150
8556,1,7970
8557,1,9180
8558,1,2870
8559,1,30480
8560,1,22100
8561,1,15520
8562,1,9110
8563,1,3150
8564,1,19690
8565,1,2010
8566,1,2890
8567,1,3900
8568,1,1480
8569,1,40080
8570,1,13540
8571,1,5560
8572,1,9520
8573,1,7250
8574,1,7080
8575,1,36370
8576,1,3740
8577,1,32860
8578,1,6010
8579,1,4140
8580,1,2020
8581,1,2220
8582,1,8170
8583,1,830
8584,1,3520
8585,1,9190
8586,1,21110
8587,1,11460
8588,1,700
8589,1,17060
8590,1,1940
8591,1,7830
8592,1,3070
8593,1,4690
8594,1,2400
8595,1,6300
8596,1,4860
8597,1,6330
8598,1,4050
8599,1,18540
8600,1,1790
8601,1,72960
8602,1,480
8603,1,56540
8604,1,17140
8605,1,76220
8606,1,880
8607,1,8390
8608,1,25970
8609,1,5850
8610,1,99130
8611,1,118580
8612,1,13180
8613,1,7630
8614,1,85460
8615,1,3570
8616,1,10120
8617,1,3240
8618,1,8790
8619,1,29760
8620,1,5380
8621,1,22880
8622,1,75400
8623,1,26800
8624,1,2020
8625,1,40360
8626,1,6080
8627,1,15870
8628,1,4190
8629,1,1340
8630,1,20970
8631,1,6360
8632,1,2600
8633,1,46720
8634,1,2590
8635,1,3050
8636,1,5180
8637,1,28110
8638,1,12560
8639,1,21490
8640,1,41360
8641,1,6630
8642,1,18200
8643,1,980
8644,1,56550
8645,1,20550
8646,1,7640
8647,1,4890
8648,1,12580
8649,1,12440
8650,1,6730
8651,1,5260
8652,1,46450
8653,1,6670
8654,1,2000
8655,1,6730
8656,1,2680
8657,1,3080
8658,1,1820
8659,1,4120
8660,1,22520
8661,1,33280
8662,1,12180
8663,1,20910
8664,1,27830
8665,1,7280
8666,1,18080
8667,1,6630
8668,1,55080
8669,1,10660
8670,1,51940
8671,1,1350
8672,1,4120
8673,1,11550
8674,1,26220
8675,1,600
8676,1,740
8677,1,4280
8678,1,2340
8679,1,6600
8680,1,2990
8681,1,3580
8682,1,7150
8683,1,168060
8684,1,3820
8685,1,10040
8686,1,27330
8687,1,34740
8688,1,4910
8689,1,2410
8690,1,780
8691,1,12950
8692,1,22240
8693,1,980
8694,1,4830
8695,1,165340
8696,1,18090
8697,1,1940
8698,1,4820
8699,1,11830
8700,1,820
8701,1,285570
8702,1,23860
8703,1,10870
8704,1,1540
8705,1,4330
8706,1,15870
8707,1,8880
8708,1,43980
8709,1,9710
8710,1,2350
8711,1,17510
8712,1,870
8713,1,6160
8714,1,1010
8715,1,1930
8716,1,17330
8717,1,32900
8718,1,7900
8719,1,49800
8720,1,19820
8721,1,43500
8722,1,7740
8723,1,780
8724,1,22430
8725,1,19510
8726,1,27080
8727,1,4480
8728,1,7880
8729,1,15700
8730,1,58940
8731,1,35590
8732,1,3380
8733,1,24690
8734,1,8420
8735,1,12190
8736,1,68270
8737,1,2050
8738,1,4350
8739,1,440
8740,1,10220
8741,1,2390
8742,1,34100
8743,1,14930
8744,1,53760
8745,1,11690
8746,1,5660
8747,1,11150
8748,1,22650
8749,1,11740
8750,1,3940
8751,1,33810
8752,1,20600
8753,1,33920
8754,1,18200
8755,1,21400
8756,1,12120
8757,1,4260
8758,1,29100
8759,1,6120
8760,1,37060
8761,1,9330
8762,1,1400
8763,1,21540
8764,1,15250
8765,1,1210
8766,1,4570
8767,1,6100
8768,1,272580
8769,1,31720
8770,1,8610
8771,1,42650
8772,1,2830
8773,1,4150
8774,1,5480
8775,1,12110
8776,1,18040
8777,1,4100
8778,1,10810
8779,1,104600
8780,1,52540
8781,1,6620
8782,1,3680
8783,1,20730
8784,1,25320
8785,1,2800
8786,1,10220
8787,1,32060
8788,1,65240
8789,1,37610
8790,1,930
8791,1,92460
8792,1,12060
8793,1,3100
8794,1,1670
8795,1,55060
8796,1,6250
8797,1,14440
8798,1,2450
8799,1,67170
8800,1,15380
8801,1,11230
8802,1,41100
8803,1,4750
8804,1,470
8805,1,16530
8806,1,5070
8807,1,25800
8808,1,17480
8809,1,37500
8810,1,14210
8811,1,15000
8812,1,8980
8813,1,8220
8814,1,1360
8815,1,14140
8816,1,11930
8817,1,34900
8818,1,11370
8819,1,24850
8820,1,3490
8821,1,65400
8822,1,19170
8823,1,17370
8824,1,26350
8825,1,9350
8826,1,11030
8827,1,11380
8828,1,10780
8829,1,5140
8830,1,430
8831,1,4720
8832,1,970
8833,1,21640
8834,1,192810
8835,1,20650
8836,1,31400
8837,1,4750
8838,1,50480
8839,1,27970
8840,1,110220
8841,1,64590
8842,1,8090
8843,1,3360
8844,1,4380
8845,1,13190
8846,1,19390
8847,1,3800
8848,1,2060
8849,1,36980
8850,1,38720
8851,1,22920
8852,1,1700
8853,1,6990
8854,1,11410
8855,1,17570
8856,1,18000
8857,1,31590
8858,1,8290
8859,1,54730
8860,1,43320
8861,1,3170
8862,1,3390
8863,1,7170
8864,1,69850
8865,1,56780
8866,1,4550
8867,1,20360
8868,1,21810
8869,1,4990
8870,1,42900
8871,1,5150
8872,1,13200
8873,1,22660
8874,1,13350
8875,1,28300
8876,1,6010
8877,1,7210
8878,1,9280
8879,1,31550
8880,1,1630
8881,1,23690
8882,1,14890
8883,1,72860
8884,1,1100
8885,1,120
8886,1,9900
8887,1,6170
8888,1,4200
8889,1,15860
8890,1,32850
8891,1,7290
8892,1,1360
8893,1,32950
8894,1,66760
8895,1,3270
8896,1,10680
8897,1,12570
8898,1,31890
8899,1,16530
8900,1,1820
8901,1,21030
8902,1,7790
8903,1,17180
8904,1,17110
8905,1,2600
8906,1,26130
8907,1,12410
8908,1,36690
8909,1,10760
8910,1,16020
8911,1,52520
8912,1,5960
8913,1,2810
8914,1,19330
8915,1,14510
8916,1,125170
8917,1,7480
8918,1,6420
8919,1,3810
8920,1,2840
8921,1,86440
8922,1,2250
8923,1,14390
8924,1,8400
8925,1,2430
8926,1,2940
8927,1,7140
8928,1,24380
8929,1,12170
8930,1,8770
8931,1,10080
8932,1,9780
8933,1,39300
8934,1,16670
8935,1,25620
8936,1,3100
8937,1,88340
8938,1,34650
8939,1,13180
8940,1,2420
8941,1,48660
8942,1,2560
8943,1,38870
8944,1,2740
8945,1,4530
8946,1,17170
8947,1,29990
8948,1,790
8949,1,50670
8950,1,30130
8951,1,18030
8952,1,19360
8953,1,3850
8954,1,8200
8955,1,2370
8956,1,2600
8957,1,12040
8958,1,2600
8959,1,19840
8960,1,5240
8961,1,7450
8962,1,14900
8963,1,14330
8964,1,3360
8965,1,3170
8966,1,6510
8967,1,33920
8968,1,29040
8969,1,10120
8970,1,8190
8971,1,10760
8972,1,28740
8973,1,17310
8974,1,3840
8975,1,8640
8976,1,9940
8977,1,4370
8978,1,29900
8979,1,17740
8980,1,50030
8981,1,3980
8982,1,16920
8983,1,5300
8984,1,49630
8985,1,6810
8986,1,26720
8987,1,34630
8988,1,51520
8989,1,17020
8990,1,4330
8991,1,16240
8992,1,13220
8993,1,13420
8994,1,5040
8995,1,19150
8996,1,640
8997,1,25240
8998,1,14070
8999,1,15120
9000,1,4400
9001,1,3960
9002,1,7000
9003,1,33450
9004,1,13010
9005,1,6450
9006,1,18320
9007,1,3110
9008,1,39190
9009,1,2270
9010,1,10700
9011,1,14630
9012,1,11490
9013,1,4950
9014,1,7040
9015,1,11510
9016,1,30390
9017,1,18540
9018,1,9230
9019,1,49620
9020,1,6600
9021,1,29150
9022,1,9160
9023,1,5310
9024,1,10860
9025,1,11060
9026,1,1790
9027,1,8920
9028,1,11220
9029,1,8670
9030,1,5170
9031,1,118380
9032,1,16390
9033,1,3030
9034,1,23460
9035,1,66000
9036,1,21500
9037,1,1480
9038,1,2540
9039,1,5780
9040,1,44860
9041,1,25370
9042,1,39490
9043,1,23100
9044,1,11950
9045,1,22980
9046,1,4390
9047,1,10510
9048,1,24830
9049,1,3020
9050,1,35610
9051,1,14030
9052,1,2890
9053,1,61300
9054,1,7440
9055,1,32580
9056,1,24780
9057,1,3640
9058,1,5810
9059,1,19430
9060,1,12070
9061,1,1630
9062,1,7610
9063,1,600
9064,1,12970
9065,1,9150
9066,1,3890
9067,1,40820
9068,1,1180
9069,1,17320
9070,1,18050
9071,1,910
9072,1,5420
9073,1,22160
9074,1,57550
9075,1,10780
9076,1,13350
9077,1,740
9078,1,10070
9079,1,51750
9080,1,12710
9081,1,4190
9082,1,14160
9083,1,52220
9084,1,4630
9085,1,3060
9086,1,8490
9087,1,4220
9088,1,46970
9089,1,6460
9090,1,7880
9091,1,3370
9092,1,4670
9093,1,26960
9094,1,24540
9095,1,2120
9096,1,35200
9097,1,82030
9098,1,7180
9099,1,900
9100,1,14500
9101,1,6620
9102,1,1130
9103,1,13560
9104,1,63610
9105,1,8120
9106,1,23940
9107,1,2150
9108,1,18330
9109,1,83310
9110,1,14400
9111,1,1090
9112,1,29290
9113,1,10760
9114,1,26260
9115,1,94930
9116,1,44170
9117,1,14440
9118,1,15830
9119,1,19140
9120,1,15360
9121,1,13440
9122,1,30820
9123,1,2510
9124,1,1440
9125,1,9610
9126,1,3770
9127,1,29870
9128,1,12700
9129,1,13210
9130,1,7940
9131,1,16840
9132,1,19010
9133,1,5430
9134,1,20540
9135,1,3800
9136,1,4800
9137,1,32260
9138,1,57420
9139,1,17720
9140,1,13680
9141,1,3830
9142,1,1260
9143,1,1710
9144,1,31590
9145,1,4900
9146,1,2950
9147,1,7600
9148,1,24140
9149,1,9760
9150,1,10930
9151,1,1900
9152,1,14250
9153,1,700
9154,1,17580
9155,1,4930
9156,1,10040
9157,1,5890
9158,1,15380
9159,1,6480
9160,1,4970
9161,1,600
9162,1,1490
9163,1,32870
9164,1,10550
9165,1,15870
9166,1,9380
9167,1,18300
9168,1,11600
9169,1,6250
9170,1,6360
9171,1,4270
9172,1,6710
9173,1,8640
9174,1,14200
9175,1,1920
9176,1,47970
9177,1,3490
9178,1,12430
9179,1,21400
9180,1,12010
9181,1,9060
9182,1,980
9183,1,66130
9184,1,13400
9185,1,3210
9186,1,26960
9187,1,29250
9188,1,5490
9189,1,12260
9190,1,11100
9191,1,7280
9192,1,5310
9193,1,32000
9194,1,17470
9195,1,22670
9196,1,4700
9197,1,31230
9198,1,32400
9199,1,60290
9200,1,7760
9201,1,10990
9202,1,1390
9203,1,18240
9204,1,3560
9205,1,3460
9206,1,1880
9207,1,19830
9208,1,5100
9209,1,34010
9210,1,6850
9211,1,50790
9212,1,6930
9213,1,3940
9214,1,22930
9215,1,3230
9216,1,1470
9217,1,3000
9218,1,39240
9219,1,4750
9220,1,11440
9221,1,2880
9222,1,8170
9223,1,500
9224,1,2280
9225,1,3380
9226,1,8960
9227,1,970
9228,1,4330
9229,1,3810
9230,1,4580
9231,1,320
9232,1,650
9233,1,5570
9234,1,7730
9235,1,56490
9236,1,153820
9237,1,11540
9238,1,8680
9239,1,40550
9240,1,2590
9241,1,281340
9242,1,76610
9243,1,100
9244,1,34330
9245,1,16470
9246,1,6900
9247,1,6250
9248,1,241650
9249,1,83710
9250,1,1530
9251,1,57920
9252,1,11620
9253,1,35400
9254,1,35810
9255,1,3630
9256,1,8700
9257,1,2970
9258,1,9770
9259,1,19470
9260,1,8160
9261,1,9530
9262,1,5770
9263,1,54090
9264,1,13490
9265,1,1120
9266,1,5200
9267,1,5700
9268,1,5640
9269,1,21890
9270,1,51830
9271,1,14880
9272,1,6790
9273,1,2650
9274,1,25190
9275,1,2290
9276,1,11890
9277,1,7110
9278,1,2830
9279,1,27220
9280,1,14400
9281,1,12900
9282,1,178800
9283,1,2860
9284,1,1120
9285,1,302540
9286,1,13460
9287,1,3780
9288,1,16400
9289,1,11950
9290,1,3250
9291,1,24900
9292,1,6830
9293,1,20020
9294,1,2850
9295,1,500000
9296,1,99940
9297,1,2280
9298,1,1540
9299,1,12790
9300,1,1560
9301,1,5320
9302,1,30310
9303,1,6740
9304,1,6720
9305,1,6570
9306,1,13540
9307,1,17010
9308,1,8950
9309,1,28650
9310,1,2120
9311,1,29680
9312,1,17990
9313,1,14500
9314,1,100440
9315,1,10650
9316,1,7860
9317,1,85000
9318,1,31530
9319,1,7090
9320,1,7940
9321,1,26900
9322,1,340
9323,1,1500
9324,1,14400
9325,1,710
9326,1,24620
9327,1,20050
9328,1,2720
9329,1,18370
9330,1,22260
9331,1,65070
9332,1,3160
9333,1,3550
9334,1,15000
9335,1,3600
9336,1,50160
9337,1,10540
9338,1,13420
9339,1,23720
9340,1,27110
9341,1,1610
9342,1,15010
9343,1,33140
9344,1,93050
9345,1,21600
9346,1,8490
9347,1,6860
9348,1,15980
9349,1,1540
9350,1,22030
9351,1,12690
9352,1,940
9353,1,3710
9354,1,17250
9355,1,150910
9356,1,19460
9357,1,2480
9358,1,850
9359,1,2100
9360,1,8510
9361,1,12840
9362,1,5880
9363,1,5360
9364,1,1480
9365,1,3720
9366,1,15770
9367,1,12870
9368,1,8830
9369,1,13140
9370,1,33230
9371,1,2460
9372,1,20480
9373,1,8910
9374,1,5230
9375,1,9800
9376,1,18900
9377,1,16520
9378,1,13950
9379,1,18870
9380,1,116450
9381,1,1610
9382,1,11270
9383,1,7340
9384,1,11800
9385,1,1280
9386,1,5980
9387,1,1850
9388,1,6130
9389,1,18330
9390,1,5410
9391,1,10920
9392,1,6910
9393,1,870
9394,1,4940
9395,1,13490
9396,1,9370
9397,1,15890
9398,1,42150
9399,1,11840
9400,1,36500
9401,1,2530
9402,1,6950
9403,1,8860
9404,1,63790
9405,1,27400
9406,1,5360
9407,1,12460
9408,1,1550
9409,1,7540
9410,1,55620
9411,1,8580
9412,1,4190
9413,1,7140
9414,1,10310
9415,1,3900
9416,1,7730
9417,1,21790
9418,1,3460
9419,1,11950
9420,1,2110
9421,1,1570
9422,1,3260
9423,1,18860
9424,1,45390
9425,1,6440
9426,1,30590
9427,1,111320
9428,1,10850
9429,1,3140
9430,1,27270
9431,1,4960
9432,1,4950
9433,1,4060
9434,1,15510
9435,1,20180
9436,1,36920
9437,1,17590
9438,1,47050
9439,1,32010
9440,1,4550
9441,1,6310
9442,1,39390
9443,1,19160
9444,1,38510
9445,1,6860
9446,1,54980
9447,1,2730
9448,1,4040
9449,1,90110
9450,1,18420
9451,1,47830
9452,1,7370
9453,1,1820
9454,1,2790
9455,1,8040
9456,1,18670
9457,1,59800
9458,1,760
9459,1,6010
9460,1,6970
9461,1,14410
9462,1,5210
9463,1,23790
9464,1,2430
9465,1,1650
9466,1,19780
9467,1,20
9468,1,8540
9469,1,8140
9470,1,7070
9471,1,5030
9472,1,6470
9473,1,9880
9474,1,3020
9475,1,850
9476,1,18870
9477,1,6350
9478,1,2920
9479,1,4270
9480,1,2510
9481,1,300
9482,1,9750
9483,1,13160
9484,1,4820
9485,1,3990
9486,1,16490
9487,1,8540
9488,1,12820
9489,1,9750
9490,1,27860
9491,1,4800
9492,1,1040
9493,1,6190
9494,1,123580
9495,1,10730
9496,1,4810
9497,1,78250
9498,1,1360
9499,1,3140
9500,1,18760
9501,1,2730
9502,1,900
9503,1,62770
9504,1,2700
9505,1,1410
9506,1,62930
9507,1,4820
9508,1,88850
9509,1,2750
9510,1,5150
9511,1,30060
9512,1,5000
9513,1,8400
9514,1,2940
9515,1,43450
9516,1,5370
9517,1,5250
9518,1,16750
9519,1,11720
9520,1,10040
9521,1,13090
9522,1,20960
9523,1,17520
9524,1,9960
9525,1,4370
9526,1,14230
9527,1,790
9528,1,9360
9529,1,31890
9530,1,33180
9531,1,6450
9532,1,40900
9533,1,8000
9534,1,500000
9535,1,1660
9536,1,4670
9537,1,22360
9538,1,4380
9539,1,55380
9540,1,6530
9541,1,7560
9542,1,26470
9543,1,3310
9544,1,51440
9545,1,8660
9546,1,1640
9547,1,11520
9548,1,11240
9549,1,19930
9550,1,16800
9551,1,1680
9552,1,22050
9553,1,2380
9554,1,12840
9555,1,1120
9556,1,6000
9557,1,10380
9558,1,15760
9559,1,70310
9560,1,4160
9561,1,18150
9562,1,6060
9563,1,9060
9564,1,7000
9565,1,13650
9566,1,1700
9567,1,9980
9568,1,47970
9569,1,6370
9570,1,2870
9571,1,6670
9572,1,7310
9573,1,7340
9574,1,59110
9575,1,1530
9576,1,2660
9577,1,76270
9578,1,36960
9579,1,4470
9580,1,3270
9581,1,20810
9582,1,14060
9583,1,9770
9584,1,9880
9585,1,1730
9586,1,7460
9587,1,35630
9588,1,14170
9589,1,18970
9590,1,42830
9591,1,26690
9592,1,4520
9593,1,9280
9594,1,11330
9595,1,13100
9596,1,12160
9597,1,6010
9598,1,8520
9599,1,5060
9600,1,3100
9601,1,500
9602,1,12340
9603,1,53940
9604,1,42210
9605,1,15730
9606,1,28560
9607,1,11590
9608,1,33550
9609,1,640
9610,1,26390
9611,1,280
9612,1,3680
9613,1,16280
9614,1,6420
9615,1,10970
9616,1,11620
9617,1,13180
9618,1,13400
9619,1,47300
9620,1,8330
9621,1,10500
9622,1,24590
9623,1,2260
9624,1,2240
9625,1,79800
9626,1,740
9627,1,2320
9628,1,6140
9629,1,43320
9630,1,6500
9631,1,16660
9632,1,17800
9633,1,29390
9634,1,320
9635,1,8880
9636,1,19920
9637,1,1940
9638,1,25540
9639,1,1230
9640,1,6790
9641,1,17990
9642,1,2050
9643,1,20890
9644,1,12170
9645,1,11220
9646,1,16230
9647,1,10720
9648,1,0
9649,1,14970
9650,1,6960
9651,1,9190
9652,1,10480
9653,1,13000
9654,1,24130
9655,1,15850
9656,1,2040
9657,1,41720
9658,1,10340
9659,1,6260
9660,1,7990
9661,1,30500
9662,1,8700
9663,1,9040
9664,1,6140
9665,1,2380
9666,1,11470
9667,1,1930
9668,1,7020
9669,1,3780
9670,1,7100
9671,1,11750
9672,1,8950
9673,1,55580
9674,1,8370
9675,1,92200
9676,1,8510
9677,1,12390
9678,1,7040
9679,1,1620
9680,1,800
9681,1,3470
9682,1,3600
9683,1,20410
9684,1,32320
9685,1,3120
9686,1,17830
9687,1,19440
9688,1,131230
9689,1,1540
9690,1,57050
9691,1,1930
9692,1,80310
9693,1,11120
9694,1,1660
9695,1,7630
9696,1,21070
9697,1,20380
9698,1,7900
9699,1,11380
9700,1,19920
9701,1,8000
9702,1,9390
9703,1,27490
9704,1,13810
9705,1,6600
9706,1,16540
9707,1,3100
9708,1,2040
9709,1,53660
9710,1,18430
9711,1,26850
9712,1,105120
9713,1,42510
9714,1,26110
9715,1,4640
9716,1,4680
9717,1,5970
9718,1,10570
9719,1,6980
9720,1,15510
9721,1,2410
9722,1,42770
9723,1,3240
9724,1,21370
9725,1,3470
9726,1,6410
9727,1,2540
9728,1,21830
9729,1,28730
9730,1,10380
9731,1,54810
9732,1,22610
9733,1,8960
9734,1,33950
9735,1,3000
9736,1,4730
9737,1,5980
9738,1,36110
9739,1,110390
9740,1,5700
9741,1,45780
9742,1,3080
9743,1,2230
9744,1,2170
9745,1,6190
9746,1,1520
9747,1,740
9748,1,4350
9749,1,1010
9750,1,70900
9751,1,5360
9752,1,58200
9753,1,970
9754,1,15190
9755,1,3690
9756,1,13560
9757,1,850
9758,1,45850
9759,1,500000
9760,1,6200
9761,1,105420
9762,1,6970
9763,1,25230
9764,1,520
9765,1,33700
9766,1,11760
9767,1,26380
9768,1,8660
9769,1,3500
9770,1,49410
9771,1,4570
9772,1,700
9773,1,12650
9774,1,35300
9775,1,59120
9776,1,3260
9777,1,1900
9778,1,5220
9779,1,220
9780,1,60900
9781,1,18090
9782,1,10340
9783,1,8030
9784,1,1210
9785,1,4620
9786,1,1080
9787,1,3570
9788,1,10170
9789,1,22230
9790,1,95250
9791,1,31450
9792,1,31930
9793,1,39710
9794,1,4990
9795,1,32270
9796,1,3240
9797,1,9470
9798,1,41760
9799,1,2110
9800,1,34260
9801,1,38900
9802,1,2000
9803,1,1160
9804,1,53010
9805,1,13740
9806,1,2950
9807,1,6150
9808,1,8760
9809,1,3210
9810,1,3780
9811,1,5420
9812,1,12270
9813,1,5280
9814,1,25710
9815,1,6420
9816,1,9580
9817,1,13250
9818,1,68590
9819,1,41680
9820,1,21670
9821,1,1180
9822,1,8220
9823,1,108950
9824,1,27150
9825,1,39800
9826,1,9390
9827,1,39780
9828,1,56870
9829,1,4850
9830,1,31390
9831,1,870
9832,1,2720
9833,1,18850
9834,1,5540
9835,1,41390
9836,1,38960
9837,1,6600
9838,1,4920
9839,1,51450
9840,1,6790
9841,1,5970
9842,1,2840
9843,1,40730
9844,1,2020
9845,1,9670
9846,1,97780
9847,1,19220
9848,1,66980
9849,1,6250
9850,1,1680
9851,1,5570
9852,1,10060
9853,1,24020
9854,1,10380
9855,1,2810
9856,1,15190
9857,1,21130
9858,1,58470
9859,1,16430
9860,1,2470
9861,1,2170
9862,1,2100
9863,1,46030
9864,1,9930
9865,1,42670
9866,1,5770
9867,1,14650
9868,1,82150
9869,1,20980
9870,1,7190
9871,1,16810
9872,1,6880
9873,1,2400
9874,1,103030
9875,1,1580
9876,1,2560
9877,1,24590
9878,1,6510
9879,1,27000
9880,1,5980
9881,1,750
9882,1,3240
9883,1,7770
9884,1,7720
9885,1,3080
9886,1,14650
9887,1,5620
9888,1,19370
9889,1,770
9890,1,51740
9891,1,20310
9892,1,19050
9893,1,20640
9894,1,7680
9895,1,12520
9896,1,69150
9897,1,17730
9898,1,31420
9899,1,2720
9900,1,16690
9901,1,1320
9902,1,27010
9903,1,2450
9904,1,2860
9905,1,56950
9906,1,4880
9907,1,4870
9908,1,23880
9909,1,7370
9910,1,16730
9911,1,4960
9912,1,24700
9913,1,2830
9914,1,12260
9915,1,32180
9916,1,4530
9917,1,7840
9918,1,2820
9919,1,21190
9920,1,4190
9921,1,7120
9922,1,9520
9923,1,13080
9924,1,13970
9925,1,570
9926,1,6970
9927,1,13070
9928,1,1990
9929,1,270
9930,1,11280
9931,1,5340
9932,1,16600
9933,1,8170
9934,1,28080
9935,1,12780
9936,1,7050
9937,1,12010
9938,1,27950
9939,1,23220
9940,1,5750
9941,1,11280
9942,1,15780
9943,1,7650
9944,1,22340
9945,1,2090
9946,1,8440
9947,1,8040
9948,1,1020
9949,1,16740
9950,1,70620
9951,1,2890
9952,1,3510
9953,1,17820
9954,1,3950
9955,1,14160
9956,1,7700
9957,1,95470
9958,1,4560
9959,1,16530
9960,1,3540
9961,1,10310
9962,1,840
9963,1,8330
9964,1,7870
9965,1,54270
9966,1,1150
9967,1,10390
9968,1,6690
9969,1,4320
9970,1,5110
9971,1,5150
9972,1,17680
9973,1,8630
9974,1,12800
9975,1,2730
9976,1,8990
9977,1,38040
9978,1,35840
9979,1,16020
9980,1,2380
9981,1,7300
9982,1,42060
9983,1,2320
9984,1,7770
9985,1,14560
9986,1,8460
9987,1,10210
9988,1,62270
9989,1,7860
9990,1,17400
9991,1,1490
9992,1,7050
9993,1,20150
9994,1,45690
9995,1,26810
9996,1,4430
9997,1,7620
9998,1,122870
9999,1,30210
