0,freegame,0.0,207.2
1,freegame,0.0,121.1
2,freegame,0.0,21.4
3,freegame,0.0,399.0
4,freegame,0.0,28.5
5,freegame,0.0,5.5
6,freegame,0.0,127.6
7,freegame,0.0,12.0
8,freegame,0.0,182.4
9,freegame,0.0,337.8
10,freegame,0.0,0.0
11,freegame,4.0,22.6
12,freegame,0.0,24.0
13,freegame,0.0,14.5
14,freegame,0.0,107.6
15,freegame,0.0,220.4
16,freegame,0.0,42.0
17,freegame,0.0,70.0
18,freegame,0.0,18.0
19,freegame,0.0,1180.0
20,freegame,0.0,267.5
21,freegame,0.0,18.2
22,freegame,0.0,11.4
23,freegame,0.0,0.0
24,freegame,0.0,23.4
25,freegame,1.6,61.6
26,freegame,0.0,15.6
27,freegame,0.0,65.2
28,freegame,0.0,104.0
29,freegame,0.0,76.0
30,freegame,0.0,108.0
31,freegame,0.0,37.0
32,freegame,4.0,264.8
33,freegame,0.0,146.0
34,freegame,0.0,83.2
35,freegame,0.0,2.0
36,freegame,0.4,15.6
37,freegame,0.0,14.2
38,freegame,0.0,20.5
39,freegame,0.0,42.4
40,freegame,0.0,2.0
41,freegame,0.0,4.8
42,freegame,0.0,5000
43,freegame,0.0,121.0
44,freegame,0.0,4.8
45,freegame,0.0,6.2
46,freegame,0.0,28.0
47,freegame,0.0,31.4
48,freegame,0.0,11.6
49,freegame,0.0,3510.5
50,freegame,0.0,677.0
51,freegame,0.0,5000
52,freegame,0.0,246.8
53,freegame,0.0,1.6
54,freegame,0.0,2.0
55,freegame,0.0,25.8
56,freegame,0.0,122.7
57,freegame,0.2,214.4
58,freegame,0.0,778.0
59,freegame,0.0,33.0
60,freegame,0.0,504.0
61,freegame,0.0,34.8
62,freegame,0.0,56.7
63,freegame,0.0,12.0
64,freegame,0.0,83.0
65,freegame,0.2,28.0
66,freegame,0.0,19.4
67,freegame,0.0,330.7
68,freegame,0.2,6.8
69,freegame,0.0,700.0
70,freegame,0.0,48.6
71,freegame,0.0,0.0
72,freegame,1.6,61.0
73,freegame,0.0,167.2
74,freegame,0.0,38.1
75,freegame,0.0,0.0
76,freegame,0.0,3.8
77,freegame,0.0,49.2
78,freegame,0.0,44.0
79,freegame,0.0,0.0
80,freegame,0.0,40.0
81,freegame,0.0,5000
82,freegame,0.0,12.5
83,freegame,0.0,70.0
84,freegame,0.0,0.0
85,freegame,4.0,95.6
86,freegame,0.0,97.2
87,freegame,0.0,11.6
88,freegame,0.0,0.8
89,freegame,1.0,35.3
90,freegame,0.0,330.0
91,freegame,0.0,30.0
92,freegame,0.0,40.8
93,freegame,0.0,42.4
94,freegame,0.0,8.8
95,freegame,0.0,325.0
96,freegame,0.0,62.0
97,freegame,0.0,39.2
98,freegame,0.0,0.0
99,freegame,0.0,17.6
100,freegame,0.0,22.8
101,freegame,0.0,0.0
102,freegame,0.0,139.5
103,freegame,0.0,28.0
104,freegame,0.0,0.0
105,freegame,0.0,12.6
106,freegame,0.0,18.9
107,freegame,0.0,0.0
108,freegame,0.0,99.0
109,freegame,0.0,67.0
110,freegame,0.0,2.0
111,freegame,0.0,0.0
112,freegame,0.0,98.0
113,freegame,0.0,175.0
114,freegame,0.0,616.2
115,freegame,0.0,121.6
116,freegame,0.0,8.0
117,freegame,0.0,2784.4
118,freegame,0.0,4.0
119,freegame,0.6,2.0
120,freegame,0.0,150.4
121,freegame,0.0,27.4
122,freegame,0.0,187.9
123,freegame,0.0,6.0
124,freegame,0.0,161.2
125,freegame,0.0,19.6
126,freegame,0.0,3.8
127,freegame,0.0,4.0
128,freegame,0.0,793.6
129,freegame,0.0,148.5
130,freegame,0.0,0.8
131,freegame,0.0,31.8
132,freegame,0.0,11.8
133,freegame,0.0,4.0
134,freegame,0.0,247.5
135,freegame,0.0,0.8
136,freegame,0.2,6.4
137,freegame,0.0,113.2
138,freegame,0.0,22.0
139,freegame,0.0,202.4
140,freegame,0.0,263.0
141,freegame,0.0,33.2
142,freegame,0.0,730.1
143,freegame,0.0,10.7
144,freegame,0.0,107.2
145,freegame,0.0,331.8
146,freegame,0.0,140.8
147,freegame,0.0,150.0
148,freegame,0.0,12.0
149,freegame,0.0,4365.0
150,freegame,0.0,2108.0
151,freegame,0.0,31.9
152,freegame,0.0,43.9
153,freegame,0.0,604.0
154,freegame,1.6,75.8
155,freegame,0.0,99.9
156,freegame,0.0,514.0
157,freegame,0.0,12.4
158,freegame,0.0,70.4
159,freegame,0.0,14.0
160,freegame,0.0,336.0
161,freegame,0.0,12.0
162,freegame,0.0,672.8
163,freegame,0.0,100.8
164,freegame,0.0,26.8
165,freegame,0.0,7.0
166,freegame,0.0,0.0
167,freegame,0.0,55.0
168,freegame,0.0,136.8
169,freegame,0.0,984.0
170,freegame,0.0,2651.2
171,freegame,0.0,42.4
172,freegame,0.0,20.8
173,freegame,0.0,99.2
174,freegame,0.0,94.3
175,freegame,0.4,0.5
176,freegame,0.0,5000
177,freegame,0.0,84.1
178,freegame,0.0,199.8
179,freegame,0.0,1800.2
180,freegame,0.0,109.4
181,freegame,0.0,0.0
182,freegame,0.0,0.5
183,freegame,0.0,232.6
184,freegame,0.0,526.8
185,freegame,0.0,6.6
186,freegame,0.0,41.6
187,freegame,0.0,2135.0
188,freegame,0.0,83.4
189,freegame,0.0,15.2
190,freegame,0.0,28.0
191,freegame,0.0,34.0
192,freegame,0.0,4.0
193,freegame,0.0,0.0
194,freegame,0.0,2.0
195,freegame,0.0,82.1
196,freegame,0.0,0.2
197,freegame,0.0,264.4
198,freegame,0.0,12.1
199,freegame,0.0,2.4
200,freegame,0.8,229.4
201,freegame,0.0,3.2
202,freegame,0.0,1.6
203,freegame,0.0,25.8
204,freegame,0.0,8.0
205,freegame,2.0,19.3
206,freegame,0.0,382.2
207,freegame,0.0,0.0
208,freegame,0.0,0.0
209,freegame,0.0,14.4
210,freegame,0.0,17.8
211,freegame,0.0,202.7
212,freegame,0.0,6.6
213,freegame,0.0,61.1
214,freegame,0.0,343.2
215,freegame,0.0,48.0
216,freegame,0.0,343.7
217,freegame,0.0,40.5
218,freegame,0.0,2410.4
219,freegame,0.0,48.0
220,freegame,0.0,0.0
221,freegame,0.0,15.4
222,freegame,0.0,888.4
223,freegame,0.0,9.2
224,freegame,0.0,1680.8
225,freegame,0.0,60.0
226,freegame,0.0,62.4
227,freegame,0.0,7.8
228,freegame,0.0,5000
229,freegame,0.0,1506.6
230,freegame,0.0,513.6
231,freegame,0.0,1444.6
232,freegame,0.0,592.6
233,freegame,0.0,70.0
234,freegame,0.0,25.9
235,freegame,0.0,211.2
236,freegame,0.0,53.1
237,freegame,0.0,113.2
238,freegame,0.0,42.4
239,freegame,0.0,21.0
240,freegame,0.0,70.8
241,freegame,0.0,6.4
242,freegame,0.0,59.0
243,freegame,0.0,20.0
244,freegame,0.0,14.4
245,freegame,0.0,155.6
246,freegame,0.0,3.6
247,freegame,0.0,159.8
248,freegame,0.0,2.8
249,freegame,0.0,9.0
250,freegame,0.8,792.0
251,freegame,0.0,84.0
252,freegame,0.0,320.4
253,freegame,0.0,8.0
254,freegame,0.0,50.2
255,freegame,0.0,267.6
256,freegame,3.2,26.0
257,freegame,0.0,3479.6
258,freegame,0.0,30.0
259,freegame,0.8,2.4
260,freegame,0.0,1633.6
261,freegame,0.0,1.0
262,freegame,0.0,8.6
263,freegame,0.0,769.4
264,freegame,0.0,432.3
265,freegame,0.0,9.6
266,freegame,0.0,0.8
267,freegame,0.0,196.0
268,freegame,0.0,731.0
269,freegame,0.0,0.0
270,freegame,0.0,9.2
271,freegame,0.0,94.4
272,freegame,0.0,56.8
273,freegame,0.0,1838.9
274,freegame,0.0,18.2
275,freegame,0.0,93.0
276,freegame,0.0,4147.3
277,freegame,0.0,8.4
278,freegame,0.0,3.1
279,freegame,0.0,90.0
280,freegame,0.0,120.0
281,freegame,0.0,808.4
282,freegame,0.0,40.0
283,freegame,0.0,383.2
284,freegame,0.2,108.4
285,freegame,0.0,8.0
286,freegame,0.0,271.6
287,freegame,0.0,452.0
288,freegame,0.0,9.8
289,freegame,0.0,5.0
290,freegame,0.0,528.0
291,freegame,0.0,86.0
292,freegame,0.0,0.0
293,freegame,0.0,3.0
294,freegame,0.0,23.4
295,freegame,0.0,6.4
296,freegame,0.0,177.4
297,freegame,0.0,0.0
298,freegame,2.4,100.0
299,freegame,0.0,326.1
300,freegame,0.0,0.0
301,freegame,0.8,426.6
302,freegame,0.0,37.4
303,freegame,2.0,340.0
304,freegame,0.0,9.6
305,freegame,0.0,1207.8
306,freegame,0.0,80.0
307,freegame,0.0,34.4
308,freegame,0.0,0.0
309,freegame,0.0,2.0
310,freegame,0.0,45.2
311,freegame,0.0,2.4
312,freegame,0.0,33.4
313,freegame,0.0,1.6
314,freegame,0.0,0.4
315,freegame,0.0,51.0
316,freegame,0.0,798.0
317,freegame,0.0,146.0
318,freegame,0.0,20.8
319,freegame,0.0,86.4
320,freegame,0.0,1.6
321,freegame,0.0,777.0
322,freegame,0.0,4.0
323,freegame,0.0,423.8
324,freegame,0.0,656.6
325,freegame,0.0,31.8
326,freegame,0.0,10.7
327,freegame,0.0,127.2
328,freegame,0.0,19.0
329,freegame,0.0,11.2
330,freegame,0.0,362.4
331,freegame,0.0,4.0
332,freegame,0.0,1.6
333,freegame,0.0,22.4
334,freegame,0.8,295.6
335,freegame,0.0,5000
336,freegame,0.4,0.2
337,freegame,0.0,0.0
338,freegame,0.0,13.6
339,freegame,0.0,5.7
340,freegame,0.0,412.0
341,freegame,0.0,504.0
342,freegame,0.0,3.2
343,freegame,0.0,41.6
344,freegame,0.0,12.0
345,freegame,0.0,4402.0
346,freegame,0.0,279.5
347,freegame,0.0,63.4
348,freegame,0.0,1.6
349,freegame,0.0,13.8
350,freegame,0.0,410.6
351,freegame,0.0,289.2
352,freegame,0.0,19.8
353,freegame,0.0,106.4
354,freegame,0.0,0.1
355,freegame,0.0,7.6
356,freegame,0.0,26.8
357,freegame,0.0,37.6
358,freegame,0.0,127.2
359,freegame,0.0,17.4
360,freegame,0.0,5000
361,freegame,0.0,1.6
362,freegame,0.0,20.8
363,freegame,0.0,1.6
364,freegame,0.0,53.1
365,freegame,0.0,919.6
366,freegame,0.8,37.2
367,freegame,0.0,51.6
368,freegame,0.0,45.6
369,freegame,0.0,34.6
370,freegame,0.0,5000
371,freegame,0.0,560.4
372,freegame,0.0,59.2
373,freegame,0.0,13.4
374,freegame,0.0,265.6
375,freegame,0.0,53.6
376,freegame,0.0,25.6
377,freegame,0.0,548.0
378,freegame,0.0,74.4
379,freegame,0.0,250.0
380,freegame,0.0,2.0
381,freegame,0.0,8.0
382,freegame,0.0,4.0
383,freegame,0.0,25.6
384,freegame,0.0,312.8
385,freegame,0.0,8.0
386,freegame,0.0,708.0
387,freegame,0.0,8.0
388,freegame,0.0,12.2
389,freegame,0.0,12.4
390,freegame,0.0,25.8
391,freegame,0.0,8.0
392,freegame,0.0,144.0
393,freegame,0.0,3.8
394,freegame,0.0,8.8
395,freegame,0.2,3.6
396,freegame,0.0,35.2
397,freegame,0.0,156.0
398,freegame,0.0,101.8
399,freegame,0.0,64.9
400,freegame,0.0,14.2
401,freegame,0.0,216.4
402,freegame,0.0,1800.8
403,freegame,0.0,335.6
404,freegame,0.0,4.2
405,freegame,0.0,158.8
406,freegame,0.0,793.2
407,freegame,0.0,2.0
408,freegame,0.0,582.6
409,freegame,0.0,229.2
410,freegame,0.0,7.2
411,freegame,0.0,340.8
412,freegame,0.0,5000
413,freegame,0.0,300.0
414,freegame,0.0,5.6
415,freegame,0.0,201.6
416,freegame,0.0,300.0
417,freegame,0.0,736.0
418,freegame,0.0,3.5
419,freegame,0.0,628.8
420,freegame,0.4,13.6
421,freegame,0.0,807.5
422,freegame,0.0,962.0
423,freegame,0.0,2.0
424,freegame,0.0,14.6
425,freegame,0.0,82.2
426,freegame,1.6,16.2
427,freegame,0.0,547.8
428,freegame,0.0,2278.0
429,freegame,0.0,696.0
430,freegame,0.0,1077.7
431,freegame,0.0,5.8
432,freegame,0.0,17.9
433,freegame,0.0,20.4
434,freegame,0.0,1133.7
435,freegame,0.0,174.0
436,freegame,0.8,760.8
437,freegame,0.0,724.4
438,freegame,0.0,63.0
439,freegame,0.4,119.6
440,freegame,0.0,108.0
441,freegame,0.0,603.0
442,freegame,0.0,277.0
443,freegame,0.0,552.0
444,freegame,0.3,0.0
445,freegame,0.0,0.8
446,freegame,0.0,1901.2
447,freegame,0.0,92.8
448,freegame,0.0,432.0
449,freegame,0.0,29.8
450,freegame,0.0,64.0
451,freegame,0.0,187.5
452,freegame,0.0,3.5
453,freegame,0.0,782.9
454,freegame,0.0,20.8
455,freegame,0.0,48.0
456,freegame,0.0,7.2
457,freegame,0.0,58.3
458,freegame,0.0,19.4
459,freegame,0.0,27.0
460,freegame,0.0,0.4
461,freegame,0.0,478.2
462,freegame,0.0,1.0
463,freegame,0.0,136.0
464,freegame,0.0,46.4
465,freegame,0.0,52.0
466,freegame,0.0,288.0
467,freegame,0.0,34.8
468,freegame,0.0,1.6
469,freegame,0.0,156.8
470,freegame,0.0,204.0
471,freegame,0.0,35.2
472,freegame,0.0,33.2
473,freegame,0.0,63.0
474,freegame,0.0,0.0
475,freegame,0.0,92.4
476,freegame,0.0,122.8
477,freegame,0.1,1127.4
478,freegame,0.0,158.1
479,freegame,0.0,15.0
480,freegame,0.0,45.6
481,freegame,0.0,0.4
482,freegame,0.0,4709.4
483,freegame,0.0,0.8
484,freegame,0.0,83.8
485,freegame,0.0,8.0
486,freegame,0.0,42.0
487,freegame,0.0,3961.0
488,freegame,0.0,5000
489,freegame,0.0,221.7
490,freegame,0.0,17.2
491,freegame,0.0,131.4
492,freegame,1.2,164.5
493,freegame,0.8,560.7
494,freegame,0.0,182.4
495,freegame,0.0,103.8
496,freegame,0.0,58.3
497,freegame,0.0,40.0
498,freegame,0.0,0.8
499,freegame,0.0,21.4
500,freegame,0.0,267.6
501,freegame,0.0,42.0
502,freegame,0.0,252.3
503,freegame,0.0,35.4
504,freegame,0.0,1.0
505,freegame,0.0,5.4
506,freegame,0.0,1452.8
507,freegame,0.0,104.0
508,freegame,0.0,84.2
509,freegame,0.0,2.0
510,freegame,0.0,148.8
511,freegame,0.0,33.6
512,freegame,0.0,14.2
513,freegame,0.8,133.5
514,freegame,0.0,90.8
515,freegame,0.0,364.8
516,freegame,0.0,71.4
517,freegame,0.0,10.8
518,freegame,0.0,33.2
519,freegame,0.0,322.3
520,freegame,0.0,2.0
521,freegame,0.0,12.6
522,freegame,0.2,51.6
523,freegame,0.0,0.0
524,freegame,0.0,563.6
525,freegame,0.0,174.0
526,freegame,0.4,329.6
527,freegame,0.0,24.8
528,freegame,0.8,1145.3
529,freegame,0.0,7.2
530,freegame,0.0,249.2
531,freegame,0.0,66.5
532,freegame,0.0,802.8
533,freegame,0.0,44.7
534,freegame,0.0,0.7
535,freegame,0.0,82.8
536,freegame,0.0,3802.0
537,freegame,0.0,32.4
538,freegame,0.0,47.2
539,freegame,0.0,90.0
540,freegame,0.0,17.4
541,freegame,0.0,24.0
542,freegame,0.0,28.9
543,freegame,0.0,99.1
544,freegame,0.0,0.0
545,freegame,0.0,12.0
546,freegame,0.0,0.8
547,freegame,0.0,64.8
548,freegame,0.0,47.8
549,freegame,0.0,18.0
550,freegame,0.0,5000
551,freegame,0.0,16.0
552,freegame,0.0,12.5
553,freegame,0.0,135.0
554,freegame,0.0,60.0
555,freegame,0.0,7.5
556,freegame,0.0,10.5
557,freegame,0.0,93.5
558,freegame,0.0,255.0
559,freegame,0.0,0.4
560,freegame,0.0,3.2
561,freegame,0.0,79.4
562,freegame,0.0,40.4
563,freegame,0.0,862.4
564,freegame,0.0,202.6
565,freegame,0.0,0.0
566,freegame,0.0,14.6
567,freegame,0.0,44.0
568,freegame,0.0,16.4
569,freegame,0.0,10.4
570,freegame,0.0,104.8
571,freegame,0.0,36.9
572,freegame,0.0,4.0
573,freegame,0.0,4.2
574,freegame,0.0,28.2
575,freegame,0.0,234.8
576,freegame,0.0,39.8
577,freegame,0.0,731.6
578,freegame,0.0,0.8
579,freegame,4.0,0.5
580,freegame,0.0,56.4
581,freegame,0.0,18.6
582,freegame,0.0,9.6
583,freegame,0.0,46.9
584,freegame,0.0,6.4
585,freegame,0.0,79.4
586,freegame,0.0,139.8
587,freegame,0.0,523.6
588,freegame,0.0,2.4
589,freegame,0.0,48.4
590,freegame,0.0,4.0
591,freegame,0.0,1.6
592,freegame,0.0,13.2
593,freegame,0.0,303.9
594,freegame,0.0,247.8
595,freegame,0.0,0.0
596,freegame,0.0,1.2
597,freegame,0.0,5.2
598,freegame,0.4,111.2
599,freegame,0.0,236.8
600,freegame,0.0,626.4
601,freegame,0.0,39.2
602,freegame,0.0,0.0
603,freegame,0.8,6.0
604,freegame,0.0,470.4
605,freegame,1.6,189.0
606,freegame,0.0,125.6
607,freegame,0.0,188.3
608,freegame,0.0,116.4
609,freegame,0.0,174.2
610,freegame,0.0,29.2
611,freegame,0.0,83.0
612,freegame,0.0,64.7
613,freegame,0.0,70.4
614,freegame,0.0,372.8
615,freegame,0.0,6.6
616,freegame,2.4,29.6
617,freegame,0.0,3.5
618,freegame,0.0,0.0
619,freegame,0.0,75.6
620,freegame,0.1,15.0
621,freegame,0.0,12.0
622,freegame,0.0,30.0
623,freegame,0.0,0.0
624,freegame,0.0,401.4
625,freegame,0.0,1.0
626,freegame,0.0,69.2
627,freegame,0.0,1398.3
628,freegame,0.0,0.8
629,freegame,0.0,121.5
630,freegame,0.0,11.0
631,freegame,4.8,34.1
632,freegame,0.0,79.2
633,freegame,0.0,0.0
634,freegame,0.4,24.0
635,freegame,0.0,134.8
636,freegame,0.0,0.6
637,freegame,0.0,72.5
638,freegame,0.0,2.0
639,freegame,0.0,20.0
640,freegame,0.0,0.0
641,freegame,0.0,383.8
642,freegame,0.0,69.1
643,freegame,0.0,48.7
644,freegame,0.0,48.0
645,freegame,0.0,114.4
646,freegame,0.0,848.6
647,freegame,0.0,4614.6
648,freegame,0.0,733.6
649,freegame,0.0,8.0
650,freegame,0.0,328.2
651,freegame,0.0,336.0
652,freegame,0.0,390.0
653,freegame,0.0,96.4
654,freegame,0.0,6.0
655,freegame,0.0,9.0
656,freegame,0.0,232.4
657,freegame,0.0,108.0
658,freegame,0.0,0.0
659,freegame,0.0,58.0
660,freegame,0.0,88.6
661,freegame,0.0,104.4
662,freegame,0.0,172.6
663,freegame,0.0,442.4
664,freegame,0.0,0.0
665,freegame,0.0,5.6
666,freegame,0.0,143.8
667,freegame,0.0,594.0
668,freegame,0.0,36.0
669,freegame,0.0,14.8
670,freegame,0.0,4.4
671,freegame,0.0,898.2
672,freegame,0.0,7.4
673,freegame,1.2,9.6
674,freegame,0.0,23.2
675,freegame,0.0,156.8
676,freegame,0.0,5.8
677,freegame,0.0,255.6
678,freegame,0.0,145.6
679,freegame,0.0,40.0
680,freegame,0.0,1008.4
681,freegame,0.0,79.4
682,freegame,0.0,24.6
683,freegame,0.0,211.4
684,freegame,0.0,3.6
685,freegame,0.0,1356.9
686,freegame,0.0,32.4
687,freegame,0.0,1957.2
688,freegame,0.0,12.1
689,freegame,0.0,9.2
690,freegame,0.0,0.0
691,freegame,0.0,14.2
692,freegame,0.0,83.0
693,freegame,0.0,234.8
694,freegame,0.0,5000
695,freegame,0.0,0.8
696,freegame,0.0,418.0
697,freegame,0.0,151.2
698,freegame,0.0,453.4
699,freegame,0.0,8.0
700,freegame,0.0,48.2
701,freegame,0.0,52.0
702,freegame,0.0,90.6
703,freegame,0.0,151.4
704,freegame,0.0,42.6
705,freegame,0.0,844.0
706,freegame,0.0,16.4
707,freegame,0.0,48.0
708,freegame,0.0,267.8
709,freegame,0.0,1.6
710,freegame,0.0,42.0
711,freegame,0.0,1.0
712,freegame,2.0,4.0
713,freegame,0.0,0.0
714,freegame,0.0,2.4
715,freegame,0.0,168.0
716,freegame,0.0,15.5
717,freegame,0.0,4.4
718,freegame,0.0,61.9
719,freegame,0.0,0.0
720,freegame,0.0,90.0
721,freegame,0.0,365.6
722,freegame,0.0,88.4
723,freegame,0.0,63.2
724,freegame,0.0,228.0
725,freegame,0.0,558.6
726,freegame,0.0,276.1
727,freegame,0.0,110.4
728,freegame,0.0,170.0
729,freegame,0.0,148.6
730,freegame,0.0,8.4
731,freegame,0.0,72.0
732,freegame,0.0,54.2
733,freegame,0.0,11.5
734,freegame,0.0,142.4
735,freegame,0.0,130.4
736,freegame,0.0,717.2
737,freegame,1.6,5000
738,freegame,0.0,4.8
739,freegame,0.0,93.2
740,freegame,0.0,611.1
741,freegame,0.4,14.4
742,freegame,0.0,16.4
743,freegame,0.0,122.8
744,freegame,0.0,335.0
745,freegame,0.0,0.0
746,freegame,0.0,41.4
747,freegame,0.0,42.8
748,freegame,0.0,16.6
749,freegame,0.2,4.0
750,freegame,0.0,2.8
751,freegame,0.0,452.8
752,freegame,0.0,1.4
753,freegame,0.0,0.0
754,freegame,0.1,10.2
755,freegame,0.0,1153.4
756,freegame,0.0,4.8
757,freegame,0.0,0.0
758,freegame,0.0,0.0
759,freegame,0.0,20.0
760,freegame,0.0,6.0
761,freegame,0.0,15.4
762,freegame,0.0,5.2
763,freegame,0.0,55.9
764,freegame,0.0,77.4
765,freegame,0.0,725.0
766,freegame,0.0,70.6
767,freegame,0.0,86.4
768,freegame,0.0,4.2
769,freegame,0.0,247.0
770,freegame,0.0,121.2
771,freegame,0.0,27.0
772,freegame,0.0,797.2
773,freegame,0.0,5.6
774,freegame,0.0,495.4
775,freegame,0.8,34.0
776,freegame,0.0,24.0
777,freegame,0.0,313.2
778,freegame,0.0,4.0
779,freegame,0.0,164.0
780,freegame,0.0,136.0
781,freegame,0.0,1.2
782,freegame,0.0,88.0
783,freegame,0.0,20.8
784,freegame,0.0,0.0
785,freegame,0.0,287.8
786,freegame,0.0,120.0
787,freegame,0.0,8.2
788,freegame,0.0,66.4
789,freegame,0.0,0.0
790,freegame,0.0,263.7
791,freegame,0.0,12.8
792,freegame,0.0,4.8
793,freegame,0.0,9.0
794,freegame,0.0,462.0
795,freegame,0.0,191.3
796,freegame,0.0,193.1
797,freegame,0.0,519.8
798,freegame,0.0,35.8
799,freegame,0.0,192.0
800,freegame,0.2,0.0
801,freegame,0.2,0.0
802,freegame,0.0,5.0
803,freegame,0.0,0.0
804,freegame,0.0,45.8
805,freegame,0.6,136.0
806,freegame,0.0,5.4
807,freegame,0.0,226.2
808,freegame,0.8,0.0
809,freegame,0.0,33.2
810,freegame,0.0,1.8
811,freegame,0.0,142.2
812,freegame,0.0,17.6
813,freegame,0.0,18.0
814,freegame,0.0,43.6
815,freegame,0.0,185.6
816,freegame,0.0,27.2
817,freegame,0.0,0.0
818,freegame,0.0,111.0
819,freegame,0.2,0.0
820,freegame,0.0,18.0
821,freegame,0.0,29.0
822,freegame,0.0,94.8
823,freegame,0.0,18.4
824,freegame,0.0,13.6
825,freegame,0.0,6.0
826,freegame,0.4,1.0
827,freegame,0.0,32.4
828,freegame,0.0,345.9
829,freegame,0.0,930.6
830,freegame,0.0,57.5
831,freegame,0.0,19.6
832,freegame,0.0,98.0
833,freegame,0.0,98.0
834,freegame,0.0,43.0
835,freegame,0.0,28.2
836,freegame,0.0,2.4
837,freegame,1.0,1984.0
838,freegame,0.0,40.0
839,freegame,0.0,104.0
840,freegame,0.0,693.6
841,freegame,0.0,126.0
842,freegame,0.0,29.0
843,freegame,0.0,6.0
844,freegame,0.0,0.0
845,freegame,0.0,27.0
846,freegame,0.0,42.0
847,freegame,0.0,89.0
848,freegame,0.0,21.6
849,freegame,0.0,5000
850,freegame,0.0,60.2
851,freegame,0.0,138.6
852,freegame,0.0,206.0
853,freegame,0.0,156.8
854,freegame,0.0,5.6
855,freegame,0.0,28.0
856,freegame,0.0,233.0
857,freegame,0.0,4211.0
858,freegame,1.6,5.2
859,freegame,0.0,1.4
860,freegame,0.0,5.6
861,freegame,0.0,1713.6
862,freegame,0.0,16.8
863,freegame,0.0,2526.0
864,freegame,0.0,202.0
865,freegame,0.0,393.0
866,freegame,0.0,708.2
867,freegame,0.0,682.2
868,freegame,3.8,4.8
869,freegame,0.0,22.8
870,freegame,0.0,46.0
871,freegame,0.0,1803.0
872,freegame,0.0,29.1
873,freegame,0.0,176.0
874,freegame,0.0,0.4
875,freegame,0.0,59.4
876,freegame,0.0,60.8
877,freegame,0.0,648.0
878,freegame,0.0,17.4
879,freegame,0.0,205.2
880,freegame,0.0,7.6
881,freegame,0.0,751.4
882,freegame,0.0,1008.0
883,freegame,0.0,312.2
884,freegame,0.0,2.0
885,freegame,0.0,0.0
886,freegame,0.0,12.2
887,freegame,0.0,86.4
888,freegame,0.0,600.0
889,freegame,0.0,61.0
890,freegame,0.0,54.4
891,freegame,0.0,25.4
892,freegame,0.0,12.6
893,freegame,0.0,406.6
894,freegame,0.0,30.6
895,freegame,0.0,6.0
896,freegame,0.0,354.2
897,freegame,0.0,1029.6
898,freegame,0.0,144.4
899,freegame,0.0,31.2
900,freegame,0.0,1.6
901,freegame,0.0,474.2
902,freegame,0.0,1.0
903,freegame,0.0,16.0
904,freegame,0.0,3.2
905,freegame,0.0,6.0
906,freegame,0.0,23.1
907,freegame,0.0,156.0
908,freegame,0.0,254.6
909,freegame,0.0,39.6
910,freegame,0.6,2.6
911,freegame,0.0,0.0
912,freegame,0.0,18.0
913,freegame,0.0,52.4
914,freegame,0.0,24.0
915,freegame,0.0,36.9
916,freegame,0.0,890.8
917,freegame,1.6,223.6
918,freegame,0.0,1.5
919,freegame,0.0,200.6
920,freegame,0.0,1237.6
921,freegame,0.0,5000
922,freegame,0.0,248.0
923,freegame,0.0,32.6
924,freegame,0.0,108.8
925,freegame,0.0,288.0
926,freegame,0.0,86.8
927,freegame,0.8,38.4
928,freegame,0.0,2.0
929,freegame,0.0,1320.0
930,freegame,0.0,194.0
931,freegame,0.0,52.6
932,freegame,0.0,118.6
933,freegame,0.0,1346.4
934,freegame,0.0,2496.0
935,freegame,0.0,46.8
936,freegame,0.0,9.2
937,freegame,0.0,566.0
938,freegame,0.0,97.2
939,freegame,0.0,0.0
940,freegame,0.0,17.2
941,freegame,0.0,51.5
942,freegame,0.0,19.2
943,freegame,0.0,9.2
944,freegame,0.0,0.0
945,freegame,0.0,93.2
946,freegame,0.0,0.0
947,freegame,0.0,17.2
948,freegame,0.0,1043.6
949,freegame,0.0,10.0
950,freegame,0.6,402.7
951,freegame,0.0,306.0
952,freegame,0.0,47.2
953,freegame,0.0,74.4
954,freegame,0.0,29.6
955,freegame,0.6,647.8
956,freegame,0.0,117.2
957,freegame,0.0,97.2
958,freegame,0.0,0.8
959,freegame,0.0,3.2
960,freegame,0.0,1602.4
961,freegame,0.0,3.6
962,freegame,8.0,2660.1
963,freegame,0.0,5000
964,freegame,0.0,22.4
965,freegame,0.0,4.0
966,freegame,0.0,435.2
967,freegame,0.0,289.0
968,freegame,0.0,1920.0
969,freegame,0.0,1.6
970,freegame,0.0,6.4
971,freegame,0.0,35.3
972,freegame,0.0,34.0
973,freegame,0.0,48.5
974,freegame,0.0,0.0
975,freegame,0.0,62.8
976,freegame,0.0,285.2
977,freegame,0.0,648.6
978,freegame,0.0,18.0
979,freegame,0.0,146.0
980,freegame,0.0,18.0
981,freegame,0.0,0.0
982,freegame,0.0,402.4
983,freegame,0.6,0.6
984,freegame,0.0,0.0
985,freegame,0.0,5.8
986,freegame,0.0,398.8
987,freegame,0.0,1186.2
988,freegame,0.0,19.2
989,freegame,0.0,317.6
990,freegame,0.0,6.0
991,freegame,0.0,68.8
992,freegame,0.0,1358.4
993,freegame,0.0,106.4
994,freegame,0.0,14.3
995,freegame,0.0,5.6
996,freegame,0.0,4.5
997,freegame,0.0,3.2
998,freegame,0.0,29.0
999,freegame,0.0,345.0
1000,freegame,0.0,13.0
1001,freegame,0.0,655.8
1002,freegame,0.0,3.8
1003,freegame,0.0,254.4
1004,freegame,0.0,32.0
1005,freegame,0.0,0.8
1006,freegame,0.0,152.1
1007,freegame,0.0,1538.0
1008,freegame,0.0,7.8
1009,freegame,0.0,8.0
1010,freegame,0.0,19.2
1011,freegame,1.6,924.0
1012,freegame,0.4,5000
1013,freegame,0.0,356.0
1014,freegame,0.0,99.2
1015,freegame,0.0,7.2
1016,freegame,0.0,311.2
1017,freegame,0.0,0.0
1018,freegame,0.0,1552.0
1019,freegame,0.0,76.0
1020,freegame,0.0,9.6
1021,freegame,0.0,52.0
1022,freegame,0.0,98.5
1023,freegame,0.0,323.2
1024,freegame,0.0,3.0
1025,freegame,0.0,5000
1026,freegame,0.0,871.5
1027,freegame,0.0,4.4
1028,freegame,3.2,88.8
1029,freegame,0.0,71.0
1030,freegame,0.0,6.8
1031,freegame,0.0,144.0
1032,freegame,0.0,26.8
1033,freegame,0.0,190.0
1034,freegame,0.0,10.0
1035,freegame,0.0,486.8
1036,freegame,0.0,7.6
1037,freegame,0.0,282.8
1038,freegame,0.0,4.4
1039,freegame,0.0,0.0
1040,freegame,0.0,503.6
1041,freegame,0.0,0.0
1042,freegame,0.0,1739.2
1043,freegame,0.0,157.4
1044,freegame,0.0,6.6
1045,freegame,0.0,46.6
1046,freegame,0.0,616.4
1047,freegame,0.0,938.0
1048,freegame,0.0,740.6
1049,freegame,0.0,120.0
1050,freegame,0.0,16.0
1051,freegame,0.0,843.6
1052,freegame,0.8,81.6
1053,freegame,0.0,96.0
1054,freegame,0.0,16.0
1055,freegame,0.0,4.2
1056,freegame,0.0,104.0
1057,freegame,0.0,31.0
1058,freegame,0.0,21.4
1059,freegame,0.0,0.5
1060,freegame,0.0,1.0
1061,freegame,0.0,1.0
1062,freegame,0.0,142.1
1063,freegame,2.0,2.8
1064,freegame,0.0,405.6
1065,freegame,0.0,17.2
1066,freegame,0.0,159.0
1067,freegame,0.0,0.4
1068,freegame,0.0,6.6
1069,freegame,0.0,88.0
1070,freegame,0.0,43.8
1071,freegame,0.0,250.0
1072,freegame,0.0,75.7
1073,freegame,0.0,10.1
1074,freegame,0.0,10.0
1075,freegame,0.0,348.0
1076,freegame,0.0,36.0
1077,freegame,0.0,133.6
1078,freegame,0.0,21.4
1079,freegame,0.0,0.0
1080,freegame,0.0,192.8
1081,freegame,0.0,775.4
1082,freegame,0.0,162.0
1083,freegame,0.0,456.0
1084,freegame,0.0,1.2
1085,freegame,0.0,810.0
1086,freegame,0.0,49.4
1087,freegame,0.0,6.6
1088,freegame,0.0,78.3
1089,freegame,12.0,8.0
1090,freegame,0.0,5000
1091,freegame,0.0,424.8
1092,freegame,0.0,4.0
1093,freegame,0.0,510.0
1094,freegame,0.0,440.0
1095,freegame,0.0,161.6
1096,freegame,0.0,5000
1097,freegame,0.0,8.0
1098,freegame,0.0,25.8
1099,freegame,0.0,118.8
1100,freegame,0.0,97.6
1101,freegame,0.0,0.6
1102,freegame,0.0,18.5
1103,freegame,0.0,2.0
1104,freegame,0.0,0.0
1105,freegame,0.0,0.0
1106,freegame,0.0,71.4
1107,freegame,0.0,132.0
1108,freegame,0.0,0.6
1109,freegame,0.0,0.0
1110,freegame,0.0,54.0
1111,freegame,0.0,326.4
1112,freegame,0.0,9.6
1113,freegame,1.6,5000
1114,freegame,0.0,2.0
1115,freegame,0.0,1150.6
1116,freegame,0.0,480.0
1117,freegame,0.0,219.4
1118,freegame,0.0,39.6
1119,freegame,0.0,113.4
1120,freegame,1.6,54.8
1121,freegame,0.0,100.4
1122,freegame,0.0,10.6
1123,freegame,0.0,29.0
1124,freegame,0.0,2.6
1125,freegame,0.0,51.0
1126,freegame,0.0,21.4
1127,freegame,0.0,10.0
1128,freegame,0.0,0.8
1129,freegame,0.0,38.4
1130,freegame,0.0,94.0
1131,freegame,0.0,41.6
1132,freegame,1.6,0.0
1133,freegame,0.0,50.2
1134,freegame,0.8,57.8
1135,freegame,0.0,0.0
1136,freegame,0.0,133.2
1137,freegame,0.0,74.0
1138,freegame,0.0,160.2
1139,freegame,0.0,387.2
1140,freegame,0.0,42.0
1141,freegame,0.0,20.2
1142,freegame,0.0,25.6
1143,freegame,0.0,0.0
1144,freegame,0.0,93.1
1145,freegame,0.0,5000
1146,freegame,0.0,24.8
1147,freegame,0.0,23.8
1148,freegame,0.0,286.9
1149,freegame,0.0,64.0
1150,freegame,0.6,3.5
1151,freegame,0.2,164.4
1152,freegame,0.0,132.6
1153,freegame,0.0,210.6
1154,freegame,0.0,10.0
1155,freegame,0.0,12.0
1156,freegame,0.0,0.0
1157,freegame,0.4,648.0
1158,freegame,0.0,252.4
1159,freegame,0.0,72.0
1160,freegame,2.4,1794.8
1161,freegame,0.0,205.0
1162,freegame,0.4,5.4
1163,freegame,0.0,2.7
1164,freegame,0.0,80.6
1165,freegame,0.0,18.8
1166,freegame,0.4,4.0
1167,freegame,0.0,7.2
1168,freegame,0.0,17.8
1169,freegame,0.0,834.0
1170,freegame,0.0,10.8
1171,freegame,0.0,182.2
1172,freegame,0.0,4.0
1173,freegame,0.4,35.2
1174,freegame,0.0,105.2
1175,freegame,0.0,13.0
1176,freegame,0.0,323.8
1177,freegame,0.0,2240.0
1178,freegame,0.0,2.4
1179,freegame,0.0,100.0
1180,freegame,0.0,168.8
1181,freegame,0.0,54.0
1182,freegame,0.0,15.2
1183,freegame,0.0,76.8
1184,freegame,0.0,1.0
1185,freegame,0.0,14.6
1186,freegame,0.0,28.4
1187,freegame,0.0,21.6
1188,freegame,0.0,5000
1189,freegame,0.0,22.0
1190,freegame,0.0,47.4
1191,freegame,0.0,32.0
1192,freegame,0.0,134.8
1193,freegame,0.0,0.0
1194,freegame,0.0,145.6
1195,freegame,0.0,0.4
1196,freegame,0.0,35.4
1197,freegame,0.0,248.0
1198,freegame,0.0,935.6
1199,freegame,0.8,665.4
1200,freegame,0.6,33.0
1201,freegame,0.0,457.6
1202,freegame,0.0,4.4
1203,freegame,0.0,0.0
1204,freegame,0.0,5.0
1205,freegame,0.0,510.0
1206,freegame,0.0,28.4
1207,freegame,0.0,22.8
1208,freegame,0.0,62.8
1209,freegame,0.0,4.8
1210,freegame,0.0,4.2
1211,freegame,0.0,0.8
1212,freegame,0.0,3.6
1213,freegame,0.0,16.4
1214,freegame,0.0,677.2
1215,freegame,0.0,66.2
1216,freegame,0.0,30.0
1217,freegame,0.0,846.0
1218,freegame,0.0,1822.4
1219,freegame,0.0,3.2
1220,freegame,0.0,0.0
1221,freegame,0.0,56.0
1222,freegame,0.0,62.9
1223,freegame,0.0,32.0
1224,freegame,0.0,288.0
1225,freegame,0.0,97.2
1226,freegame,0.0,253.6
1227,freegame,0.0,1885.1
1228,freegame,0.0,0.6
1229,freegame,0.0,70.2
1230,freegame,0.0,1559.2
1231,freegame,2.4,108.0
1232,freegame,0.0,1.2
1233,freegame,1.2,580.2
1234,freegame,0.1,42.8
1235,freegame,0.0,40.0
1236,freegame,0.0,86.0
1237,freegame,0.0,0.0
1238,freegame,0.0,20.3
1239,freegame,0.0,3.5
1240,freegame,0.0,29.2
1241,freegame,0.0,66.0
1242,freegame,0.8,2.4
1243,freegame,1.0,1431.6
1244,freegame,0.0,205.6
1245,freegame,0.0,1060.7
1246,freegame,0.0,2.2
1247,freegame,0.0,22.0
1248,freegame,0.0,18.4
1249,freegame,0.0,95.0
1250,freegame,0.8,60.0
1251,freegame,0.0,0.0
1252,freegame,0.0,215.2
1253,freegame,0.0,37.2
1254,freegame,0.0,0.0
1255,freegame,0.0,30.0
1256,freegame,0.0,0.0
1257,freegame,0.0,25.1
1258,freegame,0.0,1102.8
1259,freegame,0.0,116.0
1260,freegame,0.0,10.0
1261,freegame,0.0,451.2
1262,freegame,0.0,10.4
1263,freegame,0.1,1.2
1264,freegame,0.2,11.9
1265,freegame,0.0,5000
1266,freegame,0.0,7.4
1267,freegame,0.0,23.2
1268,freegame,0.0,675.9
1269,freegame,0.0,130.0
1270,freegame,0.0,34.7
1271,freegame,0.0,0.0
1272,freegame,0.0,83.0
1273,freegame,0.0,0.0
1274,freegame,2.0,599.8
1275,freegame,0.0,390.4
1276,freegame,0.8,13.2
1277,freegame,0.0,6.0
1278,freegame,0.0,59.2
1279,freegame,0.0,424.1
1280,freegame,0.0,602.4
1281,freegame,0.0,9.6
1282,freegame,0.0,6.0
1283,freegame,0.0,4.8
1284,freegame,0.0,37.4
1285,freegame,0.0,3.0
1286,freegame,0.0,6.6
1287,freegame,2.4,18.6
1288,freegame,0.2,0.0
1289,freegame,0.0,21.6
1290,freegame,0.0,27.2
1291,freegame,0.0,158.0
1292,freegame,0.0,372.0
1293,freegame,0.0,60.0
1294,freegame,0.0,132.0
1295,freegame,0.0,5.0
1296,freegame,0.0,57.6
1297,freegame,0.0,0.2
1298,freegame,0.0,324.0
1299,freegame,0.0,152.4
1300,freegame,16.0,22.4
1301,freegame,0.0,12.0
1302,freegame,0.0,174.0
1303,freegame,0.0,8.8
1304,freegame,0.4,683.0
1305,freegame,0.0,1356.3
1306,freegame,0.0,153.4
1307,freegame,0.0,13.2
1308,freegame,0.0,4.8
1309,freegame,0.0,2882.4
1310,freegame,2.0,32.0
1311,freegame,0.0,0.0
1312,freegame,0.0,8.8
1313,freegame,0.0,0.0
1314,freegame,0.0,0.0
1315,freegame,0.0,29.6
1316,freegame,0.0,5000
1317,freegame,0.0,151.2
1318,freegame,0.0,5000
1319,freegame,0.0,528.2
1320,freegame,0.0,132.0
1321,freegame,0.0,9.2
1322,freegame,0.2,290.4
1323,freegame,0.0,0.0
1324,freegame,0.0,5000
1325,freegame,0.0,20.0
1326,freegame,0.0,0.0
1327,freegame,0.0,1.6
1328,freegame,0.0,136.8
1329,freegame,0.0,100.0
1330,freegame,0.0,56.8
1331,freegame,0.0,60.2
1332,freegame,4.0,0.0
1333,freegame,0.0,54.6
1334,freegame,0.0,170.4
1335,freegame,0.0,665.4
1336,freegame,0.0,16.0
1337,freegame,0.0,1885.2
1338,freegame,0.0,5000
1339,freegame,0.0,4.0
1340,freegame,0.0,84.4
1341,freegame,0.0,11.0
1342,freegame,0.0,5.6
1343,freegame,0.0,153.0
1344,freegame,0.0,0.0
1345,freegame,0.0,0.5
1346,freegame,0.0,21.6
1347,freegame,0.0,1410.7
1348,freegame,0.0,178.6
1349,freegame,0.0,16.0
1350,freegame,1.2,34.8
1351,freegame,0.0,152.9
1352,freegame,0.0,30.6
1353,freegame,0.0,0.8
1354,freegame,0.0,1.2
1355,freegame,48.0,162.0
1356,freegame,0.0,22.6
1357,freegame,0.0,1.0
1358,freegame,0.0,12.4
1359,freegame,0.0,5000
1360,freegame,0.0,40.2
1361,freegame,0.0,35.0
1362,freegame,2.0,61.6
1363,freegame,0.0,92.4
1364,freegame,0.0,472.2
1365,freegame,0.0,305.0
1366,freegame,0.0,94.8
1367,freegame,0.0,12.4
1368,freegame,0.0,4.0
1369,freegame,0.0,19.2
1370,freegame,0.0,797.2
1371,freegame,0.0,18.2
1372,freegame,0.0,0.8
1373,freegame,1.2,0.4
1374,freegame,0.0,234.0
1375,freegame,0.8,888.0
1376,freegame,0.0,1.4
1377,freegame,0.0,40.4
1378,freegame,0.0,14.2
1379,freegame,0.0,266.0
1380,freegame,0.0,79.0
1381,freegame,0.0,31.2
1382,freegame,0.0,126.5
1383,freegame,0.2,253.8
1384,freegame,0.0,0.0
1385,freegame,0.0,4.4
1386,freegame,0.0,1371.0
1387,freegame,0.0,72.0
1388,freegame,0.0,73.0
1389,freegame,0.0,12.8
1390,freegame,0.0,95.0
1391,freegame,0.1,2.4
1392,freegame,0.0,20.2
1393,freegame,0.0,0.0
1394,freegame,0.0,1281.4
1395,freegame,0.0,167.8
1396,freegame,0.0,172.0
1397,freegame,0.0,184.0
1398,freegame,0.0,77.0
1399,freegame,0.0,0.0
1400,freegame,0.0,3.0
1401,freegame,0.0,78.0
1402,freegame,0.0,834.0
1403,freegame,0.0,99.4
1404,freegame,0.0,56.0
1405,freegame,0.0,14.8
1406,freegame,0.0,204.0
1407,freegame,0.0,8.0
1408,freegame,0.0,30.2
1409,freegame,0.0,43.0
1410,freegame,0.0,1286.5
1411,freegame,0.0,79.5
1412,freegame,1.2,11.6
1413,freegame,0.0,7.2
1414,freegame,0.0,41.6
1415,freegame,0.0,4.0
1416,freegame,0.4,56.0
1417,freegame,0.0,9.8
1418,freegame,0.0,38.8
1419,freegame,0.0,96.0
1420,freegame,0.0,2.4
1421,freegame,0.0,4.8
1422,freegame,0.0,82.4
1423,freegame,0.0,0.2
1424,freegame,0.0,8.7
1425,freegame,0.0,48.1
1426,freegame,0.0,0.8
1427,freegame,0.0,6.8
1428,freegame,0.0,20.6
1429,freegame,0.0,5000
1430,freegame,0.0,0.0
1431,freegame,0.0,218.0
1432,freegame,0.0,8.8
1433,freegame,0.0,91.0
1434,freegame,0.0,1733.2
1435,freegame,0.0,8.9
1436,freegame,0.2,1.0
1437,freegame,0.0,15.0
1438,freegame,0.0,0.4
1439,freegame,0.0,1635.2
1440,freegame,0.0,1314.0
1441,freegame,0.0,5000
1442,freegame,0.0,6.2
1443,freegame,0.0,7.3
1444,freegame,0.0,4.8
1445,freegame,1.6,0.0
1446,freegame,0.0,1728.0
1447,freegame,0.0,0.0
1448,freegame,0.0,0.2
1449,freegame,0.0,0.8
1450,freegame,0.0,5000
1451,freegame,0.0,33.6
1452,freegame,0.0,0.0
1453,freegame,0.0,392.2
1454,freegame,0.0,59.2
1455,freegame,0.0,3.2
1456,freegame,0.0,128.4
1457,freegame,0.0,93.8
1458,freegame,0.0,1665.0
1459,freegame,0.0,121.0
1460,freegame,0.0,1.2
1461,freegame,0.0,14.4
1462,freegame,0.0,276.8
1463,freegame,0.0,9.6
1464,freegame,0.0,0.0
1465,freegame,0.0,34.2
1466,freegame,0.0,12.0
1467,freegame,0.0,0.0
1468,freegame,0.0,173.0
1469,freegame,0.0,1572.8
1470,freegame,0.0,1.6
1471,freegame,0.2,108.8
1472,freegame,0.0,217.2
1473,freegame,0.0,39.0
1474,freegame,0.0,509.2
1475,freegame,0.0,0.0
1476,freegame,0.0,0.0
1477,freegame,0.0,20.0
1478,freegame,0.0,98.4
1479,freegame,0.0,4822.4
1480,freegame,0.0,598.9
1481,freegame,0.0,27.2
1482,freegame,0.0,1.0
1483,freegame,0.0,4.0
1484,freegame,0.0,49.5
1485,freegame,8.0,30.8
1486,freegame,0.0,1.0
1487,freegame,0.8,276.8
1488,freegame,0.0,60.0
1489,freegame,0.0,182.0
1490,freegame,0.0,4.0
1491,freegame,0.0,0.0
1492,freegame,0.0,2.6
1493,freegame,0.0,23.2
1494,freegame,0.8,810.0
1495,freegame,0.0,2.0
1496,freegame,0.0,26.4
1497,freegame,0.0,0.0
1498,freegame,0.0,18.2
1499,freegame,0.0,3.8
1500,freegame,0.0,400.0
1501,freegame,0.0,1.8
1502,freegame,0.0,264.0
1503,freegame,0.0,821.0
1504,freegame,0.8,123.2
1505,freegame,0.0,0.8
1506,freegame,0.0,75.0
1507,freegame,0.0,172.0
1508,freegame,0.0,1.4
1509,freegame,0.0,113.3
1510,freegame,0.0,259.2
1511,freegame,0.0,394.6
1512,freegame,0.0,149.4
1513,freegame,0.0,124.2
1514,freegame,0.0,12.7
1515,freegame,0.0,4.2
1516,freegame,0.0,268.8
1517,freegame,0.0,272.1
1518,freegame,0.0,596.0
1519,freegame,0.0,0.0
1520,freegame,0.0,9.8
1521,freegame,0.0,5.0
1522,freegame,0.0,58.5
1523,freegame,0.0,3.2
1524,freegame,0.6,221.2
1525,freegame,0.0,1.6
1526,freegame,0.0,39.6
1527,freegame,0.0,330.5
1528,freegame,0.0,230.8
1529,freegame,0.0,0.0
1530,freegame,0.0,7.4
1531,freegame,0.0,5.8
1532,freegame,0.0,179.0
1533,freegame,0.0,0.0
1534,freegame,1.2,6.4
1535,freegame,0.0,2065.6
1536,freegame,3.2,1.0
1537,freegame,0.0,68.2
1538,freegame,0.0,1.6
1539,freegame,0.0,26.8
1540,freegame,0.0,0.4
1541,freegame,0.0,348.4
1542,freegame,0.0,422.2
1543,freegame,0.0,40.2
1544,freegame,0.0,1042.5
1545,freegame,0.0,0.0
1546,freegame,0.0,164.2
1547,freegame,0.0,9.0
1548,freegame,0.0,140.8
1549,freegame,0.0,15.4
1550,freegame,3.2,22.0
1551,freegame,0.0,19.4
1552,freegame,0.0,495.0
1553,freegame,0.0,1981.0
1554,freegame,0.0,0.0
1555,freegame,0.8,167.6
1556,freegame,0.0,1440.0
1557,freegame,0.0,150.6
1558,freegame,0.0,116.9
1559,freegame,0.0,36.4
1560,freegame,0.0,5000
1561,freegame,0.0,50.4
1562,freegame,0.0,156.0
1563,freegame,0.0,554.5
1564,freegame,0.0,8.2
1565,freegame,4.0,4.0
1566,freegame,0.0,137.6
1567,freegame,0.0,531.0
1568,freegame,0.3,13.2
1569,freegame,0.0,61.0
1570,freegame,1.0,5000
1571,freegame,0.0,63.8
1572,freegame,0.0,26.4
1573,freegame,0.0,17.6
1574,freegame,0.0,48.2
1575,freegame,0.0,31.2
1576,freegame,0.0,24.0
1577,freegame,0.4,9.6
1578,freegame,0.0,299.0
1579,freegame,0.0,7.8
1580,freegame,0.0,1.6
1581,freegame,0.0,0.4
1582,freegame,0.0,339.8
1583,freegame,0.0,288.1
1584,freegame,0.0,1035.8
1585,freegame,0.0,641.6
1586,freegame,0.0,176.3
1587,freegame,0.0,0.0
1588,freegame,0.0,24.0
1589,freegame,0.0,54.0
1590,freegame,0.0,43.7
1591,freegame,0.0,14.6
1592,freegame,0.0,8.0
1593,freegame,0.0,10.1
1594,freegame,0.4,29.6
1595,freegame,0.0,0.9
1596,freegame,0.0,0.0
1597,freegame,0.0,68.8
1598,freegame,0.0,2.4
1599,freegame,0.0,9.6
1600,freegame,0.0,0.0
1601,freegame,0.0,5000
1602,freegame,0.0,16.9
1603,freegame,0.0,66.8
1604,freegame,0.0,2.5
1605,freegame,0.0,60.0
1606,freegame,0.0,35.2
1607,freegame,0.0,2.4
1608,freegame,0.0,318.8
1609,freegame,0.0,0.0
1610,freegame,0.0,31.0
1611,freegame,0.0,25.6
1612,freegame,0.0,1.6
1613,freegame,0.0,5.5
1614,freegame,0.0,34.2
1615,freegame,0.0,20.5
1616,freegame,0.0,596.6
1617,freegame,0.0,92.1
1618,freegame,0.0,1110.0
1619,freegame,0.6,25.2
1620,freegame,0.0,0.0
1621,freegame,0.0,69.8
1622,freegame,0.0,3546.6
1623,freegame,0.0,50.8
1624,freegame,0.0,35.6
1625,freegame,0.0,4.0
1626,freegame,0.0,900.8
1627,freegame,0.0,0.0
1628,freegame,0.0,2.0
1629,freegame,0.0,836.8
1630,freegame,0.0,5000
1631,freegame,0.0,94.4
1632,freegame,0.0,0.0
1633,freegame,0.0,41.6
1634,freegame,0.0,6.8
1635,freegame,0.0,35.7
1636,freegame,0.0,247.2
1637,freegame,0.0,20.0
1638,freegame,0.0,78.0
1639,freegame,0.0,0.8
1640,freegame,0.0,33.4
1641,freegame,0.0,1038.4
1642,freegame,0.0,44.8
1643,freegame,0.0,92.8
1644,freegame,0.0,5.6
1645,freegame,0.0,9.6
1646,freegame,0.0,32.0
1647,freegame,0.0,6.0
1648,freegame,0.0,60.0
1649,freegame,0.0,60.0
1650,freegame,0.0,20.0
1651,freegame,0.0,8.0
1652,freegame,0.0,696.0
1653,freegame,3.2,3072.0
1654,freegame,0.0,32.4
1655,freegame,0.0,145.0
1656,freegame,0.0,0.2
1657,freegame,0.0,145.2
1658,freegame,0.0,386.4
1659,freegame,0.0,2.4
1660,freegame,0.0,92.2
1661,freegame,0.0,2.8
1662,freegame,0.0,36.0
1663,freegame,0.0,37.2
1664,freegame,0.0,153.0
1665,freegame,0.0,18.8
1666,freegame,0.0,5000
1667,freegame,0.0,0.8
1668,freegame,0.0,921.0
1669,freegame,0.0,491.2
1670,freegame,0.0,68.5
1671,freegame,0.0,1152.0
1672,freegame,0.0,18.0
1673,freegame,2.4,64.2
1674,freegame,0.0,254.4
1675,freegame,0.0,40.8
1676,freegame,0.0,136.4
1677,freegame,0.0,208.8
1678,freegame,0.0,197.2
1679,freegame,0.0,2786.0
1680,freegame,0.0,104.9
1681,freegame,0.0,63.6
1682,freegame,0.0,5.6
1683,freegame,0.0,57.6
1684,freegame,0.0,746.9
1685,freegame,0.0,64.0
1686,freegame,0.8,246.0
1687,freegame,0.0,258.6
1688,freegame,0.0,52.0
1689,freegame,0.0,674.2
1690,freegame,0.2,2.4
1691,freegame,0.0,18.8
1692,freegame,0.0,76.2
1693,freegame,0.0,0.6
1694,freegame,0.0,8.4
1695,freegame,0.0,0.0
1696,freegame,0.0,14.5
1697,freegame,0.0,2986.6
1698,freegame,0.0,95.2
1699,freegame,0.0,112.0
1700,freegame,0.0,8.4
1701,freegame,0.0,0.0
1702,freegame,0.0,118.0
1703,freegame,0.0,16.2
1704,freegame,0.0,0.0
1705,freegame,0.0,2664.4
1706,freegame,0.0,6.0
1707,freegame,0.0,23.4
1708,freegame,0.0,11.4
1709,freegame,0.0,2096.2
1710,freegame,0.0,0.0
1711,freegame,0.0,72.8
1712,freegame,0.2,10.0
1713,freegame,0.0,191.0
1714,freegame,0.0,5000
1715,freegame,0.0,4.6
1716,freegame,0.0,6.2
1717,freegame,0.0,56.0
1718,freegame,0.0,19.4
1719,freegame,0.0,4.0
1720,freegame,0.0,82.6
1721,freegame,0.0,1679.2
1722,freegame,0.0,12.0
1723,freegame,0.0,596.2
1724,freegame,0.0,9.8
1725,freegame,0.0,33.5
1726,freegame,0.0,96.0
1727,freegame,0.0,60.0
1728,freegame,0.0,275.4
1729,freegame,0.0,19.4
1730,freegame,0.0,142.4
1731,freegame,0.0,4.1
1732,freegame,0.1,16.8
1733,freegame,0.0,33.2
1734,freegame,0.0,5.6
1735,freegame,0.0,0.0
1736,freegame,0.0,9.6
1737,freegame,0.0,25.0
1738,freegame,0.0,0.4
1739,freegame,0.0,2.6
1740,freegame,0.0,2.8
1741,freegame,0.0,0.0
1742,freegame,0.0,111.6
1743,freegame,0.0,11.6
1744,freegame,0.0,70.4
1745,freegame,0.0,0.8
1746,freegame,0.0,432.0
1747,freegame,0.0,240.8
1748,freegame,0.0,1002.6
1749,freegame,0.0,13.6
1750,freegame,0.0,128.0
1751,freegame,0.0,66.6
1752,freegame,0.0,166.0
1753,freegame,0.0,1.6
1754,freegame,0.0,5.6
1755,freegame,0.0,9.6
1756,freegame,1.6,12.0
1757,freegame,0.0,34.4
1758,freegame,0.0,5000
1759,freegame,0.0,1.2
1760,freegame,0.0,52.7
1761,freegame,0.0,109.2
1762,freegame,0.0,0.0
1763,freegame,0.0,275.2
1764,freegame,0.0,9.8
1765,freegame,0.0,85.2
1766,freegame,0.0,37.2
1767,freegame,0.0,263.2
1768,freegame,0.0,6.9
1769,freegame,0.0,1126.4
1770,freegame,0.0,585.2
1771,freegame,0.0,993.4
1772,freegame,0.0,1589.0
1773,freegame,0.0,1387.8
1774,freegame,0.0,144.0
1775,freegame,0.0,1068.6
1776,freegame,0.0,18.0
1777,freegame,0.0,336.0
1778,freegame,0.0,10.8
1779,freegame,0.0,4.0
1780,freegame,0.0,1.6
1781,freegame,0.0,376.8
1782,freegame,0.0,200.0
1783,freegame,0.4,13.6
1784,freegame,0.0,296.2
1785,freegame,0.0,70.0
1786,freegame,0.0,908.0
1787,freegame,0.0,61.8
1788,freegame,0.0,44.0
1789,freegame,0.0,272.8
1790,freegame,0.0,1086.0
1791,freegame,0.0,9.4
1792,freegame,0.0,498.5
1793,freegame,0.0,321.6
1794,freegame,0.0,5000
1795,freegame,0.0,67.6
1796,freegame,0.0,49.0
1797,freegame,0.0,2.0
1798,freegame,0.0,12.0
1799,freegame,0.0,6.4
1800,freegame,0.0,88.0
1801,freegame,0.0,10.2
1802,freegame,0.4,75.6
1803,freegame,0.0,0.0
1804,freegame,0.0,1866.0
1805,freegame,0.0,0.0
1806,freegame,0.0,18.4
1807,freegame,0.4,1192.4
1808,freegame,0.0,66.0
1809,freegame,0.0,10.0
1810,freegame,0.0,2530.0
1811,freegame,0.0,2.8
1812,freegame,0.0,0.4
1813,freegame,0.0,70.8
1814,freegame,0.0,12.0
1815,freegame,0.0,81.4
1816,freegame,0.0,48.4
1817,freegame,1.2,20.8
1818,freegame,0.0,4340.4
1819,freegame,0.0,723.2
1820,freegame,0.0,0.4
1821,freegame,0.0,990.0
1822,freegame,0.0,62.6
1823,freegame,0.0,88.4
1824,freegame,0.0,266.4
1825,freegame,0.0,208.8
1826,freegame,0.0,58.4
1827,freegame,0.0,32.1
1828,freegame,0.0,467.2
1829,freegame,0.0,105.7
1830,freegame,0.0,4.0
1831,freegame,0.0,1944.0
1832,freegame,0.2,818.0
1833,freegame,0.0,40.0
1834,freegame,0.0,54.8
1835,freegame,0.0,36.4
1836,freegame,0.0,6.4
1837,freegame,0.0,10.4
1838,freegame,0.0,87.4
1839,freegame,0.0,22.4
1840,freegame,0.0,20.2
1841,freegame,0.0,941.6
1842,freegame,0.0,0.4
1843,freegame,0.0,2.8
1844,freegame,0.0,3.2
1845,freegame,0.0,24.8
1846,freegame,0.0,3.6
1847,freegame,0.0,20.8
1848,freegame,0.0,42.7
1849,freegame,2.4,6.8
1850,freegame,0.0,505.6
1851,freegame,0.0,179.0
1852,freegame,0.0,2.4
1853,freegame,0.0,17.6
1854,freegame,0.0,0.0
1855,freegame,0.4,4.8
1856,freegame,0.0,2.6
1857,freegame,0.0,4.0
1858,freegame,0.0,29.2
1859,freegame,0.0,80.4
1860,freegame,0.0,53.0
1861,freegame,0.0,20.0
1862,freegame,0.0,5.1
1863,freegame,0.0,46.8
1864,freegame,0.0,16.6
1865,freegame,0.0,17.7
1866,freegame,0.0,43.2
1867,freegame,2.0,28.1
1868,freegame,0.0,0.0
1869,freegame,0.0,2.0
1870,freegame,0.0,330.2
1871,freegame,0.0,228.0
1872,freegame,0.0,28.2
1873,freegame,0.0,57.6
1874,freegame,0.0,27.6
1875,freegame,0.0,8.0
1876,freegame,0.0,24.2
1877,freegame,0.0,130.0
1878,freegame,0.0,507.0
1879,freegame,0.0,990.0
1880,freegame,0.0,70.4
1881,freegame,0.0,6.0
1882,freegame,0.0,11.2
1883,freegame,0.0,29.6
1884,freegame,0.0,2.0
1885,freegame,0.0,5.8
1886,freegame,0.0,32.0
1887,freegame,0.0,3.2
1888,freegame,0.0,255.6
1889,freegame,0.0,230.2
1890,freegame,0.0,2756.4
1891,freegame,0.0,24.0
1892,freegame,0.0,0.0
1893,freegame,0.0,31.2
1894,freegame,0.4,318.4
1895,freegame,0.0,0.0
1896,freegame,0.0,88.8
1897,freegame,0.0,1.6
1898,freegame,0.0,4.8
1899,freegame,0.0,29.3
1900,freegame,0.0,67.2
1901,freegame,0.0,16.3
1902,freegame,0.0,801.6
1903,freegame,0.0,235.2
1904,freegame,0.4,28.0
1905,freegame,0.0,28.4
1906,freegame,0.0,3.2
1907,freegame,0.0,560.0
1908,freegame,0.0,14.2
1909,freegame,0.0,59.2
1910,freegame,0.0,34.4
1911,freegame,0.0,60.8
1912,freegame,0.0,118.7
1913,freegame,0.0,3.4
1914,freegame,0.0,263.4
1915,freegame,0.0,20.0
1916,freegame,0.0,107.2
1917,freegame,0.0,360.8
1918,freegame,0.0,4.8
1919,freegame,0.0,323.6
1920,freegame,0.0,304.4
1921,freegame,0.0,72.0
1922,freegame,0.0,59.4
1923,freegame,0.0,5.2
1924,freegame,0.0,12.0
1925,freegame,0.0,29.0
1926,freegame,0.0,10.8
1927,freegame,0.0,225.4
1928,freegame,0.0,4.0
1929,freegame,0.4,13.2
1930,freegame,0.0,147.0
1931,freegame,0.0,835.0
1932,freegame,0.0,12.8
1933,freegame,0.0,85.8
1934,freegame,0.0,277.0
1935,freegame,0.0,21.2
1936,freegame,0.0,15.6
1937,freegame,0.0,19.0
1938,freegame,0.0,13.0
1939,freegame,0.0,811.6
1940,freegame,0.0,173.2
1941,freegame,0.0,212.4
1942,freegame,0.8,0.0
1943,freegame,0.0,1.0
1944,freegame,0.0,1444.0
1945,freegame,0.0,2462.2
1946,freegame,0.0,0.0
1947,freegame,0.0,3.2
1948,freegame,0.0,2.8
1949,freegame,0.0,18.0
1950,freegame,0.0,292.0
1951,freegame,0.0,15.2
1952,freegame,0.0,362.4
1953,freegame,0.0,7.2
1954,freegame,0.0,2466.0
1955,freegame,0.0,1869.6
1956,freegame,0.0,65.7
1957,freegame,0.0,32.0
1958,freegame,0.0,578.4
1959,freegame,0.0,0.4
1960,freegame,0.0,453.8
1961,freegame,0.0,468.4
1962,freegame,0.0,528.0
1963,freegame,0.0,245.6
1964,freegame,0.0,3724.4
1965,freegame,0.0,0.8
1966,freegame,0.0,70.6
1967,freegame,0.0,36.4
1968,freegame,4.0,0.8
1969,freegame,0.0,2.8
1970,freegame,0.0,0.0
1971,freegame,0.0,9.6
1972,freegame,0.2,43.0
1973,freegame,0.0,25.8
1974,freegame,0.0,14.4
1975,freegame,0.0,12.9
1976,freegame,0.0,2.8
1977,freegame,0.0,154.0
1978,freegame,0.0,81.8
1979,freegame,0.0,18.3
1980,freegame,0.0,649.6
1981,freegame,0.0,0.0
1982,freegame,0.0,19.2
1983,freegame,0.0,424.8
1984,freegame,0.0,52.0
1985,freegame,0.0,24.0
1986,freegame,0.0,10.0
1987,freegame,0.0,294.5
1988,freegame,0.0,0.0
1989,freegame,0.0,106.0
1990,freegame,0.0,353.4
1991,freegame,0.0,8.0
1992,freegame,0.0,15.6
1993,freegame,0.0,467.6
1994,freegame,0.0,28.3
1995,freegame,0.4,13.6
1996,freegame,0.0,55.6
1997,freegame,0.0,47.0
1998,freegame,0.0,947.0
1999,freegame,0.0,38.2
2000,freegame,0.0,8.0
2001,freegame,0.0,15.0
2002,freegame,0.0,8.4
2003,freegame,0.0,75.0
2004,freegame,0.8,90.2
2005,freegame,0.0,62.8
2006,freegame,0.0,38.8
2007,freegame,0.0,6.8
2008,freegame,0.0,80.8
2009,freegame,0.0,5.2
2010,freegame,0.0,87.6
2011,freegame,0.0,10.0
2012,freegame,0.0,12.0
2013,freegame,0.0,24.8
2014,freegame,0.0,192.0
2015,freegame,0.0,1428.5
2016,freegame,0.0,46.0
2017,freegame,0.0,9.2
2018,freegame,2.4,31.8
2019,freegame,0.0,48.0
2020,freegame,0.0,108.8
2021,freegame,0.0,17.6
2022,freegame,0.0,21.0
2023,freegame,0.0,14.8
2024,freegame,0.0,45.2
2025,freegame,0.0,0.2
2026,freegame,0.0,35.8
2027,freegame,0.0,7.1
2028,freegame,0.0,26.8
2029,freegame,0.0,108.8
2030,freegame,0.0,49.1
2031,freegame,0.0,37.0
2032,freegame,0.0,26.6
2033,freegame,0.0,1192.4
2034,freegame,0.0,0.0
2035,freegame,0.0,7.2
2036,freegame,0.0,1349.6
2037,freegame,2.4,7.2
2038,freegame,0.0,2.8
2039,freegame,0.0,52.0
2040,freegame,0.0,165.0
2041,freegame,0.0,300.0
2042,freegame,0.0,64.0
2043,freegame,0.0,1330.0
2044,freegame,0.0,19.8
2045,freegame,0.0,1004.8
2046,freegame,0.4,68.8
2047,freegame,0.0,64.4
2048,freegame,0.0,20.8
2049,freegame,0.0,12.0
2050,freegame,0.0,0.0
2051,freegame,0.0,3582.0
2052,freegame,0.0,0.0
2053,freegame,0.0,244.0
2054,freegame,0.0,63.2
2055,freegame,0.0,9.6
2056,freegame,0.0,148.2
2057,freegame,0.0,25.6
2058,freegame,0.0,96.0
2059,freegame,0.0,225.4
2060,freegame,0.0,636.6
2061,freegame,0.0,779.2
2062,freegame,0.0,5.4
2063,freegame,0.0,416.8
2064,freegame,0.0,20.0
2065,freegame,0.0,5.6
2066,freegame,0.0,1680.0
2067,freegame,0.8,396.5
2068,freegame,0.0,125.4
2069,freegame,1.6,43.1
2070,freegame,0.0,16.0
2071,freegame,0.4,49.5
2072,freegame,0.0,695.1
2073,freegame,3.2,202.8
2074,freegame,0.0,20.0
2075,freegame,0.0,1149.7
2076,freegame,0.0,36.0
2077,freegame,0.0,115.7
2078,freegame,0.0,0.0
2079,freegame,0.0,7.4
2080,freegame,0.0,9.6
2081,freegame,0.0,216.0
2082,freegame,0.0,90.8
2083,freegame,0.0,385.6
2084,freegame,0.0,5000
2085,freegame,0.0,6.0
2086,freegame,0.0,0.0
2087,freegame,0.0,12.0
2088,freegame,0.0,309.7
2089,freegame,0.0,0.0
2090,freegame,0.0,318.6
2091,freegame,0.8,7.6
2092,freegame,0.0,137.2
2093,freegame,0.0,73.2
2094,freegame,0.0,183.6
2095,freegame,0.0,149.0
2096,freegame,0.0,2.4
2097,freegame,0.0,132.0
2098,freegame,0.0,7.4
2099,freegame,0.0,3138.4
2100,freegame,0.0,38.3
2101,freegame,0.0,23.4
2102,freegame,2.0,72.8
2103,freegame,0.0,34.6
2104,freegame,0.0,18.6
2105,freegame,0.0,107.3
2106,freegame,0.0,96.0
2107,freegame,0.0,23.8
2108,freegame,0.0,70.4
2109,freegame,0.4,137.2
2110,freegame,0.0,51.6
2111,freegame,0.0,2.4
2112,freegame,0.0,0.0
2113,freegame,0.0,17.0
2114,freegame,0.0,5000
2115,freegame,0.0,0.0
2116,freegame,0.0,0.0
2117,freegame,0.0,40.8
2118,freegame,0.0,22.0
2119,freegame,0.0,26.8
2120,freegame,0.0,145.4
2121,freegame,0.0,209.6
2122,freegame,0.0,412.0
2123,freegame,0.4,99.6
2124,freegame,0.0,12.4
2125,freegame,0.8,4.0
2126,freegame,0.0,77.2
2127,freegame,0.0,306.0
2128,freegame,0.0,2.0
2129,freegame,0.0,54.2
2130,freegame,4.0,387.2
2131,freegame,0.0,8.0
2132,freegame,0.0,2.8
2133,freegame,0.0,7.8
2134,freegame,2.4,360.8
2135,freegame,0.0,8.8
2136,freegame,0.0,0.0
2137,freegame,0.0,192.0
2138,freegame,0.0,2405.6
2139,freegame,0.0,308.4
2140,freegame,0.0,3.2
2141,freegame,0.0,5000
2142,freegame,0.0,78.0
2143,freegame,1.6,698.8
2144,freegame,0.3,0.0
2145,freegame,0.0,332.6
2146,freegame,0.0,5.2
2147,freegame,0.0,2317.5
2148,freegame,0.0,260.2
2149,freegame,0.0,106.0
2150,freegame,0.8,50.6
2151,freegame,0.0,40.8
2152,freegame,0.0,73.2
2153,freegame,0.0,1959.9
2154,freegame,0.0,6.6
2155,freegame,0.0,0.0
2156,freegame,0.0,0.0
2157,freegame,0.0,0.0
2158,freegame,0.0,0.0
2159,freegame,0.0,10.4
2160,freegame,0.0,4.4
2161,freegame,0.0,96.8
2162,freegame,0.0,0.0
2163,freegame,0.0,113.6
2164,freegame,0.0,66.5
2165,freegame,0.0,348.0
2166,freegame,0.0,3.2
2167,freegame,0.0,1021.6
2168,freegame,1.6,0.2
2169,freegame,0.0,886.8
2170,freegame,0.0,5.0
2171,freegame,0.0,66.4
2172,freegame,0.0,586.6
2173,freegame,0.0,0.8
2174,freegame,0.0,40.8
2175,freegame,0.0,3.7
2176,freegame,0.0,35.0
2177,freegame,0.0,4.4
2178,freegame,0.0,0.0
2179,freegame,0.0,38.0
2180,freegame,0.0,3.6
2181,freegame,0.0,89.6
2182,freegame,0.0,211.0
2183,freegame,2.0,36.0
2184,freegame,0.0,196.2
2185,freegame,0.0,69.7
2186,freegame,0.0,97.1
2187,freegame,0.0,87.1
2188,freegame,0.0,110.0
2189,freegame,0.0,309.4
2190,freegame,0.0,20.4
2191,freegame,0.0,198.8
2192,freegame,0.0,230.1
2193,freegame,0.0,19.8
2194,freegame,0.0,82.4
2195,freegame,0.0,1.6
2196,freegame,0.0,5000
2197,freegame,0.0,99.4
2198,freegame,0.0,39.6
2199,freegame,0.0,1.0
2200,freegame,0.0,7.0
2201,freegame,0.0,3.2
2202,freegame,0.0,64.2
2203,freegame,0.0,3.0
2204,freegame,0.0,182.4
2205,freegame,0.0,6.4
2206,freegame,0.0,34.0
2207,freegame,0.0,207.8
2208,freegame,0.0,53.6
2209,freegame,0.0,288.0
2210,freegame,0.0,24.0
2211,freegame,0.0,0.0
2212,freegame,0.0,5.6
2213,freegame,0.0,3.0
2214,freegame,0.0,918.0
2215,freegame,0.0,17.2
2216,freegame,0.0,35.4
2217,freegame,0.0,29.6
2218,freegame,0.0,10.9
2219,freegame,0.0,4.0
2220,freegame,0.0,0.0
2221,freegame,0.0,12.0
2222,freegame,0.0,28.0
2223,freegame,1.6,0.0
2224,freegame,0.0,4.6
2225,freegame,0.0,3.2
2226,freegame,0.0,1276.8
2227,freegame,0.0,3.0
2228,freegame,0.0,1.0
2229,freegame,1.6,20.7
2230,freegame,0.0,1457.1
2231,freegame,0.4,0.0
2232,freegame,0.0,97.6
2233,freegame,0.0,1535.4
2234,freegame,0.0,4.8
2235,freegame,0.0,0.0
2236,freegame,0.0,74.6
2237,freegame,0.0,792.0
2238,freegame,0.0,2.4
2239,freegame,0.0,0.0
2240,freegame,0.0,5.6
2241,freegame,0.0,13.5
2242,freegame,0.0,0.0
2243,freegame,0.1,57.0
2244,freegame,0.0,389.0
2245,freegame,0.0,44.8
2246,freegame,0.0,476.0
2247,freegame,0.0,487.6
2248,freegame,0.0,528.7
2249,freegame,0.8,0.0
2250,freegame,0.0,440.0
2251,freegame,0.0,0.8
2252,freegame,0.0,41.6
2253,freegame,0.0,10.8
2254,freegame,0.0,74.8
2255,freegame,0.0,47.6
2256,freegame,0.0,125.8
2257,freegame,0.0,784.0
2258,freegame,0.0,5.2
2259,freegame,0.0,0.0
2260,freegame,0.0,45.9
2261,freegame,0.0,160.4
2262,freegame,0.0,107.0
2263,freegame,0.0,240.4
2264,freegame,0.0,263.8
2265,freegame,0.0,379.0
2266,freegame,0.0,426.0
2267,freegame,0.0,163.6
2268,freegame,0.0,1.5
2269,freegame,0.0,30.5
2270,freegame,0.0,110.4
2271,freegame,0.0,45.8
2272,freegame,0.0,157.0
2273,freegame,0.0,62.0
2274,freegame,0.0,412.6
2275,freegame,0.0,100.8
2276,freegame,0.0,48.5
2277,freegame,0.0,28.8
2278,freegame,0.0,2.4
2279,freegame,1.6,1565.6
2280,freegame,0.0,81.6
2281,freegame,0.0,72.0
2282,freegame,0.0,54.4
2283,freegame,0.0,0.8
2284,freegame,0.0,3.6
2285,freegame,0.0,900.0
2286,freegame,0.0,80.0
2287,freegame,0.0,161.4
2288,freegame,0.0,1716.8
2289,freegame,0.0,1162.8
2290,freegame,0.0,19.6
2291,freegame,0.0,6.2
2292,freegame,0.0,72.0
2293,freegame,0.0,35.6
2294,freegame,0.0,4.0
2295,freegame,0.0,406.0
2296,freegame,0.0,2.8
2297,freegame,0.0,131.4
2298,freegame,0.0,18.4
2299,freegame,0.0,4452.0
2300,freegame,0.0,113.6
2301,freegame,0.0,256.2
2302,freegame,0.0,380.2
2303,freegame,0.0,66.6
2304,freegame,0.4,32.4
2305,freegame,0.0,410.8
2306,freegame,0.0,53.7
2307,freegame,0.0,1079.0
2308,freegame,0.0,3.3
2309,freegame,0.0,0.0
2310,freegame,0.0,31.2
2311,freegame,0.0,25.6
2312,freegame,0.0,98.9
2313,freegame,0.0,772.6
2314,freegame,0.0,3282.4
2315,freegame,0.0,12.0
2316,freegame,0.0,4.4
2317,freegame,0.0,129.2
2318,freegame,0.0,2.4
2319,freegame,0.0,189.0
2320,freegame,0.0,371.2
2321,freegame,0.0,8.0
2322,freegame,0.0,15.8
2323,freegame,0.0,69.8
2324,freegame,0.0,57.6
2325,freegame,0.0,54.0
2326,freegame,0.0,8.0
2327,freegame,0.0,1781.0
2328,freegame,0.0,12.9
2329,freegame,0.0,18.2
2330,freegame,0.0,79.6
2331,freegame,0.0,0.0
2332,freegame,0.0,6.3
2333,freegame,0.0,6.0
2334,freegame,0.0,10.0
2335,freegame,0.0,133.8
2336,freegame,0.0,20.8
2337,freegame,0.0,56.2
2338,freegame,0.6,6.0
2339,freegame,0.0,144.0
2340,freegame,0.0,104.0
2341,freegame,0.0,3.6
2342,freegame,0.0,16.0
2343,freegame,0.0,0.0
2344,freegame,0.0,263.2
2345,freegame,0.0,18.0
2346,freegame,0.0,9.6
2347,freegame,0.0,29.6
2348,freegame,0.0,22.0
2349,freegame,0.0,402.4
2350,freegame,0.0,224.8
2351,freegame,0.0,17.0
2352,freegame,0.0,973.2
2353,freegame,0.0,54.0
2354,freegame,0.0,1764.0
2355,freegame,0.0,388.2
2356,freegame,0.0,541.1
2357,freegame,0.0,506.6
2358,freegame,0.0,266.2
2359,freegame,0.0,160.0
2360,freegame,0.0,9.0
2361,freegame,0.0,0.0
2362,freegame,0.0,183.6
2363,freegame,0.0,34.6
2364,freegame,1.6,40.0
2365,freegame,0.0,0.8
2366,freegame,0.0,5.2
2367,freegame,0.0,120.8
2368,freegame,0.0,21.0
2369,freegame,0.0,35.8
2370,freegame,0.0,0.0
2371,freegame,0.0,97.6
2372,freegame,0.0,11.2
2373,freegame,0.0,10.0
2374,freegame,0.0,0.0
2375,freegame,0.0,236.6
2376,freegame,0.0,6.2
2377,freegame,0.0,57.6
2378,freegame,0.0,12.8
2379,freegame,0.0,288.2
2380,freegame,0.0,246.8
2381,freegame,0.0,34.0
2382,freegame,0.0,39.2
2383,freegame,0.0,2.0
2384,freegame,0.0,2.4
2385,freegame,0.0,7.0
2386,freegame,1.2,114.0
2387,freegame,0.0,79.6
2388,freegame,0.0,10.2
2389,freegame,0.0,520.0
2390,freegame,0.0,35.6
2391,freegame,0.0,101.0
2392,freegame,0.0,9.6
2393,freegame,0.0,2824.0
2394,freegame,0.0,6.8
2395,freegame,0.0,2.0
2396,freegame,0.0,6.8
2397,freegame,0.0,31.4
2398,freegame,0.0,248.0
2399,freegame,0.0,0.0
2400,freegame,0.0,180.0
2401,freegame,0.2,18.4
2402,freegame,0.0,97.2
2403,freegame,0.0,6.0
2404,freegame,0.0,244.1
2405,freegame,0.0,24.0
2406,freegame,0.0,0.2
2407,freegame,0.1,42.0
2408,freegame,0.0,5000
2409,freegame,0.0,0.8
2410,freegame,0.0,13.6
2411,freegame,0.0,0.0
2412,freegame,0.0,183.6
2413,freegame,0.0,2.0
2414,freegame,0.0,58.0
2415,freegame,0.0,20.8
2416,freegame,0.0,0.0
2417,freegame,0.8,0.0
2418,freegame,0.0,74.4
2419,freegame,0.0,0.4
2420,freegame,0.0,27.2
2421,freegame,32.0,633.0
2422,freegame,0.0,647.6
2423,freegame,0.0,21.4
2424,freegame,0.0,104.0
2425,freegame,0.0,1024.8
2426,freegame,0.0,944.6
2427,freegame,0.4,137.7
2428,freegame,0.0,3.2
2429,freegame,0.0,51.8
2430,freegame,0.0,20.8
2431,freegame,0.0,340.6
2432,freegame,0.0,1.6
2433,freegame,0.0,104.0
2434,freegame,0.0,2.4
2435,freegame,0.0,1.8
2436,freegame,0.0,849.6
2437,freegame,0.0,180.0
2438,freegame,0.0,3.6
2439,freegame,8.0,35.0
2440,freegame,0.0,224.0
2441,freegame,0.0,0.0
2442,freegame,0.0,144.0
2443,freegame,0.0,0.0
2444,freegame,0.0,0.8
2445,freegame,0.0,174.6
2446,freegame,16.0,203.0
2447,freegame,0.0,4.5
2448,freegame,2.4,15.6
2449,freegame,0.0,3598.4
2450,freegame,0.0,458.4
2451,freegame,0.0,282.4
2452,freegame,0.0,54.0
2453,freegame,0.0,1716.0
2454,freegame,0.0,7.7
2455,freegame,0.0,75.2
2456,freegame,0.0,106.6
2457,freegame,0.0,26.0
2458,freegame,0.0,88.0
2459,freegame,0.0,29.6
2460,freegame,0.0,100.4
2461,freegame,0.0,81.0
2462,freegame,0.0,4.8
2463,freegame,0.0,16.8
2464,freegame,0.0,8.6
2465,freegame,0.0,3.6
2466,freegame,0.0,244.6
2467,freegame,0.0,115.2
2468,freegame,0.0,934.4
2469,freegame,0.8,7.5
2470,freegame,0.0,2841.8
2471,freegame,0.0,0.0
2472,freegame,0.0,67.2
2473,freegame,0.0,2192.0
2474,freegame,0.0,36.8
2475,freegame,0.0,51.1
2476,freegame,0.0,18.0
2477,freegame,0.0,5.0
2478,freegame,4.0,2.8
2479,freegame,0.0,10.0
2480,freegame,0.0,22.4
2481,freegame,0.0,170.9
2482,freegame,0.0,568.0
2483,freegame,0.0,4.8
2484,freegame,0.0,138.2
2485,freegame,0.0,21.6
2486,freegame,0.0,1954.7
2487,freegame,0.4,152.8
2488,freegame,0.0,51.9
2489,freegame,0.0,276.8
2490,freegame,0.0,5000
2491,freegame,0.0,67.2
2492,freegame,0.0,74.2
2493,freegame,0.0,49.6
2494,freegame,0.0,128.0
2495,freegame,0.0,64.0
2496,freegame,0.0,96.2
2497,freegame,0.0,156.0
2498,freegame,0.0,32.0
2499,freegame,0.0,16.0
2500,freegame,0.0,764.0
2501,freegame,0.0,8.0
2502,freegame,0.0,29.4
2503,freegame,0.0,1.0
2504,freegame,0.0,208.4
2505,freegame,0.0,23.6
2506,freegame,0.0,6.0
2507,freegame,0.0,2.4
2508,freegame,0.0,19.0
2509,freegame,0.0,14.4
2510,freegame,0.0,14.0
2511,freegame,0.0,0.4
2512,freegame,0.0,6.4
2513,freegame,0.0,21.0
2514,freegame,0.0,0.4
2515,freegame,0.0,3.2
2516,freegame,0.0,5000
2517,freegame,1.6,451.9
2518,freegame,0.0,101.2
2519,freegame,0.0,400.0
2520,freegame,0.0,152.6
2521,freegame,0.0,293.1
2522,freegame,0.0,166.6
2523,freegame,0.0,18.8
2524,freegame,0.0,12.0
2525,freegame,0.0,79.8
2526,freegame,0.0,12.0
2527,freegame,0.0,16.6
2528,freegame,0.0,404.1
2529,freegame,0.8,387.6
2530,freegame,0.0,9.0
2531,freegame,0.0,147.6
2532,freegame,0.0,20.0
2533,freegame,0.0,14.8
2534,freegame,0.0,308.0
2535,freegame,0.0,10.4
2536,freegame,0.0,34.3
2537,freegame,0.0,1.2
2538,freegame,0.0,37.6
2539,freegame,0.4,49.2
2540,freegame,0.0,675.2
2541,freegame,0.0,7.0
2542,freegame,0.0,28.0
2543,freegame,0.0,657.6
2544,freegame,0.0,261.6
2545,freegame,0.0,6.5
2546,freegame,0.0,0.0
2547,freegame,0.0,136.3
2548,freegame,0.0,0.8
2549,freegame,0.0,92.1
2550,freegame,0.0,167.2
2551,freegame,0.0,12.0
2552,freegame,0.0,23.4
2553,freegame,0.0,76.8
2554,freegame,0.0,4.8
2555,freegame,0.0,20.4
2556,freegame,0.0,0.6
2557,freegame,0.0,83.8
2558,freegame,0.0,236.0
2559,freegame,0.0,448.8
2560,freegame,0.0,32.0
2561,freegame,0.0,85.8
2562,freegame,0.0,143.6
2563,freegame,0.4,49.6
2564,freegame,0.0,1.6
2565,freegame,0.0,2.8
2566,freegame,0.0,3.8
2567,freegame,0.0,115.6
2568,freegame,0.0,5.8
2569,freegame,0.0,31.2
2570,freegame,0.0,73.5
2571,freegame,0.0,91.2
2572,freegame,0.0,20.0
2573,freegame,0.0,178.0
2574,freegame,0.0,7.2
2575,freegame,0.0,3.6
2576,freegame,0.0,0.4
2577,freegame,0.0,8.0
2578,freegame,0.0,11.2
2579,freegame,0.0,2.8
2580,freegame,0.0,41.3
2581,freegame,0.0,1490.0
2582,freegame,0.0,115.9
2583,freegame,0.0,7.6
2584,freegame,0.0,31.2
2585,freegame,0.0,20.0
2586,freegame,0.0,56.4
2587,freegame,0.0,4.3
2588,freegame,0.0,0.0
2589,freegame,0.0,28.8
2590,freegame,0.2,79.8
2591,freegame,0.0,162.0
2592,freegame,1.2,1636.6
2593,freegame,0.0,18.4
2594,freegame,0.0,2.4
2595,freegame,0.0,15.6
2596,freegame,0.0,48.0
2597,freegame,0.0,15.6
2598,freegame,0.0,80.8
2599,freegame,0.0,224.0
2600,freegame,0.0,0.0
2601,freegame,0.0,17.6
2602,freegame,1.6,63.6
2603,freegame,0.0,138.5
2604,freegame,0.0,84.0
2605,freegame,0.0,73.5
2606,freegame,0.0,151.0
2607,freegame,0.0,100.4
2608,freegame,0.0,30.4
2609,freegame,0.0,2.0
2610,freegame,0.0,2.4
2611,freegame,0.0,89.4
2612,freegame,0.0,29.0
2613,freegame,0.0,33.2
2614,freegame,0.0,288.6
2615,freegame,0.0,56.8
2616,freegame,0.0,36.2
2617,freegame,0.0,479.2
2618,freegame,0.0,83.0
2619,freegame,0.0,12.1
2620,freegame,0.0,120.4
2621,freegame,0.0,7.4
2622,freegame,0.0,214.2
2623,freegame,0.0,2.4
2624,freegame,0.0,139.6
2625,freegame,0.0,119.2
2626,freegame,0.0,7.0
2627,freegame,0.0,21.6
2628,freegame,0.0,66.4
2629,freegame,0.0,473.6
2630,freegame,2.0,13.2
2631,freegame,0.0,324.4
2632,freegame,0.4,320.0
2633,freegame,0.0,60.0
2634,freegame,0.0,112.0
2635,freegame,0.0,0.0
2636,freegame,0.0,822.4
2637,freegame,0.0,1998.4
2638,freegame,0.0,1.6
2639,freegame,0.0,429.8
2640,freegame,0.0,375.4
2641,freegame,0.0,212.8
2642,freegame,0.0,0.0
2643,freegame,0.0,94.1
2644,freegame,8.0,570.5
2645,freegame,0.0,7.2
2646,freegame,0.0,1260.0
2647,freegame,0.0,28.8
2648,freegame,0.0,1123.0
2649,freegame,0.0,0.0
2650,freegame,0.0,49.0
2651,freegame,0.0,60.8
2652,freegame,0.1,10.0
2653,freegame,0.0,108.5
2654,freegame,0.0,96.0
2655,freegame,0.0,76.8
2656,freegame,0.0,46.6
2657,freegame,0.0,4.4
2658,freegame,0.4,139.6
2659,freegame,0.0,0.0
2660,freegame,0.0,140.0
2661,freegame,0.0,7.0
2662,freegame,0.0,232.6
2663,freegame,0.2,9.6
2664,freegame,0.0,3640.0
2665,freegame,0.0,1325.0
2666,freegame,0.0,112.4
2667,freegame,0.0,486.8
2668,freegame,0.0,28.0
2669,freegame,0.0,3.0
2670,freegame,0.0,0.0
2671,freegame,0.0,531.6
2672,freegame,0.0,0.0
2673,freegame,0.0,51.2
2674,freegame,0.0,2.8
2675,freegame,0.0,0.0
2676,freegame,16.0,10.8
2677,freegame,0.0,18.0
2678,freegame,0.0,19.4
2679,freegame,0.0,46.0
2680,freegame,0.0,532.8
2681,freegame,0.0,76.8
2682,freegame,0.0,46.4
2683,freegame,0.0,20.8
2684,freegame,0.0,419.2
2685,freegame,0.0,1.4
2686,freegame,0.0,88.0
2687,freegame,0.0,288.0
2688,freegame,0.4,716.0
2689,freegame,0.0,20.6
2690,freegame,0.0,128.0
2691,freegame,0.0,25.5
2692,freegame,0.0,10.9
2693,freegame,0.0,76.8
2694,freegame,0.0,12.0
2695,freegame,0.0,298.7
2696,freegame,0.0,228.0
2697,freegame,0.0,4.0
2698,freegame,0.0,54.1
2699,freegame,0.0,1148.6
2700,freegame,0.0,113.2
2701,freegame,0.0,18.2
2702,freegame,0.0,35.6
2703,freegame,0.0,44.0
2704,freegame,0.0,176.0
2705,freegame,0.0,0.4
2706,freegame,0.0,2241.0
2707,freegame,0.0,2.4
2708,freegame,0.0,0.2
2709,freegame,0.8,181.2
2710,freegame,0.0,12.2
2711,freegame,0.0,9.0
2712,freegame,0.0,2360.0
2713,freegame,0.0,0.0
2714,freegame,0.0,13.0
2715,freegame,0.0,3021.2
2716,freegame,0.0,34.6
2717,freegame,0.0,70.2
2718,freegame,0.0,138.2
2719,freegame,0.0,0.0
2720,freegame,0.0,10.0
2721,freegame,0.0,40.0
2722,freegame,2.0,113.8
2723,freegame,0.0,3.8
2724,freegame,1.6,8.1
2725,freegame,0.0,20.8
2726,freegame,0.0,0.8
2727,freegame,0.0,5.6
2728,freegame,0.0,57.8
2729,freegame,0.0,70.4
2730,freegame,0.0,16.6
2731,freegame,0.0,0.4
2732,freegame,1.6,181.8
2733,freegame,0.0,8.8
2734,freegame,0.0,742.5
2735,freegame,0.0,0.4
2736,freegame,0.0,0.8
2737,freegame,0.0,0.2
2738,freegame,0.0,3.6
2739,freegame,0.0,76.4
2740,freegame,0.4,25.6
2741,freegame,0.0,2514.8
2742,freegame,0.2,45.0
2743,freegame,0.0,100.4
2744,freegame,0.0,40.0
2745,freegame,0.0,21.6
2746,freegame,0.0,98.8
2747,freegame,0.2,1725.4
2748,freegame,0.0,120.4
2749,freegame,0.0,0.0
2750,freegame,0.2,2292.6
2751,freegame,0.0,41.6
2752,freegame,0.0,28.0
2753,freegame,0.8,213.2
2754,freegame,0.0,212.8
2755,freegame,0.0,212.9
2756,freegame,0.0,1.0
2757,freegame,0.0,2.8
2758,freegame,0.0,104.6
2759,freegame,0.0,218.8
2760,freegame,0.0,14.0
2761,freegame,0.0,367.8
2762,freegame,0.0,239.8
2763,freegame,0.0,15.2
2764,freegame,0.0,0.0
2765,freegame,0.0,24.6
2766,freegame,0.0,10.0
2767,freegame,0.0,197.6
2768,freegame,0.0,67.0
2769,freegame,0.0,4376.0
2770,freegame,0.0,117.6
2771,freegame,0.0,1846.2
2772,freegame,0.0,207.2
2773,freegame,0.0,0.0
2774,freegame,0.0,278.0
2775,freegame,0.0,1.8
2776,freegame,0.0,183.5
2777,freegame,0.0,933.2
2778,freegame,0.0,0.0
2779,freegame,0.0,3236.4
2780,freegame,0.0,48.0
2781,freegame,0.0,28.6
2782,freegame,0.0,13.0
2783,freegame,0.0,55.6
2784,freegame,0.0,40.3
2785,freegame,0.0,10.0
2786,freegame,0.0,51.1
2787,freegame,0.0,18.0
2788,freegame,0.0,6.3
2789,freegame,0.0,31.6
2790,freegame,0.0,33.0
2791,freegame,0.0,322.6
2792,freegame,0.0,154.4
2793,freegame,0.8,46.8
2794,freegame,0.0,1.4
2795,freegame,0.0,3.6
2796,freegame,0.0,18.0
2797,freegame,0.0,142.0
2798,freegame,0.0,77.6
2799,freegame,1.6,0.0
2800,freegame,0.0,18.0
2801,freegame,0.0,78.0
2802,freegame,0.0,22.0
2803,freegame,0.0,17.0
2804,freegame,0.0,60.0
2805,freegame,0.0,295.2
2806,freegame,0.0,9.5
2807,freegame,0.0,28.0
2808,freegame,0.0,37.2
2809,freegame,1.6,309.8
2810,freegame,0.0,11.2
2811,freegame,0.0,2.6
2812,freegame,0.0,48.2
2813,freegame,0.0,18.8
2814,freegame,0.0,40.0
2815,freegame,0.0,29.4
2816,freegame,0.0,49.6
2817,freegame,0.0,152.8
2818,freegame,0.4,0.8
2819,freegame,0.0,0.0
2820,freegame,0.4,244.4
2821,freegame,0.0,116.2
2822,freegame,0.0,12.8
2823,freegame,0.0,231.2
2824,freegame,2.0,0.4
2825,freegame,0.0,24.0
2826,freegame,0.0,16.0
2827,freegame,0.0,240.0
2828,freegame,0.0,5.2
2829,freegame,0.0,86.0
2830,freegame,0.0,12.5
2831,freegame,0.0,32.8
2832,freegame,0.0,27.0
2833,freegame,0.0,362.2
2834,freegame,2.4,3.6
2835,freegame,0.0,68.4
2836,freegame,0.0,2.4
2837,freegame,0.0,8.0
2838,freegame,0.0,65.6
2839,freegame,0.0,143.0
2840,freegame,0.0,2.4
2841,freegame,0.0,2.0
2842,freegame,0.0,24.6
2843,freegame,0.0,152.6
2844,freegame,0.0,36.0
2845,freegame,0.0,14.6
2846,freegame,0.0,0.0
2847,freegame,0.0,1.6
2848,freegame,0.0,0.0
2849,freegame,0.0,229.6
2850,freegame,0.0,64.7
2851,freegame,0.0,12.0
2852,freegame,0.8,24.0
2853,freegame,0.0,3.6
2854,freegame,0.0,44.0
2855,freegame,0.4,81.4
2856,freegame,0.0,19.0
2857,freegame,0.0,4.8
2858,freegame,0.0,29.0
2859,freegame,0.0,6.0
2860,freegame,0.0,3.2
2861,freegame,0.0,2.2
2862,freegame,0.0,380.0
2863,freegame,0.0,139.0
2864,freegame,0.0,18.0
2865,freegame,0.0,14.4
2866,freegame,0.0,0.2
2867,freegame,0.0,105.0
2868,freegame,0.0,114.6
2869,freegame,0.0,3.0
2870,freegame,0.2,0.0
2871,freegame,0.0,3492.4
2872,freegame,0.0,94.9
2873,freegame,0.0,203.0
2874,freegame,0.0,2912.0
2875,freegame,0.0,56.6
2876,freegame,0.0,20.4
2877,freegame,0.0,99.4
2878,freegame,0.0,22.2
2879,freegame,0.0,32.4
2880,freegame,0.0,70.4
2881,freegame,0.0,4499.0
2882,freegame,0.0,13.6
2883,freegame,0.0,57.8
2884,freegame,0.0,297.6
2885,freegame,0.0,488.8
2886,freegame,0.0,299.8
2887,freegame,0.0,5.6
2888,freegame,0.0,62.0
2889,freegame,0.0,0.0
2890,freegame,0.0,40.1
2891,freegame,0.0,421.0
2892,freegame,0.0,155.2
2893,freegame,0.8,165.6
2894,freegame,0.0,0.0
2895,freegame,0.0,7.5
2896,freegame,0.0,3.2
2897,freegame,0.0,806.6
2898,freegame,0.0,520.8
2899,freegame,0.0,293.0
2900,freegame,0.0,1.6
2901,freegame,0.0,23.9
2902,freegame,0.0,790.6
2903,freegame,0.0,2.2
2904,freegame,0.0,2254.0
2905,freegame,0.0,292.4
2906,freegame,0.0,9.6
2907,freegame,0.0,1.6
2908,freegame,0.0,3.2
2909,freegame,0.0,0.0
2910,freegame,16.0,11.2
2911,freegame,0.0,74.7
2912,freegame,0.0,198.0
2913,freegame,0.0,6.8
2914,freegame,0.0,12.6
2915,freegame,0.0,4.8
2916,freegame,0.0,233.4
2917,freegame,0.0,9.4
2918,freegame,0.0,0.0
2919,freegame,0.0,0.0
2920,freegame,0.0,11.2
2921,freegame,0.0,0.0
2922,freegame,0.0,75.0
2923,freegame,0.0,16.0
2924,freegame,0.8,110.0
2925,freegame,0.0,1.0
2926,freegame,0.0,4536.0
2927,freegame,0.0,6.6
2928,freegame,0.0,30.0
2929,freegame,0.0,13.4
2930,freegame,0.0,30.4
2931,freegame,0.0,204.9
2932,freegame,0.0,45.0
2933,freegame,0.0,374.4
2934,freegame,0.0,2516.0
2935,freegame,0.0,53.8
2936,freegame,0.0,34.4
2937,freegame,0.0,11.0
2938,freegame,0.0,552.0
2939,freegame,0.0,1015.4
2940,freegame,0.0,1.6
2941,freegame,0.4,65.6
2942,freegame,0.0,97.2
2943,freegame,0.0,520.2
2944,freegame,0.0,168.8
2945,freegame,0.0,115.0
2946,freegame,0.0,10.4
2947,freegame,0.0,4.0
2948,freegame,0.0,2.2
2949,freegame,0.0,0.2
2950,freegame,0.0,939.4
2951,freegame,0.0,35.0
2952,freegame,0.0,82.8
2953,freegame,0.0,110.0
2954,freegame,0.0,63.6
2955,freegame,0.0,0.0
2956,freegame,0.0,170.0
2957,freegame,0.0,26.6
2958,freegame,0.0,17.0
2959,freegame,0.0,172.2
2960,freegame,0.0,1.6
2961,freegame,0.0,17.0
2962,freegame,0.0,8.4
2963,freegame,1.6,59.0
2964,freegame,0.0,9.5
2965,freegame,0.0,21.4
2966,freegame,0.0,2878.8
2967,freegame,0.0,75.0
2968,freegame,0.0,890.8
2969,freegame,0.0,1.6
2970,freegame,1.2,19.2
2971,freegame,8.0,2292.0
2972,freegame,0.0,187.4
2973,freegame,0.0,1440.0
2974,freegame,0.0,9.6
2975,freegame,0.0,288.8
2976,freegame,0.0,10.1
2977,freegame,0.0,18.4
2978,freegame,0.0,11.2
2979,freegame,0.0,53.2
2980,freegame,0.0,162.0
2981,freegame,0.0,520.0
2982,freegame,0.0,324.0
2983,freegame,0.0,0.0
2984,freegame,0.0,1116.5
2985,freegame,0.0,104.5
2986,freegame,0.0,0.0
2987,freegame,0.0,4.4
2988,freegame,0.0,6.0
2989,freegame,0.0,55.4
2990,freegame,0.0,0.0
2991,freegame,0.0,40.8
2992,freegame,0.0,285.2
2993,freegame,0.0,0.0
2994,freegame,0.0,70.4
2995,freegame,0.0,178.6
2996,freegame,0.0,87.6
2997,freegame,0.0,4.4
2998,freegame,0.0,12.0
2999,freegame,0.0,137.3
3000,freegame,0.4,34.0
3001,freegame,0.0,3582.4
3002,freegame,0.0,94.4
3003,freegame,0.0,607.2
3004,freegame,0.0,4.0
3005,freegame,0.0,271.2
3006,freegame,0.0,150.0
3007,freegame,0.0,9.6
3008,freegame,0.0,12.0
3009,freegame,0.0,30.4
3010,freegame,0.0,0.0
3011,freegame,0.0,0.4
3012,freegame,0.0,26.6
3013,freegame,0.0,864.8
3014,freegame,0.0,167.5
3015,freegame,0.0,105.6
3016,freegame,0.0,8.6
3017,freegame,0.0,624.8
3018,freegame,0.0,6.2
3019,freegame,0.0,12.6
3020,freegame,0.0,42.0
3021,freegame,0.0,2.8
3022,freegame,0.0,2.4
3023,freegame,0.0,216.0
3024,freegame,0.0,495.0
3025,freegame,0.0,1.6
3026,freegame,0.0,23.4
3027,freegame,0.0,197.6
3028,freegame,0.0,1712.8
3029,freegame,0.2,184.0
3030,freegame,0.0,107.0
3031,freegame,0.0,618.6
3032,freegame,0.0,29.6
3033,freegame,0.0,280.0
3034,freegame,0.0,330.0
3035,freegame,0.0,1.6
3036,freegame,0.0,287.4
3037,freegame,0.0,12.0
3038,freegame,0.2,0.0
3039,freegame,0.0,757.3
3040,freegame,0.0,661.0
3041,freegame,0.0,14.0
3042,freegame,0.0,1.2
3043,freegame,0.0,345.0
3044,freegame,0.0,58.4
3045,freegame,0.0,11.2
3046,freegame,0.0,1071.6
3047,freegame,0.0,166.4
3048,freegame,0.0,4.8
3049,freegame,0.0,15.4
3050,freegame,0.0,148.4
3051,freegame,0.0,162.0
3052,freegame,0.0,19.0
3053,freegame,0.0,109.4
3054,freegame,0.0,28.0
3055,freegame,0.0,1132.0
3056,freegame,0.0,111.6
3057,freegame,0.0,1.0
3058,freegame,0.0,96.8
3059,freegame,0.0,0.0
3060,freegame,0.0,6.0
3061,freegame,0.5,30.0
3062,freegame,0.0,14.4
3063,freegame,0.0,0.0
3064,freegame,0.0,3.4
3065,freegame,0.0,0.2
3066,freegame,0.0,1454.0
3067,freegame,0.0,4.8
3068,freegame,0.0,26.4
3069,freegame,0.4,16.4
3070,freegame,0.0,68.4
3071,freegame,0.0,76.8
3072,freegame,0.0,120.4
3073,freegame,0.0,14.6
3074,freegame,0.0,46.2
3075,freegame,0.4,16.8
3076,freegame,0.0,96.0
3077,freegame,0.0,37.8
3078,freegame,0.0,5000
3079,freegame,0.0,3.8
3080,freegame,0.0,28.8
3081,freegame,0.0,240.3
3082,freegame,0.0,296.5
3083,freegame,0.0,120.4
3084,freegame,0.0,51.2
3085,freegame,0.0,194.4
3086,freegame,0.0,4.0
3087,freegame,0.0,145.8
3088,freegame,0.0,0.0
3089,freegame,0.0,14.0
3090,freegame,0.0,9.6
3091,freegame,0.0,466.8
3092,freegame,0.0,601.6
3093,freegame,0.0,0.0
3094,freegame,0.0,18.0
3095,freegame,0.0,21.0
3096,freegame,0.0,82.2
3097,freegame,0.0,82.6
3098,freegame,0.0,363.2
3099,freegame,0.0,7.2
3100,freegame,0.0,220.0
3101,freegame,0.0,4.4
3102,freegame,0.0,78.0
3103,freegame,0.0,249.5
3104,freegame,0.0,203.0
3105,freegame,0.0,360.4
3106,freegame,0.0,48.0
3107,freegame,0.0,80.4
3108,freegame,0.0,516.0
3109,freegame,0.0,662.0
3110,freegame,0.0,54.3
3111,freegame,0.0,9.0
3112,freegame,0.0,0.0
3113,freegame,0.0,67.8
3114,freegame,0.1,97.4
3115,freegame,0.0,307.6
3116,freegame,0.0,271.2
3117,freegame,0.0,1056.0
3118,freegame,0.0,13.5
3119,freegame,0.0,274.4
3120,freegame,0.0,52.7
3121,freegame,0.0,24.0
3122,freegame,0.0,112.0
3123,freegame,0.0,237.6
3124,freegame,0.0,502.6
3125,freegame,0.0,54.8
3126,freegame,0.0,380.5
3127,freegame,0.0,114.2
3128,freegame,0.0,516.8
3129,freegame,0.0,175.6
3130,freegame,0.0,46.8
3131,freegame,0.0,93.6
3132,freegame,0.0,4.0
3133,freegame,0.2,34.4
3134,freegame,0.0,105.0
3135,freegame,0.5,94.0
3136,freegame,0.0,151.2
3137,freegame,0.0,82.0
3138,freegame,0.0,1.6
3139,freegame,0.0,60.5
3140,freegame,0.0,0.4
3141,freegame,0.0,128.6
3142,freegame,0.0,54.4
3143,freegame,0.0,206.1
3144,freegame,0.0,2083.2
3145,freegame,0.0,10.4
3146,freegame,0.0,8.0
3147,freegame,0.0,23.4
3148,freegame,0.0,1.0
3149,freegame,0.0,74.8
3150,freegame,0.0,112.6
3151,freegame,0.0,0.0
3152,freegame,0.0,12.6
3153,freegame,1.6,179.0
3154,freegame,0.0,44.0
3155,freegame,0.0,1040.5
3156,freegame,0.0,1056.4
3157,freegame,0.0,13.2
3158,freegame,0.0,0.0
3159,freegame,0.0,716.2
3160,freegame,0.0,22.0
3161,freegame,0.0,200.0
3162,freegame,0.0,90.0
3163,freegame,0.0,39.1
3164,freegame,3.6,0.8
3165,freegame,0.0,23.6
3166,freegame,0.0,1.6
3167,freegame,16.0,1440.0
3168,freegame,0.0,14.0
3169,freegame,0.0,90.0
3170,freegame,0.0,12.8
3171,freegame,0.0,4.6
3172,freegame,0.0,35.6
3173,freegame,0.0,29.0
3174,freegame,0.0,20.4
3175,freegame,0.0,210.0
3176,freegame,0.0,288.0
3177,freegame,0.2,2.0
3178,freegame,0.1,436.6
3179,freegame,0.0,2.0
3180,freegame,0.0,2.0
3181,freegame,0.0,27.2
3182,freegame,0.0,1484.0
3183,freegame,0.0,0.0
3184,freegame,0.0,4.8
3185,freegame,0.0,22.0
3186,freegame,0.0,4.8
3187,freegame,0.0,15.0
3188,freegame,0.0,144.4
3189,freegame,0.0,24.8
3190,freegame,0.0,40.0
3191,freegame,0.0,10.2
3192,freegame,0.0,3.0
3193,freegame,0.0,56.6
3194,freegame,0.0,70.4
3195,freegame,0.0,21.4
3196,freegame,0.0,108.4
3197,freegame,0.0,2.8
3198,freegame,0.0,112.0
3199,freegame,0.0,24.2
3200,freegame,40.0,1.6
3201,freegame,0.0,118.4
3202,freegame,0.0,50.6
3203,freegame,2.4,120.0
3204,freegame,0.0,126.4
3205,freegame,0.1,2319.8
3206,freegame,0.0,3.0
3207,freegame,0.0,54.0
3208,freegame,0.0,3915.0
3209,freegame,0.0,28.9
3210,freegame,0.0,24.0
3211,freegame,0.4,9.0
3212,freegame,0.0,0.0
3213,freegame,0.0,85.4
3214,freegame,0.0,76.4
3215,freegame,0.0,2.0
3216,freegame,0.0,44.4
3217,freegame,0.0,62.0
3218,freegame,0.0,33.0
3219,freegame,0.0,4.8
3220,freegame,0.0,160.0
3221,freegame,0.0,2414.8
3222,freegame,0.0,54.4
3223,freegame,0.0,135.0
3224,freegame,0.0,0.0
3225,freegame,0.0,165.4
3226,freegame,0.0,75.6
3227,freegame,0.0,1939.2
3228,freegame,0.0,20.8
3229,freegame,0.0,212.0
3230,freegame,0.0,24.0
3231,freegame,0.0,1635.0
3232,freegame,0.0,8.2
3233,freegame,0.0,23.8
3234,freegame,0.0,948.0
3235,freegame,0.0,0.8
3236,freegame,0.0,134.8
3237,freegame,0.0,68.4
3238,freegame,1.2,34.0
3239,freegame,0.0,13.6
3240,freegame,0.0,148.8
3241,freegame,0.0,12.0
3242,freegame,0.0,187.0
3243,freegame,0.0,494.6
3244,freegame,0.0,0.0
3245,freegame,0.0,36.8
3246,freegame,0.0,204.4
3247,freegame,0.0,38.0
3248,freegame,0.0,21.6
3249,freegame,1.6,47.2
3250,freegame,0.0,12.0
3251,freegame,0.0,76.0
3252,freegame,0.0,32.6
3253,freegame,0.0,64.4
3254,freegame,0.0,60.0
3255,freegame,0.0,30.0
3256,freegame,0.0,30.0
3257,freegame,0.0,160.0
3258,freegame,0.0,1499.0
3259,freegame,0.0,17.6
3260,freegame,0.0,13.0
3261,freegame,0.0,8.0
3262,freegame,0.0,0.0
3263,freegame,0.0,0.0
3264,freegame,0.0,0.4
3265,freegame,0.0,299.8
3266,freegame,0.0,576.4
3267,freegame,0.0,18.3
3268,freegame,0.0,70.4
3269,freegame,0.0,10.2
3270,freegame,0.0,384.0
3271,freegame,0.0,57.6
3272,freegame,0.0,308.5
3273,freegame,0.0,5.6
3274,freegame,0.0,416.4
3275,freegame,0.0,20.8
3276,freegame,0.0,5.7
3277,freegame,0.0,1930.8
3278,freegame,0.0,25.8
3279,freegame,0.0,189.3
3280,freegame,0.0,3.2
3281,freegame,0.0,0.0
3282,freegame,0.0,10.4
3283,freegame,0.0,2104.1
3284,freegame,0.0,384.6
3285,freegame,0.0,7.0
3286,freegame,0.0,135.8
3287,freegame,0.0,1.6
3288,freegame,0.0,16.0
3289,freegame,0.0,64.8
3290,freegame,0.0,845.8
3291,freegame,0.0,145.6
3292,freegame,0.0,10.8
3293,freegame,0.0,4.6
3294,freegame,0.2,2.8
3295,freegame,0.0,91.8
3296,freegame,0.0,1262.6
3297,freegame,0.0,4.8
3298,freegame,0.0,36.8
3299,freegame,0.0,5.6
3300,freegame,0.0,150.0
3301,freegame,0.0,0.0
3302,freegame,0.0,991.4
3303,freegame,0.0,2.0
3304,freegame,0.0,12.1
3305,freegame,0.0,0.6
3306,freegame,0.0,111.4
3307,freegame,0.0,48.3
3308,freegame,0.0,431.8
3309,freegame,0.0,0.0
3310,freegame,0.0,3.2
3311,freegame,0.0,212.0
3312,freegame,0.0,4860.0
3313,freegame,0.0,5000
3314,freegame,0.0,289.2
3315,freegame,8.0,662.4
3316,freegame,0.0,1.6
3317,freegame,0.0,3.2
3318,freegame,0.0,80.0
3319,freegame,0.0,78.4
3320,freegame,0.0,128.8
3321,freegame,0.0,56.2
3322,freegame,0.0,8.8
3323,freegame,0.0,9.4
3324,freegame,0.0,224.0
3325,freegame,0.0,43.0
3326,freegame,0.0,107.4
3327,freegame,0.0,36.2
3328,freegame,0.0,0.0
3329,freegame,0.0,7.6
3330,freegame,0.0,555.4
3331,freegame,0.0,60.0
3332,freegame,0.0,1.4
3333,freegame,0.0,23.0
3334,freegame,0.0,40.0
3335,freegame,0.0,0.0
3336,freegame,0.0,277.4
3337,freegame,0.0,163.8
3338,freegame,0.0,1.6
3339,freegame,0.0,44.4
3340,freegame,0.0,796.6
3341,freegame,0.0,9.4
3342,freegame,0.0,14.0
3343,freegame,0.4,155.6
3344,freegame,0.0,70.8
3345,freegame,0.0,72.4
3346,freegame,0.0,71.0
3347,freegame,0.0,0.0
3348,freegame,0.0,4.0
3349,freegame,0.0,32.8
3350,freegame,0.0,0.0
3351,freegame,0.0,319.0
3352,freegame,0.0,65.0
3353,freegame,0.2,0.4
3354,freegame,0.0,18.0
3355,freegame,0.0,6.0
3356,freegame,0.0,27.3
3357,freegame,0.0,174.6
3358,freegame,0.0,1.5
3359,freegame,0.0,406.4
3360,freegame,0.0,9.3
3361,freegame,0.0,501.0
3362,freegame,0.0,2628.6
3363,freegame,0.4,41.6
3364,freegame,0.0,35.2
3365,freegame,0.0,108.4
3366,freegame,0.0,110.2
3367,freegame,0.0,2.4
3368,freegame,0.0,29.0
3369,freegame,0.0,845.2
3370,freegame,0.0,0.6
3371,freegame,0.0,3.2
3372,freegame,0.0,36.0
3373,freegame,0.0,908.4
3374,freegame,0.0,245.0
3375,freegame,0.0,112.8
3376,freegame,0.0,20.0
3377,freegame,0.0,1760.0
3378,freegame,0.0,5.2
3379,freegame,0.0,25.0
3380,freegame,0.0,75.6
3381,freegame,0.0,0.0
3382,freegame,0.0,31.0
3383,freegame,0.0,6.4
3384,freegame,0.0,4.4
3385,freegame,0.0,14.6
3386,freegame,0.0,217.6
3387,freegame,0.0,4366.0
3388,freegame,0.0,404.0
3389,freegame,0.0,3299.2
3390,freegame,0.0,3485.2
3391,freegame,0.0,39.6
3392,freegame,0.0,82.6
3393,freegame,0.0,32.4
3394,freegame,0.0,5.2
3395,freegame,0.0,151.6
3396,freegame,0.0,317.8
3397,freegame,0.0,377.1
3398,freegame,0.0,0.5
3399,freegame,0.0,199.6
3400,freegame,0.0,169.6
3401,freegame,0.0,1.8
3402,freegame,0.0,155.8
3403,freegame,0.0,47.2
3404,freegame,0.0,2.0
3405,freegame,0.0,28.0
3406,freegame,0.0,18.0
3407,freegame,0.0,42.0
3408,freegame,0.0,104.7
3409,freegame,0.0,794.4
3410,freegame,0.0,80.0
3411,freegame,0.0,1.6
3412,freegame,0.0,219.6
3413,freegame,0.0,647.2
3414,freegame,0.0,15.2
3415,freegame,0.0,0.8
3416,freegame,0.0,30.8
3417,freegame,0.0,67.4
3418,freegame,0.0,14.4
3419,freegame,0.0,0.2
3420,freegame,0.8,0.0
3421,freegame,0.0,478.0
3422,freegame,0.4,6.2
3423,freegame,0.0,8.0
3424,freegame,0.0,235.7
3425,freegame,0.0,18.2
3426,freegame,0.0,5000
3427,freegame,0.0,4.0
3428,freegame,0.0,2.0
3429,freegame,0.0,1.5
3430,freegame,0.0,249.2
3431,freegame,0.0,433.4
3432,freegame,0.0,16.0
3433,freegame,0.0,644.6
3434,freegame,0.0,519.2
3435,freegame,0.0,45.1
3436,freegame,0.0,0.4
3437,freegame,0.0,35.0
3438,freegame,0.6,10.0
3439,freegame,0.0,28.2
3440,freegame,0.0,4730.6
3441,freegame,0.0,59.2
3442,freegame,0.0,6.4
3443,freegame,0.0,118.0
3444,freegame,0.0,2.0
3445,freegame,0.0,1.6
3446,freegame,0.0,36.5
3447,freegame,0.0,0.0
3448,freegame,4.0,71.4
3449,freegame,0.0,118.8
3450,freegame,0.0,0.0
3451,freegame,0.2,4.4
3452,freegame,0.0,56.0
3453,freegame,0.0,3129.6
3454,freegame,0.2,211.6
3455,freegame,0.0,54.0
3456,freegame,0.0,0.0
3457,freegame,0.0,0.0
3458,freegame,0.0,107.2
3459,freegame,0.0,2.0
3460,freegame,0.0,2.0
3461,freegame,0.0,16.4
3462,freegame,0.0,549.8
3463,freegame,0.0,1.0
3464,freegame,0.0,38.2
3465,freegame,0.0,14.8
3466,freegame,0.0,42.4
3467,freegame,0.0,10.6
3468,freegame,0.0,19.8
3469,freegame,0.0,142.5
3470,freegame,0.0,243.3
3471,freegame,0.0,4.0
3472,freegame,0.0,2032.2
3473,freegame,0.0,178.8
3474,freegame,0.1,720.4
3475,freegame,0.0,29.5
3476,freegame,0.0,76.0
3477,freegame,0.0,19.1
3478,freegame,0.0,5000
3479,freegame,0.0,10.2
3480,freegame,0.0,28.0
3481,freegame,0.0,59.8
3482,freegame,0.0,5.0
3483,freegame,0.0,0.0
3484,freegame,0.0,3.6
3485,freegame,0.4,260.6
3486,freegame,0.0,99.0
3487,freegame,0.0,6.0
3488,freegame,0.0,0.4
3489,freegame,0.0,0.0
3490,freegame,0.0,51.2
3491,freegame,0.0,1.6
3492,freegame,0.0,4729.8
3493,freegame,0.0,48.0
3494,freegame,0.0,1278.2
3495,freegame,0.0,33.0
3496,freegame,0.0,34.4
3497,freegame,0.0,60.4
3498,freegame,0.4,4.0
3499,freegame,0.0,84.0
3500,freegame,0.0,0.0
3501,freegame,0.0,366.8
3502,freegame,0.0,864.1
3503,freegame,0.0,1945.9
3504,freegame,0.0,39.2
3505,freegame,0.0,99.0
3506,freegame,0.0,93.6
3507,freegame,1.8,9.0
3508,freegame,0.0,0.0
3509,freegame,0.0,11.4
3510,freegame,0.0,126.4
3511,freegame,0.0,6.4
3512,freegame,0.0,2.2
3513,freegame,0.0,0.0
3514,freegame,0.0,128.0
3515,freegame,0.0,0.8
3516,freegame,0.0,20.4
3517,freegame,0.0,205.2
3518,freegame,0.0,1171.2
3519,freegame,0.0,21.0
3520,freegame,0.0,36.0
3521,freegame,0.0,6.8
3522,freegame,0.0,28.0
3523,freegame,0.0,1.5
3524,freegame,0.0,43.6
3525,freegame,0.0,46.8
3526,freegame,0.0,140.0
3527,freegame,0.0,9.6
3528,freegame,0.0,80.0
3529,freegame,0.0,1290.8
3530,freegame,0.0,331.0
3531,freegame,0.0,834.8
3532,freegame,0.0,15.4
3533,freegame,0.0,312.0
3534,freegame,0.0,312.1
3535,freegame,0.2,14.8
3536,freegame,0.0,22.2
3537,freegame,0.0,4.6
3538,freegame,0.0,8.0
3539,freegame,0.0,2058.8
3540,freegame,0.0,6.8
3541,freegame,0.0,295.0
3542,freegame,0.0,43.2
3543,freegame,0.0,4082.0
3544,freegame,0.0,16.0
3545,freegame,0.0,22.0
3546,freegame,0.0,56.0
3547,freegame,0.0,283.6
3548,freegame,8.0,19.2
3549,freegame,0.0,3.2
3550,freegame,0.0,7.2
3551,freegame,0.0,144.4
3552,freegame,0.0,217.6
3553,freegame,0.0,100.4
3554,freegame,0.0,577.6
3555,freegame,0.0,48.5
3556,freegame,0.0,48.4
3557,freegame,0.0,59.2
3558,freegame,0.0,44.1
3559,freegame,0.0,219.0
3560,freegame,0.0,3.8
3561,freegame,0.0,474.0
3562,freegame,0.0,45.4
3563,freegame,0.0,19.5
3564,freegame,0.0,13.0
3565,freegame,0.0,78.8
3566,freegame,0.0,0.6
3567,freegame,0.0,0.4
3568,freegame,0.0,5000
3569,freegame,0.0,5000
3570,freegame,0.0,15.0
3571,freegame,0.0,65.8
3572,freegame,1.6,84.0
3573,freegame,0.0,47.5
3574,freegame,0.0,87.7
3575,freegame,0.0,639.0
3576,freegame,0.0,6.4
3577,freegame,0.0,2.4
3578,freegame,0.0,76.0
3579,freegame,0.0,230.8
3580,freegame,0.0,67.2
3581,freegame,0.0,12.0
3582,freegame,0.0,72.8
3583,freegame,0.0,45.2
3584,freegame,0.0,175.6
3585,freegame,0.0,1809.6
3586,freegame,0.0,11.8
3587,freegame,0.0,60.8
3588,freegame,0.0,0.6
3589,freegame,0.0,0.0
3590,freegame,0.0,0.0
3591,freegame,0.0,55.0
3592,freegame,0.1,1.2
3593,freegame,0.0,368.2
3594,freegame,0.0,753.5
3595,freegame,0.0,40.8
3596,freegame,0.0,135.6
3597,freegame,0.0,30.0
3598,freegame,0.0,1.4
3599,freegame,0.0,682.8
3600,freegame,0.0,44.0
3601,freegame,0.0,48.0
3602,freegame,0.0,31.2
3603,freegame,0.0,1541.0
3604,freegame,0.0,357.3
3605,freegame,0.0,192.0
3606,freegame,2.4,8.8
3607,freegame,0.0,47.6
3608,freegame,0.0,147.6
3609,freegame,0.0,1.6
3610,freegame,0.0,1.4
3611,freegame,0.0,5000
3612,freegame,0.0,23.4
3613,freegame,0.0,1326.8
3614,freegame,0.0,5000
3615,freegame,0.0,198.4
3616,freegame,0.4,48.4
3617,freegame,0.2,18.0
3618,freegame,0.2,64.7
3619,freegame,3.2,22.6
3620,freegame,0.2,59.6
3621,freegame,0.0,22.0
3622,freegame,0.8,6.0
3623,freegame,0.0,25.8
3624,freegame,0.0,11.2
3625,freegame,0.0,663.4
3626,freegame,1.2,6.4
3627,freegame,0.0,203.1
3628,freegame,0.0,0.6
3629,freegame,0.0,52.6
3630,freegame,0.0,125.4
3631,freegame,0.0,1.6
3632,freegame,0.0,19.2
3633,freegame,0.0,12.0
3634,freegame,0.0,57.4
3635,freegame,0.0,411.0
3636,freegame,0.0,9.2
3637,freegame,0.0,20.0
3638,freegame,0.0,65.7
3639,freegame,0.0,0.0
3640,freegame,0.0,57.5
3641,freegame,0.0,99.6
3642,freegame,0.0,6.4
3643,freegame,0.0,0.0
3644,freegame,0.0,154.4
3645,freegame,0.0,5000
3646,freegame,0.0,0.4
3647,freegame,0.0,204.6
3648,freegame,0.0,9.2
3649,freegame,0.0,7.0
3650,freegame,0.0,7.8
3651,freegame,0.0,198.0
3652,freegame,0.0,185.6
3653,freegame,0.0,16.0
3654,freegame,0.0,129.0
3655,freegame,0.0,0.0
3656,freegame,0.0,0.0
3657,freegame,0.0,4.8
3658,freegame,0.0,10.8
3659,freegame,0.0,70.2
3660,freegame,0.0,481.2
3661,freegame,0.0,0.6
3662,freegame,0.0,48.4
3663,freegame,0.0,16.0
3664,freegame,0.8,33.6
3665,freegame,0.1,2649.6
3666,freegame,1.2,7.6
3667,freegame,0.0,1278.2
3668,freegame,0.0,527.4
3669,freegame,0.0,5.6
3670,freegame,0.0,159.1
3671,freegame,0.0,3.2
3672,freegame,0.0,65.2
3673,freegame,0.0,44.2
3674,freegame,0.0,1026.2
3675,freegame,0.0,167.2
3676,freegame,0.0,0.0
3677,freegame,0.0,5000
3678,freegame,0.0,109.6
3679,freegame,0.0,298.6
3680,freegame,0.0,1.2
3681,freegame,0.0,48.0
3682,freegame,0.0,4.8
3683,freegame,0.0,1189.4
3684,freegame,0.0,712.0
3685,freegame,0.0,1.2
3686,freegame,0.0,735.8
3687,freegame,0.0,317.5
3688,freegame,0.0,17.8
3689,freegame,0.0,1.6
3690,freegame,0.0,836.0
3691,freegame,0.0,25.4
3692,freegame,0.0,0.0
3693,freegame,0.0,20.6
3694,freegame,0.0,49.7
3695,freegame,4.0,1050.0
3696,freegame,0.0,4.8
3697,freegame,0.0,17.4
3698,freegame,0.0,138.4
3699,freegame,0.0,0.0
3700,freegame,0.0,0.0
3701,freegame,0.0,40.2
3702,freegame,0.0,2379.6
3703,freegame,0.4,4.0
3704,freegame,0.0,365.2
3705,freegame,0.0,22.4
3706,freegame,0.0,233.8
3707,freegame,0.0,405.0
3708,freegame,0.0,46.2
3709,freegame,0.0,147.2
3710,freegame,0.0,48.8
3711,freegame,0.0,6.0
3712,freegame,0.0,58.0
3713,freegame,0.0,801.2
3714,freegame,0.0,106.6
3715,freegame,0.0,12.0
3716,freegame,0.0,2312.8
3717,freegame,0.0,221.2
3718,freegame,0.0,17.2
3719,freegame,0.0,15.6
3720,freegame,0.0,25.7
3721,freegame,0.0,630.0
3722,freegame,0.0,46.2
3723,freegame,0.0,8.4
3724,freegame,0.0,28.0
3725,freegame,0.0,2430.2
3726,freegame,0.0,0.8
3727,freegame,0.0,78.0
3728,freegame,0.0,192.8
3729,freegame,0.0,286.0
3730,freegame,0.0,86.2
3731,freegame,0.0,88.2
3732,freegame,0.0,0.0
3733,freegame,0.0,3174.9
3734,freegame,0.0,45.0
3735,freegame,0.0,44.0
3736,freegame,0.0,292.0
3737,freegame,0.0,38.0
3738,freegame,0.0,453.6
3739,freegame,0.0,2.0
3740,freegame,0.0,5000
3741,freegame,0.0,87.6
3742,freegame,0.0,1.2
3743,freegame,0.0,2139.2
3744,freegame,0.0,32.7
3745,freegame,0.0,11.8
3746,freegame,0.0,0.0
3747,freegame,0.0,26.8
3748,freegame,0.0,12.8
3749,freegame,0.0,17.4
3750,freegame,0.0,48.8
3751,freegame,0.0,8.8
3752,freegame,0.0,2201.0
3753,freegame,0.0,112.8
3754,freegame,0.0,14.4
3755,freegame,0.0,828.0
3756,freegame,0.0,49.2
3757,freegame,0.0,179.6
3758,freegame,3.2,69.7
3759,freegame,0.0,209.6
3760,freegame,0.2,9.0
3761,freegame,0.4,2242.8
3762,freegame,0.0,5.0
3763,freegame,0.0,24.4
3764,freegame,8.0,790.0
3765,freegame,0.0,4.8
3766,freegame,0.0,0.0
3767,freegame,0.0,10.8
3768,freegame,0.0,104.0
3769,freegame,0.6,0.0
3770,freegame,0.0,286.0
3771,freegame,0.0,3.4
3772,freegame,0.0,6.2
3773,freegame,0.0,94.2
3774,freegame,0.0,1325.2
3775,freegame,0.0,6.0
3776,freegame,0.0,42.4
3777,freegame,0.0,4.1
3778,freegame,0.0,2414.8
3779,freegame,0.0,433.0
3780,freegame,0.0,97.6
3781,freegame,0.0,5000
3782,freegame,0.0,399.0
3783,freegame,0.8,96.0
3784,freegame,0.0,0.0
3785,freegame,0.0,32.7
3786,freegame,0.0,30.0
3787,freegame,0.6,10.0
3788,freegame,0.0,1185.4
3789,freegame,0.0,417.2
3790,freegame,0.0,16.6
3791,freegame,0.0,858.5
3792,freegame,0.2,100.1
3793,freegame,0.0,1.3
3794,freegame,0.0,496.0
3795,freegame,0.0,24.5
3796,freegame,0.0,2.0
3797,freegame,0.0,53.2
3798,freegame,0.0,19.2
3799,freegame,0.0,104.8
3800,freegame,0.0,63.0
3801,freegame,0.0,1272.0
3802,freegame,0.0,425.7
3803,freegame,0.0,197.0
3804,freegame,0.0,7.0
3805,freegame,0.0,21.6
3806,freegame,0.0,22.0
3807,freegame,0.0,32.7
3808,freegame,0.0,2377.6
3809,freegame,0.0,48.0
3810,freegame,0.0,17.4
3811,freegame,0.0,108.8
3812,freegame,0.0,5000
3813,freegame,0.0,1801.6
3814,freegame,0.0,72.2
3815,freegame,0.0,4.4
3816,freegame,0.0,580.0
3817,freegame,0.0,803.8
3818,freegame,0.0,0.0
3819,freegame,0.4,0.0
3820,freegame,0.0,74.8
3821,freegame,0.0,657.8
3822,freegame,0.0,146.0
3823,freegame,0.0,19.6
3824,freegame,0.0,634.8
3825,freegame,0.0,164.6
3826,freegame,1.6,1.0
3827,freegame,0.0,229.6
3828,freegame,0.0,323.4
3829,freegame,0.0,21.8
3830,freegame,0.0,27.4
3831,freegame,0.0,23.2
3832,freegame,0.0,18.0
3833,freegame,0.0,106.4
3834,freegame,0.0,40.4
3835,freegame,0.0,89.2
3836,freegame,0.0,25.7
3837,freegame,0.0,5000
3838,freegame,0.0,103.6
3839,freegame,0.0,2.8
3840,freegame,0.0,35.5
3841,freegame,0.0,12.0
3842,freegame,0.0,4.8
3843,freegame,0.0,490.8
3844,freegame,0.0,565.6
3845,freegame,0.0,264.0
3846,freegame,0.0,0.4
3847,freegame,0.0,25.0
3848,freegame,0.0,0.0
3849,freegame,0.0,8.4
3850,freegame,0.2,9.8
3851,freegame,0.0,311.9
3852,freegame,0.0,3.0
3853,freegame,0.0,19.0
3854,freegame,0.0,114.2
3855,freegame,0.0,1974.4
3856,freegame,0.0,47.2
3857,freegame,0.0,18.1
3858,freegame,0.0,2.4
3859,freegame,0.0,1145.9
3860,freegame,0.0,12.0
3861,freegame,0.0,930.2
3862,freegame,0.0,8.8
3863,freegame,0.0,2736.8
3864,freegame,0.8,11.3
3865,freegame,0.0,532.0
3866,freegame,0.0,214.0
3867,freegame,0.0,300.2
3868,freegame,0.0,52.0
3869,freegame,0.0,338.0
3870,freegame,0.0,30.0
3871,freegame,0.0,0.0
3872,freegame,0.0,180.0
3873,freegame,0.0,2.2
3874,freegame,0.0,1.0
3875,freegame,0.0,12.8
3876,freegame,0.0,122.2
3877,freegame,0.0,9.6
3878,freegame,0.0,455.0
3879,freegame,0.0,93.2
3880,freegame,0.0,20.6
3881,freegame,0.0,30.6
3882,freegame,0.0,1.2
3883,freegame,0.0,0.0
3884,freegame,0.0,36.0
3885,freegame,0.0,360.0
3886,freegame,0.0,5.2
3887,freegame,0.0,566.9
3888,freegame,0.0,5000
3889,freegame,0.0,12.4
3890,freegame,0.2,173.4
3891,freegame,0.0,1026.0
3892,freegame,0.0,15.2
3893,freegame,0.0,20.6
3894,freegame,0.0,46.8
3895,freegame,0.0,154.7
3896,freegame,0.0,96.4
3897,freegame,0.0,520.1
3898,freegame,0.0,1.1
3899,freegame,0.0,1.0
3900,freegame,0.0,178.9
3901,freegame,4.8,0.0
3902,freegame,0.0,384.0
3903,freegame,0.0,12.0
3904,freegame,0.0,19.0
3905,freegame,0.0,0.8
3906,freegame,0.0,0.2
3907,freegame,0.4,0.4
3908,freegame,0.0,10.8
3909,freegame,0.0,50.6
3910,freegame,0.0,36.0
3911,freegame,0.0,175.5
3912,freegame,0.0,880.0
3913,freegame,0.0,768.0
3914,freegame,0.0,0.4
3915,freegame,0.0,38.4
3916,freegame,0.0,5000
3917,freegame,0.0,11.2
3918,freegame,0.0,6.5
3919,freegame,0.0,894.2
3920,freegame,0.6,10.6
3921,freegame,0.0,4.4
3922,freegame,0.0,12.4
3923,freegame,0.0,2.4
3924,freegame,0.0,72.0
3925,freegame,0.0,35.2
3926,freegame,0.0,5.0
3927,freegame,0.0,52.5
3928,freegame,0.0,9.1
3929,freegame,0.0,1.0
3930,freegame,0.0,108.7
3931,freegame,0.0,6.8
3932,freegame,0.0,796.4
3933,freegame,0.0,159.3
3934,freegame,0.0,15.2
3935,freegame,0.0,159.2
3936,freegame,0.0,563.6
3937,freegame,0.0,1278.8
3938,freegame,0.0,0.0
3939,freegame,0.0,3.3
3940,freegame,0.0,18.0
3941,freegame,0.0,66.2
3942,freegame,0.0,19.6
3943,freegame,0.0,41.4
3944,freegame,0.0,16.8
3945,freegame,1.6,609.3
3946,freegame,0.0,72.2
3947,freegame,0.0,39.6
3948,freegame,0.0,81.6
3949,freegame,0.0,22.4
3950,freegame,0.0,80.8
3951,freegame,0.0,172.0
3952,freegame,0.0,1166.2
3953,freegame,0.0,97.4
3954,freegame,0.0,12.8
3955,freegame,0.0,141.6
3956,freegame,0.0,37.5
3957,freegame,0.0,12.7
3958,freegame,0.0,0.0
3959,freegame,0.0,9.1
3960,freegame,0.0,360.0
3961,freegame,0.0,20.4
3962,freegame,0.0,0.8
3963,freegame,0.0,7.6
3964,freegame,0.0,2292.0
3965,freegame,0.0,539.8
3966,freegame,0.0,5000
3967,freegame,0.0,0.0
3968,freegame,1.6,699.6
3969,freegame,0.0,3.2
3970,freegame,0.0,191.2
3971,freegame,0.0,62.6
3972,freegame,0.0,268.4
3973,freegame,0.0,665.6
3974,freegame,0.0,1140.0
3975,freegame,0.0,20.0
3976,freegame,0.0,14.0
3977,freegame,0.0,162.6
3978,freegame,0.0,0.4
3979,freegame,0.0,5000
3980,freegame,0.0,3.2
3981,freegame,0.2,34.0
3982,freegame,0.0,38.8
3983,freegame,0.0,17.0
3984,freegame,0.0,0.0
3985,freegame,0.0,98.2
3986,freegame,0.0,83.4
3987,freegame,0.0,369.4
3988,freegame,0.6,7.2
3989,freegame,0.0,1794.8
3990,freegame,0.0,85.6
3991,freegame,0.0,225.6
3992,freegame,0.0,63.2
3993,freegame,0.0,0.4
3994,freegame,0.0,3.2
3995,freegame,0.0,76.4
3996,freegame,0.0,42.4
3997,freegame,0.0,458.6
3998,freegame,0.0,3.2
3999,freegame,0.0,20.0
4000,freegame,0.0,12.0
4001,freegame,0.0,920.2
4002,freegame,0.0,2.4
4003,freegame,0.0,27.0
4004,freegame,0.0,1991.8
4005,freegame,0.0,1.4
4006,freegame,0.0,18.0
4007,freegame,0.0,110.1
4008,freegame,0.0,11.6
4009,freegame,0.0,77.6
4010,freegame,0.0,173.0
4011,freegame,0.0,0.8
4012,freegame,0.0,49.2
4013,freegame,0.0,12.8
4014,freegame,0.0,75.6
4015,freegame,0.0,1230.6
4016,freegame,0.0,46.0
4017,freegame,0.0,13.0
4018,freegame,0.0,4.8
4019,freegame,0.0,1.2
4020,freegame,0.0,5000
4021,freegame,0.0,36.8
4022,freegame,0.0,17.1
4023,freegame,0.0,0.0
4024,freegame,0.0,18.0
4025,freegame,0.0,82.9
4026,freegame,0.0,319.0
4027,freegame,0.0,134.0
4028,freegame,0.0,4.8
4029,freegame,0.0,106.0
4030,freegame,0.0,125.8
4031,freegame,0.0,244.2
4032,freegame,0.0,48.2
4033,freegame,0.0,186.2
4034,freegame,0.0,780.0
4035,freegame,0.0,28.4
4036,freegame,0.0,220.8
4037,freegame,0.0,38.2
4038,freegame,0.4,84.8
4039,freegame,0.0,75.2
4040,freegame,0.0,0.0
4041,freegame,0.0,221.8
4042,freegame,0.0,0.4
4043,freegame,0.0,61.8
4044,freegame,0.0,41.6
4045,freegame,0.0,139.2
4046,freegame,0.0,10.4
4047,freegame,0.0,0.4
4048,freegame,0.0,3363.8
4049,freegame,0.0,20.8
4050,freegame,0.0,101.3
4051,freegame,0.0,48.8
4052,freegame,0.0,2.0
4053,freegame,0.0,832.6
4054,freegame,0.0,24.0
4055,freegame,0.0,192.0
4056,freegame,0.0,5.6
4057,freegame,0.0,66.0
4058,freegame,0.0,1007.2
4059,freegame,0.0,69.0
4060,freegame,0.4,126.1
4061,freegame,0.0,22.8
4062,freegame,0.0,170.4
4063,freegame,0.0,5000
4064,freegame,0.0,59.5
4065,freegame,0.0,327.2
4066,freegame,0.0,26.4
4067,freegame,0.0,4.8
4068,freegame,0.0,3.6
4069,freegame,0.0,31.0
4070,freegame,0.0,21.6
4071,freegame,0.0,4.0
4072,freegame,0.0,51.2
4073,freegame,0.0,48.0
4074,freegame,0.0,4.4
4075,freegame,0.0,82.4
4076,freegame,0.0,44.8
4077,freegame,0.0,790.0
4078,freegame,0.0,8.8
4079,freegame,0.0,43.2
4080,freegame,0.0,44.0
4081,freegame,0.0,1713.8
4082,freegame,0.0,168.6
4083,freegame,0.4,6.4
4084,freegame,1.2,17.6
4085,freegame,0.0,16.1
4086,freegame,1.0,7.2
4087,freegame,0.0,5.8
4088,freegame,0.0,20.0
4089,freegame,0.0,1.6
4090,freegame,0.0,2.4
4091,freegame,0.0,57.6
4092,freegame,0.0,1592.0
4093,freegame,0.0,16.2
4094,freegame,0.0,28.8
4095,freegame,0.0,1812.4
4096,freegame,0.0,60.8
4097,freegame,0.0,2.4
4098,freegame,0.0,0.0
4099,freegame,0.0,4094.2
4100,freegame,0.0,207.6
4101,freegame,0.0,507.2
4102,freegame,0.0,2218.0
4103,freegame,0.0,7.0
4104,freegame,0.0,98.4
4105,freegame,0.0,720.0
4106,freegame,0.0,0.0
4107,freegame,0.0,151.0
4108,freegame,0.0,27.0
4109,freegame,0.0,4.0
4110,freegame,0.0,1.6
4111,freegame,0.0,62.4
4112,freegame,0.0,36.8
4113,freegame,0.0,50.4
4114,freegame,0.0,23.6
4115,freegame,0.0,18.0
4116,freegame,0.0,572.4
4117,freegame,0.0,3196.0
4118,freegame,0.0,0.0
4119,freegame,0.0,715.5
4120,freegame,0.0,0.0
4121,freegame,0.0,135.4
4122,freegame,0.0,276.8
4123,freegame,0.1,2202.8
4124,freegame,0.0,339.6
4125,freegame,0.0,4.4
4126,freegame,0.0,49.4
4127,freegame,0.0,0.0
4128,freegame,0.0,257.4
4129,freegame,0.0,3088.2
4130,freegame,0.0,10.4
4131,freegame,0.0,3265.4
4132,freegame,0.0,0.4
4133,freegame,0.0,171.6
4134,freegame,0.0,0.4
4135,freegame,0.0,16.4
4136,freegame,0.0,158.0
4137,freegame,0.0,1760.0
4138,freegame,0.0,11.0
4139,freegame,0.0,2.8
4140,freegame,0.0,532.6
4141,freegame,0.0,33.6
4142,freegame,0.0,75.0
4143,freegame,0.0,4327.8
4144,freegame,0.0,413.8
4145,freegame,0.2,0.8
4146,freegame,0.0,495.8
4147,freegame,0.0,53.2
4148,freegame,0.0,0.0
4149,freegame,0.0,43.6
4150,freegame,0.0,5000
4151,freegame,0.0,0.0
4152,freegame,0.0,6.4
4153,freegame,0.0,5.2
4154,freegame,0.0,262.4
4155,freegame,0.0,147.0
4156,freegame,4.0,30.0
4157,freegame,0.0,83.0
4158,freegame,0.0,137.0
4159,freegame,1.6,5000
4160,freegame,0.0,4.8
4161,freegame,0.0,68.0
4162,freegame,0.0,147.0
4163,freegame,0.0,2.4
4164,freegame,0.0,84.0
4165,freegame,0.0,0.0
4166,freegame,0.8,210.0
4167,freegame,0.0,13.2
4168,freegame,0.0,2523.1
4169,freegame,0.0,1298.4
4170,freegame,0.0,8.8
4171,freegame,0.0,252.0
4172,freegame,0.0,5000
4173,freegame,0.0,127.6
4174,freegame,0.0,396.8
4175,freegame,0.0,321.8
4176,freegame,0.0,15.2
4177,freegame,0.0,39.2
4178,freegame,0.0,61.6
4179,freegame,0.0,1613.6
4180,freegame,0.0,392.8
4181,freegame,0.0,6.8
4182,freegame,0.0,35.4
4183,freegame,0.0,540.0
4184,freegame,0.0,198.0
4185,freegame,0.0,353.0
4186,freegame,0.0,83.6
4187,freegame,0.0,54.0
4188,freegame,0.0,110.0
4189,freegame,0.0,0.8
4190,freegame,0.0,285.0
4191,freegame,0.0,0.8
4192,freegame,0.0,0.0
4193,freegame,0.0,11.2
4194,freegame,0.0,4876.5
4195,freegame,0.0,4.0
4196,freegame,0.0,0.8
4197,freegame,0.0,366.4
4198,freegame,0.0,2.6
4199,freegame,0.0,2.4
4200,freegame,0.0,0.0
4201,freegame,0.0,0.4
4202,freegame,0.0,78.8
4203,freegame,0.0,25.6
4204,freegame,0.0,76.5
4205,freegame,0.0,0.0
4206,freegame,0.0,3375.5
4207,freegame,0.0,289.6
4208,freegame,0.0,41.2
4209,freegame,0.0,59.0
4210,freegame,0.4,2.4
4211,freegame,0.0,483.2
4212,freegame,0.0,74.0
4213,freegame,0.0,18.0
4214,freegame,0.0,12.8
4215,freegame,0.0,12.8
4216,freegame,0.0,308.4
4217,freegame,0.0,1.2
4218,freegame,0.0,67.4
4219,freegame,0.0,161.2
4220,freegame,0.0,0.0
4221,freegame,0.0,663.2
4222,freegame,0.0,58.0
4223,freegame,0.0,145.3
4224,freegame,0.0,2953.6
4225,freegame,0.0,540.0
4226,freegame,0.0,27.8
4227,freegame,0.0,2401.0
4228,freegame,0.0,42.6
4229,freegame,0.2,1678.4
4230,freegame,0.0,0.8
4231,freegame,0.0,504.8
4232,freegame,0.0,2.4
4233,freegame,0.0,38.8
4234,freegame,0.0,42.6
4235,freegame,0.0,148.6
4236,freegame,0.0,0.0
4237,freegame,0.0,10.8
4238,freegame,0.0,280.2
4239,freegame,0.0,259.6
4240,freegame,0.0,57.8
4241,freegame,0.0,823.0
4242,freegame,0.0,52.8
4243,freegame,0.8,135.0
4244,freegame,0.8,263.3
4245,freegame,0.0,387.2
4246,freegame,0.0,8.0
4247,freegame,0.0,1254.5
4248,freegame,0.0,114.0
4249,freegame,0.0,34.0
4250,freegame,0.0,64.4
4251,freegame,0.0,0.0
4252,freegame,0.0,0.0
4253,freegame,0.0,215.7
4254,freegame,0.0,1.6
4255,freegame,0.0,250.8
4256,freegame,0.0,0.0
4257,freegame,0.0,0.0
4258,freegame,0.0,140.8
4259,freegame,0.0,1818.0
4260,freegame,0.0,62.4
4261,freegame,0.0,60.0
4262,freegame,0.0,146.0
4263,freegame,0.0,27.8
4264,freegame,0.0,9.6
4265,freegame,1.6,14.0
4266,freegame,0.0,69.6
4267,freegame,0.0,30.8
4268,freegame,0.0,4.4
4269,freegame,0.0,163.2
4270,freegame,0.0,34.8
4271,freegame,0.0,88.0
4272,freegame,0.0,526.4
4273,freegame,0.0,44.8
4274,freegame,0.0,41.6
4275,freegame,0.0,0.0
4276,freegame,0.0,1248.0
4277,freegame,0.0,430.0
4278,freegame,0.0,106.4
4279,freegame,0.0,89.6
4280,freegame,0.8,217.8
4281,freegame,0.0,1082.0
4282,freegame,0.0,144.2
4283,freegame,0.0,1122.4
4284,freegame,0.0,1.5
4285,freegame,0.0,262.8
4286,freegame,0.0,48.8
4287,freegame,0.0,5000
4288,freegame,0.0,78.4
4289,freegame,0.0,1164.0
4290,freegame,0.0,72.0
4291,freegame,0.0,1176.9
4292,freegame,0.0,127.0
4293,freegame,0.0,22.8
4294,freegame,0.0,151.6
4295,freegame,0.1,624.2
4296,freegame,0.0,340.7
4297,freegame,0.0,15.2
4298,freegame,0.0,5000
4299,freegame,0.0,13.2
4300,freegame,0.0,400.0
4301,freegame,0.0,28.0
4302,freegame,0.0,180.9
4303,freegame,0.0,4.0
4304,freegame,0.0,103.4
4305,freegame,0.0,5.6
4306,freegame,0.0,30.4
4307,freegame,0.0,16.0
4308,freegame,0.0,176.0
4309,freegame,0.0,4.4
4310,freegame,0.0,22.6
4311,freegame,0.0,14.4
4312,freegame,0.0,6.4
4313,freegame,0.0,2160.0
4314,freegame,0.0,375.2
4315,freegame,0.0,0.8
4316,freegame,0.0,0.0
4317,freegame,0.0,563.4
4318,freegame,0.0,13.8
4319,freegame,0.0,0.0
4320,freegame,0.0,280.2
4321,freegame,0.0,61.6
4322,freegame,0.0,14.4
4323,freegame,0.0,63.0
4324,freegame,0.0,36.6
4325,freegame,0.0,163.6
4326,freegame,0.0,0.0
4327,freegame,0.0,8.0
4328,freegame,0.0,44.0
4329,freegame,0.0,50.2
4330,freegame,0.0,107.4
4331,freegame,0.0,4.8
4332,freegame,0.0,3.6
4333,freegame,0.0,8.8
4334,freegame,0.0,71.9
4335,freegame,0.0,0.0
4336,freegame,0.0,53.2
4337,freegame,0.0,3397.6
4338,freegame,0.0,279.6
4339,freegame,0.0,1.2
4340,freegame,0.0,16.0
4341,freegame,0.0,3.2
4342,freegame,0.0,0.4
4343,freegame,0.0,528.0
4344,freegame,0.0,144.0
4345,freegame,0.0,30.7
4346,freegame,0.4,0.0
4347,freegame,0.0,3.8
4348,freegame,0.0,9.6
4349,freegame,0.0,29.0
4350,freegame,0.0,133.6
4351,freegame,0.0,13.0
4352,freegame,0.0,0.0
4353,freegame,0.0,8.0
4354,freegame,0.0,800.9
4355,freegame,0.0,132.1
4356,freegame,0.0,6.6
4357,freegame,0.0,917.1
4358,freegame,0.0,120.4
4359,freegame,0.2,0.4
4360,freegame,0.0,149.8
4361,freegame,0.0,27.4
4362,freegame,0.0,391.6
4363,freegame,1.6,100.0
4364,freegame,0.0,487.2
4365,freegame,0.0,1624.0
4366,freegame,0.0,7.6
4367,freegame,0.0,262.4
4368,freegame,0.0,17.8
4369,freegame,0.0,453.0
4370,freegame,0.0,0.8
4371,freegame,0.0,28.4
4372,freegame,0.0,251.2
4373,freegame,1.0,93.0
4374,freegame,0.4,2.4
4375,freegame,0.0,96.0
4376,freegame,0.0,108.6
4377,freegame,0.0,573.2
4378,freegame,0.0,45.8
4379,freegame,0.0,2039.8
4380,freegame,0.0,25.0
4381,freegame,0.0,8.0
4382,freegame,0.0,145.6
4383,freegame,0.0,30.4
4384,freegame,0.0,674.4
4385,freegame,0.0,86.0
4386,freegame,0.0,62.2
4387,freegame,0.0,161.5
4388,freegame,0.0,293.2
4389,freegame,0.0,2.8
4390,freegame,0.0,394.6
4391,freegame,0.0,23.0
4392,freegame,0.0,0.0
4393,freegame,0.4,82.8
4394,freegame,0.0,27.4
4395,freegame,0.0,0.0
4396,freegame,0.0,4.8
4397,freegame,0.0,4.4
4398,freegame,0.0,60.4
4399,freegame,0.2,0.0
4400,freegame,0.2,95.7
4401,freegame,0.0,36.8
4402,freegame,0.0,7.2
4403,freegame,0.0,127.8
4404,freegame,0.0,8.6
4405,freegame,0.0,0.0
4406,freegame,0.0,49.6
4407,freegame,0.0,40.8
4408,freegame,0.0,16.4
4409,freegame,0.0,4.0
4410,freegame,0.0,0.0
4411,freegame,0.0,27.6
4412,freegame,8.0,82.2
4413,freegame,0.0,0.8
4414,freegame,0.0,20.0
4415,freegame,0.0,364.6
4416,freegame,0.0,101.4
4417,freegame,0.4,11.0
4418,freegame,0.8,1.6
4419,freegame,0.0,0.8
4420,freegame,0.0,16.6
4421,freegame,0.0,24.0
4422,freegame,0.0,0.2
4423,freegame,0.0,136.4
4424,freegame,0.0,78.8
4425,freegame,0.0,9.0
4426,freegame,0.0,8.4
4427,freegame,0.0,12.6
4428,freegame,0.0,348.6
4429,freegame,0.0,12.0
4430,freegame,0.0,44.0
4431,freegame,0.0,30.0
4432,freegame,0.0,907.6
4433,freegame,0.0,750.2
4434,freegame,4.0,1853.6
4435,freegame,0.0,0.0
4436,freegame,0.8,15.0
4437,freegame,0.0,1.2
4438,freegame,0.0,12.0
4439,freegame,0.0,1560.0
4440,freegame,0.0,18.4
4441,freegame,0.0,279.4
4442,freegame,0.0,3984.2
4443,freegame,0.0,408.8
4444,freegame,0.0,252.8
4445,freegame,0.0,52.4
4446,freegame,0.0,308.4
4447,freegame,0.0,0.8
4448,freegame,0.0,13.4
4449,freegame,0.0,154.7
4450,freegame,1.2,52.0
4451,freegame,0.0,24.0
4452,freegame,0.0,7.4
4453,freegame,0.0,40.0
4454,freegame,0.0,0.0
4455,freegame,0.0,153.1
4456,freegame,0.0,1.0
4457,freegame,0.0,5.6
4458,freegame,0.0,32.0
4459,freegame,0.0,526.4
4460,freegame,0.0,74.1
4461,freegame,0.0,1731.3
4462,freegame,0.0,12.6
4463,freegame,0.0,1.6
4464,freegame,0.0,23.1
4465,freegame,0.0,1.4
4466,freegame,0.0,40.9
4467,freegame,0.0,270.5
4468,freegame,0.0,26.4
4469,freegame,0.0,182.0
4470,freegame,0.0,486.0
4471,freegame,0.0,926.8
4472,freegame,0.0,442.2
4473,freegame,0.2,86.5
4474,freegame,0.0,11.2
4475,freegame,0.0,186.4
4476,freegame,0.0,0.0
4477,freegame,0.0,11.2
4478,freegame,0.0,2.2
4479,freegame,0.0,0.0
4480,freegame,0.0,23.2
4481,freegame,0.0,145.2
4482,freegame,0.0,14.0
4483,freegame,0.0,24.0
4484,freegame,0.0,0.2
4485,freegame,0.0,394.4
4486,freegame,0.0,72.0
4487,freegame,0.0,27.6
4488,freegame,0.0,4.0
4489,freegame,0.0,758.0
4490,freegame,0.0,33.0
4491,freegame,0.0,39.2
4492,freegame,0.1,4757.0
4493,freegame,0.0,14.8
4494,freegame,0.0,9.6
4495,freegame,0.0,16.8
4496,freegame,0.0,444.4
4497,freegame,0.0,0.0
4498,freegame,0.0,21.0
4499,freegame,0.0,20.4
4500,freegame,0.4,83.8
4501,freegame,0.0,320.4
4502,freegame,0.0,2184.0
4503,freegame,0.0,1269.2
4504,freegame,0.0,1.4
4505,freegame,0.0,250.8
4506,freegame,0.0,0.0
4507,freegame,0.0,0.0
4508,freegame,0.0,101.6
4509,freegame,0.0,2.4
4510,freegame,0.0,14.4
4511,freegame,0.0,82.0
4512,freegame,0.0,43.6
4513,freegame,0.0,17.6
4514,freegame,0.0,489.6
4515,freegame,0.0,712.0
4516,freegame,0.0,277.8
4517,freegame,0.0,13.0
4518,freegame,0.0,241.7
4519,freegame,1.2,1.6
4520,freegame,0.0,356.0
4521,freegame,0.0,0.0
4522,freegame,0.0,63.0
4523,freegame,0.0,14.4
4524,freegame,0.0,32.0
4525,freegame,0.0,16.0
4526,freegame,0.0,2.6
4527,freegame,0.0,0.0
4528,freegame,1.6,934.9
4529,freegame,0.4,101.2
4530,freegame,0.0,378.0
4531,freegame,0.0,8.4
4532,freegame,0.0,25.3
4533,freegame,0.0,51.4
4534,freegame,0.0,17.9
4535,freegame,0.0,24.2
4536,freegame,0.0,2029.2
4537,freegame,0.0,1470.0
4538,freegame,0.0,0.0
4539,freegame,0.0,7.0
4540,freegame,0.0,27.6
4541,freegame,0.0,300.3
4542,freegame,0.0,0.0
4543,freegame,0.0,31.7
4544,freegame,0.0,7.2
4545,freegame,0.0,7.2
4546,freegame,0.0,19.2
4547,freegame,0.0,55.8
4548,freegame,0.0,942.4
4549,freegame,1.6,75.0
4550,freegame,0.0,18.8
4551,freegame,0.0,241.4
4552,freegame,0.0,96.0
4553,freegame,0.0,321.6
4554,freegame,0.0,54.2
4555,freegame,0.0,190.4
4556,freegame,0.0,21.0
4557,freegame,0.0,0.0
4558,freegame,0.0,439.0
4559,freegame,0.0,169.2
4560,freegame,0.1,2.4
4561,freegame,0.0,12.0
4562,freegame,0.2,12.0
4563,freegame,0.0,14.0
4564,freegame,0.0,101.6
4565,freegame,0.0,65.6
4566,freegame,0.0,20.4
4567,freegame,0.0,0.4
4568,freegame,0.0,628.2
4569,freegame,0.0,15.8
4570,freegame,0.0,53.4
4571,freegame,0.0,94.4
4572,freegame,0.0,0.0
4573,freegame,0.0,0.0
4574,freegame,0.0,10.6
4575,freegame,0.0,158.4
4576,freegame,0.0,439.4
4577,freegame,0.0,46.8
4578,freegame,0.0,0.0
4579,freegame,0.0,901.5
4580,freegame,0.0,78.6
4581,freegame,0.0,503.4
4582,freegame,0.0,1058.4
4583,freegame,0.0,0.0
4584,freegame,0.0,0.8
4585,freegame,0.0,210.4
4586,freegame,0.0,21.0
4587,freegame,0.0,190.8
4588,freegame,0.0,38.8
4589,freegame,0.0,11.0
4590,freegame,0.0,1099.0
4591,freegame,0.0,59.8
4592,freegame,0.0,14.4
4593,freegame,0.0,100.0
4594,freegame,0.0,0.4
4595,freegame,0.0,80.0
4596,freegame,0.0,102.0
4597,freegame,0.0,267.8
4598,freegame,0.0,5.6
4599,freegame,0.0,9.0
4600,freegame,0.0,384.0
4601,freegame,0.0,192.0
4602,freegame,0.0,98.8
4603,freegame,0.0,56.4
4604,freegame,0.0,0.0
4605,freegame,0.0,489.0
4606,freegame,0.0,0.0
4607,freegame,0.0,21.6
4608,freegame,0.0,167.8
4609,freegame,0.0,198.4
4610,freegame,0.0,14.0
4611,freegame,0.0,77.4
4612,freegame,1.6,28.0
4613,freegame,0.0,44.8
4614,freegame,0.0,31.9
4615,freegame,0.0,120.0
4616,freegame,0.0,25.9
4617,freegame,0.0,876.6
4618,freegame,0.0,7.6
4619,freegame,0.0,0.4
4620,freegame,0.0,17.4
4621,freegame,0.0,108.0
4622,freegame,0.0,1430.4
4623,freegame,0.0,32.8
4624,freegame,0.0,6.5
4625,freegame,0.0,62.2
4626,freegame,0.0,13.4
4627,freegame,0.0,10.0
4628,freegame,0.0,556.0
4629,freegame,0.0,19.2
4630,freegame,0.0,106.6
4631,freegame,0.0,422.2
4632,freegame,0.0,0.0
4633,freegame,0.0,24.2
4634,freegame,0.0,40.0
4635,freegame,0.8,62.2
4636,freegame,0.0,0.4
4637,freegame,0.0,42.6
4638,freegame,0.6,1.6
4639,freegame,0.0,32.4
4640,freegame,0.0,3698.2
4641,freegame,0.0,11.2
4642,freegame,0.0,291.2
4643,freegame,0.0,0.0
4644,freegame,0.0,18.0
4645,freegame,0.0,64.4
4646,freegame,0.0,2601.4
4647,freegame,0.0,0.0
4648,freegame,0.1,628.2
4649,freegame,0.0,1.0
4650,freegame,0.0,6.8
4651,freegame,0.0,0.5
4652,freegame,0.0,1334.1
4653,freegame,0.0,0.0
4654,freegame,0.0,6.8
4655,freegame,0.0,49.0
4656,freegame,0.1,20.8
4657,freegame,0.0,204.2
4658,freegame,0.0,35.4
4659,freegame,0.0,966.0
4660,freegame,0.0,248.2
4661,freegame,0.0,88.0
4662,freegame,0.0,136.8
4663,freegame,0.0,706.0
4664,freegame,0.0,120.0
4665,freegame,0.0,299.8
4666,freegame,0.0,10.4
4667,freegame,0.0,6.0
4668,freegame,0.0,0.4
4669,freegame,0.0,55.6
4670,freegame,0.0,0.0
4671,freegame,0.0,15.2
4672,freegame,0.0,4.0
4673,freegame,0.0,5000
4674,freegame,0.0,564.0
4675,freegame,0.0,25.8
4676,freegame,0.0,3660.8
4677,freegame,0.0,159.8
4678,freegame,0.0,651.2
4679,freegame,0.0,9.0
4680,freegame,0.0,201.0
4681,freegame,0.0,61.2
4682,freegame,0.0,3.2
4683,freegame,0.8,11.8
4684,freegame,0.0,20.0
4685,freegame,0.0,4.8
4686,freegame,0.0,331.6
4687,freegame,0.0,5.0
4688,freegame,0.0,525.0
4689,freegame,0.8,161.6
4690,freegame,0.0,956.2
4691,freegame,0.0,3.0
4692,freegame,0.0,2.0
4693,freegame,0.0,7.0
4694,freegame,0.0,105.8
4695,freegame,0.0,16.0
4696,freegame,0.0,10.8
4697,freegame,0.0,15.6
4698,freegame,0.0,0.0
4699,freegame,0.0,114.2
4700,freegame,0.0,10.6
4701,freegame,0.0,100.0
4702,freegame,0.0,353.4
4703,freegame,0.0,117.0
4704,freegame,0.0,0.0
4705,freegame,0.0,30.0
4706,freegame,0.0,31.2
4707,freegame,0.0,51.2
4708,freegame,0.0,18.4
4709,freegame,0.0,9.6
4710,freegame,2.0,53.0
4711,freegame,0.0,216.4
4712,freegame,0.0,85.3
4713,freegame,0.0,342.2
4714,freegame,0.0,92.0
4715,freegame,0.0,27.0
4716,freegame,0.0,1.0
4717,freegame,0.0,3.2
4718,freegame,0.4,3.0
4719,freegame,0.0,434.2
4720,freegame,0.0,121.6
4721,freegame,0.0,1162.8
4722,freegame,0.0,40.0
4723,freegame,0.0,30.4
4724,freegame,0.0,231.4
4725,freegame,0.0,1284.8
4726,freegame,0.0,32.2
4727,freegame,0.0,38.4
4728,freegame,0.0,660.0
4729,freegame,0.0,0.2
4730,freegame,0.0,0.0
4731,freegame,0.0,0.8
4732,freegame,0.0,42.0
4733,freegame,0.0,107.1
4734,freegame,0.0,1.4
4735,freegame,0.0,178.0
4736,freegame,0.4,2.0
4737,freegame,0.0,25.2
4738,freegame,0.0,54.6
4739,freegame,0.0,672.8
4740,freegame,0.0,45.6
4741,freegame,0.0,1.0
4742,freegame,0.0,18.2
4743,freegame,0.8,2.8
4744,freegame,0.0,0.0
4745,freegame,0.0,0.8
4746,freegame,0.0,884.8
4747,freegame,3.2,18.0
4748,freegame,0.0,2.0
4749,freegame,0.0,206.0
4750,freegame,0.0,341.2
4751,freegame,0.0,41.4
4752,freegame,0.0,40.0
4753,freegame,0.0,0.0
4754,freegame,0.0,13.2
4755,freegame,0.0,24.0
4756,freegame,0.0,197.7
4757,freegame,0.0,62.4
4758,freegame,0.0,2.0
4759,freegame,0.0,104.6
4760,freegame,0.2,787.4
4761,freegame,0.0,0.8
4762,freegame,0.0,808.0
4763,freegame,0.0,0.0
4764,freegame,0.0,84.0
4765,freegame,0.0,900.0
4766,freegame,0.0,0.0
4767,freegame,0.0,53.6
4768,freegame,0.0,1.6
4769,freegame,0.0,1.6
4770,freegame,0.0,54.4
4771,freegame,0.0,48.4
4772,freegame,0.0,1.0
4773,freegame,0.0,11.6
4774,freegame,0.0,22.4
4775,freegame,1.6,16.3
4776,freegame,0.0,6.6
4777,freegame,0.0,0.0
4778,freegame,0.0,54.2
4779,freegame,0.0,117.6
4780,freegame,0.4,104.6
4781,freegame,4.8,639.6
4782,freegame,0.0,8.0
4783,freegame,0.2,2.4
4784,freegame,0.0,119.6
4785,freegame,0.0,1.4
4786,freegame,0.0,66.0
4787,freegame,0.0,4.8
4788,freegame,0.0,600.6
4789,freegame,0.0,0.0
4790,freegame,0.4,184.8
4791,freegame,0.0,18.0
4792,freegame,0.0,0.0
4793,freegame,0.0,80.0
4794,freegame,1.6,11.6
4795,freegame,20.0,6.8
4796,freegame,0.0,0.0
4797,freegame,0.0,1227.6
4798,freegame,0.0,5000
4799,freegame,16.0,504.3
4800,freegame,0.0,8.4
4801,freegame,0.0,481.6
4802,freegame,0.4,127.6
4803,freegame,0.4,3.4
4804,freegame,0.0,86.1
4805,freegame,0.0,339.4
4806,freegame,0.0,76.8
4807,freegame,0.0,49.2
4808,freegame,0.0,629.2
4809,freegame,0.0,44.4
4810,freegame,1.6,1708.0
4811,freegame,0.0,48.8
4812,freegame,0.0,4.4
4813,freegame,0.0,230.6
4814,freegame,0.4,0.0
4815,freegame,0.0,98.2
4816,freegame,0.0,9.2
4817,freegame,0.0,0.0
4818,freegame,0.0,23.2
4819,freegame,0.0,130.6
4820,freegame,0.0,0.8
4821,freegame,0.0,21.5
4822,freegame,0.0,4.4
4823,freegame,0.0,345.6
4824,freegame,0.0,207.3
4825,freegame,0.0,741.6
4826,freegame,0.0,2.6
4827,freegame,0.0,5.2
4828,freegame,0.0,44.4
4829,freegame,0.0,222.2
4830,freegame,0.0,60.8
4831,freegame,0.4,98.0
4832,freegame,0.0,6.0
4833,freegame,0.0,11.2
4834,freegame,0.0,64.4
4835,freegame,0.0,0.4
4836,freegame,1.6,147.2
4837,freegame,0.0,35.2
4838,freegame,0.0,32.0
4839,freegame,0.0,200.0
4840,freegame,8.0,13.0
4841,freegame,0.0,226.0
4842,freegame,3.2,64.0
4843,freegame,0.0,402.0
4844,freegame,0.0,2035.4
4845,freegame,0.0,73.0
4846,freegame,0.0,228.4
4847,freegame,0.0,0.8
4848,freegame,0.0,723.8
4849,freegame,0.0,10.4
4850,freegame,0.0,0.4
4851,freegame,0.0,59.2
4852,freegame,0.0,30.0
4853,freegame,0.0,21.1
4854,freegame,0.0,11.8
4855,freegame,0.0,0.0
4856,freegame,0.0,2.2
4857,freegame,0.0,79.6
4858,freegame,0.0,48.0
4859,freegame,0.0,73.2
4860,freegame,0.0,4.0
4861,freegame,0.0,4.0
4862,freegame,0.0,28.0
4863,freegame,0.0,1.6
4864,freegame,0.0,0.4
4865,freegame,0.0,45.4
4866,freegame,0.0,90.0
4867,freegame,0.0,36.0
4868,freegame,0.0,75.1
4869,freegame,0.0,95.0
4870,freegame,0.0,166.5
4871,freegame,0.0,61.4
4872,freegame,4.0,4.0
4873,freegame,0.0,0.0
4874,freegame,0.0,0.0
4875,freegame,0.0,6.0
4876,freegame,0.0,767.8
4877,freegame,0.0,97.6
4878,freegame,0.0,114.8
4879,freegame,0.0,18.0
4880,freegame,0.0,0.2
4881,freegame,0.0,21.2
4882,freegame,40.0,24.2
4883,freegame,0.0,35.2
4884,freegame,0.0,674.8
4885,freegame,0.0,4068.6
4886,freegame,0.0,12.6
4887,freegame,0.0,0.0
4888,freegame,0.3,11.6
4889,freegame,0.0,108.8
4890,freegame,0.0,0.0
4891,freegame,0.0,0.0
4892,freegame,0.0,0.8
4893,freegame,0.0,80.0
4894,freegame,0.0,0.0
4895,freegame,0.0,31.9
4896,freegame,0.0,12.0
4897,freegame,0.0,0.8
4898,freegame,0.0,8.4
4899,freegame,0.0,381.0
4900,freegame,0.0,4.4
4901,freegame,0.0,2.0
4902,freegame,0.0,600.9
4903,freegame,0.0,1434.8
4904,freegame,0.0,1121.2
4905,freegame,0.0,76.4
4906,freegame,0.0,120.6
4907,freegame,0.0,9.0
4908,freegame,0.0,0.0
4909,freegame,0.0,1.4
4910,freegame,0.0,192.4
4911,freegame,0.0,0.0
4912,freegame,0.0,41.6
4913,freegame,0.0,33.2
4914,freegame,0.0,33.0
4915,freegame,0.0,52.8
4916,freegame,0.0,10.5
4917,freegame,0.0,10.4
4918,freegame,0.0,0.0
4919,freegame,0.0,979.4
4920,freegame,0.0,61.0
4921,freegame,0.0,0.0
4922,freegame,0.0,87.2
4923,freegame,0.0,5.4
4924,freegame,0.0,176.4
4925,freegame,0.0,42.0
4926,freegame,0.0,0.0
4927,freegame,0.0,23.2
4928,freegame,0.0,591.6
4929,freegame,0.0,5000
4930,freegame,0.0,58.6
4931,freegame,0.0,5000
4932,freegame,0.0,5000
4933,freegame,0.0,19.2
4934,freegame,0.0,0.3
4935,freegame,0.0,8.0
4936,freegame,0.0,5000
4937,freegame,0.0,4.8
4938,freegame,0.0,10.0
4939,freegame,0.0,22.8
4940,freegame,0.0,80.8
4941,freegame,0.0,58.0
4942,freegame,0.0,8.0
4943,freegame,0.0,5000
4944,freegame,0.0,352.0
4945,freegame,0.0,8.0
4946,freegame,0.0,133.6
4947,freegame,0.0,0.0
4948,freegame,0.0,65.6
4949,freegame,0.0,1.4
4950,freegame,0.0,2.0
4951,freegame,0.0,63.6
4952,freegame,0.0,1042.6
4953,freegame,0.0,5.5
4954,freegame,0.0,215.6
4955,freegame,0.0,1845.0
4956,freegame,0.0,19.0
4957,freegame,0.0,148.8
4958,freegame,0.0,164.0
4959,freegame,0.0,88.0
4960,freegame,0.0,44.8
4961,freegame,0.0,10.2
4962,freegame,0.0,326.0
4963,freegame,0.0,64.8
4964,freegame,0.0,3.0
4965,freegame,0.0,213.9
4966,freegame,0.0,0.0
4967,freegame,0.0,16.0
4968,freegame,0.0,22.8
4969,freegame,0.8,48.4
4970,freegame,0.0,42.2
4971,freegame,0.0,1.4
4972,freegame,0.0,23.0
4973,freegame,0.0,7.0
4974,freegame,0.0,724.2
4975,freegame,0.0,7.4
4976,freegame,0.0,35.0
4977,freegame,0.2,374.8
4978,freegame,0.0,2878.2
4979,freegame,0.0,475.0
4980,freegame,0.0,1476.8
4981,freegame,0.0,14.0
4982,freegame,0.0,208.0
4983,freegame,0.0,5000
4984,freegame,0.0,30.4
4985,freegame,0.0,204.2
4986,freegame,0.0,76.8
4987,freegame,0.0,3945.5
4988,freegame,0.0,2.0
4989,freegame,0.0,0.0
4990,freegame,0.0,72.0
4991,freegame,0.0,21.0
4992,freegame,0.0,183.6
4993,freegame,0.0,576.0
4994,freegame,0.0,390.2
4995,freegame,0.0,106.6
4996,freegame,0.0,84.0
4997,freegame,0.0,41.6
4998,freegame,0.0,0.0
4999,freegame,0.0,13.1
5000,freegame,0.8,31.4
5001,freegame,0.0,0.0
5002,freegame,0.0,103.8
5003,freegame,0.0,360.0
5004,freegame,0.0,29.6
5005,freegame,0.0,284.0
5006,freegame,0.0,35.0
5007,freegame,0.0,35.4
5008,freegame,0.0,5000
5009,freegame,0.0,6.8
5010,freegame,0.0,77.0
5011,freegame,0.0,0.0
5012,freegame,0.0,104.0
5013,freegame,0.0,786.8
5014,freegame,0.0,216.0
5015,freegame,0.0,73.8
5016,freegame,8.0,0.0
5017,freegame,0.0,74.1
5018,freegame,0.0,16.4
5019,freegame,1.0,136.8
5020,freegame,0.0,35.6
5021,freegame,0.0,202.0
5022,freegame,0.0,2.0
5023,freegame,0.0,12.0
5024,freegame,0.0,318.6
5025,freegame,0.0,12.2
5026,freegame,0.0,382.0
5027,freegame,0.0,0.8
5028,freegame,0.0,16.4
5029,freegame,0.0,4.8
5030,freegame,0.0,2.8
5031,freegame,0.0,0.0
5032,freegame,0.0,133.2
5033,freegame,0.0,1064.0
5034,freegame,0.0,4.4
5035,freegame,0.0,9.2
5036,freegame,0.0,30.0
5037,freegame,0.0,269.4
5038,freegame,0.0,262.6
5039,freegame,0.0,66.0
5040,freegame,0.0,16.4
5041,freegame,0.0,420.0
5042,freegame,0.0,0.0
5043,freegame,0.0,405.7
5044,freegame,0.4,32.0
5045,freegame,0.0,12.6
5046,freegame,0.0,50.2
5047,freegame,0.0,820.6
5048,freegame,0.0,17.8
5049,freegame,0.0,0.0
5050,freegame,0.0,282.2
5051,freegame,0.0,4.8
5052,freegame,0.0,7.0
5053,freegame,0.0,54.0
5054,freegame,0.0,45.0
5055,freegame,0.0,160.2
5056,freegame,0.0,209.6
5057,freegame,0.0,12.0
5058,freegame,0.8,82.4
5059,freegame,0.0,4.0
5060,freegame,0.0,538.0
5061,freegame,0.0,7.2
5062,freegame,0.0,16.2
5063,freegame,0.0,17.0
5064,freegame,0.0,0.0
5065,freegame,0.0,13.3
5066,freegame,0.0,1023.6
5067,freegame,0.0,156.4
5068,freegame,0.0,16.1
5069,freegame,0.0,1687.2
5070,freegame,0.0,0.0
5071,freegame,0.0,273.0
5072,freegame,0.0,4.8
5073,freegame,0.0,48.5
5074,freegame,0.0,113.6
5075,freegame,0.0,35.2
5076,freegame,0.0,33.0
5077,freegame,0.0,41.6
5078,freegame,0.0,18.4
5079,freegame,0.2,456.6
5080,freegame,0.0,22.4
5081,freegame,0.0,44.4
5082,freegame,0.0,155.0
5083,freegame,0.0,4010.7
5084,freegame,0.0,0.2
5085,freegame,0.0,781.6
5086,freegame,0.0,5000
5087,freegame,0.0,50.4
5088,freegame,0.0,72.4
5089,freegame,0.0,18.4
5090,freegame,0.0,0.0
5091,freegame,0.4,89.2
5092,freegame,0.0,6.8
5093,freegame,0.0,372.0
5094,freegame,0.0,8.0
5095,freegame,0.0,85.2
5096,freegame,0.0,41.6
5097,freegame,0.0,2490.4
5098,freegame,0.0,5.2
5099,freegame,0.0,7.0
5100,freegame,0.0,225.2
5101,freegame,0.0,3.8
5102,freegame,0.0,100.0
5103,freegame,0.0,2378.8
5104,freegame,0.0,570.0
5105,freegame,0.0,246.7
5106,freegame,0.0,123.8
5107,freegame,0.0,25.5
5108,freegame,0.0,0.2
5109,freegame,0.0,3387.4
5110,freegame,0.0,12.4
5111,freegame,0.0,2.4
5112,freegame,0.2,376.9
5113,freegame,0.0,20.0
5114,freegame,0.0,700.2
5115,freegame,0.0,197.5
5116,freegame,0.0,440.0
5117,freegame,0.0,0.9
5118,freegame,1.6,1123.6
5119,freegame,0.0,1137.8
5120,freegame,0.0,538.8
5121,freegame,0.0,245.6
5122,freegame,0.0,4.0
5123,freegame,0.0,115.6
5124,freegame,0.0,0.0
5125,freegame,0.0,0.0
5126,freegame,0.0,114.0
5127,freegame,0.0,54.0
5128,freegame,0.0,65.6
5129,freegame,0.0,128.2
5130,freegame,0.0,18.4
5131,freegame,0.0,48.8
5132,freegame,0.0,2.4
5133,freegame,0.0,0.0
5134,freegame,0.0,191.0
5135,freegame,0.0,0.0
5136,freegame,0.0,28.2
5137,freegame,0.0,3.2
5138,freegame,0.0,64.2
5139,freegame,0.0,60.0
5140,freegame,0.0,6.4
5141,freegame,0.0,35.4
5142,freegame,0.0,0.0
5143,freegame,0.0,2.8
5144,freegame,0.0,1.6
5145,freegame,0.0,4.8
5146,freegame,0.0,0.0
5147,freegame,0.0,12.6
5148,freegame,0.0,43.0
5149,freegame,0.0,2.0
5150,freegame,0.0,11.6
5151,freegame,0.0,2061.9
5152,freegame,0.0,876.8
5153,freegame,0.0,35.2
5154,freegame,0.6,397.7
5155,freegame,0.0,37.0
5156,freegame,0.0,44.0
5157,freegame,0.0,6.2
5158,freegame,0.0,3.2
5159,freegame,0.0,46.2
5160,freegame,0.0,166.8
5161,freegame,2.4,320.4
5162,freegame,0.0,5000
5163,freegame,0.0,467.2
5164,freegame,0.0,0.0
5165,freegame,0.0,0.3
5166,freegame,4.0,0.0
5167,freegame,0.0,123.2
5168,freegame,0.0,1266.0
5169,freegame,0.0,24.0
5170,freegame,1.6,1598.3
5171,freegame,0.0,340.2
5172,freegame,0.0,394.0
5173,freegame,0.0,479.3
5174,freegame,0.0,12.4
5175,freegame,0.0,18.1
5176,freegame,0.0,25.6
5177,freegame,0.0,12.0
5178,freegame,0.0,10.7
5179,freegame,0.0,24.4
5180,freegame,0.0,87.2
5181,freegame,0.0,43.6
5182,freegame,0.0,51.2
5183,freegame,0.0,416.6
5184,freegame,0.0,297.2
5185,freegame,0.0,10.0
5186,freegame,0.0,3.0
5187,freegame,0.0,46.6
5188,freegame,0.0,16.0
5189,freegame,0.0,8.8
5190,freegame,0.4,8.2
5191,freegame,0.0,796.4
5192,freegame,0.0,243.4
5193,freegame,0.0,175.5
5194,freegame,0.0,987.3
5195,freegame,0.0,2874.6
5196,freegame,0.0,10.1
5197,freegame,0.0,0.0
5198,freegame,0.0,1760.4
5199,freegame,0.0,5000
5200,freegame,0.0,58.8
5201,freegame,0.0,78.0
5202,freegame,0.0,3.8
5203,freegame,3.2,4.8
5204,freegame,0.0,183.6
5205,freegame,0.0,0.0
5206,freegame,0.0,984.4
5207,freegame,0.0,20.4
5208,freegame,0.0,5.4
5209,freegame,0.2,280.0
5210,freegame,0.0,0.0
5211,freegame,0.0,110.0
5212,freegame,0.4,58.5
5213,freegame,0.0,278.4
5214,freegame,0.0,70.9
5215,freegame,0.0,40.6
5216,freegame,0.0,66.6
5217,freegame,0.0,140.0
5218,freegame,0.0,0.0
5219,freegame,0.0,0.0
5220,freegame,0.0,642.0
5221,freegame,0.0,1447.2
5222,freegame,0.0,54.9
5223,freegame,0.0,3.0
5224,freegame,3.2,4.8
5225,freegame,0.0,1442.6
5226,freegame,0.0,46.2
5227,freegame,0.0,865.4
5228,freegame,0.0,8.8
5229,freegame,2.4,136.0
5230,freegame,0.0,1660.5
5231,freegame,0.0,5000
5232,freegame,0.8,465.0
5233,freegame,0.0,545.2
5234,freegame,0.0,77.7
5235,freegame,0.0,17.6
5236,freegame,0.0,14.5
5237,freegame,0.0,10.4
5238,freegame,0.0,309.2
5239,freegame,0.0,1918.3
5240,freegame,0.0,216.0
5241,freegame,0.0,50.6
5242,freegame,0.0,262.2
5243,freegame,0.0,164.8
5244,freegame,0.0,309.0
5245,freegame,0.0,45.6
5246,freegame,0.0,142.0
5247,freegame,0.0,5000
5248,freegame,0.0,2505.6
5249,freegame,1.6,0.0
5250,freegame,0.0,24.0
5251,freegame,0.0,16.5
5252,freegame,0.0,22.8
5253,freegame,0.0,19.8
5254,freegame,0.0,192.6
5255,freegame,0.0,27.2
5256,freegame,0.0,0.0
5257,freegame,0.0,177.7
5258,freegame,0.0,23.2
5259,freegame,0.0,198.2
5260,freegame,0.0,378.0
5261,freegame,0.0,65.5
5262,freegame,0.0,61.0
5263,freegame,0.0,1196.0
5264,freegame,0.0,108.6
5265,freegame,0.0,2.0
5266,freegame,0.4,4.1
5267,freegame,0.0,31.9
5268,freegame,0.0,70.8
5269,freegame,0.0,3.8
5270,freegame,0.0,0.0
5271,freegame,0.0,8.8
5272,freegame,0.0,0.0
5273,freegame,0.0,18.4
5274,freegame,4.0,0.2
5275,freegame,0.0,1.2
5276,freegame,0.0,0.0
5277,freegame,0.0,124.8
5278,freegame,0.0,25.4
5279,freegame,0.0,1.2
5280,freegame,0.0,15.6
5281,freegame,0.0,595.7
5282,freegame,0.0,17.2
5283,freegame,0.0,1410.6
5284,freegame,0.0,16.0
5285,freegame,0.0,3.0
5286,freegame,0.0,4.0
5287,freegame,0.0,11.4
5288,freegame,0.0,5.6
5289,freegame,0.0,11.2
5290,freegame,0.0,51.2
5291,freegame,0.0,370.4
5292,freegame,0.0,244.8
5293,freegame,0.0,48.0
5294,freegame,0.0,2420.4
5295,freegame,0.8,4.0
5296,freegame,0.0,66.4
5297,freegame,0.0,29.8
5298,freegame,0.0,659.2
5299,freegame,0.0,9.8
5300,freegame,0.0,819.4
5301,freegame,0.0,149.0
5302,freegame,0.0,44.0
5303,freegame,0.0,35.2
5304,freegame,0.0,0.6
5305,freegame,0.0,120.6
5306,freegame,0.0,328.8
5307,freegame,0.0,42.6
5308,freegame,0.0,0.0
5309,freegame,0.0,58.8
5310,freegame,0.0,18.2
5311,freegame,0.0,84.0
5312,freegame,0.0,3.0
5313,freegame,0.0,4.0
5314,freegame,0.0,18.0
5315,freegame,0.0,17.5
5316,freegame,0.0,7.2
5317,freegame,0.0,81.4
5318,freegame,0.0,387.1
5319,freegame,0.0,45.6
5320,freegame,0.0,534.0
5321,freegame,0.0,22.4
5322,freegame,0.0,10.4
5323,freegame,0.0,66.0
5324,freegame,0.0,75.4
5325,freegame,0.0,135.3
5326,freegame,0.0,59.7
5327,freegame,0.0,9.4
5328,freegame,0.2,4.8
5329,freegame,3.2,16.8
5330,freegame,0.0,3.6
5331,freegame,0.0,0.0
5332,freegame,0.0,30.0
5333,freegame,0.0,68.9
5334,freegame,0.0,948.0
5335,freegame,0.0,300.8
5336,freegame,0.0,5000
5337,freegame,0.0,541.5
5338,freegame,0.0,41.6
5339,freegame,0.0,341.8
5340,freegame,0.0,54.8
5341,freegame,0.0,8.0
5342,freegame,0.0,2.2
5343,freegame,0.0,6.0
5344,freegame,0.0,11.2
5345,freegame,0.0,28.0
5346,freegame,0.0,27.2
5347,freegame,1.2,17.4
5348,freegame,0.0,15.0
5349,freegame,0.0,12.8
5350,freegame,0.0,104.6
5351,freegame,0.0,6.8
5352,freegame,0.0,5000
5353,freegame,0.0,68.0
5354,freegame,0.0,21.6
5355,freegame,0.0,4.2
5356,freegame,0.0,91.0
5357,freegame,0.0,11.5
5358,freegame,0.0,598.4
5359,freegame,0.0,1.6
5360,freegame,0.0,2.0
5361,freegame,0.0,83.8
5362,freegame,0.0,24.0
5363,freegame,0.0,491.0
5364,freegame,0.0,14.4
5365,freegame,0.0,5000
5366,freegame,0.0,12.4
5367,freegame,0.0,8.8
5368,freegame,0.0,348.2
5369,freegame,0.0,88.1
5370,freegame,0.0,0.8
5371,freegame,0.0,0.8
5372,freegame,0.4,27.2
5373,freegame,0.0,0.4
5374,freegame,0.0,0.0
5375,freegame,0.0,0.0
5376,freegame,1.6,13.9
5377,freegame,0.0,1772.2
5378,freegame,5.0,349.0
5379,freegame,0.0,127.0
5380,freegame,0.0,63.0
5381,freegame,0.0,6.0
5382,freegame,0.0,8.4
5383,freegame,0.0,0.4
5384,freegame,0.0,980.0
5385,freegame,0.0,0.0
5386,freegame,0.0,1010.4
5387,freegame,0.0,0.0
5388,freegame,0.0,0.0
5389,freegame,0.0,128.0
5390,freegame,0.0,47.5
5391,freegame,0.0,0.0
5392,freegame,0.0,13.6
5393,freegame,0.0,0.8
5394,freegame,0.0,58.0
5395,freegame,0.0,76.8
5396,freegame,0.0,2.4
5397,freegame,0.0,152.0
5398,freegame,0.0,281.2
5399,freegame,0.0,97.4
5400,freegame,2.0,6.0
5401,freegame,0.0,1521.7
5402,freegame,0.0,79.2
5403,freegame,0.0,16.0
5404,freegame,0.0,3.4
5405,freegame,0.0,81.6
5406,freegame,0.0,776.0
5407,freegame,0.0,0.0
5408,freegame,0.0,60.4
5409,freegame,0.0,5.0
5410,freegame,0.0,66.0
5411,freegame,0.0,4644.0
5412,freegame,0.4,3151.6
5413,freegame,0.0,2.4
5414,freegame,0.0,982.4
5415,freegame,0.0,179.6
5416,freegame,0.0,30.8
5417,freegame,0.0,73.6
5418,freegame,0.0,120.0
5419,freegame,0.0,97.5
5420,freegame,0.0,26.0
5421,freegame,0.0,4.0
5422,freegame,0.0,28.8
5423,freegame,0.0,2.8
5424,freegame,0.0,0.0
5425,freegame,0.0,47.6
5426,freegame,0.0,187.4
5427,freegame,0.0,341.6
5428,freegame,0.0,15.0
5429,freegame,0.0,60.0
5430,freegame,0.0,5000
5431,freegame,0.0,3079.2
5432,freegame,0.0,122.4
5433,freegame,0.0,89.0
5434,freegame,0.0,21.2
5435,freegame,0.0,2.8
5436,freegame,0.0,4.4
5437,freegame,0.0,2.0
5438,freegame,0.0,7.6
5439,freegame,0.4,49.6
5440,freegame,0.0,54.4
5441,freegame,0.0,4143.9
5442,freegame,0.0,1122.0
5443,freegame,0.0,32.6
5444,freegame,0.0,4.8
5445,freegame,0.0,2609.9
5446,freegame,0.0,10.0
5447,freegame,0.0,493.4
5448,freegame,0.0,0.0
5449,freegame,0.0,39.6
5450,freegame,0.0,76.8
5451,freegame,0.0,74.4
5452,freegame,0.0,1.1
5453,freegame,0.0,886.6
5454,freegame,0.0,401.0
5455,freegame,0.0,0.0
5456,freegame,0.0,162.9
5457,freegame,0.0,16.0
5458,freegame,0.0,265.3
5459,freegame,0.0,34.2
5460,freegame,0.0,28.8
5461,freegame,0.0,1690.4
5462,freegame,0.0,45.2
5463,freegame,0.0,74.0
5464,freegame,0.0,3.0
5465,freegame,0.0,180.0
5466,freegame,0.0,337.0
5467,freegame,0.0,49.5
5468,freegame,0.0,180.4
5469,freegame,0.0,0.0
5470,freegame,0.0,170.8
5471,freegame,0.0,0.4
5472,freegame,0.0,80.0
5473,freegame,0.4,76.6
5474,freegame,0.0,0.0
5475,freegame,0.0,4.4
5476,freegame,0.0,369.0
5477,freegame,0.0,0.0
5478,freegame,0.0,39.0
5479,freegame,0.0,21.0
5480,freegame,0.0,1.2
5481,freegame,0.0,4.4
5482,freegame,0.0,3862.8
5483,freegame,0.0,5000
5484,freegame,0.0,182.4
5485,freegame,0.0,368.5
5486,freegame,0.0,20.4
5487,freegame,0.0,1082.0
5488,freegame,0.0,104.0
5489,freegame,0.0,112.0
5490,freegame,0.0,31.3
5491,freegame,0.0,3.0
5492,freegame,0.0,13.2
5493,freegame,0.0,27.2
5494,freegame,0.0,1569.2
5495,freegame,0.0,15.2
5496,freegame,0.0,3.0
5497,freegame,0.0,141.0
5498,freegame,0.0,23.2
5499,freegame,0.0,534.6
5500,freegame,0.0,2.0
5501,freegame,0.0,264.0
5502,freegame,0.0,19.0
5503,freegame,0.0,156.0
5504,freegame,0.4,62.8
5505,freegame,0.0,140.5
5506,freegame,0.0,30.0
5507,freegame,0.0,2.6
5508,freegame,0.0,16.0
5509,freegame,0.0,1.6
5510,freegame,0.0,4.0
5511,freegame,0.0,48.4
5512,freegame,0.0,0.0
5513,freegame,0.0,16.0
5514,freegame,0.0,0.0
5515,freegame,0.0,385.6
5516,freegame,0.0,90.0
5517,freegame,0.0,300.0
5518,freegame,0.0,5.0
5519,freegame,0.0,196.5
5520,freegame,0.0,8.0
5521,freegame,0.2,5.6
5522,freegame,0.0,186.0
5523,freegame,0.0,157.0
5524,freegame,0.0,1.4
5525,freegame,0.0,68.0
5526,freegame,0.0,97.2
5527,freegame,0.0,166.8
5528,freegame,0.0,72.0
5529,freegame,0.0,151.3
5530,freegame,0.0,4.0
5531,freegame,0.0,126.4
5532,freegame,0.0,0.8
5533,freegame,0.0,534.4
5534,freegame,0.0,5000
5535,freegame,0.0,5000
5536,freegame,0.0,3.4
5537,freegame,0.0,125.8
5538,freegame,0.0,22.0
5539,freegame,0.0,1726.8
5540,freegame,0.0,113.8
5541,freegame,0.0,16.4
5542,freegame,0.0,0.4
5543,freegame,0.0,62.6
5544,freegame,0.0,390.4
5545,freegame,0.0,245.4
5546,freegame,0.0,218.8
5547,freegame,0.0,8.8
5548,freegame,0.0,57.6
5549,freegame,0.0,120.0
5550,freegame,0.0,101.7
5551,freegame,0.0,468.0
5552,freegame,0.0,0.2
5553,freegame,0.0,14.4
5554,freegame,0.0,347.6
5555,freegame,0.0,28.0
5556,freegame,0.0,51.4
5557,freegame,0.0,124.6
5558,freegame,0.0,72.0
5559,freegame,0.0,20.8
5560,freegame,0.0,1.8
5561,freegame,0.0,133.5
5562,freegame,1.6,62.6
5563,freegame,0.0,45.2
5564,freegame,0.2,2.0
5565,freegame,0.0,207.8
5566,freegame,0.0,34.4
5567,freegame,0.0,23.6
5568,freegame,0.0,73.2
5569,freegame,0.0,40.0
5570,freegame,0.0,5000
5571,freegame,0.0,301.2
5572,freegame,0.0,2.2
5573,freegame,0.0,3.6
5574,freegame,0.0,11.4
5575,freegame,0.0,57.8
5576,freegame,0.0,71.4
5577,freegame,0.0,32.0
5578,freegame,0.2,1275.7
5579,freegame,0.0,428.0
5580,freegame,0.3,121.8
5581,freegame,0.0,1791.5
5582,freegame,0.0,455.2
5583,freegame,0.0,825.5
5584,freegame,0.0,36.0
5585,freegame,0.0,43.2
5586,freegame,0.0,24.0
5587,freegame,0.0,634.2
5588,freegame,0.0,59.2
5589,freegame,0.0,100.0
5590,freegame,0.0,29.7
5591,freegame,0.0,0.0
5592,freegame,0.4,1287.4
5593,freegame,0.4,64.7
5594,freegame,0.8,176.1
5595,freegame,0.0,28.0
5596,freegame,0.0,0.0
5597,freegame,2.0,58.4
5598,freegame,0.0,0.0
5599,freegame,0.0,122.2
5600,freegame,0.0,0.0
5601,freegame,0.0,548.5
5602,freegame,0.0,2.0
5603,freegame,0.0,1108.8
5604,freegame,0.0,4.0
5605,freegame,0.0,8.4
5606,freegame,0.3,0.0
5607,freegame,0.0,18.0
5608,freegame,0.0,0.0
5609,freegame,0.0,259.8
5610,freegame,0.0,25.2
5611,freegame,0.0,930.8
5612,freegame,0.0,1.2
5613,freegame,2.4,0.4
5614,freegame,0.0,6.8
5615,freegame,0.0,2146.2
5616,freegame,0.0,24.0
5617,freegame,0.0,1.6
5618,freegame,0.0,392.0
5619,freegame,0.2,2128.9
5620,freegame,0.0,4.4
5621,freegame,0.0,0.0
5622,freegame,0.0,8.4
5623,freegame,0.0,19.5
5624,freegame,0.0,0.4
5625,freegame,2.4,13.5
5626,freegame,0.0,527.6
5627,freegame,0.0,276.5
5628,freegame,0.0,2.0
5629,freegame,0.0,39.2
5630,freegame,0.0,144.0
5631,freegame,0.2,13.1
5632,freegame,0.0,77.6
5633,freegame,0.0,24.0
5634,freegame,0.0,103.3
5635,freegame,0.0,24.0
5636,freegame,0.0,88.0
5637,freegame,0.0,10.2
5638,freegame,0.0,1.6
5639,freegame,0.0,91.0
5640,freegame,0.0,253.4
5641,freegame,0.0,1.6
5642,freegame,0.0,2175.8
5643,freegame,0.0,38.2
5644,freegame,0.0,0.0
5645,freegame,0.0,585.0
5646,freegame,0.8,273.4
5647,freegame,0.0,26.6
5648,freegame,0.0,5000
5649,freegame,0.0,0.0
5650,freegame,0.0,113.0
5651,freegame,0.4,0.0
5652,freegame,0.0,9.8
5653,freegame,0.0,83.4
5654,freegame,0.0,73.8
5655,freegame,0.0,0.8
5656,freegame,0.0,0.0
5657,freegame,0.0,504.2
5658,freegame,0.0,11.0
5659,freegame,0.0,1488.0
5660,freegame,0.0,335.8
5661,freegame,0.0,50.0
5662,freegame,0.0,72.0
5663,freegame,0.0,880.3
5664,freegame,0.0,54.6
5665,freegame,0.0,906.4
5666,freegame,16.0,79.0
5667,freegame,0.0,17.2
5668,freegame,0.0,1576.0
5669,freegame,0.0,2.0
5670,freegame,0.0,230.4
5671,freegame,0.0,0.6
5672,freegame,0.0,8.8
5673,freegame,0.0,12.7
5674,freegame,0.0,148.0
5675,freegame,0.0,1.0
5676,freegame,0.0,19.0
5677,freegame,0.0,0.0
5678,freegame,0.0,65.0
5679,freegame,0.0,141.0
5680,freegame,0.0,392.4
5681,freegame,0.0,88.0
5682,freegame,0.0,22.4
5683,freegame,0.0,0.0
5684,freegame,0.0,55.0
5685,freegame,0.0,20.0
5686,freegame,0.0,988.4
5687,freegame,0.0,364.6
5688,freegame,0.0,128.0
5689,freegame,0.0,199.2
5690,freegame,0.0,25.6
5691,freegame,0.0,335.5
5692,freegame,0.0,521.2
5693,freegame,0.0,81.6
5694,freegame,0.0,16.6
5695,freegame,0.0,197.2
5696,freegame,0.0,1.6
5697,freegame,0.0,0.0
5698,freegame,0.0,43.2
5699,freegame,0.0,14.4
5700,freegame,0.0,636.8
5701,freegame,0.0,32.8
5702,freegame,0.0,56.6
5703,freegame,0.0,0.8
5704,freegame,0.0,4.0
5705,freegame,0.0,45.8
5706,freegame,0.0,0.0
5707,freegame,0.0,12.4
5708,freegame,0.0,32.0
5709,freegame,0.0,5000
5710,freegame,0.0,462.0
5711,freegame,0.0,18.9
5712,freegame,0.0,46.5
5713,freegame,0.0,5.0
5714,freegame,0.0,0.0
5715,freegame,0.0,206.8
5716,freegame,0.0,0.4
5717,freegame,0.0,38.7
5718,freegame,0.0,11.0
5719,freegame,0.0,42.0
5720,freegame,0.0,532.8
5721,freegame,0.0,84.0
5722,freegame,0.0,188.8
5723,freegame,0.7,105.6
5724,freegame,0.0,819.6
5725,freegame,0.0,70.2
5726,freegame,0.0,220.8
5727,freegame,0.0,0.0
5728,freegame,0.0,4.0
5729,freegame,8.0,20.8
5730,freegame,0.0,2.1
5731,freegame,0.0,132.0
5732,freegame,0.0,206.5
5733,freegame,0.0,7.6
5734,freegame,0.0,190.6
5735,freegame,0.0,13.0
5736,freegame,0.0,72.6
5737,freegame,0.0,4.8
5738,freegame,0.0,0.0
5739,freegame,0.0,4554.0
5740,freegame,0.0,19.8
5741,freegame,0.0,73.8
5742,freegame,0.0,15.4
5743,freegame,0.0,0.0
5744,freegame,0.0,15.5
5745,freegame,0.0,399.0
5746,freegame,0.0,38.0
5747,freegame,0.0,1641.6
5748,freegame,0.0,4.8
5749,freegame,0.0,584.0
5750,freegame,0.0,32.9
5751,freegame,0.0,28.8
5752,freegame,0.0,18.0
5753,freegame,0.0,80.0
5754,freegame,0.4,2.0
5755,freegame,0.0,70.9
5756,freegame,0.4,211.0
5757,freegame,0.0,1046.6
5758,freegame,0.0,21.6
5759,freegame,0.0,274.0
5760,freegame,0.0,449.6
5761,freegame,0.0,4147.6
5762,freegame,0.0,142.0
5763,freegame,0.0,2.1
5764,freegame,0.0,28.0
5765,freegame,0.0,168.1
5766,freegame,0.0,0.0
5767,freegame,0.4,47.4
5768,freegame,0.0,68.8
5769,freegame,0.0,6.0
5770,freegame,0.0,0.8
5771,freegame,0.0,396.0
5772,freegame,0.0,1.4
5773,freegame,0.0,56.0
5774,freegame,0.0,32.4
5775,freegame,0.0,0.4
5776,freegame,0.0,822.4
5777,freegame,0.0,4.7
5778,freegame,0.0,1138.8
5779,freegame,0.0,1005.2
5780,freegame,0.0,784.0
5781,freegame,0.0,0.0
5782,freegame,0.0,2.6
5783,freegame,0.0,0.0
5784,freegame,0.0,35.6
5785,freegame,0.4,0.0
5786,freegame,0.0,180.8
5787,freegame,0.0,8.0
5788,freegame,0.0,1582.8
5789,freegame,0.0,240.0
5790,freegame,0.0,9.9
5791,freegame,0.0,51.4
5792,freegame,0.0,64.5
5793,freegame,0.0,12.2
5794,freegame,0.0,4.8
5795,freegame,0.0,340.9
5796,freegame,0.0,225.8
5797,freegame,0.0,0.8
5798,freegame,0.0,176.0
5799,freegame,0.0,29.4
5800,freegame,0.0,1696.5
5801,freegame,0.0,566.4
5802,freegame,0.0,9.6
5803,freegame,0.0,0.0
5804,freegame,0.0,99.6
5805,freegame,0.0,65.0
5806,freegame,0.0,5.6
5807,freegame,0.0,19.2
5808,freegame,0.0,610.4
5809,freegame,0.0,194.9
5810,freegame,0.0,120.4
5811,freegame,0.0,1.0
5812,freegame,0.0,4.5
5813,freegame,0.0,248.0
5814,freegame,0.0,22.0
5815,freegame,0.0,13.8
5816,freegame,0.0,5.6
5817,freegame,0.0,56.0
5818,freegame,0.4,138.8
5819,freegame,0.0,11.1
5820,freegame,0.0,49.4
5821,freegame,0.0,4.0
5822,freegame,0.0,1673.2
5823,freegame,0.0,4.0
5824,freegame,0.0,230.4
5825,freegame,0.0,36.0
5826,freegame,0.0,0.0
5827,freegame,0.0,0.0
5828,freegame,0.0,13.4
5829,freegame,0.0,135.2
5830,freegame,0.0,11.4
5831,freegame,0.0,28.4
5832,freegame,0.0,0.0
5833,freegame,0.0,1325.0
5834,freegame,1.6,337.6
5835,freegame,0.0,40.0
5836,freegame,0.4,264.5
5837,freegame,0.0,111.0
5838,freegame,0.0,5000
5839,freegame,0.0,104.0
5840,freegame,0.0,42.0
5841,freegame,0.0,135.2
5842,freegame,0.0,0.0
5843,freegame,0.0,73.6
5844,freegame,0.0,29.3
5845,freegame,0.0,1.2
5846,freegame,0.0,3.2
5847,freegame,0.0,1272.8
5848,freegame,0.0,48.4
5849,freegame,0.0,2.0
5850,freegame,0.0,117.0
5851,freegame,0.0,1066.2
5852,freegame,0.0,58.0
5853,freegame,0.2,52.4
5854,freegame,0.0,264.0
5855,freegame,0.0,8.4
5856,freegame,0.0,0.0
5857,freegame,0.0,19.2
5858,freegame,0.0,36.5
5859,freegame,0.0,2159.4
5860,freegame,0.0,49.6
5861,freegame,0.8,636.4
5862,freegame,0.0,621.4
5863,freegame,0.0,34.4
5864,freegame,0.0,20.0
5865,freegame,0.0,24.0
5866,freegame,0.0,61.0
5867,freegame,0.0,0.8
5868,freegame,0.0,3.2
5869,freegame,0.8,210.0
5870,freegame,1.6,758.4
5871,freegame,0.0,1583.0
5872,freegame,0.0,56.8
5873,freegame,0.0,122.4
5874,freegame,0.0,2.0
5875,freegame,0.0,5000
5876,freegame,0.0,13.6
5877,freegame,0.0,132.0
5878,freegame,0.0,63.2
5879,freegame,0.0,212.2
5880,freegame,0.0,12.0
5881,freegame,0.0,5000
5882,freegame,1.6,1.2
5883,freegame,0.0,120.0
5884,freegame,0.0,154.6
5885,freegame,0.0,15.6
5886,freegame,0.0,192.0
5887,freegame,0.0,0.0
5888,freegame,0.0,761.2
5889,freegame,0.0,63.4
5890,freegame,0.2,6.8
5891,freegame,0.0,19.0
5892,freegame,0.0,18.4
5893,freegame,0.0,24.8
5894,freegame,0.0,7.6
5895,freegame,0.0,0.0
5896,freegame,0.0,224.0
5897,freegame,0.0,0.0
5898,freegame,0.4,420.0
5899,freegame,0.0,34.6
5900,freegame,0.0,730.8
5901,freegame,0.0,265.5
5902,freegame,0.0,23.2
5903,freegame,0.0,337.8
5904,freegame,0.0,8.0
5905,freegame,0.0,225.2
5906,freegame,0.0,0.0
5907,freegame,0.0,3.2
5908,freegame,0.0,14.6
5909,freegame,0.0,82.4
5910,freegame,0.0,38.4
5911,freegame,0.0,9.0
5912,freegame,0.0,94.4
5913,freegame,0.0,1620.0
5914,freegame,0.4,1088.9
5915,freegame,0.0,0.6
5916,freegame,0.0,3246.4
5917,freegame,0.0,20.0
5918,freegame,0.0,0.0
5919,freegame,0.0,4.2
5920,freegame,0.0,18.0
5921,freegame,0.0,344.0
5922,freegame,0.0,4.0
5923,freegame,0.0,3199.2
5924,freegame,0.0,138.8
5925,freegame,0.0,50.0
5926,freegame,0.0,0.0
5927,freegame,0.0,164.0
5928,freegame,3.2,3.2
5929,freegame,0.0,3.0
5930,freegame,0.0,1246.8
5931,freegame,0.0,262.2
5932,freegame,0.0,22.1
5933,freegame,0.0,107.6
5934,freegame,0.0,37.8
5935,freegame,0.0,300.0
5936,freegame,0.0,4.8
5937,freegame,0.0,0.0
5938,freegame,0.0,0.0
5939,freegame,0.0,38.2
5940,freegame,0.0,24.0
5941,freegame,0.0,154.0
5942,freegame,0.0,44.2
5943,freegame,0.0,56.0
5944,freegame,0.0,5.7
5945,freegame,0.0,1039.8
5946,freegame,0.0,8.8
5947,freegame,0.0,180.2
5948,freegame,0.0,587.0
5949,freegame,0.0,1054.8
5950,freegame,0.0,142.0
5951,freegame,0.0,1650.8
5952,freegame,0.0,133.0
5953,freegame,0.0,248.0
5954,freegame,0.0,6.0
5955,freegame,0.0,1444.8
5956,freegame,0.0,4002.8
5957,freegame,0.0,262.4
5958,freegame,0.0,75.2
5959,freegame,0.0,24.8
5960,freegame,0.0,0.0
5961,freegame,0.0,87.6
5962,freegame,0.0,57.2
5963,freegame,0.0,1.8
5964,freegame,0.0,0.0
5965,freegame,0.0,34.7
5966,freegame,3.2,86.0
5967,freegame,0.0,0.0
5968,freegame,0.0,10.4
5969,freegame,0.0,5.9
5970,freegame,0.0,133.0
5971,freegame,0.0,0.4
5972,freegame,0.0,3.2
5973,freegame,0.0,216.0
5974,freegame,0.0,0.0
5975,freegame,0.0,44.0
5976,freegame,0.0,17.6
5977,freegame,0.0,219.0
5978,freegame,0.0,48.0
5979,freegame,0.0,9.4
5980,freegame,0.0,469.2
5981,freegame,0.0,48.0
5982,freegame,0.0,530.0
5983,freegame,0.0,1.8
5984,freegame,0.0,2.2
5985,freegame,0.0,1.6
5986,freegame,0.0,0.0
5987,freegame,0.0,71.6
5988,freegame,0.2,3014.8
5989,freegame,0.0,32.0
5990,freegame,0.0,4.0
5991,freegame,0.0,0.0
5992,freegame,0.0,18.0
5993,freegame,0.0,66.4
5994,freegame,0.0,45.2
5995,freegame,0.9,51.6
5996,freegame,0.0,337.4
5997,freegame,0.0,1.6
5998,freegame,0.0,1.8
5999,freegame,0.0,0.0
6000,freegame,0.0,83.1
6001,freegame,0.0,2199.0
6002,freegame,0.0,77.6
6003,freegame,0.0,312.0
6004,freegame,0.0,41.6
6005,freegame,0.0,0.0
6006,freegame,0.0,3.0
6007,freegame,0.0,0.0
6008,freegame,0.0,25.2
6009,freegame,0.0,0.9
6010,freegame,0.0,0.0
6011,freegame,0.0,1511.0
6012,freegame,0.0,119.7
6013,freegame,0.0,70.0
6014,freegame,0.0,22.8
6015,freegame,0.0,4.9
6016,freegame,0.0,18.0
6017,freegame,0.0,355.0
6018,freegame,0.0,128.0
6019,freegame,0.8,253.4
6020,freegame,0.0,16.9
6021,freegame,0.0,295.3
6022,freegame,0.0,0.0
6023,freegame,0.0,86.2
6024,freegame,0.0,118.0
6025,freegame,0.0,72.2
6026,freegame,0.0,0.0
6027,freegame,0.0,4341.7
6028,freegame,0.0,228.8
6029,freegame,0.0,0.4
6030,freegame,0.0,13.4
6031,freegame,0.0,243.8
6032,freegame,0.0,133.8
6033,freegame,0.0,442.0
6034,freegame,2.0,0.0
6035,freegame,0.0,5000
6036,freegame,0.0,5000
6037,freegame,0.0,270.4
6038,freegame,0.0,0.8
6039,freegame,0.0,40.5
6040,freegame,0.0,0.0
6041,freegame,0.0,5000
6042,freegame,0.0,103.2
6043,freegame,0.0,207.6
6044,freegame,0.0,108.0
6045,freegame,0.0,20.0
6046,freegame,0.0,43.2
6047,freegame,0.0,33.7
6048,freegame,0.0,28.0
6049,freegame,0.0,22.0
6050,freegame,0.0,13.2
6051,freegame,0.0,0.0
6052,freegame,0.0,68.4
6053,freegame,0.0,3.6
6054,freegame,0.0,105.0
6055,freegame,0.0,11.0
6056,freegame,0.0,647.8
6057,freegame,0.0,0.2
6058,freegame,0.0,169.7
6059,freegame,0.0,17.0
6060,freegame,0.0,1295.4
6061,freegame,0.0,23.0
6062,freegame,0.0,0.0
6063,freegame,0.0,232.0
6064,freegame,0.0,4160.6
6065,freegame,0.0,4.8
6066,freegame,0.0,144.8
6067,freegame,0.0,7.2
6068,freegame,0.0,3600.0
6069,freegame,0.0,528.4
6070,freegame,0.0,0.8
6071,freegame,0.0,82.4
6072,freegame,0.0,18.4
6073,freegame,0.0,152.0
6074,freegame,0.0,66.6
6075,freegame,0.0,140.0
6076,freegame,0.0,74.0
6077,freegame,0.0,63.4
6078,freegame,0.0,11.2
6079,freegame,0.0,112.0
6080,freegame,0.0,117.0
6081,freegame,0.0,90.4
6082,freegame,28.0,120.2
6083,freegame,0.0,4.4
6084,freegame,0.0,60.0
6085,freegame,4.8,1481.4
6086,freegame,0.0,2.8
6087,freegame,0.0,117.4
6088,freegame,0.0,0.0
6089,freegame,0.0,71.6
6090,freegame,0.0,298.0
6091,freegame,0.0,0.0
6092,freegame,0.0,394.2
6093,freegame,0.0,4334.5
6094,freegame,0.0,371.0
6095,freegame,0.0,332.8
6096,freegame,0.0,36.1
6097,freegame,0.0,112.0
6098,freegame,0.0,105.6
6099,freegame,0.6,16.5
6100,freegame,0.0,44.2
6101,freegame,0.0,3.2
6102,freegame,0.0,4.4
6103,freegame,0.0,0.8
6104,freegame,0.0,294.6
6105,freegame,0.0,543.8
6106,freegame,0.0,2.4
6107,freegame,0.0,0.2
6108,freegame,0.0,468.0
6109,freegame,0.0,11.0
6110,freegame,0.0,460.8
6111,freegame,0.0,14.8
6112,freegame,0.0,41.2
6113,freegame,0.0,147.6
6114,freegame,0.0,225.0
6115,freegame,3.2,149.2
6116,freegame,0.0,39.0
6117,freegame,0.0,14.0
6118,freegame,0.0,16.5
6119,freegame,0.0,128.8
6120,freegame,0.0,4.0
6121,freegame,0.0,121.6
6122,freegame,0.0,8.4
6123,freegame,0.0,40.0
6124,freegame,0.0,18.4
6125,freegame,0.0,225.8
6126,freegame,0.0,7.8
6127,freegame,0.0,736.4
6128,freegame,0.0,1.6
6129,freegame,0.0,172.0
6130,freegame,0.0,22.0
6131,freegame,0.0,0.0
6132,freegame,0.0,28.4
6133,freegame,0.0,206.2
6134,freegame,0.0,720.0
6135,freegame,0.0,2962.6
6136,freegame,0.0,1584.0
6137,freegame,0.0,30.1
6138,freegame,0.0,23.0
6139,freegame,0.0,756.0
6140,freegame,0.0,36.0
6141,freegame,0.0,68.0
6142,freegame,0.8,39.4
6143,freegame,0.0,274.4
6144,freegame,0.0,7.0
6145,freegame,0.0,51.4
6146,freegame,0.0,101.4
6147,freegame,0.0,632.0
6148,freegame,0.0,26.8
6149,freegame,1.6,276.0
6150,freegame,0.0,196.6
6151,freegame,0.0,1.0
6152,freegame,0.0,5000
6153,freegame,0.0,0.0
6154,freegame,0.0,5.4
6155,freegame,0.0,2.4
6156,freegame,0.0,90.7
6157,freegame,0.0,8.8
6158,freegame,0.0,309.1
6159,freegame,0.0,4.0
6160,freegame,0.0,45.0
6161,freegame,0.0,49.2
6162,freegame,0.0,3070.6
6163,freegame,0.0,40.5
6164,freegame,0.0,32.0
6165,freegame,0.0,9.6
6166,freegame,0.0,158.8
6167,freegame,0.0,0.0
6168,freegame,0.0,45.8
6169,freegame,0.0,186.1
6170,freegame,0.0,285.0
6171,freegame,0.0,43.0
6172,freegame,0.0,170.2
6173,freegame,0.0,325.6
6174,freegame,0.0,27.3
6175,freegame,0.0,109.6
6176,freegame,0.0,67.3
6177,freegame,0.0,368.4
6178,freegame,0.0,30.0
6179,freegame,0.0,115.4
6180,freegame,0.0,108.6
6181,freegame,0.0,5.6
6182,freegame,0.0,0.0
6183,freegame,0.0,7.2
6184,freegame,0.0,16.0
6185,freegame,0.0,0.0
6186,freegame,0.0,4.8
6187,freegame,0.0,33.6
6188,freegame,0.0,84.0
6189,freegame,0.0,125.6
6190,freegame,0.0,1.2
6191,freegame,0.0,104.0
6192,freegame,0.0,338.6
6193,freegame,0.0,40.6
6194,freegame,0.0,0.0
6195,freegame,0.0,1558.8
6196,freegame,0.0,4.0
6197,freegame,0.0,0.0
6198,freegame,0.0,8.0
6199,freegame,0.0,31.2
6200,freegame,0.0,8.0
6201,freegame,0.0,1170.8
6202,freegame,0.0,1.2
6203,freegame,0.0,7.0
6204,freegame,0.0,66.0
6205,freegame,0.0,30.7
6206,freegame,0.0,30.8
6207,freegame,0.0,9.4
6208,freegame,0.0,49.2
6209,freegame,0.0,32.0
6210,freegame,0.0,0.0
6211,freegame,0.0,9.4
6212,freegame,0.0,50.4
6213,freegame,0.0,393.4
6214,freegame,0.0,0.0
6215,freegame,0.0,73.6
6216,freegame,0.0,15.1
6217,freegame,0.4,2.0
6218,freegame,0.0,48.8
6219,freegame,0.0,5000
6220,freegame,0.0,9.2
6221,freegame,1.2,221.5
6222,freegame,0.0,4.2
6223,freegame,0.0,948.8
6224,freegame,0.0,44.3
6225,freegame,0.0,28.0
6226,freegame,0.0,631.6
6227,freegame,0.0,0.0
6228,freegame,0.0,6.1
6229,freegame,0.0,53.2
6230,freegame,0.0,345.0
6231,freegame,0.0,5000
6232,freegame,0.8,15.0
6233,freegame,0.0,5.6
6234,freegame,0.0,5000
6235,freegame,0.4,28.8
6236,freegame,0.0,8.0
6237,freegame,0.4,89.6
6238,freegame,0.0,209.4
6239,freegame,0.0,213.6
6240,freegame,0.0,30.0
6241,freegame,0.0,0.0
6242,freegame,0.0,334.8
6243,freegame,0.0,96.4
6244,freegame,0.0,181.6
6245,freegame,0.0,248.4
6246,freegame,0.0,2.4
6247,freegame,0.0,6.4
6248,freegame,0.0,1601.2
6249,freegame,0.0,1.4
6250,freegame,0.0,1838.4
6251,freegame,0.0,112.0
6252,freegame,0.0,0.8
6253,freegame,0.0,566.7
6254,freegame,0.0,10.0
6255,freegame,0.0,6.0
6256,freegame,0.0,11.0
6257,freegame,0.0,378.8
6258,freegame,0.0,131.6
6259,freegame,0.0,61.8
6260,freegame,0.0,538.1
6261,freegame,0.0,75.6
6262,freegame,0.0,509.0
6263,freegame,0.0,699.4
6264,freegame,0.0,146.6
6265,freegame,0.8,1717.6
6266,freegame,0.0,274.0
6267,freegame,0.0,48.4
6268,freegame,0.0,4.8
6269,freegame,0.0,2542.2
6270,freegame,0.0,4.8
6271,freegame,0.0,0.4
6272,freegame,0.0,253.8
6273,freegame,0.0,127.8
6274,freegame,0.0,16.0
6275,freegame,0.0,28.8
6276,freegame,0.0,0.0
6277,freegame,0.0,0.0
6278,freegame,0.0,38.0
6279,freegame,0.0,80.0
6280,freegame,0.0,54.0
6281,freegame,0.0,619.2
6282,freegame,0.0,624.0
6283,freegame,0.0,20.8
6284,freegame,0.0,190.4
6285,freegame,0.0,124.0
6286,freegame,0.0,1005.6
6287,freegame,0.0,1.8
6288,freegame,0.0,140.6
6289,freegame,0.0,0.0
6290,freegame,0.0,178.7
6291,freegame,0.0,79.3
6292,freegame,0.0,30.4
6293,freegame,0.0,720.8
6294,freegame,0.0,29.2
6295,freegame,0.0,20.0
6296,freegame,0.0,3042.2
6297,freegame,0.0,4.0
6298,freegame,0.0,2.0
6299,freegame,0.0,162.0
6300,freegame,0.0,348.4
6301,freegame,0.0,10.1
6302,freegame,0.0,1.6
6303,freegame,0.0,283.5
6304,freegame,0.0,1453.2
6305,freegame,0.0,27.9
6306,freegame,0.0,1005.8
6307,freegame,0.0,974.0
6308,freegame,0.0,24.6
6309,freegame,0.0,550.0
6310,freegame,0.2,147.6
6311,freegame,0.0,128.7
6312,freegame,0.0,12.0
6313,freegame,0.0,0.0
6314,freegame,0.0,33.0
6315,freegame,0.0,61.3
6316,freegame,0.0,63.0
6317,freegame,0.0,11.2
6318,freegame,0.0,144.0
6319,freegame,0.0,16.2
6320,freegame,0.0,57.6
6321,freegame,0.0,69.0
6322,freegame,0.0,117.0
6323,freegame,0.0,120.4
6324,freegame,0.0,0.0
6325,freegame,0.0,36.6
6326,freegame,0.0,62.2
6327,freegame,0.0,21.4
6328,freegame,0.0,0.0
6329,freegame,0.0,314.4
6330,freegame,0.0,0.8
6331,freegame,0.0,5000
6332,freegame,0.0,4.0
6333,freegame,0.0,27.2
6334,freegame,0.0,0.0
6335,freegame,0.0,13.2
6336,freegame,0.0,35.6
6337,freegame,0.0,76.4
6338,freegame,0.0,20.4
6339,freegame,0.0,265.6
6340,freegame,0.0,15.2
6341,freegame,0.0,4.6
6342,freegame,0.0,20.8
6343,freegame,0.0,0.2
6344,freegame,0.0,0.0
6345,freegame,0.0,526.6
6346,freegame,0.0,55.6
6347,freegame,0.0,135.0
6348,freegame,0.0,38.4
6349,freegame,0.0,33.2
6350,freegame,0.0,64.4
6351,freegame,0.0,19.0
6352,freegame,0.0,1.2
6353,freegame,0.0,1.2
6354,freegame,0.0,136.0
6355,freegame,0.0,1116.4
6356,freegame,0.0,436.8
6357,freegame,0.0,2.2
6358,freegame,0.0,5000
6359,freegame,0.0,12.0
6360,freegame,8.0,1151.4
6361,freegame,0.0,30.6
6362,freegame,0.0,1.6
6363,freegame,0.0,0.0
6364,freegame,0.0,7.2
6365,freegame,0.0,121.6
6366,freegame,0.0,113.2
6367,freegame,0.0,70.7
6368,freegame,0.0,26.8
6369,freegame,0.0,107.0
6370,freegame,0.0,46.2
6371,freegame,0.0,18.5
6372,freegame,0.0,355.7
6373,freegame,0.0,68.8
6374,freegame,0.0,5.0
6375,freegame,0.0,276.8
6376,freegame,0.0,79.2
6377,freegame,0.0,237.5
6378,freegame,0.0,8.4
6379,freegame,0.0,243.3
6380,freegame,0.0,56.8
6381,freegame,0.0,0.0
6382,freegame,0.0,9.6
6383,freegame,0.0,1344.6
6384,freegame,0.0,3.9
6385,freegame,0.0,1.2
6386,freegame,0.0,1.2
6387,freegame,0.0,128.0
6388,freegame,0.0,15.2
6389,freegame,0.0,0.0
6390,freegame,0.0,20.0
6391,freegame,0.0,10.2
6392,freegame,0.0,647.5
6393,freegame,0.0,4.8
6394,freegame,0.0,157.2
6395,freegame,0.0,2.0
6396,freegame,0.0,0.4
6397,freegame,0.0,1891.9
6398,freegame,0.0,124.8
6399,freegame,0.0,20.0
6400,freegame,0.0,127.6
6401,freegame,0.0,1170.0
6402,freegame,0.0,2.4
6403,freegame,0.0,403.0
6404,freegame,0.0,3602.7
6405,freegame,0.0,84.0
6406,freegame,0.0,14.8
6407,freegame,0.0,240.0
6408,freegame,0.0,7.2
6409,freegame,0.0,229.2
6410,freegame,0.0,1081.0
6411,freegame,0.0,238.8
6412,freegame,0.0,1.9
6413,freegame,0.0,1200.0
6414,freegame,0.4,153.0
6415,freegame,0.8,176.0
6416,freegame,0.0,22.3
6417,freegame,0.0,1211.2
6418,freegame,0.4,74.0
6419,freegame,0.0,61.6
6420,freegame,0.0,1.6
6421,freegame,0.0,257.4
6422,freegame,0.0,857.8
6423,freegame,0.0,22.0
6424,freegame,0.0,60.4
6425,freegame,0.0,32.0
6426,freegame,0.0,19.0
6427,freegame,0.0,110.4
6428,freegame,0.0,10.4
6429,freegame,0.0,1092.8
6430,freegame,0.0,52.5
6431,freegame,0.0,200.8
6432,freegame,0.0,56.0
6433,freegame,0.0,43.2
6434,freegame,0.0,42.0
6435,freegame,0.0,260.8
6436,freegame,0.0,135.0
6437,freegame,0.0,5.2
6438,freegame,0.0,113.6
6439,freegame,0.0,1565.3
6440,freegame,0.0,28.8
6441,freegame,0.0,658.0
6442,freegame,0.0,743.0
6443,freegame,4.0,432.8
6444,freegame,0.0,597.6
6445,freegame,0.0,0.0
6446,freegame,0.0,467.2
6447,freegame,0.0,24.4
6448,freegame,0.2,362.0
6449,freegame,0.0,21.4
6450,freegame,0.0,48.2
6451,freegame,0.0,469.6
6452,freegame,0.0,0.0
6453,freegame,3.2,924.0
6454,freegame,0.0,5000
6455,freegame,0.0,77.6
6456,freegame,0.0,108.8
6457,freegame,0.0,0.4
6458,freegame,0.0,1883.2
6459,freegame,0.0,1.8
6460,freegame,0.4,1.6
6461,freegame,0.0,18.8
6462,freegame,0.0,10.2
6463,freegame,0.2,5000
6464,freegame,0.0,866.8
6465,freegame,0.0,50.8
6466,freegame,0.0,73.0
6467,freegame,0.0,7.0
6468,freegame,0.0,59.6
6469,freegame,0.0,876.4
6470,freegame,0.0,0.0
6471,freegame,0.0,0.2
6472,freegame,0.0,29.8
6473,freegame,0.0,63.4
6474,freegame,0.0,13.2
6475,freegame,0.0,126.1
6476,freegame,0.0,5000
6477,freegame,0.0,158.4
6478,freegame,0.0,36.0
6479,freegame,0.0,4.8
6480,freegame,0.0,101.0
6481,freegame,0.0,207.2
6482,freegame,0.0,5.0
6483,freegame,0.0,0.0
6484,freegame,0.0,2707.0
6485,freegame,1.2,40.0
6486,freegame,0.0,10.6
6487,freegame,0.0,15.2
6488,freegame,0.0,18.6
6489,freegame,0.0,26.4
6490,freegame,0.0,3962.4
6491,freegame,0.0,200.5
6492,freegame,0.0,17.8
6493,freegame,0.0,14.8
6494,freegame,0.0,5000
6495,freegame,0.0,320.0
6496,freegame,0.0,192.0
6497,freegame,0.0,38.0
6498,freegame,0.0,426.6
6499,freegame,0.0,201.4
6500,freegame,0.0,9.0
6501,freegame,0.0,470.0
6502,freegame,0.0,36.0
6503,freegame,0.0,1094.0
6504,freegame,0.0,1012.0
6505,freegame,0.0,17.0
6506,freegame,0.0,60.0
6507,freegame,0.0,1.6
6508,freegame,0.0,9.2
6509,freegame,0.0,9.6
6510,freegame,0.0,219.0
6511,freegame,0.0,12.1
6512,freegame,0.0,934.4
6513,freegame,0.0,0.8
6514,freegame,0.0,198.0
6515,freegame,0.0,16.0
6516,freegame,0.0,400.0
6517,freegame,0.0,5.7
6518,freegame,0.0,0.0
6519,freegame,4.0,35.0
6520,freegame,0.0,83.2
6521,freegame,0.0,2358.4
6522,freegame,0.0,149.6
6523,freegame,0.0,6.4
6524,freegame,0.0,27.0
6525,freegame,0.0,6.0
6526,freegame,0.0,420.0
6527,freegame,0.0,83.2
6528,freegame,0.0,11.2
6529,freegame,0.0,0.0
6530,freegame,0.0,173.4
6531,freegame,0.0,17.0
6532,freegame,0.6,67.2
6533,freegame,0.0,72.8
6534,freegame,0.0,118.2
6535,freegame,0.0,100.0
6536,freegame,0.0,87.2
6537,freegame,0.0,16.0
6538,freegame,0.0,15.2
6539,freegame,0.0,63.5
6540,freegame,0.0,3.2
6541,freegame,0.0,15.2
6542,freegame,0.0,190.8
6543,freegame,0.0,40.0
6544,freegame,0.0,62.0
6545,freegame,0.0,25.1
6546,freegame,0.0,78.8
6547,freegame,0.0,19.2
6548,freegame,0.0,515.8
6549,freegame,0.0,18.0
6550,freegame,0.0,5.2
6551,freegame,0.0,14.6
6552,freegame,0.0,0.2
6553,freegame,0.0,1260.0
6554,freegame,0.0,126.8
6555,freegame,0.0,56.8
6556,freegame,0.0,90.8
6557,freegame,0.0,880.6
6558,freegame,0.0,4231.0
6559,freegame,0.0,234.8
6560,freegame,0.0,49.8
6561,freegame,0.0,204.3
6562,freegame,0.0,0.0
6563,freegame,0.0,27.4
6564,freegame,0.0,16.0
6565,freegame,0.0,76.8
6566,freegame,0.0,55.7
6567,freegame,0.0,57.6
6568,freegame,0.0,67.6
6569,freegame,0.0,0.0
6570,freegame,0.0,101.0
6571,freegame,0.0,60.8
6572,freegame,0.0,57.3
6573,freegame,0.0,101.2
6574,freegame,0.0,137.8
6575,freegame,0.0,612.0
6576,freegame,0.0,50.8
6577,freegame,0.0,63.8
6578,freegame,0.0,212.8
6579,freegame,0.0,42.0
6580,freegame,0.0,16.8
6581,freegame,1.2,8.6
6582,freegame,0.0,384.0
6583,freegame,0.0,10.6
6584,freegame,0.0,1008.4
6585,freegame,0.0,1983.2
6586,freegame,0.0,2.0
6587,freegame,0.0,61.2
6588,freegame,0.0,101.5
6589,freegame,0.0,0.8
6590,freegame,0.0,9.8
6591,freegame,0.0,93.8
6592,freegame,0.0,550.0
6593,freegame,0.0,30.4
6594,freegame,0.0,8.5
6595,freegame,0.0,18.0
6596,freegame,0.0,18.4
6597,freegame,0.0,0.7
6598,freegame,0.0,0.0
6599,freegame,0.0,72.0
6600,freegame,0.0,24.8
6601,freegame,0.0,240.8
6602,freegame,0.0,32.4
6603,freegame,0.0,8.0
6604,freegame,0.0,9.8
6605,freegame,0.0,2.6
6606,freegame,0.2,8.4
6607,freegame,0.0,8.6
6608,freegame,0.0,114.0
6609,freegame,0.0,12.6
6610,freegame,0.0,24.0
6611,freegame,0.0,44.4
6612,freegame,0.0,20.8
6613,freegame,0.0,185.0
6614,freegame,0.0,986.4
6615,freegame,0.0,2156.8
6616,freegame,0.0,93.4
6617,freegame,16.0,27.0
6618,freegame,0.2,10.4
6619,freegame,0.0,0.0
6620,freegame,0.0,143.6
6621,freegame,0.0,69.6
6622,freegame,0.0,8.8
6623,freegame,0.0,18.0
6624,freegame,0.0,3.0
6625,freegame,0.0,1472.8
6626,freegame,0.0,630.4
6627,freegame,0.0,27.0
6628,freegame,0.0,1052.5
6629,freegame,0.0,30.4
6630,freegame,0.0,0.0
6631,freegame,0.0,572.3
6632,freegame,0.0,206.9
6633,freegame,0.0,350.0
6634,freegame,0.0,0.0
6635,freegame,0.0,16.0
6636,freegame,0.0,75.7
6637,freegame,0.0,11.2
6638,freegame,0.0,47.2
6639,freegame,0.0,8.0
6640,freegame,0.0,25.0
6641,freegame,0.0,318.0
6642,freegame,0.0,284.8
6643,freegame,0.0,1.5
6644,freegame,0.0,0.8
6645,freegame,0.0,12.5
6646,freegame,0.0,4.0
6647,freegame,0.0,555.0
6648,freegame,0.0,17.8
6649,freegame,0.0,0.0
6650,freegame,0.0,0.0
6651,freegame,0.0,83.2
6652,freegame,0.1,909.0
6653,freegame,0.0,89.3
6654,freegame,0.0,644.0
6655,freegame,0.0,4845.0
6656,freegame,0.0,8.4
6657,freegame,0.0,111.8
6658,freegame,0.0,15.6
6659,freegame,0.0,56.4
6660,freegame,0.0,243.6
6661,freegame,0.0,6.2
6662,freegame,0.0,6.6
6663,freegame,0.1,16.0
6664,freegame,0.0,116.8
6665,freegame,0.0,5.6
6666,freegame,0.0,778.4
6667,freegame,0.0,46.9
6668,freegame,0.0,25.4
6669,freegame,0.0,5000
6670,freegame,0.0,161.2
6671,freegame,0.0,4.0
6672,freegame,0.0,990.8
6673,freegame,0.0,239.8
6674,freegame,0.0,521.6
6675,freegame,0.0,4576.0
6676,freegame,0.0,10.0
6677,freegame,0.0,6.4
6678,freegame,0.0,0.5
6679,freegame,0.0,15.2
6680,freegame,0.0,26.2
6681,freegame,0.0,0.0
6682,freegame,0.0,2.4
6683,freegame,0.0,121.2
6684,freegame,0.0,12.8
6685,freegame,0.0,6.7
6686,freegame,0.0,413.2
6687,freegame,0.0,166.4
6688,freegame,0.0,280.8
6689,freegame,0.4,297.0
6690,freegame,0.0,5000
6691,freegame,0.0,0.4
6692,freegame,0.0,124.0
6693,freegame,0.0,666.6
6694,freegame,0.0,198.0
6695,freegame,0.0,5000
6696,freegame,0.0,7.0
6697,freegame,16.0,19.7
6698,freegame,0.0,33.6
6699,freegame,0.0,6.0
6700,freegame,0.0,10.8
6701,freegame,0.0,0.0
6702,freegame,0.0,194.0
6703,freegame,0.0,173.0
6704,freegame,0.0,0.0
6705,freegame,0.0,603.4
6706,freegame,0.0,160.0
6707,freegame,0.0,2991.0
6708,freegame,0.0,1945.0
6709,freegame,0.0,0.0
6710,freegame,0.0,18.8
6711,freegame,0.0,2054.0
6712,freegame,0.0,4.0
6713,freegame,0.0,90.0
6714,freegame,0.0,0.0
6715,freegame,0.0,11.4
6716,freegame,0.0,4.2
6717,freegame,0.0,156.0
6718,freegame,0.0,417.6
6719,freegame,0.0,18.1
6720,freegame,0.0,10.4
6721,freegame,0.0,27.2
6722,freegame,0.2,0.6
6723,freegame,0.0,0.4
6724,freegame,0.0,272.0
6725,freegame,0.0,63.8
6726,freegame,0.0,42.8
6727,freegame,0.0,315.0
6728,freegame,0.4,1.6
6729,freegame,0.0,794.4
6730,freegame,0.8,12.0
6731,freegame,0.0,64.4
6732,freegame,0.0,144.0
6733,freegame,0.0,50.8
6734,freegame,0.0,108.8
6735,freegame,0.0,768.4
6736,freegame,0.0,66.0
6737,freegame,0.0,2.9
6738,freegame,1.6,5000
6739,freegame,0.0,10.2
6740,freegame,0.0,25.6
6741,freegame,0.4,929.5
6742,freegame,0.0,428.6
6743,freegame,0.0,140.4
6744,freegame,0.0,24.7
6745,freegame,0.0,688.5
6746,freegame,0.0,420.0
6747,freegame,0.0,152.6
6748,freegame,0.0,452.0
6749,freegame,0.0,15.2
6750,freegame,0.0,64.0
6751,freegame,0.0,630.2
6752,freegame,0.0,5.6
6753,freegame,0.0,84.8
6754,freegame,0.0,27.8
6755,freegame,0.0,134.0
6756,freegame,0.0,299.2
6757,freegame,4.8,143.8
6758,freegame,0.0,143.6
6759,freegame,0.0,68.4
6760,freegame,0.0,0.0
6761,freegame,0.0,2179.6
6762,freegame,0.0,0.0
6763,freegame,0.0,13.2
6764,freegame,0.0,36.8
6765,freegame,0.0,0.0
6766,freegame,0.0,210.0
6767,freegame,0.0,2.0
6768,freegame,0.0,12.0
6769,freegame,0.0,374.8
6770,freegame,0.0,24.8
6771,freegame,0.0,65.0
6772,freegame,0.0,14.4
6773,freegame,0.0,48.8
6774,freegame,0.0,0.2
6775,freegame,0.0,1224.0
6776,freegame,0.2,503.0
6777,freegame,0.0,2.8
6778,freegame,0.0,18.8
6779,freegame,0.0,8.8
6780,freegame,0.0,1110.8
6781,freegame,0.0,4.0
6782,freegame,0.1,12.8
6783,freegame,0.0,2.4
6784,freegame,0.0,16.8
6785,freegame,0.0,2.6
6786,freegame,8.0,394.6
6787,freegame,0.8,4.8
6788,freegame,0.4,81.9
6789,freegame,0.0,49.6
6790,freegame,0.0,467.0
6791,freegame,0.0,73.9
6792,freegame,0.0,0.4
6793,freegame,0.0,500.8
6794,freegame,0.0,1099.6
6795,freegame,0.0,496.5
6796,freegame,0.0,17.2
6797,freegame,0.0,172.0
6798,freegame,0.0,1019.4
6799,freegame,0.0,402.7
6800,freegame,0.0,9.4
6801,freegame,0.0,476.6
6802,freegame,0.0,226.8
6803,freegame,0.0,46.4
6804,freegame,0.0,418.0
6805,freegame,0.0,45.2
6806,freegame,0.0,249.0
6807,freegame,0.0,96.0
6808,freegame,0.0,1643.7
6809,freegame,0.0,109.2
6810,freegame,0.0,290.0
6811,freegame,0.0,14.4
6812,freegame,0.0,0.6
6813,freegame,0.0,0.4
6814,freegame,0.0,0.0
6815,freegame,0.0,120.0
6816,freegame,3.2,494.0
6817,freegame,0.0,206.4
6818,freegame,0.0,6.0
6819,freegame,0.4,768.0
6820,freegame,0.0,877.4
6821,freegame,0.0,0.0
6822,freegame,0.0,251.2
6823,freegame,0.0,76.8
6824,freegame,0.8,1237.6
6825,freegame,0.0,41.8
6826,freegame,0.0,5000
6827,freegame,0.0,19.2
6828,freegame,0.0,0.0
6829,freegame,0.0,403.0
6830,freegame,0.0,3.2
6831,freegame,0.6,7.1
6832,freegame,0.0,8.4
6833,freegame,0.0,330.0
6834,freegame,0.0,7.3
6835,freegame,0.0,609.0
6836,freegame,0.0,30.2
6837,freegame,0.0,1098.4
6838,freegame,0.0,10.4
6839,freegame,0.0,1.8
6840,freegame,0.0,362.2
6841,freegame,0.0,8.4
6842,freegame,0.0,60.2
6843,freegame,0.0,0.0
6844,freegame,0.0,28.2
6845,freegame,0.4,51.0
6846,freegame,0.0,489.6
6847,freegame,0.0,22.4
6848,freegame,0.0,89.8
6849,freegame,0.0,1.6
6850,freegame,0.0,96.0
6851,freegame,0.0,40.4
6852,freegame,0.4,495.2
6853,freegame,0.0,15.6
6854,freegame,0.0,0.8
6855,freegame,0.0,30.0
6856,freegame,0.0,164.8
6857,freegame,0.0,922.6
6858,freegame,2.0,3.3
6859,freegame,0.0,108.4
6860,freegame,0.0,5000
6861,freegame,0.0,784.0
6862,freegame,0.0,465.2
6863,freegame,0.0,0.0
6864,freegame,0.0,77.6
6865,freegame,0.2,10.0
6866,freegame,0.0,18.4
6867,freegame,0.0,585.4
6868,freegame,0.0,91.6
6869,freegame,0.0,246.8
6870,freegame,0.0,0.0
6871,freegame,2.0,3.0
6872,freegame,0.0,17.4
6873,freegame,0.0,56.0
6874,freegame,0.0,199.4
6875,freegame,0.0,952.2
6876,freegame,0.8,0.8
6877,freegame,0.0,31.0
6878,freegame,0.0,5.2
6879,freegame,0.0,9.4
6880,freegame,0.0,32.2
6881,freegame,0.0,100.2
6882,freegame,0.0,112.4
6883,freegame,0.0,22.0
6884,freegame,0.0,28.0
6885,freegame,0.0,1.6
6886,freegame,0.0,117.2
6887,freegame,0.1,2927.4
6888,freegame,0.0,100.6
6889,freegame,2.0,2812.8
6890,freegame,0.0,14.2
6891,freegame,0.0,251.5
6892,freegame,0.0,60.0
6893,freegame,0.0,5000
6894,freegame,0.0,0.8
6895,freegame,0.0,10.4
6896,freegame,0.0,0.0
6897,freegame,0.0,98.0
6898,freegame,0.0,0.0
6899,freegame,0.2,60.0
6900,freegame,0.0,2.8
6901,freegame,0.0,89.6
6902,freegame,0.0,5.6
6903,freegame,0.0,58.4
6904,freegame,0.0,22.8
6905,freegame,0.0,23.4
6906,freegame,0.0,2285.2
6907,freegame,0.0,28.9
6908,freegame,0.0,10.4
6909,freegame,0.0,39.0
6910,freegame,0.0,6.0
6911,freegame,0.8,390.6
6912,freegame,0.0,537.6
6913,freegame,0.0,0.0
6914,freegame,0.0,15.2
6915,freegame,0.6,30.0
6916,freegame,0.0,0.4
6917,freegame,0.0,5.0
6918,freegame,0.0,5.8
6919,freegame,0.0,44.8
6920,freegame,0.0,6.0
6921,freegame,0.0,1019.3
6922,freegame,0.0,83.8
6923,freegame,0.8,31.8
6924,freegame,0.0,147.8
6925,freegame,0.0,364.0
6926,freegame,0.0,160.4
6927,freegame,0.0,0.6
6928,freegame,0.0,1560.0
6929,freegame,0.0,11.8
6930,freegame,0.0,38.6
6931,freegame,0.0,154.2
6932,freegame,0.0,394.8
6933,freegame,0.0,0.0
6934,freegame,0.0,269.2
6935,freegame,0.0,27.2
6936,freegame,0.0,166.2
6937,freegame,0.0,3.8
6938,freegame,0.0,22.0
6939,freegame,1.6,153.4
6940,freegame,0.0,11.6
6941,freegame,0.0,12.0
6942,freegame,0.0,25.0
6943,freegame,0.0,72.6
6944,freegame,1.2,16.0
6945,freegame,0.0,36.2
6946,freegame,0.0,10.0
6947,freegame,0.0,426.3
6948,freegame,0.0,200.0
6949,freegame,0.0,52.6
6950,freegame,0.0,8.0
6951,freegame,0.0,34.2
6952,freegame,0.0,83.2
6953,freegame,0.0,12.0
6954,freegame,0.0,294.0
6955,freegame,0.0,137.6
6956,freegame,0.0,0.8
6957,freegame,0.0,37.2
6958,freegame,0.0,37.8
6959,freegame,0.0,251.2
6960,freegame,0.0,128.0
6961,freegame,0.0,13.8
6962,freegame,0.1,76.8
6963,freegame,0.0,9.0
6964,freegame,0.0,67.2
6965,freegame,0.0,110.4
6966,freegame,0.0,28.8
6967,freegame,0.0,1.6
6968,freegame,0.0,4.8
6969,freegame,0.0,50.0
6970,freegame,0.0,81.2
6971,freegame,0.0,5000
6972,freegame,0.0,614.6
6973,freegame,0.0,129.8
6974,freegame,4.0,35.0
6975,freegame,1.2,4.0
6976,freegame,0.0,0.0
6977,freegame,0.0,3.4
6978,freegame,0.0,2340.0
6979,freegame,0.0,1.4
6980,freegame,0.0,65.6
6981,freegame,0.0,24.2
6982,freegame,0.0,393.4
6983,freegame,0.0,7.0
6984,freegame,0.0,495.4
6985,freegame,0.0,35.2
6986,freegame,0.0,224.4
6987,freegame,0.0,4.6
6988,freegame,0.0,20.0
6989,freegame,0.0,147.6
6990,freegame,0.0,454.4
6991,freegame,0.0,14.2
6992,freegame,0.0,4.7
6993,freegame,0.0,22.0
6994,freegame,0.0,0.0
6995,freegame,0.0,14.4
6996,freegame,0.0,0.8
6997,freegame,0.0,256.4
6998,freegame,0.0,0.4
6999,freegame,0.0,18.0
7000,freegame,0.0,8.0
7001,freegame,0.0,16.0
7002,freegame,0.0,0.0
7003,freegame,0.0,24.0
7004,freegame,0.0,75.0
7005,freegame,0.0,2339.0
7006,freegame,0.0,96.8
7007,freegame,0.0,20.4
7008,freegame,0.0,198.0
7009,freegame,0.0,31.8
7010,freegame,1.6,15.6
7011,freegame,0.0,94.8
7012,freegame,0.8,3040.0
7013,freegame,0.0,94.4
7014,freegame,0.0,12.2
7015,freegame,0.0,40.1
7016,freegame,0.0,300.0
7017,freegame,0.0,7.4
7018,freegame,0.0,64.0
7019,freegame,0.0,408.8
7020,freegame,0.0,3.8
7021,freegame,0.2,11.6
7022,freegame,0.0,0.0
7023,freegame,0.0,301.8
7024,freegame,0.0,5000
7025,freegame,0.0,6.0
7026,freegame,0.0,18.0
7027,freegame,0.0,191.9
7028,freegame,0.0,2567.8
7029,freegame,0.0,9.6
7030,freegame,0.0,0.0
7031,freegame,0.0,5000
7032,freegame,0.0,2.0
7033,freegame,0.0,121.6
7034,freegame,0.0,297.4
7035,freegame,0.0,8.0
7036,freegame,0.0,5.6
7037,freegame,0.0,204.2
7038,freegame,0.0,5000
7039,freegame,0.0,387.8
7040,freegame,0.0,125.4
7041,freegame,0.0,5.0
7042,freegame,0.0,16.2
7043,freegame,0.6,28.4
7044,freegame,0.0,74.0
7045,freegame,0.0,180.4
7046,freegame,0.0,0.0
7047,freegame,0.0,178.6
7048,freegame,1.2,72.0
7049,freegame,0.0,1.2
7050,freegame,0.0,803.2
7051,freegame,0.0,3.3
7052,freegame,0.0,84.4
7053,freegame,0.0,4.0
7054,freegame,0.0,5.0
7055,freegame,0.0,20.4
7056,freegame,0.4,76.4
7057,freegame,1.2,0.8
7058,freegame,0.0,15.2
7059,freegame,0.0,658.0
7060,freegame,0.0,38.1
7061,freegame,0.0,11.6
7062,freegame,0.6,2484.2
7063,freegame,0.0,24.0
7064,freegame,0.0,66.0
7065,freegame,0.0,80.0
7066,freegame,0.0,285.2
7067,freegame,0.0,0.0
7068,freegame,0.0,0.0
7069,freegame,0.0,27.8
7070,freegame,0.0,26.4
7071,freegame,0.0,64.7
7072,freegame,0.0,469.7
7073,freegame,0.0,41.6
7074,freegame,0.0,15.6
7075,freegame,0.0,0.0
7076,freegame,0.0,270.0
7077,freegame,0.0,22.0
7078,freegame,0.0,2027.4
7079,freegame,0.0,32.8
7080,freegame,0.0,19.4
7081,freegame,0.0,675.0
7082,freegame,0.2,29.4
7083,freegame,0.0,52.0
7084,freegame,0.0,46.1
7085,freegame,0.0,0.0
7086,freegame,0.0,20.0
7087,freegame,0.0,12.8
7088,freegame,0.0,4.0
7089,freegame,0.0,215.6
7090,freegame,0.0,41.0
7091,freegame,1.6,198.0
7092,freegame,0.0,17.2
7093,freegame,0.4,143.8
7094,freegame,0.0,4123.8
7095,freegame,0.0,6.0
7096,freegame,0.0,15.4
7097,freegame,0.0,16.2
7098,freegame,0.0,110.4
7099,freegame,0.0,1.6
7100,freegame,0.0,1.0
7101,freegame,0.0,90.0
7102,freegame,0.0,95.0
7103,freegame,0.0,33.4
7104,freegame,0.4,15.4
7105,freegame,0.0,557.4
7106,freegame,0.0,0.1
7107,freegame,0.0,73.8
7108,freegame,0.0,1.6
7109,freegame,0.0,3.6
7110,freegame,0.0,50.0
7111,freegame,0.0,0.0
7112,freegame,0.0,0.4
7113,freegame,0.0,1.0
7114,freegame,0.0,84.5
7115,freegame,0.0,10.0
7116,freegame,0.0,7.0
7117,freegame,0.0,11.6
7118,freegame,0.0,184.6
7119,freegame,0.0,99.2
7120,freegame,0.0,93.8
7121,freegame,0.0,0.0
7122,freegame,0.0,326.4
7123,freegame,0.0,48.2
7124,freegame,0.0,2.5
7125,freegame,0.0,111.6
7126,freegame,0.0,792.8
7127,freegame,0.0,625.6
7128,freegame,0.0,2658.0
7129,freegame,0.0,121.6
7130,freegame,0.0,95.0
7131,freegame,0.0,12.0
7132,freegame,0.0,38.0
7133,freegame,0.0,112.8
7134,freegame,0.0,0.0
7135,freegame,0.0,30.0
7136,freegame,0.0,52.2
7137,freegame,0.0,57.0
7138,freegame,0.0,18.4
7139,freegame,0.0,48.0
7140,freegame,0.0,36.0
7141,freegame,0.0,6.4
7142,freegame,0.0,0.0
7143,freegame,0.0,59.2
7144,freegame,0.0,82.8
7145,freegame,0.0,119.0
7146,freegame,0.0,124.0
7147,freegame,0.0,18.0
7148,freegame,0.0,147.0
7149,freegame,0.0,449.4
7150,freegame,3.2,64.0
7151,freegame,0.0,5000
7152,freegame,0.0,30.2
7153,freegame,0.0,8.0
7154,freegame,0.0,85.8
7155,freegame,0.0,7.8
7156,freegame,0.0,2667.1
7157,freegame,0.0,0.0
7158,freegame,0.0,220.8
7159,freegame,0.0,1979.8
7160,freegame,0.0,464.4
7161,freegame,0.0,75.0
7162,freegame,0.0,87.6
7163,freegame,0.0,496.7
7164,freegame,1.6,6.0
7165,freegame,0.0,67.8
7166,freegame,0.0,42.2
7167,freegame,0.0,5000
7168,freegame,0.0,29.6
7169,freegame,0.0,4.6
7170,freegame,0.0,223.0
7171,freegame,0.0,16.8
7172,freegame,0.0,0.0
7173,freegame,0.0,4.3
7174,freegame,0.0,3.6
7175,freegame,0.0,12.8
7176,freegame,0.0,24.8
7177,freegame,0.0,25.0
7178,freegame,0.0,0.0
7179,freegame,0.0,8.0
7180,freegame,0.0,44.6
7181,freegame,0.0,0.4
7182,freegame,0.0,4.0
7183,freegame,0.0,32.0
7184,freegame,0.0,72.3
7185,freegame,0.0,2136.0
7186,freegame,0.0,138.8
7187,freegame,0.0,501.0
7188,freegame,0.0,267.0
7189,freegame,0.0,38.8
7190,freegame,0.6,45.2
7191,freegame,0.0,0.0
7192,freegame,0.0,895.6
7193,freegame,0.4,12.8
7194,freegame,0.0,162.0
7195,freegame,0.0,72.0
7196,freegame,0.0,0.0
7197,freegame,0.8,82.8
7198,freegame,0.0,113.8
7199,freegame,0.0,0.0
7200,freegame,0.0,378.0
7201,freegame,4.0,109.6
7202,freegame,0.0,1501.6
7203,freegame,0.0,29.0
7204,freegame,0.0,561.0
7205,freegame,0.0,12.0
7206,freegame,0.0,2.0
7207,freegame,0.0,342.0
7208,freegame,0.0,14.0
7209,freegame,0.0,131.8
7210,freegame,0.0,12.2
7211,freegame,0.0,75.6
7212,freegame,0.0,19.6
7213,freegame,0.0,0.0
7214,freegame,0.0,30.4
7215,freegame,0.0,54.0
7216,freegame,0.4,16.8
7217,freegame,0.0,66.0
7218,freegame,0.0,73.4
7219,freegame,0.0,384.0
7220,freegame,0.0,245.6
7221,freegame,0.0,8.2
7222,freegame,0.0,269.6
7223,freegame,0.0,661.8
7224,freegame,0.0,0.0
7225,freegame,0.0,37.2
7226,freegame,0.0,880.8
7227,freegame,0.0,149.2
7228,freegame,0.0,0.0
7229,freegame,0.0,145.0
7230,freegame,0.0,184.0
7231,freegame,0.0,14.6
7232,freegame,0.0,312.9
7233,freegame,0.0,0.0
7234,freegame,0.0,0.4
7235,freegame,0.0,106.2
7236,freegame,3.2,0.0
7237,freegame,0.0,160.4
7238,freegame,0.0,1939.6
7239,freegame,0.0,0.0
7240,freegame,0.0,110.8
7241,freegame,0.0,50.3
7242,freegame,0.0,64.4
7243,freegame,0.0,113.2
7244,freegame,0.0,0.4
7245,freegame,0.0,0.0
7246,freegame,0.0,1195.8
7247,freegame,0.0,200.9
7248,freegame,0.0,202.1
7249,freegame,0.0,5.5
7250,freegame,0.0,23.8
7251,freegame,0.0,49.0
7252,freegame,0.0,458.4
7253,freegame,0.0,2054.6
7254,freegame,0.0,794.0
7255,freegame,0.0,4022.4
7256,freegame,0.0,0.0
7257,freegame,0.0,5000
7258,freegame,0.0,91.0
7259,freegame,0.0,91.6
7260,freegame,0.0,113.2
7261,freegame,0.0,65.0
7262,freegame,0.0,6.6
7263,freegame,0.0,577.8
7264,freegame,0.2,25.6
7265,freegame,0.0,33.4
7266,freegame,0.0,31.2
7267,freegame,0.0,12.0
7268,freegame,0.0,8.2
7269,freegame,0.0,3.6
7270,freegame,0.4,1159.2
7271,freegame,0.0,2183.8
7272,freegame,0.0,48.8
7273,freegame,0.0,5000
7274,freegame,0.0,5000
7275,freegame,0.0,1564.0
7276,freegame,0.0,5.6
7277,freegame,0.0,1.0
7278,freegame,0.0,109.2
7279,freegame,0.1,175.2
7280,freegame,0.0,2350.4
7281,freegame,0.0,1194.6
7282,freegame,0.0,19.5
7283,freegame,0.0,176.0
7284,freegame,0.0,0.5
7285,freegame,0.0,20.8
7286,freegame,0.0,0.8
7287,freegame,0.8,5000
7288,freegame,0.0,32.4
7289,freegame,0.0,3.8
7290,freegame,0.0,7.0
7291,freegame,0.0,190.0
7292,freegame,0.0,52.4
7293,freegame,0.0,144.6
7294,freegame,0.0,320.0
7295,freegame,0.0,8.5
7296,freegame,0.0,16.7
7297,freegame,0.0,4.0
7298,freegame,0.0,6.2
7299,freegame,0.0,2700.0
7300,freegame,0.0,0.0
7301,freegame,0.0,227.2
7302,freegame,0.0,10.4
7303,freegame,1.6,51.0
7304,freegame,0.0,70.0
7305,freegame,0.0,0.0
7306,freegame,0.0,3.2
7307,freegame,0.0,0.0
7308,freegame,0.0,16.0
7309,freegame,2.4,1850.2
7310,freegame,0.0,705.6
7311,freegame,0.0,9.0
7312,freegame,0.0,2.4
7313,freegame,0.0,9.2
7314,freegame,0.0,679.0
7315,freegame,0.0,91.6
7316,freegame,0.0,29.4
7317,freegame,1.6,326.2
7318,freegame,0.4,5.2
7319,freegame,0.0,58.2
7320,freegame,0.0,681.8
7321,freegame,0.0,18.6
7322,freegame,0.0,26.3
7323,freegame,0.0,331.0
7324,freegame,0.0,75.6
7325,freegame,0.0,240.8
7326,freegame,0.0,276.5
7327,freegame,0.0,15.6
7328,freegame,0.0,148.4
7329,freegame,0.0,24.0
7330,freegame,0.0,30.4
7331,freegame,0.0,111.0
7332,freegame,0.0,14.4
7333,freegame,0.0,24.0
7334,freegame,0.0,95.0
7335,freegame,0.0,0.0
7336,freegame,0.0,336.1
7337,freegame,0.0,1.8
7338,freegame,0.0,113.4
7339,freegame,0.0,0.0
7340,freegame,0.0,12.0
7341,freegame,0.0,118.7
7342,freegame,0.0,173.2
7343,freegame,0.0,0.0
7344,freegame,1.6,93.2
7345,freegame,0.0,0.8
7346,freegame,0.0,0.0
7347,freegame,0.0,219.8
7348,freegame,0.0,800.0
7349,freegame,0.0,1174.8
7350,freegame,0.0,324.0
7351,freegame,0.0,19.8
7352,freegame,0.0,1492.0
7353,freegame,0.0,814.0
7354,freegame,0.0,88.4
7355,freegame,0.0,3.2
7356,freegame,0.0,6.0
7357,freegame,0.0,487.6
7358,freegame,0.0,2.0
7359,freegame,0.0,9.2
7360,freegame,0.0,14.5
7361,freegame,0.0,1.8
7362,freegame,0.0,138.4
7363,freegame,0.0,917.2
7364,freegame,0.0,0.0
7365,freegame,0.0,6.8
7366,freegame,0.4,547.0
7367,freegame,0.0,392.0
7368,freegame,0.0,29.2
7369,freegame,0.0,0.8
7370,freegame,0.0,26.8
7371,freegame,0.0,1.6
7372,freegame,0.0,273.8
7373,freegame,0.0,48.0
7374,freegame,0.0,1297.2
7375,freegame,0.0,611.8
7376,freegame,0.0,252.2
7377,freegame,0.0,32.0
7378,freegame,0.0,0.0
7379,freegame,0.0,1.6
7380,freegame,0.4,390.0
7381,freegame,0.0,0.0
7382,freegame,0.0,443.8
7383,freegame,0.0,48.2
7384,freegame,0.0,207.2
7385,freegame,0.0,211.6
7386,freegame,0.0,480.1
7387,freegame,0.0,4.4
7388,freegame,0.0,863.4
7389,freegame,0.0,152.5
7390,freegame,0.0,4334.0
7391,freegame,0.0,1.2
7392,freegame,0.0,115.8
7393,freegame,0.0,54.8
7394,freegame,0.0,89.0
7395,freegame,0.0,9.8
7396,freegame,0.0,1.4
7397,freegame,0.0,591.0
7398,freegame,0.0,1.0
7399,freegame,0.0,1.2
7400,freegame,0.0,390.0
7401,freegame,0.0,179.6
7402,freegame,0.0,134.0
7403,freegame,0.0,0.0
7404,freegame,0.0,30.0
7405,freegame,0.0,0.5
7406,freegame,0.0,17.6
7407,freegame,0.0,1796.1
7408,freegame,0.0,614.4
7409,freegame,0.0,651.6
7410,freegame,0.0,365.0
7411,freegame,0.0,363.1
7412,freegame,0.0,5000
7413,freegame,0.8,109.2
7414,freegame,0.0,4.4
7415,freegame,0.0,162.4
7416,freegame,0.8,0.8
7417,freegame,0.0,2.0
7418,freegame,2.0,301.0
7419,freegame,0.0,10.7
7420,freegame,0.0,30.2
7421,freegame,0.0,348.8
7422,freegame,0.0,10.8
7423,freegame,0.0,23.2
7424,freegame,0.0,3.6
7425,freegame,0.0,51.2
7426,freegame,0.0,4329.0
7427,freegame,0.0,0.4
7428,freegame,0.0,66.1
7429,freegame,0.8,452.8
7430,freegame,0.0,24.0
7431,freegame,0.0,8.4
7432,freegame,0.0,3.6
7433,freegame,0.0,1.0
7434,freegame,0.0,16.0
7435,freegame,0.0,22.4
7436,freegame,0.0,0.8
7437,freegame,0.0,61.2
7438,freegame,0.0,63.7
7439,freegame,0.3,31.4
7440,freegame,0.0,347.0
7441,freegame,0.0,3.2
7442,freegame,0.4,94.8
7443,freegame,0.0,260.2
7444,freegame,0.4,25.2
7445,freegame,0.0,5.8
7446,freegame,0.0,671.8
7447,freegame,0.0,0.0
7448,freegame,0.0,128.5
7449,freegame,0.0,15.6
7450,freegame,0.0,16.4
7451,freegame,0.0,12.0
7452,freegame,0.0,0.0
7453,freegame,0.8,4.8
7454,freegame,0.0,87.4
7455,freegame,0.0,14.0
7456,freegame,0.0,10.4
7457,freegame,0.0,100.2
7458,freegame,0.0,199.8
7459,freegame,0.0,0.0
7460,freegame,19.2,119.2
7461,freegame,0.0,15.6
7462,freegame,0.0,7.6
7463,freegame,0.0,1.8
7464,freegame,0.0,2160.0
7465,freegame,0.0,60.8
7466,freegame,0.0,44.0
7467,freegame,0.0,0.0
7468,freegame,0.0,8.2
7469,freegame,0.1,296.0
7470,freegame,0.0,48.4
7471,freegame,0.0,5000
7472,freegame,0.0,68.5
7473,freegame,0.0,1.2
7474,freegame,4.0,147.2
7475,freegame,0.0,12.9
7476,freegame,0.0,0.8
7477,freegame,0.4,31.6
7478,freegame,0.0,0.0
7479,freegame,0.2,38.0
7480,freegame,0.0,5.6
7481,freegame,2.4,57.2
7482,freegame,0.0,8.2
7483,freegame,0.0,528.8
7484,freegame,0.0,4.8
7485,freegame,0.0,5.2
7486,freegame,0.0,97.8
7487,freegame,0.0,17.0
7488,freegame,0.0,110.4
7489,freegame,0.0,0.0
7490,freegame,0.0,60.8
7491,freegame,0.0,80.0
7492,freegame,0.0,13.0
7493,freegame,0.0,0.0
7494,freegame,0.0,0.4
7495,freegame,0.0,3.8
7496,freegame,0.0,22.0
7497,freegame,0.0,18.0
7498,freegame,0.0,7.7
7499,freegame,0.0,15.7
7500,freegame,0.0,46.8
7501,freegame,0.0,0.0
7502,freegame,2.0,12.0
7503,freegame,0.0,6.8
7504,freegame,0.0,511.8
7505,freegame,0.0,0.8
7506,freegame,0.0,1.0
7507,freegame,0.0,1.6
7508,freegame,0.0,116.5
7509,freegame,0.0,7.2
7510,freegame,0.0,479.1
7511,freegame,0.0,5000
7512,freegame,0.0,3889.8
7513,freegame,0.0,151.6
7514,freegame,0.0,228.4
7515,freegame,0.0,5000
7516,freegame,0.0,36.0
7517,freegame,0.0,826.5
7518,freegame,0.0,1453.4
7519,freegame,0.0,0.8
7520,freegame,0.0,4.2
7521,freegame,0.0,551.2
7522,freegame,0.0,2.4
7523,freegame,0.0,420.0
7524,freegame,0.0,13.8
7525,freegame,0.0,979.7
7526,freegame,0.0,0.0
7527,freegame,0.0,110.4
7528,freegame,0.0,330.4
7529,freegame,0.0,180.8
7530,freegame,0.0,2.0
7531,freegame,0.0,55.1
7532,freegame,0.0,19.6
7533,freegame,0.0,0.0
7534,freegame,0.0,18.4
7535,freegame,0.0,114.1
7536,freegame,0.0,49.6
7537,freegame,0.0,104.0
7538,freegame,0.0,77.2
7539,freegame,0.0,17.4
7540,freegame,0.0,4578.4
7541,freegame,0.0,103.2
7542,freegame,0.2,0.0
7543,freegame,0.0,0.0
7544,freegame,1.6,62.0
7545,freegame,0.0,6.8
7546,freegame,0.0,5000
7547,freegame,0.0,200.4
7548,freegame,0.0,173.4
7549,freegame,0.0,5.0
7550,freegame,0.0,5.6
7551,freegame,0.0,677.6
7552,freegame,0.0,482.4
7553,freegame,0.0,50.8
7554,freegame,0.0,0.0
7555,freegame,0.0,3.4
7556,freegame,1.6,38.5
7557,freegame,0.0,19.3
7558,freegame,0.0,48.6
7559,freegame,0.0,509.8
7560,freegame,0.0,756.4
7561,freegame,0.0,168.0
7562,freegame,0.0,127.6
7563,freegame,0.0,102.4
7564,freegame,0.0,12.3
7565,freegame,2.4,2.5
7566,freegame,0.0,1152.8
7567,freegame,0.0,0.0
7568,freegame,0.0,232.2
7569,freegame,0.0,50.7
7570,freegame,0.0,585.6
7571,freegame,0.0,2411.5
7572,freegame,0.0,16.4
7573,freegame,0.0,94.0
7574,freegame,0.0,1.0
7575,freegame,0.0,0.8
7576,freegame,0.0,8.0
7577,freegame,0.0,372.6
7578,freegame,0.0,1520.4
7579,freegame,0.0,2207.2
7580,freegame,0.0,5.7
7581,freegame,0.4,62.0
7582,freegame,0.0,324.0
7583,freegame,0.0,24.0
7584,freegame,0.0,480.0
7585,freegame,0.0,167.1
7586,freegame,0.0,17.2
7587,freegame,0.0,26.0
7588,freegame,1.6,1165.2
7589,freegame,0.0,6.6
7590,freegame,0.0,26.8
7591,freegame,0.0,3832.4
7592,freegame,0.0,4250.4
7593,freegame,0.0,11.2
7594,freegame,0.0,107.2
7595,freegame,0.0,15.6
7596,freegame,0.0,4.2
7597,freegame,0.0,72.8
7598,freegame,0.8,32.0
7599,freegame,0.0,180.8
7600,freegame,0.0,95.2
7601,freegame,0.0,864.0
7602,freegame,0.0,1.8
7603,freegame,0.0,11.4
7604,freegame,0.0,14.6
7605,freegame,0.0,0.0
7606,freegame,0.0,27.4
7607,freegame,0.0,69.0
7608,freegame,0.0,329.2
7609,freegame,0.0,6.4
7610,freegame,0.0,35.2
7611,freegame,0.0,34.4
7612,freegame,0.0,7.2
7613,freegame,0.0,0.0
7614,freegame,0.0,547.2
7615,freegame,0.0,0.0
7616,freegame,0.0,5000
7617,freegame,0.0,8.0
7618,freegame,0.0,1.2
7619,freegame,1.6,156.2
7620,freegame,0.0,4.4
7621,freegame,0.0,5000
7622,freegame,0.0,4.5
7623,freegame,0.0,194.0
7624,freegame,0.0,381.1
7625,freegame,0.0,30.0
7626,freegame,0.0,68.8
7627,freegame,0.0,295.6
7628,freegame,0.0,8.0
7629,freegame,0.0,7.6
7630,freegame,0.0,48.0
7631,freegame,0.0,0.0
7632,freegame,0.0,29.6
7633,freegame,0.0,80.4
7634,freegame,0.0,6.0
7635,freegame,0.0,54.0
7636,freegame,0.8,46.6
7637,freegame,0.0,3.8
7638,freegame,0.0,67.8
7639,freegame,0.0,124.4
7640,freegame,0.1,992.0
7641,freegame,0.0,3.2
7642,freegame,0.0,138.6
7643,freegame,0.0,45.0
7644,freegame,0.0,454.8
7645,freegame,0.0,5.6
7646,freegame,0.0,12.8
7647,freegame,0.0,207.0
7648,freegame,0.0,1.0
7649,freegame,0.0,40.0
7650,freegame,0.0,12.0
7651,freegame,0.0,50.8
7652,freegame,0.0,0.0
7653,freegame,0.0,0.0
7654,freegame,0.0,45.6
7655,freegame,0.0,1.0
7656,freegame,0.0,46.8
7657,freegame,0.0,8.0
7658,freegame,0.4,68.6
7659,freegame,0.0,7.2
7660,freegame,0.0,131.0
7661,freegame,0.0,0.0
7662,freegame,0.0,984.7
7663,freegame,0.0,56.4
7664,freegame,0.0,608.8
7665,freegame,0.0,61.6
7666,freegame,0.0,125.8
7667,freegame,0.0,97.2
7668,freegame,0.0,0.0
7669,freegame,0.0,47.8
7670,freegame,0.0,1.2
7671,freegame,0.0,8.4
7672,freegame,0.0,120.0
7673,freegame,0.0,3172.8
7674,freegame,0.2,32.0
7675,freegame,0.0,11.4
7676,freegame,0.0,7.5
7677,freegame,0.0,1223.8
7678,freegame,0.0,12.0
7679,freegame,0.0,52.6
7680,freegame,0.0,217.6
7681,freegame,0.0,2051.6
7682,freegame,0.0,82.6
7683,freegame,0.0,1.0
7684,freegame,0.0,319.2
7685,freegame,0.0,184.8
7686,freegame,0.0,0.0
7687,freegame,0.0,25.0
7688,freegame,0.0,0.2
7689,freegame,0.0,8.4
7690,freegame,0.0,1020.0
7691,freegame,0.2,216.8
7692,freegame,0.0,518.4
7693,freegame,0.0,100.0
7694,freegame,0.0,7.4
7695,freegame,0.0,5.6
7696,freegame,0.0,0.0
7697,freegame,0.0,130.4
7698,freegame,0.0,139.8
7699,freegame,0.0,186.8
7700,freegame,0.0,78.4
7701,freegame,0.0,96.0
7702,freegame,0.0,61.0
7703,freegame,0.0,465.6
7704,freegame,0.0,684.2
7705,freegame,0.0,417.2
7706,freegame,0.0,127.0
7707,freegame,0.0,355.2
7708,freegame,0.0,0.4
7709,freegame,0.0,54.0
7710,freegame,0.0,8.0
7711,freegame,0.0,170.5
7712,freegame,0.0,1.2
7713,freegame,0.0,951.2
7714,freegame,0.8,0.4
7715,freegame,0.0,320.2
7716,freegame,0.0,0.0
7717,freegame,0.0,51.1
7718,freegame,0.0,39.9
7719,freegame,0.0,1404.0
7720,freegame,0.0,54.2
7721,freegame,0.0,6.8
7722,freegame,0.0,335.7
7723,freegame,0.0,379.0
7724,freegame,0.0,20.8
7725,freegame,0.0,2.4
7726,freegame,0.0,435.2
7727,freegame,0.0,52.9
7728,freegame,0.0,594.0
7729,freegame,0.0,2.6
7730,freegame,0.0,90.4
7731,freegame,0.0,324.8
7732,freegame,0.0,23.2
7733,freegame,0.0,0.0
7734,freegame,0.0,127.4
7735,freegame,0.0,0.4
7736,freegame,0.0,3.2
7737,freegame,0.0,22.0
7738,freegame,0.0,220.0
7739,freegame,0.0,4.4
7740,freegame,0.0,861.8
7741,freegame,0.0,5000
7742,freegame,0.0,128.8
7743,freegame,0.0,12.4
7744,freegame,0.0,1296.0
7745,freegame,0.0,548.0
7746,freegame,0.0,201.2
7747,freegame,0.0,30.4
7748,freegame,0.2,8.8
7749,freegame,0.0,2.4
7750,freegame,0.0,113.0
7751,freegame,0.0,5.0
7752,freegame,0.0,6.0
7753,freegame,0.0,44.0
7754,freegame,0.0,40.0
7755,freegame,0.0,1.6
7756,freegame,0.0,10.2
7757,freegame,0.0,66.0
7758,freegame,0.4,104.6
7759,freegame,0.0,18.0
7760,freegame,0.0,326.4
7761,freegame,0.0,193.6
7762,freegame,0.0,1682.6
7763,freegame,0.0,57.8
7764,freegame,0.0,29.2
7765,freegame,0.0,4.6
7766,freegame,0.0,687.2
7767,freegame,0.0,4321.6
7768,freegame,0.0,12.0
7769,freegame,0.0,20.8
7770,freegame,0.0,0.0
7771,freegame,0.0,144.4
7772,freegame,0.0,8.8
7773,freegame,0.0,68.8
7774,freegame,0.0,166.6
7775,freegame,0.0,67.2
7776,freegame,0.2,241.4
7777,freegame,0.0,144.0
7778,freegame,0.0,59.2
7779,freegame,0.0,24.1
7780,freegame,0.0,1080.0
7781,freegame,0.0,3.2
7782,freegame,0.0,76.0
7783,freegame,0.0,0.0
7784,freegame,0.0,11.0
7785,freegame,0.0,47.0
7786,freegame,0.0,93.0
7787,freegame,0.0,495.0
7788,freegame,0.0,137.8
7789,freegame,0.2,148.0
7790,freegame,0.0,18.2
7791,freegame,0.2,5.8
7792,freegame,0.0,504.2
7793,freegame,2.0,443.3
7794,freegame,0.0,27.0
7795,freegame,0.0,324.0
7796,freegame,0.0,174.2
7797,freegame,0.0,48.4
7798,freegame,0.8,2.4
7799,freegame,0.0,126.0
7800,freegame,0.0,44.0
7801,freegame,0.0,26.0
7802,freegame,0.0,25.7
7803,freegame,20.0,134.4
7804,freegame,0.0,848.4
7805,freegame,0.2,164.2
7806,freegame,0.0,206.0
7807,freegame,0.0,92.0
7808,freegame,0.0,4.0
7809,freegame,0.0,2.4
7810,freegame,0.0,15.0
7811,freegame,0.0,44.0
7812,freegame,0.0,4.2
7813,freegame,0.0,61.6
7814,freegame,0.0,0.8
7815,freegame,0.2,0.0
7816,freegame,0.0,29.2
7817,freegame,0.0,549.0
7818,freegame,0.0,114.4
7819,freegame,0.0,36.4
7820,freegame,0.0,292.0
7821,freegame,0.0,107.0
7822,freegame,0.0,29.6
7823,freegame,0.0,85.4
7824,freegame,0.0,5000
7825,freegame,0.8,1202.0
7826,freegame,0.0,93.6
7827,freegame,1.6,0.0
7828,freegame,0.0,65.0
7829,freegame,0.2,722.4
7830,freegame,0.0,0.8
7831,freegame,0.0,65.0
7832,freegame,0.0,6.0
7833,freegame,0.0,281.2
7834,freegame,0.0,1.6
7835,freegame,0.0,126.3
7836,freegame,0.0,0.0
7837,freegame,0.0,97.6
7838,freegame,0.0,127.5
7839,freegame,0.0,355.6
7840,freegame,0.0,21.3
7841,freegame,0.0,91.2
7842,freegame,0.0,0.0
7843,freegame,0.0,16.0
7844,freegame,0.0,20.6
7845,freegame,0.0,1662.0
7846,freegame,0.0,8.0
7847,freegame,0.0,1512.0
7848,freegame,0.0,2.4
7849,freegame,0.0,39.0
7850,freegame,0.4,381.2
7851,freegame,0.0,0.0
7852,freegame,0.0,132.0
7853,freegame,0.0,15.6
7854,freegame,0.0,191.8
7855,freegame,2.4,96.3
7856,freegame,0.0,82.0
7857,freegame,0.0,50.0
7858,freegame,0.0,1038.1
7859,freegame,0.0,41.6
7860,freegame,0.0,3.0
7861,freegame,0.0,12.8
7862,freegame,0.0,127.6
7863,freegame,2.4,64.8
7864,freegame,0.0,542.4
7865,freegame,0.0,3.7
7866,freegame,0.0,180.8
7867,freegame,0.0,3.6
7868,freegame,0.0,70.0
7869,freegame,0.8,94.6
7870,freegame,0.0,159.8
7871,freegame,0.0,20.4
7872,freegame,0.0,0.4
7873,freegame,0.0,198.4
7874,freegame,0.0,5000
7875,freegame,0.0,2.0
7876,freegame,0.0,5.8
7877,freegame,0.8,20.0
7878,freegame,0.0,110.5
7879,freegame,1.5,39.5
7880,freegame,0.0,12.4
7881,freegame,0.0,46.4
7882,freegame,0.0,57.0
7883,freegame,0.0,22.4
7884,freegame,0.0,58.8
7885,freegame,0.0,83.3
7886,freegame,0.8,28.0
7887,freegame,0.0,1.2
7888,freegame,0.0,18.0
7889,freegame,0.0,11.0
7890,freegame,0.0,86.2
7891,freegame,0.0,47.4
7892,freegame,1.2,1.6
7893,freegame,0.0,13.8
7894,freegame,0.0,168.0
7895,freegame,0.0,28.0
7896,freegame,0.0,5.2
7897,freegame,0.0,90.6
7898,freegame,0.0,1746.4
7899,freegame,0.0,2.0
7900,freegame,0.0,243.6
7901,freegame,0.0,76.3
7902,freegame,0.0,144.8
7903,freegame,0.0,45.0
7904,freegame,0.0,0.0
7905,freegame,0.0,367.5
7906,freegame,0.0,180.8
7907,freegame,0.0,0.0
7908,freegame,0.0,23.4
7909,freegame,0.0,1.0
7910,freegame,0.0,0.0
7911,freegame,0.0,966.8
7912,freegame,0.0,2.8
7913,freegame,0.0,105.6
7914,freegame,0.0,155.4
7915,freegame,0.0,3.6
7916,freegame,0.0,40.4
7917,freegame,0.0,143.2
7918,freegame,0.0,40.0
7919,freegame,0.2,3515.2
7920,freegame,0.0,87.8
7921,freegame,0.0,50.8
7922,freegame,0.0,32.8
7923,freegame,0.0,172.7
7924,freegame,0.0,81.7
7925,freegame,0.0,13.0
7926,freegame,0.0,3191.0
7927,freegame,0.0,44.0
7928,freegame,0.0,9.2
7929,freegame,0.8,503.2
7930,freegame,0.2,17.2
7931,freegame,0.0,148.0
7932,freegame,0.0,2.0
7933,freegame,0.0,58.4
7934,freegame,0.0,0.0
7935,freegame,0.0,3.0
7936,freegame,0.0,22.4
7937,freegame,0.0,1774.0
7938,freegame,0.0,4.0
7939,freegame,1.6,875.8
7940,freegame,0.0,0.0
7941,freegame,0.0,1.6
7942,freegame,0.4,0.8
7943,freegame,2.0,21.5
7944,freegame,0.0,69.6
7945,freegame,0.0,167.6
7946,freegame,0.0,16.8
7947,freegame,0.0,81.0
7948,freegame,0.0,572.0
7949,freegame,0.0,5.0
7950,freegame,0.0,2.4
7951,freegame,0.0,1216.8
7952,freegame,1.6,102.8
7953,freegame,0.0,56.0
7954,freegame,0.0,5.2
7955,freegame,0.1,732.0
7956,freegame,0.0,99.6
7957,freegame,0.0,2055.2
7958,freegame,0.0,41.6
7959,freegame,0.0,0.0
7960,freegame,0.0,0.5
7961,freegame,0.0,331.3
7962,freegame,2.4,1681.2
7963,freegame,0.0,37.6
7964,freegame,0.0,12.0
7965,freegame,0.0,0.7
7966,freegame,0.0,122.0
7967,freegame,0.0,0.0
7968,freegame,0.0,138.9
7969,freegame,0.0,2.8
7970,freegame,0.0,4.5
7971,freegame,0.0,522.0
7972,freegame,0.0,260.0
7973,freegame,0.0,61.2
7974,freegame,0.0,0.0
7975,freegame,0.0,40.0
7976,freegame,0.0,214.0
7977,freegame,0.0,6.8
7978,freegame,0.0,48.0
7979,freegame,0.0,287.6
7980,freegame,0.0,586.8
7981,freegame,1.6,0.8
7982,freegame,0.0,222.4
7983,freegame,0.0,0.0
7984,freegame,0.4,982.0
7985,freegame,0.0,36.4
7986,freegame,0.0,29.2
7987,freegame,0.0,220.0
7988,freegame,0.0,456.4
7989,freegame,0.0,79.9
7990,freegame,0.0,463.0
7991,freegame,0.0,666.8
7992,freegame,0.0,115.2
7993,freegame,0.0,254.6
7994,freegame,0.0,587.8
7995,freegame,0.0,90.0
7996,freegame,0.0,203.5
7997,freegame,0.0,1008.0
7998,freegame,0.2,196.0
7999,freegame,0.0,54.0
8000,freegame,0.0,225.6
8001,freegame,0.0,2.8
8002,freegame,0.0,17.3
8003,freegame,0.0,16.0
8004,freegame,0.0,4.8
8005,freegame,0.0,4914.8
8006,freegame,0.0,4228.8
8007,freegame,0.0,60.6
8008,freegame,0.0,393.6
8009,freegame,0.0,1.2
8010,freegame,0.0,2.6
8011,freegame,0.0,5000
8012,freegame,1.6,106.4
8013,freegame,0.0,858.0
8014,freegame,0.0,0.0
8015,freegame,0.0,90.0
8016,freegame,0.0,0.0
8017,freegame,0.0,0.0
8018,freegame,0.0,2.1
8019,freegame,0.0,67.8
8020,freegame,0.0,2.7
8021,freegame,0.0,82.4
8022,freegame,0.0,187.8
8023,freegame,8.0,5000
8024,freegame,0.0,0.0
8025,freegame,0.2,104.8
8026,freegame,0.0,2.4
8027,freegame,0.0,0.0
8028,freegame,4.0,17.6
8029,freegame,0.0,3.2
8030,freegame,0.0,7.4
8031,freegame,0.0,217.0
8032,freegame,0.0,120.8
8033,freegame,0.0,246.0
8034,freegame,0.0,9.2
8035,freegame,0.8,5000
8036,freegame,0.0,96.8
8037,freegame,0.0,42.8
8038,freegame,0.0,442.2
8039,freegame,0.0,60.0
8040,freegame,0.0,1.6
8041,freegame,0.0,112.0
8042,freegame,0.0,7.2
8043,freegame,1.6,216.2
8044,freegame,0.0,27.5
8045,freegame,0.0,16.0
8046,freegame,0.0,0.0
8047,freegame,0.0,5.2
8048,freegame,0.0,1067.7
8049,freegame,0.0,136.4
8050,freegame,0.0,57.0
8051,freegame,0.0,10.8
8052,freegame,0.0,48.0
8053,freegame,0.0,331.7
8054,freegame,0.0,244.0
8055,freegame,0.0,23.6
8056,freegame,1.6,40.0
8057,freegame,0.0,40.4
8058,freegame,0.0,4732.1
8059,freegame,0.0,53.6
8060,freegame,0.0,9.6
8061,freegame,0.4,182.1
8062,freegame,0.0,23.8
8063,freegame,0.0,0.0
8064,freegame,0.0,1602.4
8065,freegame,0.0,132.0
8066,freegame,0.0,15.4
8067,freegame,0.0,5000
8068,freegame,0.0,25.2
8069,freegame,0.4,19.0
8070,freegame,0.0,76.0
8071,freegame,0.0,28.5
8072,freegame,3.2,174.0
8073,freegame,0.0,0.0
8074,freegame,0.0,357.5
8075,freegame,0.0,211.0
8076,freegame,0.0,40.0
8077,freegame,0.0,15.8
8078,freegame,0.0,16.0
8079,freegame,0.0,8.0
8080,freegame,0.0,372.8
8081,freegame,0.0,24.8
8082,freegame,0.0,5000
8083,freegame,0.0,135.0
8084,freegame,0.0,6.4
8085,freegame,1.6,1681.0
8086,freegame,1.6,0.0
8087,freegame,0.0,257.4
8088,freegame,0.0,5.0
8089,freegame,0.0,24.8
8090,freegame,0.0,11.9
8091,freegame,0.0,19.1
8092,freegame,0.1,724.0
8093,freegame,0.0,133.4
8094,freegame,0.0,41.0
8095,freegame,0.0,72.0
8096,freegame,0.0,13.6
8097,freegame,0.0,64.1
8098,freegame,0.0,1153.0
8099,freegame,0.0,72.0
8100,freegame,0.0,11.8
8101,freegame,0.0,2.4
8102,freegame,0.0,366.0
8103,freegame,0.0,30.0
8104,freegame,0.0,147.8
8105,freegame,0.0,122.8
8106,freegame,0.0,22.8
8107,freegame,0.0,43.3
8108,freegame,0.0,1080.0
8109,freegame,0.0,68.0
8110,freegame,0.0,352.8
8111,freegame,0.0,63.6
8112,freegame,0.0,28.0
8113,freegame,0.0,37.6
8114,freegame,0.3,0.0
8115,freegame,0.0,173.3
8116,freegame,0.4,2.8
8117,freegame,0.0,6.6
8118,freegame,0.0,900.0
8119,freegame,0.0,1086.0
8120,freegame,0.0,0.0
8121,freegame,0.0,2.4
8122,freegame,0.0,923.7
8123,freegame,0.0,9.6
8124,freegame,0.0,11.2
8125,freegame,0.0,320.0
8126,freegame,0.0,12.0
8127,freegame,0.0,255.6
8128,freegame,0.0,36.0
8129,freegame,0.0,452.0
8130,freegame,0.0,5.6
8131,freegame,0.0,90.0
8132,freegame,0.0,5.6
8133,freegame,0.0,163.5
8134,freegame,2.0,146.8
8135,freegame,0.0,102.8
8136,freegame,0.0,116.6
8137,freegame,0.0,2019.2
8138,freegame,0.0,6.4
8139,freegame,0.0,7.2
8140,freegame,0.0,31.0
8141,freegame,0.0,2592.0
8142,freegame,0.0,94.0
8143,freegame,0.0,14.2
8144,freegame,0.0,2857.2
8145,freegame,0.0,7.1
8146,freegame,0.0,231.2
8147,freegame,0.0,0.0
8148,freegame,4.8,261.6
8149,freegame,0.0,4.8
8150,freegame,0.0,16.8
8151,freegame,0.0,57.2
8152,freegame,0.0,140.0
8153,freegame,0.0,121.4
8154,freegame,0.4,3493.8
8155,freegame,0.0,149.8
8156,freegame,0.0,49.8
8157,freegame,0.2,844.0
8158,freegame,0.0,1849.0
8159,freegame,0.0,93.2
8160,freegame,0.0,1.6
8161,freegame,0.0,5.6
8162,freegame,0.0,209.0
8163,freegame,0.0,0.0
8164,freegame,0.0,786.8
8165,freegame,0.0,230.6
8166,freegame,0.0,113.3
8167,freegame,0.0,216.2
8168,freegame,0.0,4.2
8169,freegame,0.0,19.0
8170,freegame,0.0,80.0
8171,freegame,0.0,35.2
8172,freegame,0.0,44.6
8173,freegame,0.0,6.2
8174,freegame,0.0,75.4
8175,freegame,0.0,24.0
8176,freegame,0.0,69.0
8177,freegame,0.0,164.8
8178,freegame,0.0,2.0
8179,freegame,0.0,0.2
8180,freegame,3.2,803.2
8181,freegame,0.0,42.8
8182,freegame,0.0,45.6
8183,freegame,0.0,0.0
8184,freegame,0.0,344.5
8185,freegame,0.0,12.0
8186,freegame,0.0,34.8
8187,freegame,0.0,43.6
8188,freegame,2.4,282.2
8189,freegame,0.0,72.4
8190,freegame,0.0,24.1
8191,freegame,0.0,124.7
8192,freegame,0.0,0.4
8193,freegame,0.0,3.4
8194,freegame,0.0,354.0
8195,freegame,0.0,9.6
8196,freegame,0.0,2.1
8197,freegame,0.4,3.2
8198,freegame,0.0,43.5
8199,freegame,0.0,27.0
8200,freegame,0.0,5000
8201,freegame,2.0,18.2
8202,freegame,0.0,0.5
8203,freegame,0.0,3.0
8204,freegame,0.0,25.9
8205,freegame,0.0,36.4
8206,freegame,2.4,12.0
8207,freegame,0.0,896.8
8208,freegame,2.4,0.4
8209,freegame,0.0,44.8
8210,freegame,0.0,4.7
8211,freegame,0.0,15.2
8212,freegame,0.0,74.4
8213,freegame,0.0,19.8
8214,freegame,0.0,1.4
8215,freegame,0.0,12.4
8216,freegame,0.0,11.2
8217,freegame,0.0,1.0
8218,freegame,0.0,173.2
8219,freegame,0.0,70.4
8220,freegame,0.0,5000
8221,freegame,0.0,112.8
8222,freegame,0.0,10.2
8223,freegame,0.0,70.4
8224,freegame,0.0,21.6
8225,freegame,0.0,3.6
8226,freegame,0.0,3.2
8227,freegame,0.0,0.0
8228,freegame,0.0,5000
8229,freegame,0.0,342.4
8230,freegame,0.0,88.0
8231,freegame,0.0,0.0
8232,freegame,0.0,39.0
8233,freegame,0.0,366.6
8234,freegame,0.0,45.8
8235,freegame,0.0,80.5
8236,freegame,0.0,150.0
8237,freegame,0.0,20.0
8238,freegame,0.0,134.6
8239,freegame,0.0,0.0
8240,freegame,0.0,2.4
8241,freegame,0.0,336.2
8242,freegame,0.0,3.2
8243,freegame,0.0,5.8
8244,freegame,0.0,2.8
8245,freegame,0.0,140.2
8246,freegame,0.0,21.1
8247,freegame,0.0,40.4
8248,freegame,0.0,810.0
8249,freegame,0.0,11.6
8250,freegame,0.0,139.6
8251,freegame,0.0,5.6
8252,freegame,0.0,64.0
8253,freegame,0.0,0.0
8254,freegame,0.0,100.0
8255,freegame,0.0,0.0
8256,freegame,0.0,6.4
8257,freegame,0.0,55.8
8258,freegame,0.0,8.8
8259,freegame,0.0,87.4
8260,freegame,0.0,43.0
8261,freegame,0.0,252.5
8262,freegame,0.0,16.6
8263,freegame,0.0,62.3
8264,freegame,0.0,219.6
8265,freegame,0.0,76.9
8266,freegame,0.0,14.0
8267,freegame,0.0,1.2
8268,freegame,0.0,100.0
8269,freegame,0.0,4.4
8270,freegame,0.0,6.4
8271,freegame,0.0,15.3
8272,freegame,0.0,11.8
8273,freegame,0.0,202.4
8274,freegame,0.0,0.0
8275,freegame,0.0,0.0
8276,freegame,0.0,7.2
8277,freegame,0.0,328.0
8278,freegame,0.0,65.2
8279,freegame,1.6,130.4
8280,freegame,0.0,0.4
8281,freegame,0.0,4.0
8282,freegame,0.0,10.5
8283,freegame,0.0,167.0
8284,freegame,0.0,97.3
8285,freegame,0.0,0.8
8286,freegame,0.0,1440.2
8287,freegame,0.0,13.8
8288,freegame,0.0,31.8
8289,freegame,0.0,79.0
8290,freegame,0.0,451.2
8291,freegame,0.0,850.1
8292,freegame,0.0,771.0
8293,freegame,0.0,289.4
8294,freegame,0.0,238.9
8295,freegame,0.0,26.0
8296,freegame,0.0,0.0
8297,freegame,0.0,45.2
8298,freegame,0.0,294.8
8299,freegame,0.8,68.8
8300,freegame,0.2,72.6
8301,freegame,0.0,12.4
8302,freegame,0.0,268.9
8303,freegame,0.0,2106.4
8304,freegame,0.0,372.0
8305,freegame,12.0,20.2
8306,freegame,0.0,18.0
8307,freegame,0.0,295.2
8308,freegame,0.0,5000
8309,freegame,0.0,62.0
8310,freegame,0.0,796.0
8311,freegame,0.0,11.8
8312,freegame,0.0,41.4
8313,freegame,0.0,47.4
8314,freegame,0.0,585.0
8315,freegame,0.0,2.6
8316,freegame,0.0,2.0
8317,freegame,0.6,0.0
8318,freegame,0.0,10.0
8319,freegame,0.0,48.4
8320,freegame,0.0,30.0
8321,freegame,2.4,84.0
8322,freegame,0.0,37.6
8323,freegame,16.0,5.0
8324,freegame,0.0,30.8
8325,freegame,0.0,1314.9
8326,freegame,0.2,14.0
8327,freegame,0.0,49.4
8328,freegame,0.0,12.0
8329,freegame,0.0,351.2
8330,freegame,0.0,54.4
8331,freegame,0.0,4.4
8332,freegame,0.0,18.0
8333,freegame,0.0,0.0
8334,freegame,0.0,8.0
8335,freegame,0.0,339.1
8336,freegame,0.0,4.0
8337,freegame,0.0,2998.0
8338,freegame,0.0,647.1
8339,freegame,0.0,2.0
8340,freegame,0.0,229.6
8341,freegame,0.0,123.2
8342,freegame,0.0,20.0
8343,freegame,0.0,367.4
8344,freegame,0.0,838.8
8345,freegame,0.0,463.4
8346,freegame,0.0,25.2
8347,freegame,0.0,5.6
8348,freegame,0.0,94.0
8349,freegame,0.0,44.0
8350,freegame,0.0,201.6
8351,freegame,4.0,76.8
8352,freegame,0.0,37.0
8353,freegame,0.0,299.6
8354,freegame,0.0,19.2
8355,freegame,0.0,0.0
8356,freegame,0.0,28.8
8357,freegame,0.0,1760.8
8358,freegame,0.0,36.0
8359,freegame,0.0,1998.8
8360,freegame,0.0,14.6
8361,freegame,0.0,126.8
8362,freegame,0.0,234.0
8363,freegame,0.0,456.7
8364,freegame,0.0,42.0
8365,freegame,0.0,154.8
8366,freegame,0.0,145.8
8367,freegame,0.0,5000
8368,freegame,3.2,24.0
8369,freegame,0.0,2216.4
8370,freegame,0.0,15.8
8371,freegame,0.0,7.8
8372,freegame,0.0,0.0
8373,freegame,0.0,79.0
8374,freegame,0.0,84.8
8375,freegame,0.0,20.0
8376,freegame,0.0,4.0
8377,freegame,0.0,82.8
8378,freegame,0.0,1990.4
8379,freegame,0.0,1047.2
8380,freegame,0.0,203.2
8381,freegame,0.0,75.0
8382,freegame,0.0,345.2
8383,freegame,0.0,1.6
8384,freegame,0.0,21.2
8385,freegame,0.0,16.4
8386,freegame,0.0,3.0
8387,freegame,0.0,1769.2
8388,freegame,0.0,2012.4
8389,freegame,0.0,1966.0
8390,freegame,4.0,45.1
8391,freegame,0.0,180.8
8392,freegame,0.0,95.0
8393,freegame,0.0,529.6
8394,freegame,0.0,66.0
8395,freegame,0.0,105.4
8396,freegame,0.0,269.8
8397,freegame,0.0,21.0
8398,freegame,0.0,56.1
8399,freegame,0.0,5000
8400,freegame,0.0,2.0
8401,freegame,0.0,0.0
8402,freegame,0.0,432.6
8403,freegame,0.0,362.2
8404,freegame,0.0,90.0
8405,freegame,0.0,2.6
8406,freegame,0.0,25.4
8407,freegame,0.0,65.2
8408,freegame,0.0,24.0
8409,freegame,0.0,81.2
8410,freegame,0.0,7.4
8411,freegame,0.0,345.3
8412,freegame,0.0,838.8
8413,freegame,0.0,6.0
8414,freegame,0.0,0.8
8415,freegame,0.0,62.8
8416,freegame,0.0,1520.4
8417,freegame,0.0,0.4
8418,freegame,0.0,2.0
8419,freegame,0.0,2.0
8420,freegame,0.0,58.0
8421,freegame,0.0,46.8
8422,freegame,0.0,246.0
8423,freegame,0.0,60.4
8424,freegame,0.0,1611.7
8425,freegame,0.0,2081.0
8426,freegame,0.0,144.0
8427,freegame,0.0,0.4
8428,freegame,0.0,0.0
8429,freegame,3.2,4.8
8430,freegame,0.0,189.4
8431,freegame,0.0,4.0
8432,freegame,0.0,1.2
8433,freegame,0.0,16.0
8434,freegame,0.0,0.5
8435,freegame,0.0,14.0
8436,freegame,0.0,3.2
8437,freegame,0.0,0.0
8438,freegame,0.0,38.7
8439,freegame,0.0,15.0
8440,freegame,0.0,26.2
8441,freegame,0.0,2.0
8442,freegame,0.0,529.1
8443,freegame,0.0,105.2
8444,freegame,0.0,3.2
8445,freegame,0.0,0.2
8446,freegame,0.0,3.4
8447,freegame,0.8,26.4
8448,freegame,0.8,68.2
8449,freegame,0.0,39.0
8450,freegame,0.0,2.0
8451,freegame,0.0,0.8
8452,freegame,0.0,160.4
8453,freegame,0.0,1153.0
8454,freegame,1.6,4161.6
8455,freegame,0.0,1.6
8456,freegame,0.0,19.2
8457,freegame,0.0,400.0
8458,freegame,0.0,15.4
8459,freegame,0.0,616.8
8460,freegame,0.0,14.0
8461,freegame,0.4,290.8
8462,freegame,0.0,0.0
8463,freegame,0.0,0.0
8464,freegame,0.0,55.8
8465,freegame,0.0,7.2
8466,freegame,0.0,1619.2
8467,freegame,0.0,115.2
8468,freegame,0.0,26.7
8469,freegame,0.0,17.6
8470,freegame,0.0,104.8
8471,freegame,0.0,4.2
8472,freegame,0.0,175.4
8473,freegame,0.0,47.8
8474,freegame,0.0,275.4
8475,freegame,0.0,24.4
8476,freegame,0.0,132.2
8477,freegame,0.4,3.2
8478,freegame,0.0,1431.6
8479,freegame,0.0,12.0
8480,freegame,0.0,6.0
8481,freegame,0.0,86.4
8482,freegame,0.2,19.4
8483,freegame,0.0,108.8
8484,freegame,0.0,313.9
8485,freegame,0.0,66.0
8486,freegame,0.0,3943.8
8487,freegame,0.0,24.8
8488,freegame,0.0,111.2
8489,freegame,0.0,465.8
8490,freegame,0.0,5.0
8491,freegame,0.0,62.8
8492,freegame,0.0,56.3
8493,freegame,0.0,0.0
8494,freegame,0.0,6.9
8495,freegame,0.0,36.4
8496,freegame,0.6,2393.6
8497,freegame,0.0,158.9
8498,freegame,0.0,51.2
8499,freegame,0.0,359.8
8500,freegame,0.0,76.4
8501,freegame,0.0,104.6
8502,freegame,0.0,113.8
8503,freegame,0.0,446.4
8504,freegame,0.0,1.0
8505,freegame,0.0,7.6
8506,freegame,0.0,64.2
8507,freegame,0.0,5.6
8508,freegame,0.0,359.4
8509,freegame,0.0,972.2
8510,freegame,0.0,513.0
8511,freegame,0.0,302.6
8512,freegame,0.0,1.6
8513,freegame,0.0,60.1
8514,freegame,0.0,1167.7
8515,freegame,0.0,532.8
8516,freegame,0.0,12.8
8517,freegame,0.0,0.0
8518,freegame,0.0,920.7
8519,freegame,0.0,0.0
8520,freegame,0.0,5.2
8521,freegame,0.0,1298.0
8522,freegame,0.0,252.4
8523,freegame,0.0,2.0
8524,freegame,0.0,7.6
8525,freegame,0.0,0.0
8526,freegame,0.0,2688.0
8527,freegame,0.0,5.6
8528,freegame,0.0,60.0
8529,freegame,1.2,12.0
8530,freegame,0.0,27.2
8531,freegame,1.2,9.0
8532,freegame,0.0,0.0
8533,freegame,0.0,5000
8534,freegame,0.0,119.9
8535,freegame,0.0,2.4
8536,freegame,0.0,403.0
8537,freegame,0.0,785.4
8538,freegame,0.0,38.0
8539,freegame,0.0,13.4
8540,freegame,0.0,144.8
8541,freegame,0.8,0.0
8542,freegame,0.0,95.3
8543,freegame,0.0,0.0
8544,freegame,0.0,102.9
8545,freegame,0.0,16.2
8546,freegame,0.0,74.0
8547,freegame,0.0,132.8
8548,freegame,0.0,84.8
8549,freegame,0.0,54.0
8550,freegame,0.0,96.4
8551,freegame,0.0,1000.0
8552,freegame,0.0,271.6
8553,freegame,0.0,438.4
8554,freegame,0.0,2.4
8555,freegame,0.0,2.4
8556,freegame,0.0,78.0
8557,freegame,0.0,18.0
8558,freegame,0.0,826.6
8559,freegame,0.0,15.2
8560,freegame,0.0,13.5
8561,freegame,0.0,0.0
8562,freegame,0.0,35.8
8563,freegame,0.0,110.0
8564,freegame,0.0,288.2
8565,freegame,0.0,0.0
8566,freegame,0.0,1636.4
8567,freegame,0.0,267.2
8568,freegame,0.0,0.0
8569,freegame,0.0,50.0
8570,freegame,0.0,16.0
8571,freegame,0.0,13.8
8572,freegame,0.0,5000
8573,freegame,0.0,344.7
8574,freegame,0.0,19.8
8575,freegame,0.0,1.0
8576,freegame,0.0,346.4
8577,freegame,0.0,171.6
8578,freegame,0.0,27.8
8579,freegame,0.0,344.0
8580,freegame,0.0,10.8
8581,freegame,0.0,379.4
8582,freegame,0.0,322.4
8583,freegame,0.0,4.5
8584,freegame,0.0,27.4
8585,freegame,0.0,11.0
8586,freegame,0.0,2.4
8587,freegame,0.0,10.5
8588,freegame,0.0,16.8
8589,freegame,0.0,28.0
8590,freegame,0.0,2.0
8591,freegame,0.0,1198.2
8592,freegame,0.0,759.2
8593,freegame,0.0,42.8
8594,freegame,0.0,93.2
8595,freegame,2.0,12.0
8596,freegame,0.0,17.2
8597,freegame,1.0,143.4
8598,freegame,0.0,23.5
8599,freegame,0.0,69.6
8600,freegame,0.0,432.6
8601,freegame,0.0,138.0
8602,freegame,0.0,149.3
8603,freegame,0.0,0.8
8604,freegame,0.0,6.4
8605,freegame,0.0,30.4
8606,freegame,0.4,95.4
8607,freegame,0.0,168.0
8608,freegame,0.0,66.2
8609,freegame,0.0,6.4
8610,freegame,0.0,739.4
8611,freegame,0.0,7.6
8612,freegame,0.0,43.9
8613,freegame,0.0,22.2
8614,freegame,0.0,8.0
8615,freegame,0.0,0.0
8616,freegame,0.0,115.2
8617,freegame,0.0,291.8
8618,freegame,0.0,3.2
8619,freegame,0.0,988.8
8620,freegame,0.0,642.4
8621,freegame,0.0,200.0
8622,freegame,0.0,169.2
8623,freegame,0.0,531.8
8624,freegame,0.8,19.2
8625,freegame,0.0,1.2
8626,freegame,0.0,859.2
8627,freegame,0.0,112.0
8628,freegame,0.0,86.0
8629,freegame,0.0,25.6
8630,freegame,0.0,14.8
8631,freegame,0.0,264.4
8632,freegame,0.0,0.0
8633,freegame,0.0,12.6
8634,freegame,0.0,17.6
8635,freegame,0.0,58.4
8636,freegame,0.0,305.6
8637,freegame,0.0,17.8
8638,freegame,0.0,0.0
8639,freegame,0.0,21.6
8640,freegame,0.0,36.0
8641,freegame,0.0,27.5
8642,freegame,0.0,160.0
8643,freegame,0.0,0.0
8644,freegame,0.0,8.0
8645,freegame,0.0,66.4
8646,freegame,0.6,270.0
8647,freegame,0.0,21.2
8648,freegame,0.0,34.0
8649,freegame,0.0,7.8
8650,freegame,0.0,2210.4
8651,freegame,0.0,2319.2
8652,freegame,0.0,5000
8653,freegame,0.0,149.2
8654,freegame,0.0,203.0
8655,freegame,0.0,237.4
8656,freegame,0.2,4.8
8657,freegame,0.0,268.0
8658,freegame,0.0,407.6
8659,freegame,0.0,4.0
8660,freegame,0.0,195.8
8661,freegame,0.4,19.4
8662,freegame,0.0,251.2
8663,freegame,0.0,81.6
8664,freegame,0.4,480.0
8665,freegame,0.0,658.4
8666,freegame,0.0,35.0
8667,freegame,1.6,0.0
8668,freegame,0.0,45.6
8669,freegame,0.0,24.0
8670,freegame,0.0,48.0
8671,freegame,0.0,30.4
8672,freegame,0.0,117.6
8673,freegame,0.0,2.4
8674,freegame,0.0,265.6
8675,freegame,0.0,0.0
8676,freegame,0.0,2.6
8677,freegame,0.0,19.2
8678,freegame,0.0,16.8
8679,freegame,0.0,4.4
8680,freegame,0.0,207.6
8681,freegame,0.0,141.0
8682,freegame,0.0,16.0
8683,freegame,0.0,77.8
8684,freegame,0.0,7.3
8685,freegame,0.0,3.2
8686,freegame,0.0,79.2
8687,freegame,0.0,166.8
8688,freegame,0.0,2081.0
8689,freegame,0.0,50.0
8690,freegame,0.0,0.0
8691,freegame,0.0,3108.0
8692,freegame,0.0,74.0
8693,freegame,0.0,35.5
8694,freegame,0.0,59.0
8695,freegame,0.0,0.8
8696,freegame,0.0,10.0
8697,freegame,0.0,63.6
8698,freegame,0.0,113.4
8699,freegame,0.0,5000
8700,freegame,0.8,24.8
8701,freegame,0.0,0.0
8702,freegame,0.0,29.2
8703,freegame,0.0,301.2
8704,freegame,0.0,51.0
8705,freegame,0.0,5000
8706,freegame,0.0,1148.2
8707,freegame,0.0,860.0
8708,freegame,0.0,311.4
8709,freegame,0.0,3.2
8710,freegame,0.0,12.0
8711,freegame,0.0,97.8
8712,freegame,0.0,56.0
8713,freegame,6.4,0.0
8714,freegame,0.0,1034.4
8715,freegame,0.0,832.0
8716,freegame,0.0,234.0
8717,freegame,0.0,257.6
8718,freegame,0.0,7.2
8719,freegame,0.0,37.8
8720,freegame,0.0,90.0
8721,freegame,0.0,5.6
8722,freegame,0.0,1806.3
8723,freegame,0.0,84.6
8724,freegame,0.0,33.2
8725,freegame,0.0,150.0
8726,freegame,0.0,7.2
8727,freegame,0.0,182.6
8728,freegame,0.0,265.4
8729,freegame,0.0,282.0
8730,freegame,0.0,11.2
8731,freegame,0.0,65.0
8732,freegame,0.0,4.0
8733,freegame,0.0,4.8
8734,freegame,0.0,6.4
8735,freegame,0.0,7.1
8736,freegame,0.0,2.4
8737,freegame,0.0,176.2
8738,freegame,0.0,138.0
8739,freegame,0.0,43.2
8740,freegame,0.0,158.0
8741,freegame,0.0,897.2
8742,freegame,0.4,0.0
8743,freegame,2.0,1684.0
8744,freegame,0.0,722.6
8745,freegame,0.0,640.8
8746,freegame,0.0,285.2
8747,freegame,0.0,1016.0
8748,freegame,0.0,757.7
8749,freegame,2.4,56.8
8750,freegame,0.0,10.8
8751,freegame,0.0,14.2
8752,freegame,0.0,481.6
8753,freegame,0.0,16.0
8754,freegame,0.0,0.4
8755,freegame,0.0,40.0
8756,freegame,0.0,98.6
8757,freegame,0.0,5000
8758,freegame,0.0,9.2
8759,freegame,0.0,462.9
8760,freegame,0.0,1330.8
8761,freegame,0.8,10.8
8762,freegame,0.0,0.0
8763,freegame,0.0,114.9
8764,freegame,0.0,251.6
8765,freegame,0.0,10.0
8766,freegame,0.0,421.8
8767,freegame,0.0,1.6
8768,freegame,0.0,52.8
8769,freegame,0.0,15.6
8770,freegame,0.0,2.2
8771,freegame,0.0,405.3
8772,freegame,0.0,12.6
8773,freegame,0.0,190.2
8774,freegame,0.0,87.6
8775,freegame,0.0,110.8
8776,freegame,0.0,196.8
8777,freegame,0.0,43.0
8778,freegame,0.0,7.6
8779,freegame,0.0,0.4
8780,freegame,0.0,7.0
8781,freegame,0.0,68.0
8782,freegame,0.0,0.0
8783,freegame,0.0,17.0
8784,freegame,0.0,24.0
8785,freegame,0.0,474.1
8786,freegame,0.0,41.2
8787,freegame,0.0,134.0
8788,freegame,0.0,0.8
8789,freegame,0.0,2.0
8790,freegame,0.0,3.2
8791,freegame,1.2,5000
8792,freegame,0.4,13.2
8793,freegame,0.0,433.8
8794,freegame,0.0,4.2
8795,freegame,0.0,0.8
8796,freegame,0.0,15.4
8797,freegame,0.0,72.0
8798,freegame,0.0,22.0
8799,freegame,0.0,71.5
8800,freegame,0.0,673.6
8801,freegame,0.0,2195.6
8802,freegame,0.0,0.0
8803,freegame,0.0,3.0
8804,freegame,0.0,0.0
8805,freegame,0.0,30.0
8806,freegame,0.0,5.8
8807,freegame,0.0,66.6
8808,freegame,0.0,146.8
8809,freegame,0.0,3.0
8810,freegame,0.0,148.8
8811,freegame,0.0,64.0
8812,freegame,0.0,36.2
8813,freegame,0.0,29.2
8814,freegame,1.6,3.2
8815,freegame,0.0,25.0
8816,freegame,0.0,513.2
8817,freegame,0.0,109.8
8818,freegame,0.0,34.9
8819,freegame,0.0,10.4
8820,freegame,0.0,2.4
8821,freegame,0.0,261.2
8822,freegame,0.0,0.0
8823,freegame,0.0,45.8
8824,freegame,0.0,4.4
8825,freegame,0.0,112.8
8826,freegame,0.0,55.4
8827,freegame,0.0,1113.2
8828,freegame,0.0,0.0
8829,freegame,0.0,38.5
8830,freegame,0.0,1118.6
8831,freegame,0.0,1803.2
8832,freegame,0.0,0.0
8833,freegame,0.0,7.2
8834,freegame,0.0,2602.1
8835,freegame,0.0,547.8
8836,freegame,0.0,0.0
8837,freegame,0.1,103.3
8838,freegame,0.0,39.9
8839,freegame,0.0,7.6
8840,freegame,0.0,756.9
8841,freegame,0.0,21.6
8842,freegame,0.0,2.3
8843,freegame,0.0,47.2
8844,freegame,0.0,7.7
8845,freegame,0.0,14.5
8846,freegame,0.0,685.8
8847,freegame,0.0,158.0
8848,freegame,0.0,0.8
8849,freegame,0.0,27.8
8850,freegame,0.0,80.8
8851,freegame,0.0,162.8
8852,freegame,0.0,91.0
8853,freegame,0.0,0.0
8854,freegame,0.0,659.8
8855,freegame,0.0,42.0
8856,freegame,0.0,0.0
8857,freegame,0.4,6.8
8858,freegame,0.0,17.3
8859,freegame,0.0,20.8
8860,freegame,0.0,302.2
8861,freegame,0.0,10.0
8862,freegame,2.4,51.2
8863,freegame,0.0,50.4
8864,freegame,0.0,4.4
8865,freegame,0.0,0.2
8866,freegame,0.0,327.6
8867,freegame,0.0,204.0
8868,freegame,0.0,91.2
8869,freegame,0.0,0.0
8870,freegame,0.0,116.6
8871,freegame,0.0,1154.4
8872,freegame,0.4,124.0
8873,freegame,0.0,245.0
8874,freegame,0.0,68.0
8875,freegame,0.0,22.0
8876,freegame,0.0,10.0
8877,freegame,0.0,5.2
8878,freegame,0.0,19.2
8879,freegame,0.0,72.0
8880,freegame,1.2,409.6
8881,freegame,0.0,5000
8882,freegame,0.0,0.4
8883,freegame,0.0,406.8
8884,freegame,0.0,2.4
8885,freegame,3.6,75.0
8886,freegame,0.0,4.8
8887,freegame,0.0,16.0
8888,freegame,0.0,79.8
8889,freegame,0.0,66.5
8890,freegame,0.0,1.6
8891,freegame,0.0,33.2
8892,freegame,0.0,46.2
8893,freegame,0.0,240.0
8894,freegame,0.0,207.4
8895,freegame,0.0,129.7
8896,freegame,0.0,60.0
8897,freegame,0.0,0.0
8898,freegame,0.0,2.0
8899,freegame,0.0,351.6
8900,freegame,0.0,6.0
8901,freegame,0.0,42.0
8902,freegame,0.0,95.8
8903,freegame,0.0,1.2
8904,freegame,0.0,74.6
8905,freegame,0.0,4.3
8906,freegame,0.0,449.6
8907,freegame,0.0,180.1
8908,freegame,0.0,24.0
8909,freegame,0.0,16.6
8910,freegame,0.0,16.8
8911,freegame,0.0,160.0
8912,freegame,0.0,12.4
8913,freegame,0.8,25.6
8914,freegame,0.0,12.0
8915,freegame,0.0,5000
8916,freegame,0.0,442.4
8917,freegame,0.0,6.9
8918,freegame,0.0,318.0
8919,freegame,0.0,83.2
8920,freegame,0.0,25.2
8921,freegame,0.0,50.0
8922,freegame,0.0,15.0
8923,freegame,0.0,23.8
8924,freegame,0.0,10.8
8925,freegame,0.0,9.6
8926,freegame,0.0,229.4
8927,freegame,0.0,6.4
8928,freegame,0.0,97.2
8929,freegame,0.0,380.5
8930,freegame,0.0,12.8
8931,freegame,0.0,41.2
8932,freegame,0.0,49.6
8933,freegame,0.0,2480.8
8934,freegame,0.0,0.4
8935,freegame,0.0,78.4
8936,freegame,0.0,2.2
8937,freegame,0.0,48.0
8938,freegame,0.0,55.2
8939,freegame,0.0,8.4
8940,freegame,0.0,24.2
8941,freegame,0.0,1.6
8942,freegame,0.0,1429.5
8943,freegame,0.6,724.8
8944,freegame,0.0,4.0
8945,freegame,0.0,2.2
8946,freegame,4.0,2.1
8947,freegame,0.4,239.0
8948,freegame,0.2,497.6
8949,freegame,0.0,3.6
8950,freegame,0.0,3.2
8951,freegame,0.0,946.0
8952,freegame,0.0,4.8
8953,freegame,0.0,156.0
8954,freegame,0.0,18.2
8955,freegame,0.0,246.5
8956,freegame,0.0,19.6
8957,freegame,0.0,18.0
8958,freegame,0.4,22.0
8959,freegame,4.8,409.1
8960,freegame,0.0,1260.8
8961,freegame,0.0,63.0
8962,freegame,0.1,153.4
8963,freegame,0.0,37.6
8964,freegame,0.0,2.0
8965,freegame,0.0,160.0
8966,freegame,0.0,131.2
8967,freegame,0.0,109.6
8968,freegame,0.0,1.8
8969,freegame,0.0,26.0
8970,freegame,0.0,80.0
8971,freegame,0.8,237.4
8972,freegame,0.0,650.8
8973,freegame,0.0,72.0
8974,freegame,0.0,7.2
8975,freegame,0.0,29.0
8976,freegame,0.0,54.8
8977,freegame,0.0,258.4
8978,freegame,0.0,10.8
8979,freegame,0.0,12.7
8980,freegame,0.0,12.8
8981,freegame,0.0,0.0
8982,freegame,1.2,17.8
8983,freegame,0.0,12.0
8984,freegame,0.2,163.8
8985,freegame,0.0,159.2
8986,freegame,0.0,56.8
8987,freegame,0.0,9.8
8988,freegame,0.0,126.2
8989,freegame,2.4,119.6
8990,freegame,0.0,1.0
8991,freegame,0.0,43.2
8992,freegame,0.0,28.3
8993,freegame,0.0,14.2
8994,freegame,0.0,497.8
8995,freegame,0.0,37.8
8996,freegame,0.0,3.9
8997,freegame,0.0,1669.2
8998,freegame,0.0,18.8
8999,freegame,0.0,33.6
9000,freegame,0.0,17.6
9001,freegame,0.0,45.2
9002,freegame,0.0,310.8
9003,freegame,0.0,21.5
9004,freegame,0.2,0.0
9005,freegame,0.4,0.8
9006,freegame,0.0,0.0
9007,freegame,0.0,48.0
9008,freegame,0.0,22.0
9009,freegame,1.6,198.0
9010,freegame,0.0,45.0
9011,freegame,0.0,0.8
9012,freegame,0.0,522.1
9013,freegame,0.0,5.4
9014,freegame,0.0,1.6
9015,freegame,0.0,4.0
9016,freegame,0.0,100.0
9017,freegame,0.0,60.0
9018,freegame,0.0,295.6
9019,freegame,0.0,96.8
9020,freegame,0.0,120.0
9021,freegame,0.0,39.4
9022,freegame,0.0,382.4
9023,freegame,0.0,3936.0
9024,freegame,0.0,151.6
9025,freegame,0.0,5.8
9026,freegame,0.0,10.3
9027,freegame,0.0,1008.0
9028,freegame,0.0,140.4
9029,freegame,0.0,131.0
9030,freegame,0.0,15.2
9031,freegame,32.0,56.0
9032,freegame,0.0,252.0
9033,freegame,0.0,23.6
9034,freegame,0.0,22.0
9035,freegame,0.0,144.9
9036,freegame,0.0,39.6
9037,freegame,0.0,4.8
9038,freegame,0.0,77.3
9039,freegame,0.0,3.6
9040,freegame,0.0,21.0
9041,freegame,0.0,1.8
9042,freegame,0.0,460.9
9043,freegame,3.6,21.0
9044,freegame,0.0,948.0
9045,freegame,0.0,412.4
9046,freegame,0.0,56.8
9047,freegame,0.0,51.6
9048,freegame,0.2,18.4
9049,freegame,0.0,11.2
9050,freegame,0.0,80.0
9051,freegame,0.0,2.0
9052,freegame,0.0,5000
9053,freegame,0.0,11.2
9054,freegame,0.0,11.5
9055,freegame,0.8,2.0
9056,freegame,0.0,82.4
9057,freegame,0.0,9.6
9058,freegame,0.0,757.4
9059,freegame,0.0,129.2
9060,freegame,0.0,0.0
9061,freegame,0.0,0.0
9062,freegame,0.0,6.9
9063,freegame,0.0,12.6
9064,freegame,0.0,1144.0
9065,freegame,0.0,242.0
9066,freegame,0.0,116.0
9067,freegame,0.0,83.2
9068,freegame,0.0,8.8
9069,freegame,0.0,3.6
9070,freegame,1.2,56.4
9071,freegame,0.0,0.0
9072,freegame,0.0,16.8
9073,freegame,0.0,195.2
9074,freegame,0.0,9.6
9075,freegame,0.0,434.8
9076,freegame,0.0,260.8
9077,freegame,0.0,0.0
9078,freegame,0.0,2642.4
9079,freegame,0.8,30.0
9080,freegame,0.0,2.2
9081,freegame,0.0,27.6
9082,freegame,0.0,0.0
9083,freegame,0.0,40.0
9084,freegame,8.0,274.0
9085,freegame,0.0,0.0
9086,freegame,0.0,0.8
9087,freegame,16.0,0.0
9088,freegame,0.0,108.8
9089,freegame,0.1,83.0
9090,freegame,0.0,491.4
9091,freegame,0.0,8.6
9092,freegame,0.4,139.8
9093,freegame,0.0,76.5
9094,freegame,0.0,42.8
9095,freegame,0.0,9.0
9096,freegame,0.0,491.0
9097,freegame,0.0,1.0
9098,freegame,0.4,0.0
9099,freegame,0.0,1.0
9100,freegame,0.0,386.0
9101,freegame,0.0,0.0
9102,freegame,0.0,74.8
9103,freegame,0.0,2.4
9104,freegame,0.0,540.0
9105,freegame,0.0,29.0
9106,freegame,0.0,2.8
9107,freegame,0.0,410.6
9108,freegame,0.0,62.0
9109,freegame,0.0,182.6
9110,freegame,0.0,12.0
9111,freegame,0.0,1.0
9112,freegame,0.0,5.6
9113,freegame,0.0,49.7
9114,freegame,0.0,29.2
9115,freegame,1.6,56.0
9116,freegame,0.0,18.4
9117,freegame,0.0,5.6
9118,freegame,0.0,13.0
9119,freegame,0.0,220.7
9120,freegame,0.0,43.3
9121,freegame,0.0,1.0
9122,freegame,0.0,2.4
9123,freegame,0.0,12.0
9124,freegame,0.0,230.4
9125,freegame,0.0,20.0
9126,freegame,0.0,399.0
9127,freegame,4.0,64.4
9128,freegame,0.0,133.2
9129,freegame,0.0,19.6
9130,freegame,0.0,8.0
9131,freegame,0.0,866.4
9132,freegame,0.0,3.8
9133,freegame,0.0,507.6
9134,freegame,0.0,20.0
9135,freegame,0.0,41.0
9136,freegame,0.0,48.0
9137,freegame,0.0,9.0
9138,freegame,0.2,353.0
9139,freegame,0.0,3.6
9140,freegame,0.0,729.6
9141,freegame,0.0,2.4
9142,freegame,0.0,0.0
9143,freegame,0.0,14.0
9144,freegame,3.2,28.9
9145,freegame,0.0,42.8
9146,freegame,0.0,594.0
9147,freegame,0.0,0.0
9148,freegame,0.0,148.8
9149,freegame,1.2,0.0
9150,freegame,0.0,262.8
9151,freegame,0.0,26.0
9152,freegame,0.0,11.2
9153,freegame,0.0,3.4
9154,freegame,1.4,8.0
9155,freegame,0.0,105.6
9156,freegame,0.0,47.0
9157,freegame,0.0,450.0
9158,freegame,0.0,126.0
9159,freegame,0.0,89.4
9160,freegame,0.0,3051.8
9161,freegame,0.0,968.8
9162,freegame,0.0,60.0
9163,freegame,0.0,23.6
9164,freegame,0.0,170.8
9165,freegame,0.0,3.6
9166,freegame,0.0,35.6
9167,freegame,0.0,1172.4
9168,freegame,0.8,133.6
9169,freegame,0.0,42.0
9170,freegame,0.5,12.0
9171,freegame,0.0,330.0
9172,freegame,0.0,567.2
9173,freegame,0.0,122.8
9174,freegame,0.0,60.0
9175,freegame,0.0,19.2
9176,freegame,0.0,129.6
9177,freegame,0.0,12.0
9178,freegame,0.0,306.0
9179,freegame,0.0,54.4
9180,freegame,0.0,383.0
9181,freegame,0.0,66.8
9182,freegame,0.0,76.0
9183,freegame,0.0,301.2
9184,freegame,0.0,14.8
9185,freegame,0.0,22.4
9186,freegame,0.0,939.6
9187,freegame,0.0,34.0
9188,freegame,0.0,18.0
9189,freegame,0.0,10.4
9190,freegame,0.0,2.0
9191,freegame,0.0,3.6
9192,freegame,0.0,0.5
9193,freegame,0.0,5000
9194,freegame,0.0,53.6
9195,freegame,0.0,12.8
9196,freegame,0.0,267.8
9197,freegame,0.0,108.0
9198,freegame,0.0,89.3
9199,freegame,0.4,96.0
9200,freegame,0.0,5000
9201,freegame,0.0,217.8
9202,freegame,0.0,3.6
9203,freegame,0.0,0.0
9204,freegame,0.0,1855.2
9205,freegame,0.0,287.6
9206,freegame,0.0,43.2
9207,freegame,0.0,296.2
9208,freegame,0.0,5.0
9209,freegame,0.0,21.0
9210,freegame,0.0,16.5
9211,freegame,0.0,31.0
9212,freegame,0.0,7.2
9213,freegame,0.0,0.0
9214,freegame,0.0,24.0
9215,freegame,0.0,17.2
9216,freegame,0.0,32.8
9217,freegame,0.0,0.0
9218,freegame,0.0,0.0
9219,freegame,0.0,1.8
9220,freegame,0.0,99.2
9221,freegame,0.0,948.6
9222,freegame,0.0,202.4
9223,freegame,0.0,799.8
9224,freegame,0.0,245.8
9225,freegame,0.0,46.6
9226,freegame,0.0,57.4
9227,freegame,0.0,2806.6
9228,freegame,0.0,4160.4
9229,freegame,0.0,0.0
9230,freegame,0.0,7.2
9231,freegame,0.0,3.0
9232,freegame,0.0,21.6
9233,freegame,0.0,5.6
9234,freegame,0.8,45.7
9235,freegame,0.0,126.0
9236,freegame,0.0,2916.8
9237,freegame,0.0,19.2
9238,freegame,0.0,116.2
9239,freegame,0.0,1194.8
9240,freegame,0.0,2.4
9241,freegame,0.0,284.8
9242,freegame,0.0,130.8
9243,freegame,0.0,103.6
9244,freegame,0.4,1.6
9245,freegame,0.0,4.8
9246,freegame,0.0,28.0
9247,freegame,0.0,6.4
9248,freegame,0.0,246.2
9249,freegame,0.0,0.0
9250,freegame,0.0,0.4
9251,freegame,1.6,368.0
9252,freegame,0.0,4.4
9253,freegame,0.0,151.2
9254,freegame,0.0,207.2
9255,freegame,0.0,5000
9256,freegame,0.0,3.8
9257,freegame,0.0,3.2
9258,freegame,0.0,18.0
9259,freegame,0.0,2.4
9260,freegame,0.0,21.8
9261,freegame,0.0,171.6
9262,freegame,0.0,681.6
9263,freegame,0.0,1904.4
9264,freegame,0.1,6.1
9265,freegame,0.0,4.0
9266,freegame,0.0,1235.2
9267,freegame,0.0,5.6
9268,freegame,0.0,19.8
9269,freegame,0.0,1.2
9270,freegame,0.0,32.0
9271,freegame,0.0,39.8
9272,freegame,0.0,27.0
9273,freegame,0.0,2.4
9274,freegame,0.0,0.0
9275,freegame,0.0,33.6
9276,freegame,0.0,91.0
9277,freegame,0.0,1.0
9278,freegame,0.0,128.7
9279,freegame,0.0,2.4
9280,freegame,0.0,1682.4
9281,freegame,0.0,112.6
9282,freegame,0.0,46.6
9283,freegame,0.0,148.8
9284,freegame,0.0,48.0
9285,freegame,0.0,40.0
9286,freegame,0.0,143.2
9287,freegame,0.0,173.5
9288,freegame,0.0,2.0
9289,freegame,0.0,337.6
9290,freegame,0.0,11.2
9291,freegame,0.0,5000
9292,freegame,0.0,395.0
9293,freegame,2.0,914.0
9294,freegame,0.0,106.7
9295,freegame,0.0,142.8
9296,freegame,0.0,24.0
9297,freegame,0.0,17.0
9298,freegame,0.0,101.0
9299,freegame,0.0,78.6
9300,freegame,0.0,30.2
9301,freegame,0.0,19.8
9302,freegame,0.0,10.0
9303,freegame,0.0,650.1
9304,freegame,0.0,75.8
9305,freegame,0.0,326.4
9306,freegame,0.4,264.3
9307,freegame,0.0,19.6
9308,freegame,0.0,20.8
9309,freegame,0.0,105.2
9310,freegame,0.0,0.0
9311,freegame,0.0,325.2
9312,freegame,0.0,31.6
9313,freegame,0.0,1.2
9314,freegame,0.0,363.5
9315,freegame,0.0,171.8
9316,freegame,0.0,5.4
9317,freegame,0.0,57.0
9318,freegame,0.0,624.0
9319,freegame,0.0,8.0
9320,freegame,0.0,62.4
9321,freegame,0.0,5.0
9322,freegame,0.0,1391.6
9323,freegame,0.0,0.0
9324,freegame,0.0,523.1
9325,freegame,0.0,760.6
9326,freegame,0.0,567.8
9327,freegame,0.0,4.2
9328,freegame,0.0,0.4
9329,freegame,0.0,96.0
9330,freegame,0.0,215.4
9331,freegame,0.0,1282.4
9332,freegame,0.0,48.2
9333,freegame,0.0,48.0
9334,freegame,0.0,136.2
9335,freegame,1.6,91.8
9336,freegame,0.0,52.4
9337,freegame,0.0,328.9
9338,freegame,0.0,131.0
9339,freegame,0.0,136.4
9340,freegame,0.0,8.4
9341,freegame,0.0,19.7
9342,freegame,0.0,3.2
9343,freegame,0.0,882.0
9344,freegame,0.0,323.2
9345,freegame,0.0,0.0
9346,freegame,0.0,45.6
9347,freegame,0.0,1836.8
9348,freegame,0.0,48.2
9349,freegame,0.0,0.0
9350,freegame,0.0,0.0
9351,freegame,0.0,67.5
9352,freegame,0.0,1.0
9353,freegame,0.0,14.0
9354,freegame,0.0,55.0
9355,freegame,0.0,1.0
9356,freegame,0.0,140.4
9357,freegame,0.8,2.3
9358,freegame,0.0,0.0
9359,freegame,0.0,32.4
9360,freegame,0.0,9.6
9361,freegame,0.0,2460.2
9362,freegame,0.0,2.6
9363,freegame,0.0,16.2
9364,freegame,22.5,1277.6
9365,freegame,0.0,204.8
9366,freegame,0.0,8.2
9367,freegame,0.0,248.4
9368,freegame,0.0,67.0
9369,freegame,0.0,435.2
9370,freegame,0.0,2.2
9371,freegame,0.0,594.0
9372,freegame,0.0,640.0
9373,freegame,0.0,120.0
9374,freegame,0.0,56.4
9375,freegame,0.0,320.8
9376,freegame,0.0,4.8
9377,freegame,0.0,102.8
9378,freegame,0.0,210.0
9379,freegame,0.0,0.8
9380,freegame,0.0,115.0
9381,freegame,0.0,9.6
9382,freegame,0.0,2449.2
9383,freegame,0.0,1.6
9384,freegame,0.0,14.4
9385,freegame,0.0,5.4
9386,freegame,0.0,122.2
9387,freegame,0.0,0.0
9388,freegame,0.0,3999.0
9389,freegame,0.0,139.4
9390,freegame,0.0,17.0
9391,freegame,0.0,681.0
9392,freegame,0.0,510.0
9393,freegame,0.0,701.8
9394,freegame,0.0,56.4
9395,freegame,0.0,6.8
9396,freegame,0.0,0.8
9397,freegame,0.0,271.0
9398,freegame,0.0,34.0
9399,freegame,0.0,42.0
9400,freegame,0.0,24.6
9401,freegame,0.0,101.4
9402,freegame,0.0,0.0
9403,freegame,0.0,9.6
9404,freegame,0.0,1783.0
9405,freegame,0.0,21.6
9406,freegame,0.0,0.4
9407,freegame,0.0,457.4
9408,freegame,0.0,14.0
9409,freegame,0.0,28.8
9410,freegame,3.2,489.6
9411,freegame,0.0,51.0
9412,freegame,0.0,448.8
9413,freegame,0.0,12.6
9414,freegame,0.0,160.0
9415,freegame,0.0,72.4
9416,freegame,0.3,48.0
9417,freegame,0.0,55.6
9418,freegame,0.0,43.8
9419,freegame,0.0,3.2
9420,freegame,0.0,10.8
9421,freegame,0.0,96.0
9422,freegame,0.0,773.5
9423,freegame,0.0,686.0
9424,freegame,0.0,524.0
9425,freegame,0.0,25.2
9426,freegame,0.0,292.4
9427,freegame,0.0,100.5
9428,freegame,0.0,7.8
9429,freegame,0.0,0.0
9430,freegame,0.0,2.4
9431,freegame,0.0,0.8
9432,freegame,0.0,326.4
9433,freegame,0.0,10.0
9434,freegame,0.0,2212.0
9435,freegame,0.0,126.2
9436,freegame,0.0,804.8
9437,freegame,0.0,0.6
9438,freegame,0.0,256.8
9439,freegame,0.0,67.1
9440,freegame,0.0,0.0
9441,freegame,0.0,13.0
9442,freegame,1.2,74.9
9443,freegame,0.0,52.6
9444,freegame,0.0,103.2
9445,freegame,0.0,476.0
9446,freegame,0.0,202.4
9447,freegame,0.0,101.0
9448,freegame,1.2,0.0
9449,freegame,0.0,104.3
9450,freegame,0.0,41.8
9451,freegame,0.0,1.0
9452,freegame,0.0,12.8
9453,freegame,0.0,2162.6
9454,freegame,0.0,4292.0
9455,freegame,0.0,63.6
9456,freegame,0.0,339.9
9457,freegame,2.4,15.6
9458,freegame,0.0,5000
9459,freegame,4.8,84.8
9460,freegame,0.0,0.8
9461,freegame,0.0,538.4
9462,freegame,0.0,64.0
9463,freegame,0.0,6.0
9464,freegame,0.0,80.8
9465,freegame,0.0,61.5
9466,freegame,0.0,1637.5
9467,freegame,0.0,25.0
9468,freegame,0.0,3.0
9469,freegame,0.0,593.8
9470,freegame,0.0,17.6
9471,freegame,0.0,47.0
9472,freegame,0.0,2.0
9473,freegame,0.0,57.1
9474,freegame,0.0,6.4
9475,freegame,0.0,22.4
9476,freegame,0.0,0.0
9477,freegame,0.0,16.0
9478,freegame,0.0,6.0
9479,freegame,0.0,9.8
9480,freegame,0.0,108.0
9481,freegame,0.0,18.2
9482,freegame,0.0,32.0
9483,freegame,0.0,64.5
9484,freegame,0.0,2680.0
9485,freegame,0.0,1.0
9486,freegame,0.0,25.6
9487,freegame,8.0,16.0
9488,freegame,0.8,222.0
9489,freegame,0.0,328.0
9490,freegame,0.0,180.0
9491,freegame,0.0,0.0
9492,freegame,0.0,1750.2
9493,freegame,0.0,445.2
9494,freegame,0.0,703.6
9495,freegame,0.0,90.2
9496,freegame,0.8,291.7
9497,freegame,0.0,168.8
9498,freegame,0.0,2.4
9499,freegame,0.0,40.8
9500,freegame,0.0,6.4
9501,freegame,0.0,0.0
9502,freegame,0.0,34.6
9503,freegame,0.0,16.2
9504,freegame,0.0,22.4
9505,freegame,0.0,75.8
9506,freegame,0.0,3036.0
9507,freegame,0.0,215.6
9508,freegame,0.0,23.0
9509,freegame,0.0,0.0
9510,freegame,0.0,84.4
9511,freegame,0.0,10.8
9512,freegame,0.0,94.0
9513,freegame,0.0,73.6
9514,freegame,0.0,41.5
9515,freegame,0.0,1.8
9516,freegame,0.0,2.2
9517,freegame,0.0,4.7
9518,freegame,0.0,302.4
9519,freegame,0.0,197.2
9520,freegame,0.0,4.8
9521,freegame,0.0,50.8
9522,freegame,0.0,125.2
9523,freegame,0.0,8.6
9524,freegame,0.0,5000
9525,freegame,0.0,1202.4
9526,freegame,0.0,27.2
9527,freegame,0.0,63.2
9528,freegame,0.0,19.2
9529,freegame,0.0,88.8
9530,freegame,0.8,14.4
9531,freegame,0.0,38.5
9532,freegame,0.0,100.7
9533,freegame,0.1,5.1
9534,freegame,0.0,5000
9535,freegame,0.0,42.0
9536,freegame,2.4,4.0
9537,freegame,0.0,64.6
9538,freegame,0.0,288.0
9539,freegame,0.0,18.6
9540,freegame,0.0,16.8
9541,freegame,0.0,18.4
9542,freegame,0.0,66.0
9543,freegame,0.0,30.8
9544,freegame,0.0,8.8
9545,freegame,0.0,160.0
9546,freegame,0.0,95.8
9547,freegame,0.0,90.6
9548,freegame,0.2,26.0
9549,freegame,0.0,17.8
9550,freegame,0.0,0.8
9551,freegame,0.0,1.0
9552,freegame,0.0,31.2
9553,freegame,0.0,126.0
9554,freegame,0.0,0.0
9555,freegame,0.0,25.6
9556,freegame,0.0,309.7
9557,freegame,0.0,15.0
9558,freegame,0.0,19.6
9559,freegame,0.2,432.0
9560,freegame,0.0,2.0
9561,freegame,0.0,653.0
9562,freegame,0.0,39.4
9563,freegame,0.0,546.3
9564,freegame,4.8,356.1
9565,freegame,0.0,0.8
9566,freegame,0.0,157.4
9567,freegame,0.0,24.0
9568,freegame,0.0,4131.6
9569,freegame,0.0,103.2
9570,freegame,0.0,145.0
9571,freegame,0.0,62.0
9572,freegame,0.0,229.0
9573,freegame,1.6,71.7
9574,freegame,0.4,177.2
9575,freegame,0.0,57.0
9576,freegame,0.8,109.0
9577,freegame,0.0,32.3
9578,freegame,0.4,28.0
9579,freegame,0.0,3388.0
9580,freegame,0.0,92.2
9581,freegame,0.0,5000
9582,freegame,0.0,3.6
9583,freegame,0.0,0.0
9584,freegame,4.0,0.0
9585,freegame,0.0,18.0
9586,freegame,0.0,4.8
9587,freegame,0.0,422.4
9588,freegame,0.0,48.8
9589,freegame,0.0,128.6
9590,freegame,0.0,6.0
9591,freegame,0.0,64.0
9592,freegame,0.0,60.0
9593,freegame,0.0,58.0
9594,freegame,0.0,13.0
9595,freegame,0.0,10.8
9596,freegame,0.0,0.0
9597,freegame,0.0,0.6
9598,freegame,0.0,26.4
9599,freegame,0.0,38.6
9600,freegame,0.0,75.4
9601,freegame,0.0,0.0
9602,freegame,0.0,25.6
9603,freegame,0.0,224.8
9604,freegame,0.0,223.2
9605,freegame,0.0,121.6
9606,freegame,0.0,15.2
9607,freegame,0.0,758.0
9608,freegame,0.0,13.6
9609,freegame,0.0,0.0
9610,freegame,0.0,3.8
9611,freegame,0.0,22.8
9612,freegame,0.0,418.8
9613,freegame,0.0,179.0
9614,freegame,0.2,1056.4
9615,freegame,0.0,861.0
9616,freegame,0.0,14.0
9617,freegame,0.0,33.0
9618,freegame,0.0,1109.4
9619,freegame,0.0,10.0
9620,freegame,0.0,0.0
9621,freegame,0.0,0.0
9622,freegame,0.0,392.4
9623,freegame,0.0,485.2
9624,freegame,0.0,24.8
9625,freegame,0.0,330.4
9626,freegame,0.0,732.2
9627,freegame,0.0,5.6
9628,freegame,0.0,19.0
9629,freegame,0.0,0.0
9630,freegame,0.0,0.8
9631,freegame,3.2,11.2
9632,freegame,1.6,146.8
9633,freegame,0.0,553.2
9634,freegame,0.0,7.0
9635,freegame,0.0,0.0
9636,freegame,0.0,20.8
9637,freegame,0.0,18.0
9638,freegame,0.0,839.0
9639,freegame,0.0,0.4
9640,freegame,0.0,255.2
9641,freegame,0.0,10.6
9642,freegame,0.0,2.8
9643,freegame,0.0,12.0
9644,freegame,0.0,257.2
9645,freegame,8.0,565.4
9646,freegame,0.0,532.2
9647,freegame,0.0,8.0
9648,freegame,0.0,207.3
9649,freegame,0.0,156.8
9650,freegame,0.0,0.4
9651,freegame,0.0,1005.0
9652,freegame,0.0,832.0
9653,freegame,0.0,0.0
9654,freegame,0.0,59.6
9655,freegame,0.0,3001.8
9656,freegame,0.0,44.0
9657,freegame,0.0,12.6
9658,freegame,0.0,11.5
9659,freegame,0.0,0.0
9660,freegame,0.0,9.4
9661,freegame,0.0,8.0
9662,freegame,0.0,132.0
9663,freegame,0.0,0.8
9664,freegame,0.0,14.4
9665,freegame,0.0,158.0
9666,freegame,0.0,29.4
9667,freegame,0.0,0.0
9668,freegame,0.0,7.0
9669,freegame,0.0,1.0
9670,freegame,0.0,27.4
9671,freegame,0.0,30.0
9672,freegame,0.0,4.0
9673,freegame,0.0,15.6
9674,freegame,0.0,349.5
9675,freegame,0.0,2.0
9676,freegame,0.0,1.0
9677,freegame,0.0,28.4
9678,freegame,0.0,5.4
9679,freegame,0.0,10.8
9680,freegame,0.0,0.0
9681,freegame,0.0,53.0
9682,freegame,0.0,44.0
9683,freegame,0.0,195.0
9684,freegame,0.0,35.0
9685,freegame,0.0,74.0
9686,freegame,0.0,18.0
9687,freegame,0.1,0.0
9688,freegame,0.0,33.5
9689,freegame,0.0,18.2
9690,freegame,0.0,0.0
9691,freegame,0.0,18.8
9692,freegame,0.0,40.8
9693,freegame,0.0,36.4
9694,freegame,0.0,0.8
9695,freegame,0.0,268.8
9696,freegame,0.0,17.1
9697,freegame,0.0,0.0
9698,freegame,0.0,16.0
9699,freegame,0.0,284.0
9700,freegame,0.0,3700.8
9701,freegame,0.0,0.0
9702,freegame,0.0,26.6
9703,freegame,0.4,23.8
9704,freegame,0.0,0.0
9705,freegame,0.0,1.6
9706,freegame,0.0,134.5
9707,freegame,0.0,10.4
9708,freegame,0.0,154.4
9709,freegame,0.0,4.0
9710,freegame,0.0,76.4
9711,freegame,0.0,233.2
9712,freegame,0.0,16.8
9713,freegame,0.0,120.0
9714,freegame,0.0,151.6
9715,freegame,0.0,5.6
9716,freegame,0.0,169.0
9717,freegame,0.0,382.6
9718,freegame,0.0,309.7
9719,freegame,0.0,515.6
9720,freegame,0.0,18.2
9721,freegame,0.0,264.0
9722,freegame,0.0,1.6
9723,freegame,0.2,53.6
9724,freegame,0.0,0.0
9725,freegame,0.0,20.6
9726,freegame,0.0,434.2
9727,freegame,0.0,2.0
9728,freegame,0.0,52.0
9729,freegame,0.0,292.8
9730,freegame,0.0,36.2
9731,freegame,0.0,88.0
9732,freegame,2.4,0.3
9733,freegame,0.0,606.4
9734,freegame,0.0,0.4
9735,freegame,0.0,408.2
9736,freegame,0.0,1644.0
9737,freegame,0.0,61.2
9738,freegame,0.0,2.8
9739,freegame,0.0,3.6
9740,freegame,0.0,0.8
9741,freegame,0.0,68.0
9742,freegame,0.0,21.0
9743,freegame,0.0,16.4
9744,freegame,0.2,257.0
9745,freegame,0.0,0.0
9746,freegame,0.0,906.0
9747,freegame,0.0,59.6
9748,freegame,0.0,35.8
9749,freegame,0.0,5000
9750,freegame,0.0,526.4
9751,freegame,0.0,106.6
9752,freegame,0.0,44.0
9753,freegame,0.0,235.0
9754,freegame,1.2,363.6
9755,freegame,0.0,18.2
9756,freegame,0.0,63.6
9757,freegame,0.0,0.0
9758,freegame,0.0,2.0
9759,freegame,0.0,200.0
9760,freegame,0.0,0.0
9761,freegame,0.0,41.0
9762,freegame,0.0,3.2
9763,freegame,0.0,3267.0
9764,freegame,0.0,470.4
9765,freegame,0.0,39.4
9766,freegame,0.0,125.6
9767,freegame,0.0,0.0
9768,freegame,0.0,792.0
9769,freegame,0.0,7.2
9770,freegame,0.3,13.6
9771,freegame,0.0,168.0
9772,freegame,0.2,4.0
9773,freegame,0.0,70.0
9774,freegame,0.0,243.6
9775,freegame,0.0,10.4
9776,freegame,0.0,16.8
9777,freegame,0.0,0.0
9778,freegame,0.0,84.0
9779,freegame,0.0,355.0
9780,freegame,0.0,184.2
9781,freegame,0.0,60.3
9782,freegame,0.6,1.8
9783,freegame,0.0,1312.4
9784,freegame,0.4,5000
9785,freegame,0.6,905.8
9786,freegame,0.0,0.0
9787,freegame,0.0,159.6
9788,freegame,0.0,4.0
9789,freegame,1.6,44.4
9790,freegame,0.0,301.8
9791,freegame,0.0,335.6
9792,freegame,0.0,61.7
9793,freegame,0.0,53.5
9794,freegame,0.0,3.2
9795,freegame,0.0,0.0
9796,freegame,0.0,72.0
9797,freegame,0.0,80.0
9798,freegame,0.0,1086.2
9799,freegame,0.0,12.4
9800,freegame,0.0,37.2
9801,freegame,0.0,0.6
9802,freegame,0.0,2.6
9803,freegame,0.0,12.0
9804,freegame,0.0,226.4
9805,freegame,0.0,1400.0
9806,freegame,0.0,37.0
9807,freegame,32.0,0.0
9808,freegame,0.0,899.6
9809,freegame,0.0,4.9
9810,freegame,0.0,127.0
9811,freegame,0.0,16.0
9812,freegame,0.0,123.2
9813,freegame,1.6,0.8
9814,freegame,0.0,397.9
9815,freegame,0.8,68.2
9816,freegame,0.0,20.6
9817,freegame,0.0,69.2
9818,freegame,0.0,272.0
9819,freegame,0.0,0.0
9820,freegame,0.0,128.8
9821,freegame,0.0,0.4
9822,freegame,0.0,16.0
9823,freegame,0.0,41.0
9824,freegame,0.0,87.2
9825,freegame,0.0,14.4
9826,freegame,0.0,221.2
9827,freegame,0.0,24.4
9828,freegame,0.0,36.3
9829,freegame,0.0,435.8
9830,freegame,0.0,37.6
9831,freegame,0.0,33.6
9832,freegame,0.0,33.4
9833,freegame,0.0,135.0
9834,freegame,0.0,542.2
9835,freegame,0.0,12.6
9836,freegame,0.0,172.8
9837,freegame,0.1,11.2
9838,freegame,0.8,210.8
9839,freegame,0.4,80.2
9840,freegame,0.0,8.0
9841,freegame,0.0,63.2
9842,freegame,0.0,96.8
9843,freegame,0.0,0.0
9844,freegame,0.0,192.6
9845,freegame,0.0,121.6
9846,freegame,0.0,54.5
9847,freegame,0.0,5000
9848,freegame,0.0,114.4
9849,freegame,0.0,1057.0
9850,freegame,0.0,0.4
9851,freegame,0.2,26.8
9852,freegame,0.0,57.8
9853,freegame,0.0,0.0
9854,freegame,0.0,15.5
9855,freegame,0.0,5.2
9856,freegame,0.4,40.0
9857,freegame,0.0,72.2
9858,freegame,0.0,129.0
9859,freegame,0.0,5000
9860,freegame,0.0,0.0
9861,freegame,0.0,160.7
9862,freegame,0.0,0.0
9863,freegame,0.0,37.4
9864,freegame,0.0,1.6
9865,freegame,0.0,1027.6
9866,freegame,0.0,2.4
9867,freegame,0.0,47.6
9868,freegame,0.0,145.6
9869,freegame,0.0,0.0
9870,freegame,0.0,50.4
9871,freegame,0.0,62.2
9872,freegame,0.0,1491.4
9873,freegame,0.0,106.4
9874,freegame,0.0,0.8
9875,freegame,0.0,34.0
9876,freegame,0.0,827.0
9877,freegame,0.0,46.6
9878,freegame,0.0,8.8
9879,freegame,0.0,182.0
9880,freegame,0.0,76.8
9881,freegame,0.0,3.2
9882,freegame,0.0,0.0
9883,freegame,0.0,2425.2
9884,freegame,1.6,6.0
9885,freegame,0.0,2178.0
9886,freegame,0.0,103.8
9887,freegame,0.0,77.0
9888,freegame,0.0,125.4
9889,freegame,0.0,2.5
9890,freegame,0.0,0.0
9891,freegame,1.2,28.8
9892,freegame,0.0,309.6
9893,freegame,0.0,160.0
9894,freegame,0.0,589.2
9895,freegame,1.2,14.0
9896,freegame,0.0,264.0
9897,freegame,0.0,1317.0
9898,freegame,0.0,153.6
9899,freegame,0.0,18.6
9900,freegame,0.0,142.8
9901,freegame,0.0,217.5
9902,freegame,1.0,0.4
9903,freegame,0.0,0.4
9904,freegame,0.0,0.4
9905,freegame,0.0,6.4
9906,freegame,0.0,43.0
9907,freegame,0.0,12.8
9908,freegame,0.0,14.0
9909,freegame,0.0,96.2
9910,freegame,0.0,0.4
9911,freegame,0.0,20.0
9912,freegame,0.0,130.0
9913,freegame,0.0,56.0
9914,freegame,0.0,234.0
9915,freegame,0.0,259.4
9916,freegame,0.0,8.0
9917,freegame,0.0,14.4
9918,freegame,0.0,4.8
9919,freegame,0.0,58.4
9920,freegame,0.0,5.2
9921,freegame,0.0,444.0
9922,freegame,0.0,15.6
9923,freegame,0.0,3.6
9924,freegame,0.0,54.0
9925,freegame,0.0,0.6
9926,freegame,0.0,129.6
9927,freegame,0.0,4.0
9928,freegame,0.0,0.0
9929,freegame,0.0,80.0
9930,freegame,0.0,191.4
9931,freegame,0.0,44.8
9932,freegame,0.4,1180.8
9933,freegame,0.0,8.6
9934,freegame,0.0,124.4
9935,freegame,0.0,477.0
9936,freegame,0.0,155.0
9937,freegame,0.0,546.0
9938,freegame,0.0,746.6
9939,freegame,0.0,0.0
9940,freegame,0.0,340.8
9941,freegame,0.0,0.0
9942,freegame,0.0,187.8
9943,freegame,0.0,58.0
9944,freegame,0.0,96.0
9945,freegame,0.0,12.8
9946,freegame,0.0,5000
9947,freegame,0.0,88.0
9948,freegame,0.0,6.1
9949,freegame,0.0,82.6
9950,freegame,0.1,144.0
9951,freegame,0.0,10.0
9952,freegame,0.0,50.6
9953,freegame,0.0,106.6
9954,freegame,0.0,89.0
9955,freegame,0.0,367.2
9956,freegame,0.0,161.2
9957,freegame,0.0,8.8
9958,freegame,0.0,1173.6
9959,freegame,0.0,6.4
9960,freegame,0.0,27.2
9961,freegame,0.0,10.6
9962,freegame,0.0,1.6
9963,freegame,0.0,44.0
9964,freegame,0.0,785.6
9965,freegame,0.0,238.0
9966,freegame,0.0,2419.0
9967,freegame,0.0,927.6
9968,freegame,8.0,5000
9969,freegame,0.0,1.8
9970,freegame,0.0,0.0
9971,freegame,0.0,0.0
9972,freegame,0.0,17.2
9973,freegame,0.0,182.4
9974,freegame,0.0,25.6
9975,freegame,0.0,0.0
9976,freegame,0.0,0.0
9977,freegame,0.0,5.6
9978,freegame,0.0,131.4
9979,freegame,0.0,338.3
9980,freegame,0.0,50.0
9981,freegame,0.0,31.0
9982,freegame,0.0,4.0
9983,freegame,0.0,642.4
9984,freegame,0.0,43.2
9985,freegame,0.0,16.8
9986,freegame,0.0,820.2
9987,freegame,0.0,1081.8
9988,freegame,0.0,5000
9989,freegame,0.0,0.0
9990,freegame,0.0,0.0
9991,freegame,0.0,14.4
9992,freegame,0.0,4.5
9993,freegame,0.0,0.0
9994,freegame,0.0,39.2
9995,freegame,0.0,2.0
9996,freegame,0.0,787.1
9997,freegame,0.0,42.0
9998,freegame,0.0,602.0
9999,freegame,0.0,587.6
