0,1,20720
1,1,12110
2,1,2140
3,1,39900
4,1,2850
5,1,550
6,1,12760
7,1,1200
8,1,18240
9,1,33780
10,1,0
11,1,2660
12,1,2400
13,1,1450
14,1,10760
15,1,22040
16,1,4200
17,1,7000
18,1,1800
19,1,118000
20,1,26750
21,1,1820
22,1,1140
23,1,0
24,1,2340
25,1,6320
26,1,1560
27,1,6520
28,1,10400
29,1,7600
30,1,10800
31,1,3700
32,1,26880
33,1,14600
34,1,8320
35,1,200
36,1,1600
37,1,1420
38,1,2050
39,1,4240
40,1,200
41,1,480
42,1,500000
43,1,12100
44,1,480
45,1,620
46,1,2800
47,1,3140
48,1,1160
49,1,351050
50,1,67700
51,1,500000
52,1,24680
53,1,160
54,1,200
55,1,2580
56,1,12270
57,1,21460
58,1,77800
59,1,3300
60,1,50400
61,1,3480
62,1,5670
63,1,1200
64,1,8300
65,1,2820
66,1,1940
67,1,33070
68,1,700
69,1,70000
70,1,4860
71,1,0
72,1,6260
73,1,16720
74,1,3810
75,1,0
76,1,380
77,1,4920
78,1,4400
79,1,0
80,1,4000
81,1,500000
82,1,1250
83,1,7000
84,1,0
85,1,9960
86,1,9720
87,1,1160
88,1,80
89,1,3630
90,1,33000
91,1,3000
92,1,4080
93,1,4240
94,1,880
95,1,32500
96,1,6200
97,1,3920
98,1,0
99,1,1760
100,1,2280
101,1,0
102,1,13950
103,1,2800
104,1,0
105,1,1260
106,1,1890
107,1,0
108,1,9900
109,1,6700
110,1,200
111,1,0
112,1,9800
113,1,17500
114,1,61620
115,1,12160
116,1,800
117,1,278440
118,1,400
119,1,260
120,1,15040
121,1,2740
122,1,18790
123,1,600
124,1,16120
125,1,1960
126,1,380
127,1,400
128,1,79360
129,1,14850
130,1,80
131,1,3180
132,1,1180
133,1,400
134,1,24750
135,1,80
136,1,660
137,1,11320
138,1,2200
139,1,20240
140,1,26300
141,1,3320
142,1,73010
143,1,1070
144,1,10720
145,1,33180
146,1,14080
147,1,15000
148,1,1200
149,1,436500
150,1,210800
151,1,3190
152,1,4390
153,1,60400
154,1,7740
155,1,9990
156,1,51400
157,1,1240
158,1,7040
159,1,1400
160,1,33600
161,1,1200
162,1,67280
163,1,10080
164,1,2680
165,1,700
166,1,0
167,1,5500
168,1,13680
169,1,98400
170,1,265120
171,1,4240
172,1,2080
173,1,9920
174,1,9430
175,1,90
176,1,500000
177,1,8410
178,1,19980
179,1,180020
180,1,10940
181,1,0
182,1,50
183,1,23260
184,1,52680
185,1,660
186,1,4160
187,1,213500
188,1,8340
189,1,1520
190,1,2800
191,1,3400
192,1,400
193,1,0
194,1,200
195,1,8210
196,1,20
197,1,26440
198,1,1210
199,1,240
200,1,23020
201,1,320
202,1,160
203,1,2580
204,1,800
205,1,2130
206,1,38220
207,1,0
208,1,0
209,1,1440
210,1,1780
211,1,20270
212,1,660
213,1,6110
214,1,34320
215,1,4800
216,1,34370
217,1,4050
218,1,241040
219,1,4800
220,1,0
221,1,1540
222,1,88840
223,1,920
224,1,168080
225,1,6000
226,1,6240
227,1,780
228,1,500000
229,1,150660
230,1,51360
231,1,144460
232,1,59260
233,1,7000
234,1,2590
235,1,21120
236,1,5310
237,1,11320
238,1,4240
239,1,2100
240,1,7080
241,1,640
242,1,5900
243,1,2000
244,1,1440
245,1,15560
246,1,360
247,1,15980
248,1,280
249,1,900
250,1,79280
251,1,8400
252,1,32040
253,1,800
254,1,5020
255,1,26760
256,1,2920
257,1,347960
258,1,3000
259,1,320
260,1,163360
261,1,100
262,1,860
263,1,76940
264,1,43230
265,1,960
266,1,80
267,1,19600
268,1,73100
269,1,0
270,1,920
271,1,9440
272,1,5680
273,1,183890
274,1,1820
275,1,9300
276,1,414730
277,1,840
278,1,310
279,1,9000
280,1,12000
281,1,80840
282,1,4000
283,1,38320
284,1,10860
285,1,800
286,1,27160
287,1,45200
288,1,980
289,1,500
290,1,52800
291,1,8600
292,1,0
293,1,300
294,1,2340
295,1,640
296,1,17740
297,1,0
298,1,10240
299,1,32610
300,1,0
301,1,42740
302,1,3740
303,1,34200
304,1,960
305,1,120780
306,1,8000
307,1,3440
308,1,0
309,1,200
310,1,4520
311,1,240
312,1,3340
313,1,160
314,1,40
315,1,5100
316,1,79800
317,1,14600
318,1,2080
319,1,8640
320,1,160
321,1,77700
322,1,400
323,1,42380
324,1,65660
325,1,3180
326,1,1070
327,1,12720
328,1,1900
329,1,1120
330,1,36240
331,1,400
332,1,160
333,1,2240
334,1,29640
335,1,500000
336,1,60
337,1,0
338,1,1360
339,1,570
340,1,41200
341,1,50400
342,1,320
343,1,4160
344,1,1200
345,1,440200
346,1,27950
347,1,6340
348,1,160
349,1,1380
350,1,41060
351,1,28920
352,1,1980
353,1,10640
354,1,10
355,1,760
356,1,2680
357,1,3760
358,1,12720
359,1,1740
360,1,500000
361,1,160
362,1,2080
363,1,160
364,1,5310
365,1,91960
366,1,3800
367,1,5160
368,1,4560
369,1,3460
370,1,500000
371,1,56040
372,1,5920
373,1,1340
374,1,26560
375,1,5360
376,1,2560
377,1,54800
378,1,7440
379,1,25000
380,1,200
381,1,800
382,1,400
383,1,2560
384,1,31280
385,1,800
386,1,70800
387,1,800
388,1,1220
389,1,1240
390,1,2580
391,1,800
392,1,14400
393,1,380
394,1,880
395,1,380
396,1,3520
397,1,15600
398,1,10180
399,1,6490
400,1,1420
401,1,21640
402,1,180080
403,1,33560
404,1,420
405,1,15880
406,1,79320
407,1,200
408,1,58260
409,1,22920
410,1,720
411,1,34080
412,1,500000
413,1,30000
414,1,560
415,1,20160
416,1,30000
417,1,73600
418,1,350
419,1,62880
420,1,1400
421,1,80750
422,1,96200
423,1,200
424,1,1460
425,1,8220
426,1,1780
427,1,54780
428,1,227800
429,1,69600
430,1,107770
431,1,580
432,1,1790
433,1,2040
434,1,113370
435,1,17400
436,1,76160
437,1,72440
438,1,6300
439,1,12000
440,1,10800
441,1,60300
442,1,27700
443,1,55200
444,1,30
445,1,80
446,1,190120
447,1,9280
448,1,43200
449,1,2980
450,1,6400
451,1,18750
452,1,350
453,1,78290
454,1,2080
455,1,4800
456,1,720
457,1,5830
458,1,1940
459,1,2700
460,1,40
461,1,47820
462,1,100
463,1,13600
464,1,4640
465,1,5200
466,1,28800
467,1,3480
468,1,160
469,1,15680
470,1,20400
471,1,3520
472,1,3320
473,1,6300
474,1,0
475,1,9240
476,1,12280
477,1,112750
478,1,15810
479,1,1500
480,1,4560
481,1,40
482,1,470940
483,1,80
484,1,8380
485,1,800
486,1,4200
487,1,396100
488,1,500000
489,1,22170
490,1,1720
491,1,13140
492,1,16570
493,1,56150
494,1,18240
495,1,10380
496,1,5830
497,1,4000
498,1,80
499,1,2140
500,1,26760
501,1,4200
502,1,25230
503,1,3540
504,1,100
505,1,540
506,1,145280
507,1,10400
508,1,8420
509,1,200
510,1,14880
511,1,3360
512,1,1420
513,1,13430
514,1,9080
515,1,36480
516,1,7140
517,1,1080
518,1,3320
519,1,32230
520,1,200
521,1,1260
522,1,5180
523,1,0
524,1,56360
525,1,17400
526,1,33000
527,1,2480
528,1,114610
529,1,720
530,1,24920
531,1,6650
532,1,80280
533,1,4470
534,1,70
535,1,8280
536,1,380200
537,1,3240
538,1,4720
539,1,9000
540,1,1740
541,1,2400
542,1,2890
543,1,9910
544,1,0
545,1,1200
546,1,80
547,1,6480
548,1,4780
549,1,1800
550,1,500000
551,1,1600
552,1,1250
553,1,13500
554,1,6000
555,1,750
556,1,1050
557,1,9350
558,1,25500
559,1,40
560,1,320
561,1,7940
562,1,4040
563,1,86240
564,1,20260
565,1,0
566,1,1460
567,1,4400
568,1,1640
569,1,1040
570,1,10480
571,1,3690
572,1,400
573,1,420
574,1,2820
575,1,23480
576,1,3980
577,1,73160
578,1,80
579,1,450
580,1,5640
581,1,1860
582,1,960
583,1,4690
584,1,640
585,1,7940
586,1,13980
587,1,52360
588,1,240
589,1,4840
590,1,400
591,1,160
592,1,1320
593,1,30390
594,1,24780
595,1,0
596,1,120
597,1,520
598,1,11160
599,1,23680
600,1,62640
601,1,3920
602,1,0
603,1,680
604,1,47040
605,1,19060
606,1,12560
607,1,18830
608,1,11640
609,1,17420
610,1,2920
611,1,8300
612,1,6470
613,1,7040
614,1,37280
615,1,660
616,1,3200
617,1,350
618,1,0
619,1,7560
620,1,1510
621,1,1200
622,1,3000
623,1,0
624,1,40140
625,1,100
626,1,6920
627,1,139830
628,1,80
629,1,12150
630,1,1100
631,1,3890
632,1,7920
633,1,0
634,1,2440
635,1,13480
636,1,60
637,1,7250
638,1,200
639,1,2000
640,1,0
641,1,38380
642,1,6910
643,1,4870
644,1,4800
645,1,11440
646,1,84860
647,1,461460
648,1,73360
649,1,800
650,1,32820
651,1,33600
652,1,39000
653,1,9640
654,1,600
655,1,900
656,1,23240
657,1,10800
658,1,0
659,1,5800
660,1,8860
661,1,10440
662,1,17260
663,1,44240
664,1,0
665,1,560
666,1,14380
667,1,59400
668,1,3600
669,1,1480
670,1,440
671,1,89820
672,1,740
673,1,1080
674,1,2320
675,1,15680
676,1,580
677,1,25560
678,1,14560
679,1,4000
680,1,100840
681,1,7940
682,1,2460
683,1,21140
684,1,360
685,1,135690
686,1,3240
687,1,195720
688,1,1210
689,1,920
690,1,0
691,1,1420
692,1,8300
693,1,23480
694,1,500000
695,1,80
696,1,41800
697,1,15120
698,1,45340
699,1,800
700,1,4820
701,1,5200
702,1,9060
703,1,15140
704,1,4260
705,1,84400
706,1,1640
707,1,4800
708,1,26780
709,1,160
710,1,4200
711,1,100
712,1,600
713,1,0
714,1,240
715,1,16800
716,1,1550
717,1,440
718,1,6190
719,1,0
720,1,9000
721,1,36560
722,1,8840
723,1,6320
724,1,22800
725,1,55860
726,1,27610
727,1,11040
728,1,17000
729,1,14860
730,1,840
731,1,7200
732,1,5420
733,1,1150
734,1,14240
735,1,13040
736,1,71720
737,1,500000
738,1,480
739,1,9320
740,1,61110
741,1,1480
742,1,1640
743,1,12280
744,1,33500
745,1,0
746,1,4140
747,1,4280
748,1,1660
749,1,420
750,1,280
751,1,45280
752,1,140
753,1,0
754,1,1030
755,1,115340
756,1,480
757,1,0
758,1,0
759,1,2000
760,1,600
761,1,1540
762,1,520
763,1,5590
764,1,7740
765,1,72500
766,1,7060
767,1,8640
768,1,420
769,1,24700
770,1,12120
771,1,2700
772,1,79720
773,1,560
774,1,49540
775,1,3480
776,1,2400
777,1,31320
778,1,400
779,1,16400
780,1,13600
781,1,120
782,1,8800
783,1,2080
784,1,0
785,1,28780
786,1,12000
787,1,820
788,1,6640
789,1,0
790,1,26370
791,1,1280
792,1,480
793,1,900
794,1,46200
795,1,19130
796,1,19310
797,1,51980
798,1,3580
799,1,19200
800,1,20
801,1,20
802,1,500
803,1,0
804,1,4580
805,1,13660
806,1,540
807,1,22620
808,1,80
809,1,3320
810,1,180
811,1,14220
812,1,1760
813,1,1800
814,1,4360
815,1,18560
816,1,2720
817,1,0
818,1,11100
819,1,20
820,1,1800
821,1,2900
822,1,9480
823,1,1840
824,1,1360
825,1,600
826,1,140
827,1,3240
828,1,34590
829,1,93060
830,1,5750
831,1,1960
832,1,9800
833,1,9800
834,1,4300
835,1,2820
836,1,240
837,1,198500
838,1,4000
839,1,10400
840,1,69360
841,1,12600
842,1,2900
843,1,600
844,1,0
845,1,2700
846,1,4200
847,1,8900
848,1,2160
849,1,500000
850,1,6020
851,1,13860
852,1,20600
853,1,15680
854,1,560
855,1,2800
856,1,23300
857,1,421100
858,1,680
859,1,140
860,1,560
861,1,171360
862,1,1680
863,1,252600
864,1,20200
865,1,39300
866,1,70820
867,1,68220
868,1,860
869,1,2280
870,1,4600
871,1,180300
872,1,2910
873,1,17600
874,1,40
875,1,5940
876,1,6080
877,1,64800
878,1,1740
879,1,20520
880,1,760
881,1,75140
882,1,100800
883,1,31220
884,1,200
885,1,0
886,1,1220
887,1,8640
888,1,60000
889,1,6100
890,1,5440
891,1,2540
892,1,1260
893,1,40660
894,1,3060
895,1,600
896,1,35420
897,1,102960
898,1,14440
899,1,3120
900,1,160
901,1,47420
902,1,100
903,1,1600
904,1,320
905,1,600
906,1,2310
907,1,15600
908,1,25460
909,1,3960
910,1,320
911,1,0
912,1,1800
913,1,5240
914,1,2400
915,1,3690
916,1,89080
917,1,22520
918,1,150
919,1,20060
920,1,123760
921,1,500000
922,1,24800
923,1,3260
924,1,10880
925,1,28800
926,1,8680
927,1,3920
928,1,200
929,1,132000
930,1,19400
931,1,5260
932,1,11860
933,1,134640
934,1,249600
935,1,4680
936,1,920
937,1,56600
938,1,9720
939,1,0
940,1,1720
941,1,5150
942,1,1920
943,1,920
944,1,0
945,1,9320
946,1,0
947,1,1720
948,1,104360
949,1,1000
950,1,40330
951,1,30600
952,1,4720
953,1,7440
954,1,2960
955,1,64840
956,1,11720
957,1,9720
958,1,80
959,1,320
960,1,160240
961,1,360
962,1,266810
963,1,500000
964,1,2240
965,1,400
966,1,43520
967,1,28900
968,1,192000
969,1,160
970,1,640
971,1,3530
972,1,3400
973,1,4850
974,1,0
975,1,6280
976,1,28520
977,1,64860
978,1,1800
979,1,14600
980,1,1800
981,1,0
982,1,40240
983,1,120
984,1,0
985,1,580
986,1,39880
987,1,118620
988,1,1920
989,1,31760
990,1,600
991,1,6880
992,1,135840
993,1,10640
994,1,1430
995,1,560
996,1,450
997,1,320
998,1,2900
999,1,34500
1000,1,1300
1001,1,65580
1002,1,380
1003,1,25440
1004,1,3200
1005,1,80
1006,1,15210
1007,1,153800
1008,1,780
1009,1,800
1010,1,1920
1011,1,92560
1012,1,500000
1013,1,35600
1014,1,9920
1015,1,720
1016,1,31120
1017,1,0
1018,1,155200
1019,1,7600
1020,1,960
1021,1,5200
1022,1,9850
1023,1,32320
1024,1,300
1025,1,500000
1026,1,87150
1027,1,440
1028,1,9200
1029,1,7100
1030,1,680
1031,1,14400
1032,1,2680
1033,1,19000
1034,1,1000
1035,1,48680
1036,1,760
1037,1,28280
1038,1,440
1039,1,0
1040,1,50360
1041,1,0
1042,1,173920
1043,1,15740
1044,1,660
1045,1,4660
1046,1,61640
1047,1,93800
1048,1,74060
1049,1,12000
1050,1,1600
1051,1,84360
1052,1,8240
1053,1,9600
1054,1,1600
1055,1,420
1056,1,10400
1057,1,3100
1058,1,2140
1059,1,50
1060,1,100
1061,1,100
1062,1,14210
1063,1,480
1064,1,40560
1065,1,1720
1066,1,15900
1067,1,40
1068,1,660
1069,1,8800
1070,1,4380
1071,1,25000
1072,1,7570
1073,1,1010
1074,1,1000
1075,1,34800
1076,1,3600
1077,1,13360
1078,1,2140
1079,1,0
1080,1,19280
1081,1,77540
1082,1,16200
1083,1,45600
1084,1,120
1085,1,81000
1086,1,4940
1087,1,660
1088,1,7830
1089,1,2000
1090,1,500000
1091,1,42480
1092,1,400
1093,1,51000
1094,1,44000
1095,1,16160
1096,1,500000
1097,1,800
1098,1,2580
1099,1,11880
1100,1,9760
1101,1,60
1102,1,1850
1103,1,200
1104,1,0
1105,1,0
1106,1,7140
1107,1,13200
1108,1,60
1109,1,0
1110,1,5400
1111,1,32640
1112,1,960
1113,1,500000
1114,1,200
1115,1,115060
1116,1,48000
1117,1,21940
1118,1,3960
1119,1,11340
1120,1,5640
1121,1,10040
1122,1,1060
1123,1,2900
1124,1,260
1125,1,5100
1126,1,2140
1127,1,1000
1128,1,80
1129,1,3840
1130,1,9400
1131,1,4160
1132,1,160
1133,1,5020
1134,1,5860
1135,1,0
1136,1,13320
1137,1,7400
1138,1,16020
1139,1,38720
1140,1,4200
1141,1,2020
1142,1,2560
1143,1,0
1144,1,9310
1145,1,500000
1146,1,2480
1147,1,2380
1148,1,28690
1149,1,6400
1150,1,410
1151,1,16460
1152,1,13260
1153,1,21060
1154,1,1000
1155,1,1200
1156,1,0
1157,1,64840
1158,1,25240
1159,1,7200
1160,1,179720
1161,1,20500
1162,1,580
1163,1,270
1164,1,8060
1165,1,1880
1166,1,440
1167,1,720
1168,1,1780
1169,1,83400
1170,1,1080
1171,1,18220
1172,1,400
1173,1,3560
1174,1,10520
1175,1,1300
1176,1,32380
1177,1,224000
1178,1,240
1179,1,10000
1180,1,16880
1181,1,5400
1182,1,1520
1183,1,7680
1184,1,100
1185,1,1460
1186,1,2840
1187,1,2160
1188,1,500000
1189,1,2200
1190,1,4740
1191,1,3200
1192,1,13480
1193,1,0
1194,1,14560
1195,1,40
1196,1,3540
1197,1,24800
1198,1,93560
1199,1,66620
1200,1,3360
1201,1,45760
1202,1,440
1203,1,0
1204,1,500
1205,1,51000
1206,1,2840
1207,1,2280
1208,1,6280
1209,1,480
1210,1,420
1211,1,80
1212,1,360
1213,1,1640
1214,1,67720
1215,1,6620
1216,1,3000
1217,1,84600
1218,1,182240
1219,1,320
1220,1,0
1221,1,5600
1222,1,6290
1223,1,3200
1224,1,28800
1225,1,9720
1226,1,25360
1227,1,188510
1228,1,60
1229,1,7020
1230,1,155920
1231,1,11040
1232,1,120
1233,1,58140
1234,1,4290
1235,1,4000
1236,1,8600
1237,1,0
1238,1,2030
1239,1,350
1240,1,2920
1241,1,6600
1242,1,320
1243,1,143260
1244,1,20560
1245,1,106070
1246,1,220
1247,1,2200
1248,1,1840
1249,1,9500
1250,1,6080
1251,1,0
1252,1,21520
1253,1,3720
1254,1,0
1255,1,3000
1256,1,0
1257,1,2510
1258,1,110280
1259,1,11600
1260,1,1000
1261,1,45120
1262,1,1040
1263,1,130
1264,1,1210
1265,1,500000
1266,1,740
1267,1,2320
1268,1,67590
1269,1,13000
1270,1,3470
1271,1,0
1272,1,8300
1273,1,0
1274,1,60180
1275,1,39040
1276,1,1400
1277,1,600
1278,1,5920
1279,1,42410
1280,1,60240
1281,1,960
1282,1,600
1283,1,480
1284,1,3740
1285,1,300
1286,1,660
1287,1,2100
1288,1,20
1289,1,2160
1290,1,2720
1291,1,15800
1292,1,37200
1293,1,6000
1294,1,13200
1295,1,500
1296,1,5760
1297,1,20
1298,1,32400
1299,1,15240
1300,1,3840
1301,1,1200
1302,1,17400
1303,1,880
1304,1,68340
1305,1,135630
1306,1,15340
1307,1,1320
1308,1,480
1309,1,288240
1310,1,3400
1311,1,0
1312,1,880
1313,1,0
1314,1,0
1315,1,2960
1316,1,500000
1317,1,15120
1318,1,500000
1319,1,52820
1320,1,13200
1321,1,920
1322,1,29060
1323,1,0
1324,1,500000
1325,1,2000
1326,1,0
1327,1,160
1328,1,13680
1329,1,10000
1330,1,5680
1331,1,6020
1332,1,400
1333,1,5460
1334,1,17040
1335,1,66540
1336,1,1600
1337,1,188520
1338,1,500000
1339,1,400
1340,1,8440
1341,1,1100
1342,1,560
1343,1,15300
1344,1,0
1345,1,50
1346,1,2160
1347,1,141070
1348,1,17860
1349,1,1600
1350,1,3600
1351,1,15290
1352,1,3060
1353,1,80
1354,1,120
1355,1,21000
1356,1,2260
1357,1,100
1358,1,1240
1359,1,500000
1360,1,4020
1361,1,3500
1362,1,6360
1363,1,9240
1364,1,47220
1365,1,30500
1366,1,9480
1367,1,1240
1368,1,400
1369,1,1920
1370,1,79720
1371,1,1820
1372,1,80
1373,1,160
1374,1,23400
1375,1,88880
1376,1,140
1377,1,4040
1378,1,1420
1379,1,26600
1380,1,7900
1381,1,3120
1382,1,12650
1383,1,25400
1384,1,0
1385,1,440
1386,1,137100
1387,1,7200
1388,1,7300
1389,1,1280
1390,1,9500
1391,1,250
1392,1,2020
1393,1,0
1394,1,128140
1395,1,16780
1396,1,17200
1397,1,18400
1398,1,7700
1399,1,0
1400,1,300
1401,1,7800
1402,1,83400
1403,1,9940
1404,1,5600
1405,1,1480
1406,1,20400
1407,1,800
1408,1,3020
1409,1,4300
1410,1,128650
1411,1,7950
1412,1,1280
1413,1,720
1414,1,4160
1415,1,400
1416,1,5640
1417,1,980
1418,1,3880
1419,1,9600
1420,1,240
1421,1,480
1422,1,8240
1423,1,20
1424,1,870
1425,1,4810
1426,1,80
1427,1,680
1428,1,2060
1429,1,500000
1430,1,0
1431,1,21800
1432,1,880
1433,1,9100
1434,1,173320
1435,1,890
1436,1,120
1437,1,1500
1438,1,40
1439,1,163520
1440,1,131400
1441,1,500000
1442,1,620
1443,1,730
1444,1,480
1445,1,160
1446,1,172800
1447,1,0
1448,1,20
1449,1,80
1450,1,500000
1451,1,3360
1452,1,0
1453,1,39220
1454,1,5920
1455,1,320
1456,1,12840
1457,1,9380
1458,1,166500
1459,1,12100
1460,1,120
1461,1,1440
1462,1,27680
1463,1,960
1464,1,0
1465,1,3420
1466,1,1200
1467,1,0
1468,1,17300
1469,1,157280
1470,1,160
1471,1,10900
1472,1,21720
1473,1,3900
1474,1,50920
1475,1,0
1476,1,0
1477,1,2000
1478,1,9840
1479,1,482240
1480,1,59890
1481,1,2720
1482,1,100
1483,1,400
1484,1,4950
1485,1,3880
1486,1,100
1487,1,27760
1488,1,6000
1489,1,18200
1490,1,400
1491,1,0
1492,1,260
1493,1,2320
1494,1,81080
1495,1,200
1496,1,2640
1497,1,0
1498,1,1820
1499,1,380
1500,1,40000
1501,1,180
1502,1,26400
1503,1,82100
1504,1,12400
1505,1,80
1506,1,7500
1507,1,17200
1508,1,140
1509,1,11330
1510,1,25920
1511,1,39460
1512,1,14940
1513,1,12420
1514,1,1270
1515,1,420
1516,1,26880
1517,1,27210
1518,1,59600
1519,1,0
1520,1,980
1521,1,500
1522,1,5850
1523,1,320
1524,1,22180
1525,1,160
1526,1,3960
1527,1,33050
1528,1,23080
1529,1,0
1530,1,740
1531,1,580
1532,1,17900
1533,1,0
1534,1,760
1535,1,206560
1536,1,420
1537,1,6820
1538,1,160
1539,1,2680
1540,1,40
1541,1,34840
1542,1,42220
1543,1,4020
1544,1,104250
1545,1,0
1546,1,16420
1547,1,900
1548,1,14080
1549,1,1540
1550,1,2520
1551,1,1940
1552,1,49500
1553,1,198100
1554,1,0
1555,1,16840
1556,1,144000
1557,1,15060
1558,1,11690
1559,1,3640
1560,1,500000
1561,1,5040
1562,1,15600
1563,1,55450
1564,1,820
1565,1,800
1566,1,13760
1567,1,53100
1568,1,1350
1569,1,6100
1570,1,500000
1571,1,6380
1572,1,2640
1573,1,1760
1574,1,4820
1575,1,3120
1576,1,2400
1577,1,1000
1578,1,29900
1579,1,780
1580,1,160
1581,1,40
1582,1,33980
1583,1,28810
1584,1,103580
1585,1,64160
1586,1,17630
1587,1,0
1588,1,2400
1589,1,5400
1590,1,4370
1591,1,1460
1592,1,800
1593,1,1010
1594,1,3000
1595,1,90
1596,1,0
1597,1,6880
1598,1,240
1599,1,960
1600,1,0
1601,1,500000
1602,1,1690
1603,1,6680
1604,1,250
1605,1,6000
1606,1,3520
1607,1,240
1608,1,31880
1609,1,0
1610,1,3100
1611,1,2560
1612,1,160
1613,1,550
1614,1,3420
1615,1,2050
1616,1,59660
1617,1,9210
1618,1,111000
1619,1,2580
1620,1,0
1621,1,6980
1622,1,354660
1623,1,5080
1624,1,3560
1625,1,400
1626,1,90080
1627,1,0
1628,1,200
1629,1,83680
1630,1,500000
1631,1,9440
1632,1,0
1633,1,4160
1634,1,680
1635,1,3570
1636,1,24720
1637,1,2000
1638,1,7800
1639,1,80
1640,1,3340
1641,1,103840
1642,1,4480
1643,1,9280
1644,1,560
1645,1,960
1646,1,3200
1647,1,600
1648,1,6000
1649,1,6000
1650,1,2000
1651,1,800
1652,1,69600
1653,1,307520
1654,1,3240
1655,1,14500
1656,1,20
1657,1,14520
1658,1,38640
1659,1,240
1660,1,9220
1661,1,280
1662,1,3600
1663,1,3720
1664,1,15300
1665,1,1880
1666,1,500000
1667,1,80
1668,1,92100
1669,1,49120
1670,1,6850
1671,1,115200
1672,1,1800
1673,1,6660
1674,1,25440
1675,1,4080
1676,1,13640
1677,1,20880
1678,1,19720
1679,1,278600
1680,1,10490
1681,1,6360
1682,1,560
1683,1,5760
1684,1,74690
1685,1,6400
1686,1,24680
1687,1,25860
1688,1,5200
1689,1,67420
1690,1,260
1691,1,1880
1692,1,7620
1693,1,60
1694,1,840
1695,1,0
1696,1,1450
1697,1,298660
1698,1,9520
1699,1,11200
1700,1,840
1701,1,0
1702,1,11800
1703,1,1620
1704,1,0
1705,1,266440
1706,1,600
1707,1,2340
1708,1,1140
1709,1,209620
1710,1,0
1711,1,7280
1712,1,1020
1713,1,19100
1714,1,500000
1715,1,460
1716,1,620
1717,1,5600
1718,1,1940
1719,1,400
1720,1,8260
1721,1,167920
1722,1,1200
1723,1,59620
1724,1,980
1725,1,3350
1726,1,9600
1727,1,6000
1728,1,27540
1729,1,1940
1730,1,14240
1731,1,410
1732,1,1690
1733,1,3320
1734,1,560
1735,1,0
1736,1,960
1737,1,2500
1738,1,40
1739,1,260
1740,1,280
1741,1,0
1742,1,11160
1743,1,1160
1744,1,7040
1745,1,80
1746,1,43200
1747,1,24080
1748,1,100260
1749,1,1360
1750,1,12800
1751,1,6660
1752,1,16600
1753,1,160
1754,1,560
1755,1,960
1756,1,1360
1757,1,3440
1758,1,500000
1759,1,120
1760,1,5270
1761,1,10920
1762,1,0
1763,1,27520
1764,1,980
1765,1,8520
1766,1,3720
1767,1,26320
1768,1,690
1769,1,112640
1770,1,58520
1771,1,99340
1772,1,158900
1773,1,138780
1774,1,14400
1775,1,106860
1776,1,1800
1777,1,33600
1778,1,1080
1779,1,400
1780,1,160
1781,1,37680
1782,1,20000
1783,1,1400
1784,1,29620
1785,1,7000
1786,1,90800
1787,1,6180
1788,1,4400
1789,1,27280
1790,1,108600
1791,1,940
1792,1,49850
1793,1,32160
1794,1,500000
1795,1,6760
1796,1,4900
1797,1,200
1798,1,1200
1799,1,640
1800,1,8800
1801,1,1020
1802,1,7600
1803,1,0
1804,1,186600
1805,1,0
1806,1,1840
1807,1,119280
1808,1,6600
1809,1,1000
1810,1,253000
1811,1,280
1812,1,40
1813,1,7080
1814,1,1200
1815,1,8140
1816,1,4840
1817,1,2200
1818,1,434040
1819,1,72320
1820,1,40
1821,1,99000
1822,1,6260
1823,1,8840
1824,1,26640
1825,1,20880
1826,1,5840
1827,1,3210
1828,1,46720
1829,1,10570
1830,1,400
1831,1,194400
1832,1,81820
1833,1,4000
1834,1,5480
1835,1,3640
1836,1,640
1837,1,1040
1838,1,8740
1839,1,2240
1840,1,2020
1841,1,94160
1842,1,40
1843,1,280
1844,1,320
1845,1,2480
1846,1,360
1847,1,2080
1848,1,4270
1849,1,920
1850,1,50560
1851,1,17900
1852,1,240
1853,1,1760
1854,1,0
1855,1,520
1856,1,260
1857,1,400
1858,1,2920
1859,1,8040
1860,1,5300
1861,1,2000
1862,1,510
1863,1,4680
1864,1,1660
1865,1,1770
1866,1,4320
1867,1,3010
1868,1,0
1869,1,200
1870,1,33020
1871,1,22800
1872,1,2820
1873,1,5760
1874,1,2760
1875,1,800
1876,1,2420
1877,1,13000
1878,1,50700
1879,1,99000
1880,1,7040
1881,1,600
1882,1,1120
1883,1,2960
1884,1,200
1885,1,580
1886,1,3200
1887,1,320
1888,1,25560
1889,1,23020
1890,1,275640
1891,1,2400
1892,1,0
1893,1,3120
1894,1,31880
1895,1,0
1896,1,8880
1897,1,160
1898,1,480
1899,1,2930
1900,1,6720
1901,1,1630
1902,1,80160
1903,1,23520
1904,1,2840
1905,1,2840
1906,1,320
1907,1,56000
1908,1,1420
1909,1,5920
1910,1,3440
1911,1,6080
1912,1,11870
1913,1,340
1914,1,26340
1915,1,2000
1916,1,10720
1917,1,36080
1918,1,480
1919,1,32360
1920,1,30440
1921,1,7200
1922,1,5940
1923,1,520
1924,1,1200
1925,1,2900
1926,1,1080
1927,1,22540
1928,1,400
1929,1,1360
1930,1,14700
1931,1,83500
1932,1,1280
1933,1,8580
1934,1,27700
1935,1,2120
1936,1,1560
1937,1,1900
1938,1,1300
1939,1,81160
1940,1,17320
1941,1,21240
1942,1,80
1943,1,100
1944,1,144400
1945,1,246220
1946,1,0
1947,1,320
1948,1,280
1949,1,1800
1950,1,29200
1951,1,1520
1952,1,36240
1953,1,720
1954,1,246600
1955,1,186960
1956,1,6570
1957,1,3200
1958,1,57840
1959,1,40
1960,1,45380
1961,1,46840
1962,1,52800
1963,1,24560
1964,1,372440
1965,1,80
1966,1,7060
1967,1,3640
1968,1,480
1969,1,280
1970,1,0
1971,1,960
1972,1,4320
1973,1,2580
1974,1,1440
1975,1,1290
1976,1,280
1977,1,15400
1978,1,8180
1979,1,1830
1980,1,64960
1981,1,0
1982,1,1920
1983,1,42480
1984,1,5200
1985,1,2400
1986,1,1000
1987,1,29450
1988,1,0
1989,1,10600
1990,1,35340
1991,1,800
1992,1,1560
1993,1,46760
1994,1,2830
1995,1,1400
1996,1,5560
1997,1,4700
1998,1,94700
1999,1,3820
2000,1,800
2001,1,1500
2002,1,840
2003,1,7500
2004,1,9100
2005,1,6280
2006,1,3880
2007,1,680
2008,1,8080
2009,1,520
2010,1,8760
2011,1,1000
2012,1,1200
2013,1,2480
2014,1,19200
2015,1,142850
2016,1,4600
2017,1,920
2018,1,3420
2019,1,4800
2020,1,10880
2021,1,1760
2022,1,2100
2023,1,1480
2024,1,4520
2025,1,20
2026,1,3580
2027,1,710
2028,1,2680
2029,1,10880
2030,1,4910
2031,1,3700
2032,1,2660
2033,1,119240
2034,1,0
2035,1,720
2036,1,134960
2037,1,960
2038,1,280
2039,1,5200
2040,1,16500
2041,1,30000
2042,1,6400
2043,1,133000
2044,1,1980
2045,1,100480
2046,1,6920
2047,1,6440
2048,1,2080
2049,1,1200
2050,1,0
2051,1,358200
2052,1,0
2053,1,24400
2054,1,6320
2055,1,960
2056,1,14820
2057,1,2560
2058,1,9600
2059,1,22540
2060,1,63660
2061,1,77920
2062,1,540
2063,1,41680
2064,1,2000
2065,1,560
2066,1,168000
2067,1,39730
2068,1,12540
2069,1,4470
2070,1,1600
2071,1,4990
2072,1,69510
2073,1,20600
2074,1,2000
2075,1,114970
2076,1,3600
2077,1,11570
2078,1,0
2079,1,740
2080,1,960
2081,1,21600
2082,1,9080
2083,1,38560
2084,1,500000
2085,1,600
2086,1,0
2087,1,1200
2088,1,30970
2089,1,0
2090,1,31860
2091,1,840
2092,1,13720
2093,1,7320
2094,1,18360
2095,1,14900
2096,1,240
2097,1,13200
2098,1,740
2099,1,313840
2100,1,3830
2101,1,2340
2102,1,7480
2103,1,3460
2104,1,1860
2105,1,10730
2106,1,9600
2107,1,2380
2108,1,7040
2109,1,13760
2110,1,5160
2111,1,240
2112,1,0
2113,1,1700
2114,1,500000
2115,1,0
2116,1,0
2117,1,4080
2118,1,2200
2119,1,2680
2120,1,14540
2121,1,20960
2122,1,41200
2123,1,10000
2124,1,1240
2125,1,480
2126,1,7720
2127,1,30600
2128,1,200
2129,1,5420
2130,1,39120
2131,1,800
2132,1,280
2133,1,780
2134,1,36320
2135,1,880
2136,1,0
2137,1,19200
2138,1,240560
2139,1,30840
2140,1,320
2141,1,500000
2142,1,7800
2143,1,70040
2144,1,30
2145,1,33260
2146,1,520
2147,1,231750
2148,1,26020
2149,1,10600
2150,1,5140
2151,1,4080
2152,1,7320
2153,1,195990
2154,1,660
2155,1,0
2156,1,0
2157,1,0
2158,1,0
2159,1,1040
2160,1,440
2161,1,9680
2162,1,0
2163,1,11360
2164,1,6650
2165,1,34800
2166,1,320
2167,1,102160
2168,1,180
2169,1,88680
2170,1,500
2171,1,6640
2172,1,58660
2173,1,80
2174,1,4080
2175,1,370
2176,1,3500
2177,1,440
2178,1,0
2179,1,3800
2180,1,360
2181,1,8960
2182,1,21100
2183,1,3800
2184,1,19620
2185,1,6970
2186,1,9710
2187,1,8710
2188,1,11000
2189,1,30940
2190,1,2040
2191,1,19880
2192,1,23010
2193,1,1980
2194,1,8240
2195,1,160
2196,1,500000
2197,1,9940
2198,1,3960
2199,1,100
2200,1,700
2201,1,320
2202,1,6420
2203,1,300
2204,1,18240
2205,1,640
2206,1,3400
2207,1,20780
2208,1,5360
2209,1,28800
2210,1,2400
2211,1,0
2212,1,560
2213,1,300
2214,1,91800
2215,1,1720
2216,1,3540
2217,1,2960
2218,1,1090
2219,1,400
2220,1,0
2221,1,1200
2222,1,2800
2223,1,160
2224,1,460
2225,1,320
2226,1,127680
2227,1,300
2228,1,100
2229,1,2230
2230,1,145710
2231,1,40
2232,1,9760
2233,1,153540
2234,1,480
2235,1,0
2236,1,7460
2237,1,79200
2238,1,240
2239,1,0
2240,1,560
2241,1,1350
2242,1,0
2243,1,5710
2244,1,38900
2245,1,4480
2246,1,47600
2247,1,48760
2248,1,52870
2249,1,80
2250,1,44000
2251,1,80
2252,1,4160
2253,1,1080
2254,1,7480
2255,1,4760
2256,1,12580
2257,1,78400
2258,1,520
2259,1,0
2260,1,4590
2261,1,16040
2262,1,10700
2263,1,24040
2264,1,26380
2265,1,37900
2266,1,42600
2267,1,16360
2268,1,150
2269,1,3050
2270,1,11040
2271,1,4580
2272,1,15700
2273,1,6200
2274,1,41260
2275,1,10080
2276,1,4850
2277,1,2880
2278,1,240
2279,1,156720
2280,1,8160
2281,1,7200
2282,1,5440
2283,1,80
2284,1,360
2285,1,90000
2286,1,8000
2287,1,16140
2288,1,171680
2289,1,116280
2290,1,1960
2291,1,620
2292,1,7200
2293,1,3560
2294,1,400
2295,1,40600
2296,1,280
2297,1,13140
2298,1,1840
2299,1,445200
2300,1,11360
2301,1,25620
2302,1,38020
2303,1,6660
2304,1,3280
2305,1,41080
2306,1,5370
2307,1,107900
2308,1,330
2309,1,0
2310,1,3120
2311,1,2560
2312,1,9890
2313,1,77260
2314,1,328240
2315,1,1200
2316,1,440
2317,1,12920
2318,1,240
2319,1,18900
2320,1,37120
2321,1,800
2322,1,1580
2323,1,6980
2324,1,5760
2325,1,5400
2326,1,800
2327,1,178100
2328,1,1290
2329,1,1820
2330,1,7960
2331,1,0
2332,1,630
2333,1,600
2334,1,1000
2335,1,13380
2336,1,2080
2337,1,5620
2338,1,660
2339,1,14400
2340,1,10400
2341,1,360
2342,1,1600
2343,1,0
2344,1,26320
2345,1,1800
2346,1,960
2347,1,2960
2348,1,2200
2349,1,40240
2350,1,22480
2351,1,1700
2352,1,97320
2353,1,5400
2354,1,176400
2355,1,38820
2356,1,54110
2357,1,50660
2358,1,26620
2359,1,16000
2360,1,900
2361,1,0
2362,1,18360
2363,1,3460
2364,1,4160
2365,1,80
2366,1,520
2367,1,12080
2368,1,2100
2369,1,3580
2370,1,0
2371,1,9760
2372,1,1120
2373,1,1000
2374,1,0
2375,1,23660
2376,1,620
2377,1,5760
2378,1,1280
2379,1,28820
2380,1,24680
2381,1,3400
2382,1,3920
2383,1,200
2384,1,240
2385,1,700
2386,1,11520
2387,1,7960
2388,1,1020
2389,1,52000
2390,1,3560
2391,1,10100
2392,1,960
2393,1,282400
2394,1,680
2395,1,200
2396,1,680
2397,1,3140
2398,1,24800
2399,1,0
2400,1,18000
2401,1,1860
2402,1,9720
2403,1,600
2404,1,24410
2405,1,2400
2406,1,20
2407,1,4210
2408,1,500000
2409,1,80
2410,1,1360
2411,1,0
2412,1,18360
2413,1,200
2414,1,5800
2415,1,2080
2416,1,0
2417,1,80
2418,1,7440
2419,1,40
2420,1,2720
2421,1,66500
2422,1,64760
2423,1,2140
2424,1,10400
2425,1,102480
2426,1,94460
2427,1,13810
2428,1,320
2429,1,5180
2430,1,2080
2431,1,34060
2432,1,160
2433,1,10400
2434,1,240
2435,1,180
2436,1,84960
2437,1,18000
2438,1,360
2439,1,4300
2440,1,22400
2441,1,0
2442,1,14400
2443,1,0
2444,1,80
2445,1,17460
2446,1,21900
2447,1,450
2448,1,1800
2449,1,359840
2450,1,45840
2451,1,28240
2452,1,5400
2453,1,171600
2454,1,770
2455,1,7520
2456,1,10660
2457,1,2600
2458,1,8800
2459,1,2960
2460,1,10040
2461,1,8100
2462,1,480
2463,1,1680
2464,1,860
2465,1,360
2466,1,24460
2467,1,11520
2468,1,93440
2469,1,830
2470,1,284180
2471,1,0
2472,1,6720
2473,1,219200
2474,1,3680
2475,1,5110
2476,1,1800
2477,1,500
2478,1,680
2479,1,1000
2480,1,2240
2481,1,17090
2482,1,56800
2483,1,480
2484,1,13820
2485,1,2160
2486,1,195470
2487,1,15320
2488,1,5190
2489,1,27680
2490,1,500000
2491,1,6720
2492,1,7420
2493,1,4960
2494,1,12800
2495,1,6400
2496,1,9620
2497,1,15600
2498,1,3200
2499,1,1600
2500,1,76400
2501,1,800
2502,1,2940
2503,1,100
2504,1,20840
2505,1,2360
2506,1,600
2507,1,240
2508,1,1900
2509,1,1440
2510,1,1400
2511,1,40
2512,1,640
2513,1,2100
2514,1,40
2515,1,320
2516,1,500000
2517,1,45350
2518,1,10120
2519,1,40000
2520,1,15260
2521,1,29310
2522,1,16660
2523,1,1880
2524,1,1200
2525,1,7980
2526,1,1200
2527,1,1660
2528,1,40410
2529,1,38840
2530,1,900
2531,1,14760
2532,1,2000
2533,1,1480
2534,1,30800
2535,1,1040
2536,1,3430
2537,1,120
2538,1,3760
2539,1,4960
2540,1,67520
2541,1,700
2542,1,2800
2543,1,65760
2544,1,26160
2545,1,650
2546,1,0
2547,1,13630
2548,1,80
2549,1,9210
2550,1,16720
2551,1,1200
2552,1,2340
2553,1,7680
2554,1,480
2555,1,2040
2556,1,60
2557,1,8380
2558,1,23600
2559,1,44880
2560,1,3200
2561,1,8580
2562,1,14360
2563,1,5000
2564,1,160
2565,1,280
2566,1,380
2567,1,11560
2568,1,580
2569,1,3120
2570,1,7350
2571,1,9120
2572,1,2000
2573,1,17800
2574,1,720
2575,1,360
2576,1,40
2577,1,800
2578,1,1120
2579,1,280
2580,1,4130
2581,1,149000
2582,1,11590
2583,1,760
2584,1,3120
2585,1,2000
2586,1,5640
2587,1,430
2588,1,0
2589,1,2880
2590,1,8000
2591,1,16200
2592,1,163780
2593,1,1840
2594,1,240
2595,1,1560
2596,1,4800
2597,1,1560
2598,1,8080
2599,1,22400
2600,1,0
2601,1,1760
2602,1,6520
2603,1,13850
2604,1,8400
2605,1,7350
2606,1,15100
2607,1,10040
2608,1,3040
2609,1,200
2610,1,240
2611,1,8940
2612,1,2900
2613,1,3320
2614,1,28860
2615,1,5680
2616,1,3620
2617,1,47920
2618,1,8300
2619,1,1210
2620,1,12040
2621,1,740
2622,1,21420
2623,1,240
2624,1,13960
2625,1,11920
2626,1,700
2627,1,2160
2628,1,6640
2629,1,47360
2630,1,1520
2631,1,32440
2632,1,32040
2633,1,6000
2634,1,11200
2635,1,0
2636,1,82240
2637,1,199840
2638,1,160
2639,1,42980
2640,1,37540
2641,1,21280
2642,1,0
2643,1,9410
2644,1,57850
2645,1,720
2646,1,126000
2647,1,2880
2648,1,112300
2649,1,0
2650,1,4900
2651,1,6080
2652,1,1010
2653,1,10850
2654,1,9600
2655,1,7680
2656,1,4660
2657,1,440
2658,1,14000
2659,1,0
2660,1,14000
2661,1,700
2662,1,23260
2663,1,980
2664,1,364000
2665,1,132500
2666,1,11240
2667,1,48680
2668,1,2800
2669,1,300
2670,1,0
2671,1,53160
2672,1,0
2673,1,5120
2674,1,280
2675,1,0
2676,1,2680
2677,1,1800
2678,1,1940
2679,1,4600
2680,1,53280
2681,1,7680
2682,1,4640
2683,1,2080
2684,1,41920
2685,1,140
2686,1,8800
2687,1,28800
2688,1,71640
2689,1,2060
2690,1,12800
2691,1,2550
2692,1,1090
2693,1,7680
2694,1,1200
2695,1,29870
2696,1,22800
2697,1,400
2698,1,5410
2699,1,114860
2700,1,11320
2701,1,1820
2702,1,3560
2703,1,4400
2704,1,17600
2705,1,40
2706,1,224100
2707,1,240
2708,1,20
2709,1,18200
2710,1,1220
2711,1,900
2712,1,236000
2713,1,0
2714,1,1300
2715,1,302120
2716,1,3460
2717,1,7020
2718,1,13820
2719,1,0
2720,1,1000
2721,1,4000
2722,1,11580
2723,1,380
2724,1,970
2725,1,2080
2726,1,80
2727,1,560
2728,1,5780
2729,1,7040
2730,1,1660
2731,1,40
2732,1,18340
2733,1,880
2734,1,74250
2735,1,40
2736,1,80
2737,1,20
2738,1,360
2739,1,7640
2740,1,2600
2741,1,251480
2742,1,4520
2743,1,10040
2744,1,4000
2745,1,2160
2746,1,9880
2747,1,172560
2748,1,12040
2749,1,0
2750,1,229280
2751,1,4160
2752,1,2800
2753,1,21400
2754,1,21280
2755,1,21290
2756,1,100
2757,1,280
2758,1,10460
2759,1,21880
2760,1,1400
2761,1,36780
2762,1,23980
2763,1,1520
2764,1,0
2765,1,2460
2766,1,1000
2767,1,19760
2768,1,6700
2769,1,437600
2770,1,11760
2771,1,184620
2772,1,20720
2773,1,0
2774,1,27800
2775,1,180
2776,1,18350
2777,1,93320
2778,1,0
2779,1,323640
2780,1,4800
2781,1,2860
2782,1,1300
2783,1,5560
2784,1,4030
2785,1,1000
2786,1,5110
2787,1,1800
2788,1,630
2789,1,3160
2790,1,3300
2791,1,32260
2792,1,15440
2793,1,4760
2794,1,140
2795,1,360
2796,1,1800
2797,1,14200
2798,1,7760
2799,1,160
2800,1,1800
2801,1,7800
2802,1,2200
2803,1,1700
2804,1,6000
2805,1,29520
2806,1,950
2807,1,2800
2808,1,3720
2809,1,31140
2810,1,1120
2811,1,260
2812,1,4820
2813,1,1880
2814,1,4000
2815,1,2940
2816,1,4960
2817,1,15280
2818,1,120
2819,1,0
2820,1,24480
2821,1,11620
2822,1,1280
2823,1,23120
2824,1,240
2825,1,2400
2826,1,1600
2827,1,24000
2828,1,520
2829,1,8600
2830,1,1250
2831,1,3280
2832,1,2700
2833,1,36220
2834,1,600
2835,1,6840
2836,1,240
2837,1,800
2838,1,6560
2839,1,14300
2840,1,240
2841,1,200
2842,1,2460
2843,1,15260
2844,1,3600
2845,1,1460
2846,1,0
2847,1,160
2848,1,0
2849,1,22960
2850,1,6470
2851,1,1200
2852,1,2480
2853,1,360
2854,1,4400
2855,1,8180
2856,1,1900
2857,1,480
2858,1,2900
2859,1,600
2860,1,320
2861,1,220
2862,1,38000
2863,1,13900
2864,1,1800
2865,1,1440
2866,1,20
2867,1,10500
2868,1,11460
2869,1,300
2870,1,20
2871,1,349240
2872,1,9490
2873,1,20300
2874,1,291200
2875,1,5660
2876,1,2040
2877,1,9940
2878,1,2220
2879,1,3240
2880,1,7040
2881,1,449900
2882,1,1360
2883,1,5780
2884,1,29760
2885,1,48880
2886,1,29980
2887,1,560
2888,1,6200
2889,1,0
2890,1,4010
2891,1,42100
2892,1,15520
2893,1,16640
2894,1,0
2895,1,750
2896,1,320
2897,1,80660
2898,1,52080
2899,1,29300
2900,1,160
2901,1,2390
2902,1,79060
2903,1,220
2904,1,225400
2905,1,29240
2906,1,960
2907,1,160
2908,1,320
2909,1,0
2910,1,2720
2911,1,7470
2912,1,19800
2913,1,680
2914,1,1260
2915,1,480
2916,1,23340
2917,1,940
2918,1,0
2919,1,0
2920,1,1120
2921,1,0
2922,1,7500
2923,1,1600
2924,1,11080
2925,1,100
2926,1,453600
2927,1,660
2928,1,3000
2929,1,1340
2930,1,3040
2931,1,20490
2932,1,4500
2933,1,37440
2934,1,251600
2935,1,5380
2936,1,3440
2937,1,1100
2938,1,55200
2939,1,101540
2940,1,160
2941,1,6600
2942,1,9720
2943,1,52020
2944,1,16880
2945,1,11500
2946,1,1040
2947,1,400
2948,1,220
2949,1,20
2950,1,93940
2951,1,3500
2952,1,8280
2953,1,11000
2954,1,6360
2955,1,0
2956,1,17000
2957,1,2660
2958,1,1700
2959,1,17220
2960,1,160
2961,1,1700
2962,1,840
2963,1,6060
2964,1,950
2965,1,2140
2966,1,287880
2967,1,7500
2968,1,89080
2969,1,160
2970,1,2040
2971,1,230000
2972,1,18740
2973,1,144000
2974,1,960
2975,1,28880
2976,1,1010
2977,1,1840
2978,1,1120
2979,1,5320
2980,1,16200
2981,1,52000
2982,1,32400
2983,1,0
2984,1,111650
2985,1,10450
2986,1,0
2987,1,440
2988,1,600
2989,1,5540
2990,1,0
2991,1,4080
2992,1,28520
2993,1,0
2994,1,7040
2995,1,17860
2996,1,8760
2997,1,440
2998,1,1200
2999,1,13730
3000,1,3440
3001,1,358240
3002,1,9440
3003,1,60720
3004,1,400
3005,1,27120
3006,1,15000
3007,1,960
3008,1,1200
3009,1,3040
3010,1,0
3011,1,40
3012,1,2660
3013,1,86480
3014,1,16750
3015,1,10560
3016,1,860
3017,1,62480
3018,1,620
3019,1,1260
3020,1,4200
3021,1,280
3022,1,240
3023,1,21600
3024,1,49500
3025,1,160
3026,1,2340
3027,1,19760
3028,1,171280
3029,1,18420
3030,1,10700
3031,1,61860
3032,1,2960
3033,1,28000
3034,1,33000
3035,1,160
3036,1,28740
3037,1,1200
3038,1,20
3039,1,75730
3040,1,66100
3041,1,1400
3042,1,120
3043,1,34500
3044,1,5840
3045,1,1120
3046,1,107160
3047,1,16640
3048,1,480
3049,1,1540
3050,1,14840
3051,1,16200
3052,1,1900
3053,1,10940
3054,1,2800
3055,1,113200
3056,1,11160
3057,1,100
3058,1,9680
3059,1,0
3060,1,600
3061,1,3050
3062,1,1440
3063,1,0
3064,1,340
3065,1,20
3066,1,145400
3067,1,480
3068,1,2640
3069,1,1680
3070,1,6840
3071,1,7680
3072,1,12040
3073,1,1460
3074,1,4620
3075,1,1720
3076,1,9600
3077,1,3780
3078,1,500000
3079,1,380
3080,1,2880
3081,1,24030
3082,1,29650
3083,1,12040
3084,1,5120
3085,1,19440
3086,1,400
3087,1,14580
3088,1,0
3089,1,1400
3090,1,960
3091,1,46680
3092,1,60160
3093,1,0
3094,1,1800
3095,1,2100
3096,1,8220
3097,1,8260
3098,1,36320
3099,1,720
3100,1,22000
3101,1,440
3102,1,7800
3103,1,24950
3104,1,20300
3105,1,36040
3106,1,4800
3107,1,8040
3108,1,51600
3109,1,66200
3110,1,5430
3111,1,900
3112,1,0
3113,1,6780
3114,1,9750
3115,1,30760
3116,1,27120
3117,1,105600
3118,1,1350
3119,1,27440
3120,1,5270
3121,1,2400
3122,1,11200
3123,1,23760
3124,1,50260
3125,1,5480
3126,1,38050
3127,1,11420
3128,1,51680
3129,1,17560
3130,1,4680
3131,1,9360
3132,1,400
3133,1,3460
3134,1,10500
3135,1,9450
3136,1,15120
3137,1,8200
3138,1,160
3139,1,6050
3140,1,40
3141,1,12860
3142,1,5440
3143,1,20610
3144,1,208320
3145,1,1040
3146,1,800
3147,1,2340
3148,1,100
3149,1,7480
3150,1,11260
3151,1,0
3152,1,1260
3153,1,18060
3154,1,4400
3155,1,104050
3156,1,105640
3157,1,1320
3158,1,0
3159,1,71620
3160,1,2200
3161,1,20000
3162,1,9000
3163,1,3910
3164,1,440
3165,1,2360
3166,1,160
3167,1,145600
3168,1,1400
3169,1,9000
3170,1,1280
3171,1,460
3172,1,3560
3173,1,2900
3174,1,2040
3175,1,21000
3176,1,28800
3177,1,220
3178,1,43670
3179,1,200
3180,1,200
3181,1,2720
3182,1,148400
3183,1,0
3184,1,480
3185,1,2200
3186,1,480
3187,1,1500
3188,1,14440
3189,1,2480
3190,1,4000
3191,1,1020
3192,1,300
3193,1,5660
3194,1,7040
3195,1,2140
3196,1,10840
3197,1,280
3198,1,11200
3199,1,2420
3200,1,4160
3201,1,11840
3202,1,5060
3203,1,12240
3204,1,12640
3205,1,231990
3206,1,300
3207,1,5400
3208,1,391500
3209,1,2890
3210,1,2400
3211,1,940
3212,1,0
3213,1,8540
3214,1,7640
3215,1,200
3216,1,4440
3217,1,6200
3218,1,3300
3219,1,480
3220,1,16000
3221,1,241480
3222,1,5440
3223,1,13500
3224,1,0
3225,1,16540
3226,1,7560
3227,1,193920
3228,1,2080
3229,1,21200
3230,1,2400
3231,1,163500
3232,1,820
3233,1,2380
3234,1,94800
3235,1,80
3236,1,13480
3237,1,6840
3238,1,3520
3239,1,1360
3240,1,14880
3241,1,1200
3242,1,18700
3243,1,49460
3244,1,0
3245,1,3680
3246,1,20440
3247,1,3800
3248,1,2160
3249,1,4880
3250,1,1200
3251,1,7600
3252,1,3260
3253,1,6440
3254,1,6000
3255,1,3000
3256,1,3000
3257,1,16000
3258,1,149900
3259,1,1760
3260,1,1300
3261,1,800
3262,1,0
3263,1,0
3264,1,40
3265,1,29980
3266,1,57640
3267,1,1830
3268,1,7040
3269,1,1020
3270,1,38400
3271,1,5760
3272,1,30850
3273,1,560
3274,1,41640
3275,1,2080
3276,1,570
3277,1,193080
3278,1,2580
3279,1,18930
3280,1,320
3281,1,0
3282,1,1040
3283,1,210410
3284,1,38460
3285,1,700
3286,1,13580
3287,1,160
3288,1,1600
3289,1,6480
3290,1,84580
3291,1,14560
3292,1,1080
3293,1,460
3294,1,300
3295,1,9180
3296,1,126260
3297,1,480
3298,1,3680
3299,1,560
3300,1,15000
3301,1,0
3302,1,99140
3303,1,200
3304,1,1210
3305,1,60
3306,1,11140
3307,1,4830
3308,1,43180
3309,1,0
3310,1,320
3311,1,21200
3312,1,486000
3313,1,500000
3314,1,28920
3315,1,67040
3316,1,160
3317,1,320
3318,1,8000
3319,1,7840
3320,1,12880
3321,1,5620
3322,1,880
3323,1,940
3324,1,22400
3325,1,4300
3326,1,10740
3327,1,3620
3328,1,0
3329,1,760
3330,1,55540
3331,1,6000
3332,1,140
3333,1,2300
3334,1,4000
3335,1,0
3336,1,27740
3337,1,16380
3338,1,160
3339,1,4440
3340,1,79660
3341,1,940
3342,1,1400
3343,1,15600
3344,1,7080
3345,1,7240
3346,1,7100
3347,1,0
3348,1,400
3349,1,3280
3350,1,0
3351,1,31900
3352,1,6500
3353,1,60
3354,1,1800
3355,1,600
3356,1,2730
3357,1,17460
3358,1,150
3359,1,40640
3360,1,930
3361,1,50100
3362,1,262860
3363,1,4200
3364,1,3520
3365,1,10840
3366,1,11020
3367,1,240
3368,1,2900
3369,1,84520
3370,1,60
3371,1,320
3372,1,3600
3373,1,90840
3374,1,24500
3375,1,11280
3376,1,2000
3377,1,176000
3378,1,520
3379,1,2500
3380,1,7560
3381,1,0
3382,1,3100
3383,1,640
3384,1,440
3385,1,1460
3386,1,21760
3387,1,436600
3388,1,40400
3389,1,329920
3390,1,348520
3391,1,3960
3392,1,8260
3393,1,3240
3394,1,520
3395,1,15160
3396,1,31780
3397,1,37710
3398,1,50
3399,1,19960
3400,1,16960
3401,1,180
3402,1,15580
3403,1,4720
3404,1,200
3405,1,2800
3406,1,1800
3407,1,4200
3408,1,10470
3409,1,79440
3410,1,8000
3411,1,160
3412,1,21960
3413,1,64720
3414,1,1520
3415,1,80
3416,1,3080
3417,1,6740
3418,1,1440
3419,1,20
3420,1,80
3421,1,47800
3422,1,660
3423,1,800
3424,1,23570
3425,1,1820
3426,1,500000
3427,1,400
3428,1,200
3429,1,150
3430,1,24920
3431,1,43340
3432,1,1600
3433,1,64460
3434,1,51920
3435,1,4510
3436,1,40
3437,1,3500
3438,1,1060
3439,1,2820
3440,1,473060
3441,1,5920
3442,1,640
3443,1,11800
3444,1,200
3445,1,160
3446,1,3650
3447,1,0
3448,1,7540
3449,1,11880
3450,1,0
3451,1,460
3452,1,5600
3453,1,312960
3454,1,21180
3455,1,5400
3456,1,0
3457,1,0
3458,1,10720
3459,1,200
3460,1,200
3461,1,1640
3462,1,54980
3463,1,100
3464,1,3820
3465,1,1480
3466,1,4240
3467,1,1060
3468,1,1980
3469,1,14250
3470,1,24330
3471,1,400
3472,1,203220
3473,1,17880
3474,1,72050
3475,1,2950
3476,1,7600
3477,1,1910
3478,1,500000
3479,1,1020
3480,1,2800
3481,1,5980
3482,1,500
3483,1,0
3484,1,360
3485,1,26100
3486,1,9900
3487,1,600
3488,1,40
3489,1,0
3490,1,5120
3491,1,160
3492,1,472980
3493,1,4800
3494,1,127820
3495,1,3300
3496,1,3440
3497,1,6040
3498,1,440
3499,1,8400
3500,1,0
3501,1,36680
3502,1,86410
3503,1,194590
3504,1,3920
3505,1,9900
3506,1,9360
3507,1,1080
3508,1,0
3509,1,1140
3510,1,12640
3511,1,640
3512,1,220
3513,1,0
3514,1,12800
3515,1,80
3516,1,2040
3517,1,20520
3518,1,117120
3519,1,2100
3520,1,3600
3521,1,680
3522,1,2800
3523,1,150
3524,1,4360
3525,1,4680
3526,1,14000
3527,1,960
3528,1,8000
3529,1,129080
3530,1,33100
3531,1,83480
3532,1,1540
3533,1,31200
3534,1,31210
3535,1,1500
3536,1,2220
3537,1,460
3538,1,800
3539,1,205880
3540,1,680
3541,1,29500
3542,1,4320
3543,1,408200
3544,1,1600
3545,1,2200
3546,1,5600
3547,1,28360
3548,1,2720
3549,1,320
3550,1,720
3551,1,14440
3552,1,21760
3553,1,10040
3554,1,57760
3555,1,4850
3556,1,4840
3557,1,5920
3558,1,4410
3559,1,21900
3560,1,380
3561,1,47400
3562,1,4540
3563,1,1950
3564,1,1300
3565,1,7880
3566,1,60
3567,1,40
3568,1,500000
3569,1,500000
3570,1,1500
3571,1,6580
3572,1,8560
3573,1,4750
3574,1,8770
3575,1,63900
3576,1,640
3577,1,240
3578,1,7600
3579,1,23080
3580,1,6720
3581,1,1200
3582,1,7280
3583,1,4520
3584,1,17560
3585,1,180960
3586,1,1180
3587,1,6080
3588,1,60
3589,1,0
3590,1,0
3591,1,5500
3592,1,130
3593,1,36820
3594,1,75350
3595,1,4080
3596,1,13560
3597,1,3000
3598,1,140
3599,1,68280
3600,1,4400
3601,1,4800
3602,1,3120
3603,1,154100
3604,1,35730
3605,1,19200
3606,1,1120
3607,1,4760
3608,1,14760
3609,1,160
3610,1,140
3611,1,500000
3612,1,2340
3613,1,132680
3614,1,500000
3615,1,19840
3616,1,4880
3617,1,1820
3618,1,6490
3619,1,2580
3620,1,5980
3621,1,2200
3622,1,680
3623,1,2580
3624,1,1120
3625,1,66340
3626,1,760
3627,1,20310
3628,1,60
3629,1,5260
3630,1,12540
3631,1,160
3632,1,1920
3633,1,1200
3634,1,5740
3635,1,41100
3636,1,920
3637,1,2000
3638,1,6570
3639,1,0
3640,1,5750
3641,1,9960
3642,1,640
3643,1,0
3644,1,15440
3645,1,500000
3646,1,40
3647,1,20460
3648,1,920
3649,1,700
3650,1,780
3651,1,19800
3652,1,18560
3653,1,1600
3654,1,12900
3655,1,0
3656,1,0
3657,1,480
3658,1,1080
3659,1,7020
3660,1,48120
3661,1,60
3662,1,4840
3663,1,1600
3664,1,3440
3665,1,264970
3666,1,880
3667,1,127820
3668,1,52740
3669,1,560
3670,1,15910
3671,1,320
3672,1,6520
3673,1,4420
3674,1,102620
3675,1,16720
3676,1,0
3677,1,500000
3678,1,10960
3679,1,29860
3680,1,120
3681,1,4800
3682,1,480
3683,1,118940
3684,1,71200
3685,1,120
3686,1,73580
3687,1,31750
3688,1,1780
3689,1,160
3690,1,83600
3691,1,2540
3692,1,0
3693,1,2060
3694,1,4970
3695,1,105400
3696,1,480
3697,1,1740
3698,1,13840
3699,1,0
3700,1,0
3701,1,4020
3702,1,237960
3703,1,440
3704,1,36520
3705,1,2240
3706,1,23380
3707,1,40500
3708,1,4620
3709,1,14720
3710,1,4880
3711,1,600
3712,1,5800
3713,1,80120
3714,1,10660
3715,1,1200
3716,1,231280
3717,1,22120
3718,1,1720
3719,1,1560
3720,1,2570
3721,1,63000
3722,1,4620
3723,1,840
3724,1,2800
3725,1,243020
3726,1,80
3727,1,7800
3728,1,19280
3729,1,28600
3730,1,8620
3731,1,8820
3732,1,0
3733,1,317490
3734,1,4500
3735,1,4400
3736,1,29200
3737,1,3800
3738,1,45360
3739,1,200
3740,1,500000
3741,1,8760
3742,1,120
3743,1,213920
3744,1,3270
3745,1,1180
3746,1,0
3747,1,2680
3748,1,1280
3749,1,1740
3750,1,4880
3751,1,880
3752,1,220100
3753,1,11280
3754,1,1440
3755,1,82800
3756,1,4920
3757,1,17960
3758,1,7290
3759,1,20960
3760,1,920
3761,1,224320
3762,1,500
3763,1,2440
3764,1,79800
3765,1,480
3766,1,0
3767,1,1080
3768,1,10400
3769,1,60
3770,1,28600
3771,1,340
3772,1,620
3773,1,9420
3774,1,132520
3775,1,600
3776,1,4240
3777,1,410
3778,1,241480
3779,1,43300
3780,1,9760
3781,1,500000
3782,1,39900
3783,1,9680
3784,1,0
3785,1,3270
3786,1,3000
3787,1,1060
3788,1,118540
3789,1,41720
3790,1,1660
3791,1,85850
3792,1,10030
3793,1,130
3794,1,49600
3795,1,2450
3796,1,200
3797,1,5320
3798,1,1920
3799,1,10480
3800,1,6300
3801,1,127200
3802,1,42570
3803,1,19700
3804,1,700
3805,1,2160
3806,1,2200
3807,1,3270
3808,1,237760
3809,1,4800
3810,1,1740
3811,1,10880
3812,1,500000
3813,1,180160
3814,1,7220
3815,1,440
3816,1,58000
3817,1,80380
3818,1,0
3819,1,40
3820,1,7480
3821,1,65780
3822,1,14600
3823,1,1960
3824,1,63480
3825,1,16460
3826,1,260
3827,1,22960
3828,1,32340
3829,1,2180
3830,1,2740
3831,1,2320
3832,1,1800
3833,1,10640
3834,1,4040
3835,1,8920
3836,1,2570
3837,1,500000
3838,1,10360
3839,1,280
3840,1,3550
3841,1,1200
3842,1,480
3843,1,49080
3844,1,56560
3845,1,26400
3846,1,40
3847,1,2500
3848,1,0
3849,1,840
3850,1,1000
3851,1,31190
3852,1,300
3853,1,1900
3854,1,11420
3855,1,197440
3856,1,4720
3857,1,1810
3858,1,240
3859,1,114590
3860,1,1200
3861,1,93020
3862,1,880
3863,1,273680
3864,1,1210
3865,1,53200
3866,1,21400
3867,1,30020
3868,1,5200
3869,1,33800
3870,1,3000
3871,1,0
3872,1,18000
3873,1,220
3874,1,100
3875,1,1280
3876,1,12220
3877,1,960
3878,1,45500
3879,1,9320
3880,1,2060
3881,1,3060
3882,1,120
3883,1,0
3884,1,3600
3885,1,36000
3886,1,520
3887,1,56690
3888,1,500000
3889,1,1240
3890,1,17360
3891,1,102600
3892,1,1520
3893,1,2060
3894,1,4680
3895,1,15470
3896,1,9640
3897,1,52010
3898,1,110
3899,1,100
3900,1,17890
3901,1,480
3902,1,38400
3903,1,1200
3904,1,1900
3905,1,80
3906,1,20
3907,1,80
3908,1,1080
3909,1,5060
3910,1,3600
3911,1,17550
3912,1,88000
3913,1,76800
3914,1,40
3915,1,3840
3916,1,500000
3917,1,1120
3918,1,650
3919,1,89420
3920,1,1120
3921,1,440
3922,1,1240
3923,1,240
3924,1,7200
3925,1,3520
3926,1,500
3927,1,5250
3928,1,910
3929,1,100
3930,1,10870
3931,1,680
3932,1,79640
3933,1,15930
3934,1,1520
3935,1,15920
3936,1,56360
3937,1,127880
3938,1,0
3939,1,330
3940,1,1800
3941,1,6620
3942,1,1960
3943,1,4140
3944,1,1680
3945,1,61090
3946,1,7220
3947,1,3960
3948,1,8160
3949,1,2240
3950,1,8080
3951,1,17200
3952,1,116620
3953,1,9740
3954,1,1280
3955,1,14160
3956,1,3750
3957,1,1270
3958,1,0
3959,1,910
3960,1,36000
3961,1,2040
3962,1,80
3963,1,760
3964,1,229200
3965,1,53980
3966,1,500000
3967,1,0
3968,1,70120
3969,1,320
3970,1,19120
3971,1,6260
3972,1,26840
3973,1,66560
3974,1,114000
3975,1,2000
3976,1,1400
3977,1,16260
3978,1,40
3979,1,500000
3980,1,320
3981,1,3420
3982,1,3880
3983,1,1700
3984,1,0
3985,1,9820
3986,1,8340
3987,1,36940
3988,1,780
3989,1,179480
3990,1,8560
3991,1,22560
3992,1,6320
3993,1,40
3994,1,320
3995,1,7640
3996,1,4240
3997,1,45860
3998,1,320
3999,1,2000
4000,1,1200
4001,1,92020
4002,1,240
4003,1,2700
4004,1,199180
4005,1,140
4006,1,1800
4007,1,11010
4008,1,1160
4009,1,7760
4010,1,17300
4011,1,80
4012,1,4920
4013,1,1280
4014,1,7560
4015,1,123060
4016,1,4600
4017,1,1300
4018,1,480
4019,1,120
4020,1,500000
4021,1,3680
4022,1,1710
4023,1,0
4024,1,1800
4025,1,8290
4026,1,31900
4027,1,13400
4028,1,480
4029,1,10600
4030,1,12580
4031,1,24420
4032,1,4820
4033,1,18620
4034,1,78000
4035,1,2840
4036,1,22080
4037,1,3820
4038,1,8520
4039,1,7520
4040,1,0
4041,1,22180
4042,1,40
4043,1,6180
4044,1,4160
4045,1,13920
4046,1,1040
4047,1,40
4048,1,336380
4049,1,2080
4050,1,10130
4051,1,4880
4052,1,200
4053,1,83260
4054,1,2400
4055,1,19200
4056,1,560
4057,1,6600
4058,1,100720
4059,1,6900
4060,1,12650
4061,1,2280
4062,1,17040
4063,1,500000
4064,1,5950
4065,1,32720
4066,1,2640
4067,1,480
4068,1,360
4069,1,3100
4070,1,2160
4071,1,400
4072,1,5120
4073,1,4800
4074,1,440
4075,1,8240
4076,1,4480
4077,1,79000
4078,1,880
4079,1,4320
4080,1,4400
4081,1,171380
4082,1,16860
4083,1,680
4084,1,1880
4085,1,1610
4086,1,820
4087,1,580
4088,1,2000
4089,1,160
4090,1,240
4091,1,5760
4092,1,159200
4093,1,1620
4094,1,2880
4095,1,181240
4096,1,6080
4097,1,240
4098,1,0
4099,1,409420
4100,1,20760
4101,1,50720
4102,1,221800
4103,1,700
4104,1,9840
4105,1,72000
4106,1,0
4107,1,15100
4108,1,2700
4109,1,400
4110,1,160
4111,1,6240
4112,1,3680
4113,1,5040
4114,1,2360
4115,1,1800
4116,1,57240
4117,1,319600
4118,1,0
4119,1,71550
4120,1,0
4121,1,13540
4122,1,27680
4123,1,220290
4124,1,33960
4125,1,440
4126,1,4940
4127,1,0
4128,1,25740
4129,1,308820
4130,1,1040
4131,1,326540
4132,1,40
4133,1,17160
4134,1,40
4135,1,1640
4136,1,15800
4137,1,176000
4138,1,1100
4139,1,280
4140,1,53260
4141,1,3360
4142,1,7500
4143,1,432780
4144,1,41380
4145,1,100
4146,1,49580
4147,1,5320
4148,1,0
4149,1,4360
4150,1,500000
4151,1,0
4152,1,640
4153,1,520
4154,1,26240
4155,1,14700
4156,1,3400
4157,1,8300
4158,1,13700
4159,1,500000
4160,1,480
4161,1,6800
4162,1,14700
4163,1,240
4164,1,8400
4165,1,0
4166,1,21080
4167,1,1320
4168,1,252310
4169,1,129840
4170,1,880
4171,1,25200
4172,1,500000
4173,1,12760
4174,1,39680
4175,1,32180
4176,1,1520
4177,1,3920
4178,1,6160
4179,1,161360
4180,1,39280
4181,1,680
4182,1,3540
4183,1,54000
4184,1,19800
4185,1,35300
4186,1,8360
4187,1,5400
4188,1,11000
4189,1,80
4190,1,28500
4191,1,80
4192,1,0
4193,1,1120
4194,1,487650
4195,1,400
4196,1,80
4197,1,36640
4198,1,260
4199,1,240
4200,1,0
4201,1,40
4202,1,7880
4203,1,2560
4204,1,7650
4205,1,0
4206,1,337550
4207,1,28960
4208,1,4120
4209,1,5900
4210,1,280
4211,1,48320
4212,1,7400
4213,1,1800
4214,1,1280
4215,1,1280
4216,1,30840
4217,1,120
4218,1,6740
4219,1,16120
4220,1,0
4221,1,66320
4222,1,5800
4223,1,14530
4224,1,295360
4225,1,54000
4226,1,2780
4227,1,240100
4228,1,4260
4229,1,167860
4230,1,80
4231,1,50480
4232,1,240
4233,1,3880
4234,1,4260
4235,1,14860
4236,1,0
4237,1,1080
4238,1,28020
4239,1,25960
4240,1,5780
4241,1,82300
4242,1,5280
4243,1,13580
4244,1,26410
4245,1,38720
4246,1,800
4247,1,125450
4248,1,11400
4249,1,3400
4250,1,6440
4251,1,0
4252,1,0
4253,1,21570
4254,1,160
4255,1,25080
4256,1,0
4257,1,0
4258,1,14080
4259,1,181800
4260,1,6240
4261,1,6000
4262,1,14600
4263,1,2780
4264,1,960
4265,1,1560
4266,1,6960
4267,1,3080
4268,1,440
4269,1,16320
4270,1,3480
4271,1,8800
4272,1,52640
4273,1,4480
4274,1,4160
4275,1,0
4276,1,124800
4277,1,43000
4278,1,10640
4279,1,8960
4280,1,21860
4281,1,108200
4282,1,14420
4283,1,112240
4284,1,150
4285,1,26280
4286,1,4880
4287,1,500000
4288,1,7840
4289,1,116400
4290,1,7200
4291,1,117690
4292,1,12700
4293,1,2280
4294,1,15160
4295,1,62430
4296,1,34070
4297,1,1520
4298,1,500000
4299,1,1320
4300,1,40000
4301,1,2800
4302,1,18090
4303,1,400
4304,1,10340
4305,1,560
4306,1,3040
4307,1,1600
4308,1,17600
4309,1,440
4310,1,2260
4311,1,1440
4312,1,640
4313,1,216000
4314,1,37520
4315,1,80
4316,1,0
4317,1,56340
4318,1,1380
4319,1,0
4320,1,28020
4321,1,6160
4322,1,1440
4323,1,6300
4324,1,3660
4325,1,16360
4326,1,0
4327,1,800
4328,1,4400
4329,1,5020
4330,1,10740
4331,1,480
4332,1,360
4333,1,880
4334,1,7190
4335,1,0
4336,1,5320
4337,1,339760
4338,1,27960
4339,1,120
4340,1,1600
4341,1,320
4342,1,40
4343,1,52800
4344,1,14400
4345,1,3070
4346,1,40
4347,1,380
4348,1,960
4349,1,2900
4350,1,13360
4351,1,1300
4352,1,0
4353,1,800
4354,1,80090
4355,1,13210
4356,1,660
4357,1,91710
4358,1,12040
4359,1,60
4360,1,14980
4361,1,2740
4362,1,39160
4363,1,10160
4364,1,48720
4365,1,162400
4366,1,760
4367,1,26240
4368,1,1780
4369,1,45300
4370,1,80
4371,1,2840
4372,1,25120
4373,1,9400
4374,1,280
4375,1,9600
4376,1,10860
4377,1,57320
4378,1,4580
4379,1,203980
4380,1,2500
4381,1,800
4382,1,14560
4383,1,3040
4384,1,67440
4385,1,8600
4386,1,6220
4387,1,16150
4388,1,29320
4389,1,280
4390,1,39460
4391,1,2300
4392,1,0
4393,1,8320
4394,1,2740
4395,1,0
4396,1,480
4397,1,440
4398,1,6040
4399,1,20
4400,1,9590
4401,1,3680
4402,1,720
4403,1,12780
4404,1,860
4405,1,0
4406,1,4960
4407,1,4080
4408,1,1640
4409,1,400
4410,1,0
4411,1,2760
4412,1,9020
4413,1,80
4414,1,2000
4415,1,36460
4416,1,10140
4417,1,1140
4418,1,240
4419,1,80
4420,1,1660
4421,1,2400
4422,1,20
4423,1,13640
4424,1,7880
4425,1,900
4426,1,840
4427,1,1260
4428,1,34860
4429,1,1200
4430,1,4400
4431,1,3000
4432,1,90760
4433,1,75020
4434,1,185760
4435,1,0
4436,1,1580
4437,1,120
4438,1,1200
4439,1,156000
4440,1,1840
4441,1,27940
4442,1,398420
4443,1,40880
4444,1,25280
4445,1,5240
4446,1,30840
4447,1,80
4448,1,1340
4449,1,15470
4450,1,5320
4451,1,2400
4452,1,740
4453,1,4000
4454,1,0
4455,1,15310
4456,1,100
4457,1,560
4458,1,3200
4459,1,52640
4460,1,7410
4461,1,173130
4462,1,1260
4463,1,160
4464,1,2310
4465,1,140
4466,1,4090
4467,1,27050
4468,1,2640
4469,1,18200
4470,1,48600
4471,1,92680
4472,1,44220
4473,1,8670
4474,1,1120
4475,1,18640
4476,1,0
4477,1,1120
4478,1,220
4479,1,0
4480,1,2320
4481,1,14520
4482,1,1400
4483,1,2400
4484,1,20
4485,1,39440
4486,1,7200
4487,1,2760
4488,1,400
4489,1,75800
4490,1,3300
4491,1,3920
4492,1,475710
4493,1,1480
4494,1,960
4495,1,1680
4496,1,44440
4497,1,0
4498,1,2100
4499,1,2040
4500,1,8420
4501,1,32040
4502,1,218400
4503,1,126920
4504,1,140
4505,1,25080
4506,1,0
4507,1,0
4508,1,10160
4509,1,240
4510,1,1440
4511,1,8200
4512,1,4360
4513,1,1760
4514,1,48960
4515,1,71200
4516,1,27780
4517,1,1300
4518,1,24170
4519,1,280
4520,1,35600
4521,1,0
4522,1,6300
4523,1,1440
4524,1,3200
4525,1,1600
4526,1,260
4527,1,0
4528,1,93650
4529,1,10160
4530,1,37800
4531,1,840
4532,1,2530
4533,1,5140
4534,1,1790
4535,1,2420
4536,1,202920
4537,1,147000
4538,1,0
4539,1,700
4540,1,2760
4541,1,30030
4542,1,0
4543,1,3170
4544,1,720
4545,1,720
4546,1,1920
4547,1,5580
4548,1,94240
4549,1,7660
4550,1,1880
4551,1,24140
4552,1,9600
4553,1,32160
4554,1,5420
4555,1,19040
4556,1,2100
4557,1,0
4558,1,43900
4559,1,16920
4560,1,250
4561,1,1200
4562,1,1220
4563,1,1400
4564,1,10160
4565,1,6560
4566,1,2040
4567,1,40
4568,1,62820
4569,1,1580
4570,1,5340
4571,1,9440
4572,1,0
4573,1,0
4574,1,1060
4575,1,15840
4576,1,43940
4577,1,4680
4578,1,0
4579,1,90150
4580,1,7860
4581,1,50340
4582,1,105840
4583,1,0
4584,1,80
4585,1,21040
4586,1,2100
4587,1,19080
4588,1,3880
4589,1,1100
4590,1,109900
4591,1,5980
4592,1,1440
4593,1,10000
4594,1,40
4595,1,8000
4596,1,10200
4597,1,26780
4598,1,560
4599,1,900
4600,1,38400
4601,1,19200
4602,1,9880
4603,1,5640
4604,1,0
4605,1,48900
4606,1,0
4607,1,2160
4608,1,16780
4609,1,19840
4610,1,1400
4611,1,7740
4612,1,2960
4613,1,4480
4614,1,3190
4615,1,12000
4616,1,2590
4617,1,87660
4618,1,760
4619,1,40
4620,1,1740
4621,1,10800
4622,1,143040
4623,1,3280
4624,1,650
4625,1,6220
4626,1,1340
4627,1,1000
4628,1,55600
4629,1,1920
4630,1,10660
4631,1,42220
4632,1,0
4633,1,2420
4634,1,4000
4635,1,6300
4636,1,40
4637,1,4260
4638,1,220
4639,1,3240
4640,1,369820
4641,1,1120
4642,1,29120
4643,1,0
4644,1,1800
4645,1,6440
4646,1,260140
4647,1,0
4648,1,62830
4649,1,100
4650,1,680
4651,1,50
4652,1,133410
4653,1,0
4654,1,680
4655,1,4900
4656,1,2090
4657,1,20420
4658,1,3540
4659,1,96600
4660,1,24820
4661,1,8800
4662,1,13680
4663,1,70600
4664,1,12000
4665,1,29980
4666,1,1040
4667,1,600
4668,1,40
4669,1,5560
4670,1,0
4671,1,1520
4672,1,400
4673,1,500000
4674,1,56400
4675,1,2580
4676,1,366080
4677,1,15980
4678,1,65120
4679,1,900
4680,1,20100
4681,1,6120
4682,1,320
4683,1,1260
4684,1,2000
4685,1,480
4686,1,33160
4687,1,500
4688,1,52500
4689,1,16240
4690,1,95620
4691,1,300
4692,1,200
4693,1,700
4694,1,10580
4695,1,1600
4696,1,1080
4697,1,1560
4698,1,0
4699,1,11420
4700,1,1060
4701,1,10000
4702,1,35340
4703,1,11700
4704,1,0
4705,1,3000
4706,1,3120
4707,1,5120
4708,1,1840
4709,1,960
4710,1,5500
4711,1,21640
4712,1,8530
4713,1,34220
4714,1,9200
4715,1,2700
4716,1,100
4717,1,320
4718,1,340
4719,1,43420
4720,1,12160
4721,1,116280
4722,1,4000
4723,1,3040
4724,1,23140
4725,1,128480
4726,1,3220
4727,1,3840
4728,1,66000
4729,1,20
4730,1,0
4731,1,80
4732,1,4200
4733,1,10710
4734,1,140
4735,1,17800
4736,1,240
4737,1,2520
4738,1,5460
4739,1,67280
4740,1,4560
4741,1,100
4742,1,1820
4743,1,360
4744,1,0
4745,1,80
4746,1,88480
4747,1,2120
4748,1,200
4749,1,20600
4750,1,34120
4751,1,4140
4752,1,4000
4753,1,0
4754,1,1320
4755,1,2400
4756,1,19770
4757,1,6240
4758,1,200
4759,1,10460
4760,1,78760
4761,1,80
4762,1,80800
4763,1,0
4764,1,8400
4765,1,90000
4766,1,0
4767,1,5360
4768,1,160
4769,1,160
4770,1,5440
4771,1,4840
4772,1,100
4773,1,1160
4774,1,2240
4775,1,1790
4776,1,660
4777,1,0
4778,1,5420
4779,1,11760
4780,1,10500
4781,1,64440
4782,1,800
4783,1,260
4784,1,11960
4785,1,140
4786,1,6600
4787,1,480
4788,1,60060
4789,1,0
4790,1,18520
4791,1,1800
4792,1,0
4793,1,8000
4794,1,1320
4795,1,2680
4796,1,0
4797,1,122760
4798,1,500000
4799,1,52030
4800,1,840
4801,1,48160
4802,1,12800
4803,1,380
4804,1,8610
4805,1,33940
4806,1,7680
4807,1,4920
4808,1,62920
4809,1,4440
4810,1,170960
4811,1,4880
4812,1,440
4813,1,23060
4814,1,40
4815,1,9820
4816,1,920
4817,1,0
4818,1,2320
4819,1,13060
4820,1,80
4821,1,2150
4822,1,440
4823,1,34560
4824,1,20730
4825,1,74160
4826,1,260
4827,1,520
4828,1,4440
4829,1,22220
4830,1,6080
4831,1,9840
4832,1,600
4833,1,1120
4834,1,6440
4835,1,40
4836,1,14880
4837,1,3520
4838,1,3200
4839,1,20000
4840,1,2100
4841,1,22600
4842,1,6720
4843,1,40200
4844,1,203540
4845,1,7300
4846,1,22840
4847,1,80
4848,1,72380
4849,1,1040
4850,1,40
4851,1,5920
4852,1,3000
4853,1,2110
4854,1,1180
4855,1,0
4856,1,220
4857,1,7960
4858,1,4800
4859,1,7320
4860,1,400
4861,1,400
4862,1,2800
4863,1,160
4864,1,40
4865,1,4540
4866,1,9000
4867,1,3600
4868,1,7510
4869,1,9500
4870,1,16650
4871,1,6140
4872,1,800
4873,1,0
4874,1,0
4875,1,600
4876,1,76780
4877,1,9760
4878,1,11480
4879,1,1800
4880,1,20
4881,1,2120
4882,1,6420
4883,1,3520
4884,1,67480
4885,1,406860
4886,1,1260
4887,1,0
4888,1,1190
4889,1,10880
4890,1,0
4891,1,0
4892,1,80
4893,1,8000
4894,1,0
4895,1,3190
4896,1,1200
4897,1,80
4898,1,840
4899,1,38100
4900,1,440
4901,1,200
4902,1,60090
4903,1,143480
4904,1,112120
4905,1,7640
4906,1,12060
4907,1,900
4908,1,0
4909,1,140
4910,1,19240
4911,1,0
4912,1,4160
4913,1,3320
4914,1,3300
4915,1,5280
4916,1,1050
4917,1,1040
4918,1,0
4919,1,97940
4920,1,6100
4921,1,0
4922,1,8720
4923,1,540
4924,1,17640
4925,1,4200
4926,1,0
4927,1,2320
4928,1,59160
4929,1,500000
4930,1,5860
4931,1,500000
4932,1,500000
4933,1,1920
4934,1,30
4935,1,800
4936,1,500000
4937,1,480
4938,1,1000
4939,1,2280
4940,1,8080
4941,1,5800
4942,1,800
4943,1,500000
4944,1,35200
4945,1,800
4946,1,13360
4947,1,0
4948,1,6560
4949,1,140
4950,1,200
4951,1,6360
4952,1,104260
4953,1,550
4954,1,21560
4955,1,184500
4956,1,1900
4957,1,14880
4958,1,16400
4959,1,8800
4960,1,4480
4961,1,1020
4962,1,32600
4963,1,6480
4964,1,300
4965,1,21390
4966,1,0
4967,1,1600
4968,1,2280
4969,1,4920
4970,1,4220
4971,1,140
4972,1,2300
4973,1,700
4974,1,72420
4975,1,740
4976,1,3500
4977,1,37500
4978,1,287820
4979,1,47500
4980,1,147680
4981,1,1400
4982,1,20800
4983,1,500000
4984,1,3040
4985,1,20420
4986,1,7680
4987,1,394550
4988,1,200
4989,1,0
4990,1,7200
4991,1,2100
4992,1,18360
4993,1,57600
4994,1,39020
4995,1,10660
4996,1,8400
4997,1,4160
4998,1,0
4999,1,1310
5000,1,3220
5001,1,0
5002,1,10380
5003,1,36000
5004,1,2960
5005,1,28400
5006,1,3500
5007,1,3540
5008,1,500000
5009,1,680
5010,1,7700
5011,1,0
5012,1,10400
5013,1,78680
5014,1,21600
5015,1,7380
5016,1,800
5017,1,7410
5018,1,1640
5019,1,13780
5020,1,3560
5021,1,20200
5022,1,200
5023,1,1200
5024,1,31860
5025,1,1220
5026,1,38200
5027,1,80
5028,1,1640
5029,1,480
5030,1,280
5031,1,0
5032,1,13320
5033,1,106400
5034,1,440
5035,1,920
5036,1,3000
5037,1,26940
5038,1,26260
5039,1,6600
5040,1,1640
5041,1,42000
5042,1,0
5043,1,40570
5044,1,3240
5045,1,1260
5046,1,5020
5047,1,82060
5048,1,1780
5049,1,0
5050,1,28220
5051,1,480
5052,1,700
5053,1,5400
5054,1,4500
5055,1,16020
5056,1,20960
5057,1,1200
5058,1,8320
5059,1,400
5060,1,53800
5061,1,720
5062,1,1620
5063,1,1700
5064,1,0
5065,1,1330
5066,1,102360
5067,1,15640
5068,1,1610
5069,1,168720
5070,1,0
5071,1,27300
5072,1,480
5073,1,4850
5074,1,11360
5075,1,3520
5076,1,3300
5077,1,4160
5078,1,1840
5079,1,45680
5080,1,2240
5081,1,4440
5082,1,15500
5083,1,401070
5084,1,20
5085,1,78160
5086,1,500000
5087,1,5040
5088,1,7240
5089,1,1840
5090,1,0
5091,1,8960
5092,1,680
5093,1,37200
5094,1,800
5095,1,8520
5096,1,4160
5097,1,249040
5098,1,520
5099,1,700
5100,1,22520
5101,1,380
5102,1,10000
5103,1,237880
5104,1,57000
5105,1,24670
5106,1,12380
5107,1,2550
5108,1,20
5109,1,338740
5110,1,1240
5111,1,240
5112,1,37710
5113,1,2000
5114,1,70020
5115,1,19750
5116,1,44000
5117,1,90
5118,1,112520
5119,1,113780
5120,1,53880
5121,1,24560
5122,1,400
5123,1,11560
5124,1,0
5125,1,0
5126,1,11400
5127,1,5400
5128,1,6560
5129,1,12820
5130,1,1840
5131,1,4880
5132,1,240
5133,1,0
5134,1,19100
5135,1,0
5136,1,2820
5137,1,320
5138,1,6420
5139,1,6000
5140,1,640
5141,1,3540
5142,1,0
5143,1,280
5144,1,160
5145,1,480
5146,1,0
5147,1,1260
5148,1,4300
5149,1,200
5150,1,1160
5151,1,206190
5152,1,87680
5153,1,3520
5154,1,39830
5155,1,3700
5156,1,4400
5157,1,620
5158,1,320
5159,1,4620
5160,1,16680
5161,1,32280
5162,1,500000
5163,1,46720
5164,1,0
5165,1,30
5166,1,400
5167,1,12320
5168,1,126600
5169,1,2400
5170,1,159990
5171,1,34020
5172,1,39400
5173,1,47930
5174,1,1240
5175,1,1810
5176,1,2560
5177,1,1200
5178,1,1070
5179,1,2440
5180,1,8720
5181,1,4360
5182,1,5120
5183,1,41660
5184,1,29720
5185,1,1000
5186,1,300
5187,1,4660
5188,1,1600
5189,1,880
5190,1,860
5191,1,79640
5192,1,24340
5193,1,17550
5194,1,98730
5195,1,287460
5196,1,1010
5197,1,0
5198,1,176040
5199,1,500000
5200,1,5880
5201,1,7800
5202,1,380
5203,1,800
5204,1,18360
5205,1,0
5206,1,98440
5207,1,2040
5208,1,540
5209,1,28020
5210,1,0
5211,1,11000
5212,1,5890
5213,1,27840
5214,1,7090
5215,1,4060
5216,1,6660
5217,1,14000
5218,1,0
5219,1,0
5220,1,64200
5221,1,144720
5222,1,5490
5223,1,300
5224,1,800
5225,1,144260
5226,1,4620
5227,1,86540
5228,1,880
5229,1,13840
5230,1,166050
5231,1,500000
5232,1,46580
5233,1,54520
5234,1,7770
5235,1,1760
5236,1,1450
5237,1,1040
5238,1,30920
5239,1,191830
5240,1,21600
5241,1,5060
5242,1,26220
5243,1,16480
5244,1,30900
5245,1,4560
5246,1,14200
5247,1,500000
5248,1,250560
5249,1,160
5250,1,2400
5251,1,1650
5252,1,2280
5253,1,1980
5254,1,19260
5255,1,2720
5256,1,0
5257,1,17770
5258,1,2320
5259,1,19820
5260,1,37800
5261,1,6550
5262,1,6100
5263,1,119600
5264,1,10860
5265,1,200
5266,1,450
5267,1,3190
5268,1,7080
5269,1,380
5270,1,0
5271,1,880
5272,1,0
5273,1,1840
5274,1,420
5275,1,120
5276,1,0
5277,1,12480
5278,1,2540
5279,1,120
5280,1,1560
5281,1,59570
5282,1,1720
5283,1,141060
5284,1,1600
5285,1,300
5286,1,400
5287,1,1140
5288,1,560
5289,1,1120
5290,1,5120
5291,1,37040
5292,1,24480
5293,1,4800
5294,1,242040
5295,1,480
5296,1,6640
5297,1,2980
5298,1,65920
5299,1,980
5300,1,81940
5301,1,14900
5302,1,4400
5303,1,3520
5304,1,60
5305,1,12060
5306,1,32880
5307,1,4260
5308,1,0
5309,1,5880
5310,1,1820
5311,1,8400
5312,1,300
5313,1,400
5314,1,1800
5315,1,1750
5316,1,720
5317,1,8140
5318,1,38710
5319,1,4560
5320,1,53400
5321,1,2240
5322,1,1040
5323,1,6600
5324,1,7540
5325,1,13530
5326,1,5970
5327,1,940
5328,1,500
5329,1,2000
5330,1,360
5331,1,0
5332,1,3000
5333,1,6890
5334,1,94800
5335,1,30080
5336,1,500000
5337,1,54150
5338,1,4160
5339,1,34180
5340,1,5480
5341,1,800
5342,1,220
5343,1,600
5344,1,1120
5345,1,2800
5346,1,2720
5347,1,1860
5348,1,1500
5349,1,1280
5350,1,10460
5351,1,680
5352,1,500000
5353,1,6800
5354,1,2160
5355,1,420
5356,1,9100
5357,1,1150
5358,1,59840
5359,1,160
5360,1,200
5361,1,8380
5362,1,2400
5363,1,49100
5364,1,1440
5365,1,500000
5366,1,1240
5367,1,880
5368,1,34820
5369,1,8810
5370,1,80
5371,1,80
5372,1,2760
5373,1,40
5374,1,0
5375,1,0
5376,1,1550
5377,1,177220
5378,1,35400
5379,1,12700
5380,1,6300
5381,1,600
5382,1,840
5383,1,40
5384,1,98000
5385,1,0
5386,1,101040
5387,1,0
5388,1,0
5389,1,12800
5390,1,4750
5391,1,0
5392,1,1360
5393,1,80
5394,1,5800
5395,1,7680
5396,1,240
5397,1,15200
5398,1,28120
5399,1,9740
5400,1,800
5401,1,152170
5402,1,7920
5403,1,1600
5404,1,340
5405,1,8160
5406,1,77600
5407,1,0
5408,1,6040
5409,1,500
5410,1,6600
5411,1,464400
5412,1,315200
5413,1,240
5414,1,98240
5415,1,17960
5416,1,3080
5417,1,7360
5418,1,12000
5419,1,9750
5420,1,2600
5421,1,400
5422,1,2880
5423,1,280
5424,1,0
5425,1,4760
5426,1,18740
5427,1,34160
5428,1,1500
5429,1,6000
5430,1,500000
5431,1,307920
5432,1,12240
5433,1,8900
5434,1,2120
5435,1,280
5436,1,440
5437,1,200
5438,1,760
5439,1,5000
5440,1,5440
5441,1,414390
5442,1,112200
5443,1,3260
5444,1,480
5445,1,260990
5446,1,1000
5447,1,49340
5448,1,0
5449,1,3960
5450,1,7680
5451,1,7440
5452,1,110
5453,1,88660
5454,1,40100
5455,1,0
5456,1,16290
5457,1,1600
5458,1,26530
5459,1,3420
5460,1,2880
5461,1,169040
5462,1,4520
5463,1,7400
5464,1,300
5465,1,18000
5466,1,33700
5467,1,4950
5468,1,18040
5469,1,0
5470,1,17080
5471,1,40
5472,1,8000
5473,1,7700
5474,1,0
5475,1,440
5476,1,36900
5477,1,0
5478,1,3900
5479,1,2100
5480,1,120
5481,1,440
5482,1,386280
5483,1,500000
5484,1,18240
5485,1,36850
5486,1,2040
5487,1,108200
5488,1,10400
5489,1,11200
5490,1,3130
5491,1,300
5492,1,1320
5493,1,2720
5494,1,156920
5495,1,1520
5496,1,300
5497,1,14100
5498,1,2320
5499,1,53460
5500,1,200
5501,1,26400
5502,1,1900
5503,1,15600
5504,1,6320
5505,1,14050
5506,1,3000
5507,1,260
5508,1,1600
5509,1,160
5510,1,400
5511,1,4840
5512,1,0
5513,1,1600
5514,1,0
5515,1,38560
5516,1,9000
5517,1,30000
5518,1,500
5519,1,19650
5520,1,800
5521,1,580
5522,1,18600
5523,1,15700
5524,1,140
5525,1,6800
5526,1,9720
5527,1,16680
5528,1,7200
5529,1,15130
5530,1,400
5531,1,12640
5532,1,80
5533,1,53440
5534,1,500000
5535,1,500000
5536,1,340
5537,1,12580
5538,1,2200
5539,1,172680
5540,1,11380
5541,1,1640
5542,1,40
5543,1,6260
5544,1,39040
5545,1,24540
5546,1,21880
5547,1,880
5548,1,5760
5549,1,12000
5550,1,10170
5551,1,46800
5552,1,20
5553,1,1440
5554,1,34760
5555,1,2800
5556,1,5140
5557,1,12460
5558,1,7200
5559,1,2080
5560,1,180
5561,1,13350
5562,1,6420
5563,1,4520
5564,1,220
5565,1,20780
5566,1,3440
5567,1,2360
5568,1,7320
5569,1,4000
5570,1,500000
5571,1,30120
5572,1,220
5573,1,360
5574,1,1140
5575,1,5780
5576,1,7140
5577,1,3200
5578,1,127590
5579,1,42800
5580,1,12210
5581,1,179150
5582,1,45520
5583,1,82550
5584,1,3600
5585,1,4320
5586,1,2400
5587,1,63420
5588,1,5920
5589,1,10000
5590,1,2970
5591,1,0
5592,1,128780
5593,1,6510
5594,1,17690
5595,1,2800
5596,1,0
5597,1,6040
5598,1,0
5599,1,12220
5600,1,0
5601,1,54850
5602,1,200
5603,1,110880
5604,1,400
5605,1,840
5606,1,30
5607,1,1800
5608,1,0
5609,1,25980
5610,1,2520
5611,1,93080
5612,1,120
5613,1,280
5614,1,680
5615,1,214620
5616,1,2400
5617,1,160
5618,1,39200
5619,1,212910
5620,1,440
5621,1,0
5622,1,840
5623,1,1950
5624,1,40
5625,1,1590
5626,1,52760
5627,1,27650
5628,1,200
5629,1,3920
5630,1,14400
5631,1,1330
5632,1,7760
5633,1,2400
5634,1,10330
5635,1,2400
5636,1,8800
5637,1,1020
5638,1,160
5639,1,9100
5640,1,25340
5641,1,160
5642,1,217580
5643,1,3820
5644,1,0
5645,1,58500
5646,1,27420
5647,1,2660
5648,1,500000
5649,1,0
5650,1,11300
5651,1,40
5652,1,980
5653,1,8340
5654,1,7380
5655,1,80
5656,1,0
5657,1,50420
5658,1,1100
5659,1,148800
5660,1,33580
5661,1,5000
5662,1,7200
5663,1,88030
5664,1,5460
5665,1,90640
5666,1,9500
5667,1,1720
5668,1,157600
5669,1,200
5670,1,23040
5671,1,60
5672,1,880
5673,1,1270
5674,1,14800
5675,1,100
5676,1,1900
5677,1,0
5678,1,6500
5679,1,14100
5680,1,39240
5681,1,8800
5682,1,2240
5683,1,0
5684,1,5500
5685,1,2000
5686,1,98840
5687,1,36460
5688,1,12800
5689,1,19920
5690,1,2560
5691,1,33550
5692,1,52120
5693,1,8160
5694,1,1660
5695,1,19720
5696,1,160
5697,1,0
5698,1,4320
5699,1,1440
5700,1,63680
5701,1,3280
5702,1,5660
5703,1,80
5704,1,400
5705,1,4580
5706,1,0
5707,1,1240
5708,1,3200
5709,1,500000
5710,1,46200
5711,1,1890
5712,1,4650
5713,1,500
5714,1,0
5715,1,20680
5716,1,40
5717,1,3870
5718,1,1100
5719,1,4200
5720,1,53280
5721,1,8400
5722,1,18880
5723,1,10630
5724,1,81960
5725,1,7020
5726,1,22080
5727,1,0
5728,1,400
5729,1,2880
5730,1,210
5731,1,13200
5732,1,20650
5733,1,760
5734,1,19060
5735,1,1300
5736,1,7260
5737,1,480
5738,1,0
5739,1,455400
5740,1,1980
5741,1,7380
5742,1,1540
5743,1,0
5744,1,1550
5745,1,39900
5746,1,3800
5747,1,164160
5748,1,480
5749,1,58400
5750,1,3290
5751,1,2880
5752,1,1800
5753,1,8000
5754,1,240
5755,1,7090
5756,1,21140
5757,1,104660
5758,1,2160
5759,1,27400
5760,1,44960
5761,1,414760
5762,1,14200
5763,1,210
5764,1,2800
5765,1,16810
5766,1,0
5767,1,4780
5768,1,6880
5769,1,600
5770,1,80
5771,1,39600
5772,1,140
5773,1,5600
5774,1,3240
5775,1,40
5776,1,82240
5777,1,470
5778,1,113880
5779,1,100520
5780,1,78400
5781,1,0
5782,1,260
5783,1,0
5784,1,3560
5785,1,40
5786,1,18080
5787,1,800
5788,1,158280
5789,1,24000
5790,1,990
5791,1,5140
5792,1,6450
5793,1,1220
5794,1,480
5795,1,34090
5796,1,22580
5797,1,80
5798,1,17600
5799,1,2940
5800,1,169650
5801,1,56640
5802,1,960
5803,1,0
5804,1,9960
5805,1,6500
5806,1,560
5807,1,1920
5808,1,61040
5809,1,19490
5810,1,12040
5811,1,100
5812,1,450
5813,1,24800
5814,1,2200
5815,1,1380
5816,1,560
5817,1,5600
5818,1,13920
5819,1,1110
5820,1,4940
5821,1,400
5822,1,167320
5823,1,400
5824,1,23040
5825,1,3600
5826,1,0
5827,1,0
5828,1,1340
5829,1,13520
5830,1,1140
5831,1,2840
5832,1,0
5833,1,132500
5834,1,33920
5835,1,4000
5836,1,26490
5837,1,11100
5838,1,500000
5839,1,10400
5840,1,4200
5841,1,13520
5842,1,0
5843,1,7360
5844,1,2930
5845,1,120
5846,1,320
5847,1,127280
5848,1,4840
5849,1,200
5850,1,11700
5851,1,106620
5852,1,5800
5853,1,5260
5854,1,26400
5855,1,840
5856,1,0
5857,1,1920
5858,1,3650
5859,1,215940
5860,1,4960
5861,1,63720
5862,1,62140
5863,1,3440
5864,1,2000
5865,1,2400
5866,1,6100
5867,1,80
5868,1,320
5869,1,21080
5870,1,76000
5871,1,158300
5872,1,5680
5873,1,12240
5874,1,200
5875,1,500000
5876,1,1360
5877,1,13200
5878,1,6320
5879,1,21220
5880,1,1200
5881,1,500000
5882,1,280
5883,1,12000
5884,1,15460
5885,1,1560
5886,1,19200
5887,1,0
5888,1,76120
5889,1,6340
5890,1,700
5891,1,1900
5892,1,1840
5893,1,2480
5894,1,760
5895,1,0
5896,1,22400
5897,1,0
5898,1,42040
5899,1,3460
5900,1,73080
5901,1,26550
5902,1,2320
5903,1,33780
5904,1,800
5905,1,22520
5906,1,0
5907,1,320
5908,1,1460
5909,1,8240
5910,1,3840
5911,1,900
5912,1,9440
5913,1,162000
5914,1,108930
5915,1,60
5916,1,324640
5917,1,2000
5918,1,0
5919,1,420
5920,1,1800
5921,1,34400
5922,1,400
5923,1,319920
5924,1,13880
5925,1,5000
5926,1,0
5927,1,16400
5928,1,640
5929,1,300
5930,1,124680
5931,1,26220
5932,1,2210
5933,1,10760
5934,1,3780
5935,1,30000
5936,1,480
5937,1,0
5938,1,0
5939,1,3820
5940,1,2400
5941,1,15400
5942,1,4420
5943,1,5600
5944,1,570
5945,1,103980
5946,1,880
5947,1,18020
5948,1,58700
5949,1,105480
5950,1,14200
5951,1,165080
5952,1,13300
5953,1,24800
5954,1,600
5955,1,144480
5956,1,400280
5957,1,26240
5958,1,7520
5959,1,2480
5960,1,0
5961,1,8760
5962,1,5720
5963,1,180
5964,1,0
5965,1,3470
5966,1,8920
5967,1,0
5968,1,1040
5969,1,590
5970,1,13300
5971,1,40
5972,1,320
5973,1,21600
5974,1,0
5975,1,4400
5976,1,1760
5977,1,21900
5978,1,4800
5979,1,940
5980,1,46920
5981,1,4800
5982,1,53000
5983,1,180
5984,1,220
5985,1,160
5986,1,0
5987,1,7160
5988,1,301500
5989,1,3200
5990,1,400
5991,1,0
5992,1,1800
5993,1,6640
5994,1,4520
5995,1,5250
5996,1,33740
5997,1,160
5998,1,180
5999,1,0
6000,1,8310
6001,1,219900
6002,1,7760
6003,1,31200
6004,1,4160
6005,1,0
6006,1,300
6007,1,0
6008,1,2520
6009,1,90
6010,1,0
6011,1,151100
6012,1,11970
6013,1,7000
6014,1,2280
6015,1,490
6016,1,1800
6017,1,35500
6018,1,12800
6019,1,25420
6020,1,1690
6021,1,29530
6022,1,0
6023,1,8620
6024,1,11800
6025,1,7220
6026,1,0
6027,1,434170
6028,1,22880
6029,1,40
6030,1,1340
6031,1,24380
6032,1,13380
6033,1,44200
6034,1,200
6035,1,500000
6036,1,500000
6037,1,27040
6038,1,80
6039,1,4050
6040,1,0
6041,1,500000
6042,1,10320
6043,1,20760
6044,1,10800
6045,1,2000
6046,1,4320
6047,1,3370
6048,1,2800
6049,1,2200
6050,1,1320
6051,1,0
6052,1,6840
6053,1,360
6054,1,10500
6055,1,1100
6056,1,64780
6057,1,20
6058,1,16970
6059,1,1700
6060,1,129540
6061,1,2300
6062,1,0
6063,1,23200
6064,1,416060
6065,1,480
6066,1,14480
6067,1,720
6068,1,360000
6069,1,52840
6070,1,80
6071,1,8240
6072,1,1840
6073,1,15200
6074,1,6660
6075,1,14000
6076,1,7400
6077,1,6340
6078,1,1120
6079,1,11200
6080,1,11700
6081,1,9040
6082,1,14820
6083,1,440
6084,1,6000
6085,1,148620
6086,1,280
6087,1,11740
6088,1,0
6089,1,7160
6090,1,29800
6091,1,0
6092,1,39420
6093,1,433450
6094,1,37100
6095,1,33280
6096,1,3610
6097,1,11200
6098,1,10560
6099,1,1710
6100,1,4420
6101,1,320
6102,1,440
6103,1,80
6104,1,29460
6105,1,54380
6106,1,240
6107,1,20
6108,1,46800
6109,1,1100
6110,1,46080
6111,1,1480
6112,1,4120
6113,1,14760
6114,1,22500
6115,1,15240
6116,1,3900
6117,1,1400
6118,1,1650
6119,1,12880
6120,1,400
6121,1,12160
6122,1,840
6123,1,4000
6124,1,1840
6125,1,22580
6126,1,780
6127,1,73640
6128,1,160
6129,1,17200
6130,1,2200
6131,1,0
6132,1,2840
6133,1,20620
6134,1,72000
6135,1,296260
6136,1,158400
6137,1,3010
6138,1,2300
6139,1,75600
6140,1,3600
6141,1,6800
6142,1,4020
6143,1,27440
6144,1,700
6145,1,5140
6146,1,10140
6147,1,63200
6148,1,2680
6149,1,27760
6150,1,19660
6151,1,100
6152,1,500000
6153,1,0
6154,1,540
6155,1,240
6156,1,9070
6157,1,880
6158,1,30910
6159,1,400
6160,1,4500
6161,1,4920
6162,1,307060
6163,1,4050
6164,1,3200
6165,1,960
6166,1,15880
6167,1,0
6168,1,4580
6169,1,18610
6170,1,28500
6171,1,4300
6172,1,17020
6173,1,32560
6174,1,2730
6175,1,10960
6176,1,6730
6177,1,36840
6178,1,3000
6179,1,11540
6180,1,10860
6181,1,560
6182,1,0
6183,1,720
6184,1,1600
6185,1,0
6186,1,480
6187,1,3360
6188,1,8400
6189,1,12560
6190,1,120
6191,1,10400
6192,1,33860
6193,1,4060
6194,1,0
6195,1,155880
6196,1,400
6197,1,0
6198,1,800
6199,1,3120
6200,1,800
6201,1,117080
6202,1,120
6203,1,700
6204,1,6600
6205,1,3070
6206,1,3080
6207,1,940
6208,1,4920
6209,1,3200
6210,1,0
6211,1,940
6212,1,5040
6213,1,39340
6214,1,0
6215,1,7360
6216,1,1510
6217,1,240
6218,1,4880
6219,1,500000
6220,1,920
6221,1,22270
6222,1,420
6223,1,94880
6224,1,4430
6225,1,2800
6226,1,63160
6227,1,0
6228,1,610
6229,1,5320
6230,1,34500
6231,1,500000
6232,1,1580
6233,1,560
6234,1,500000
6235,1,2920
6236,1,800
6237,1,9000
6238,1,20940
6239,1,21360
6240,1,3000
6241,1,0
6242,1,33480
6243,1,9640
6244,1,18160
6245,1,24840
6246,1,240
6247,1,640
6248,1,160120
6249,1,140
6250,1,183840
6251,1,11200
6252,1,80
6253,1,56670
6254,1,1000
6255,1,600
6256,1,1100
6257,1,37880
6258,1,13160
6259,1,6180
6260,1,53810
6261,1,7560
6262,1,50900
6263,1,69940
6264,1,14660
6265,1,171840
6266,1,27400
6267,1,4840
6268,1,480
6269,1,254220
6270,1,480
6271,1,40
6272,1,25380
6273,1,12780
6274,1,1600
6275,1,2880
6276,1,0
6277,1,0
6278,1,3800
6279,1,8000
6280,1,5400
6281,1,61920
6282,1,62400
6283,1,2080
6284,1,19040
6285,1,12400
6286,1,100560
6287,1,180
6288,1,14060
6289,1,0
6290,1,17870
6291,1,7930
6292,1,3040
6293,1,72080
6294,1,2920
6295,1,2000
6296,1,304220
6297,1,400
6298,1,200
6299,1,16200
6300,1,34840
6301,1,1010
6302,1,160
6303,1,28350
6304,1,145320
6305,1,2790
6306,1,100580
6307,1,97400
6308,1,2460
6309,1,55000
6310,1,14780
6311,1,12870
6312,1,1200
6313,1,0
6314,1,3300
6315,1,6130
6316,1,6300
6317,1,1120
6318,1,14400
6319,1,1620
6320,1,5760
6321,1,6900
6322,1,11700
6323,1,12040
6324,1,0
6325,1,3660
6326,1,6220
6327,1,2140
6328,1,0
6329,1,31440
6330,1,80
6331,1,500000
6332,1,400
6333,1,2720
6334,1,0
6335,1,1320
6336,1,3560
6337,1,7640
6338,1,2040
6339,1,26560
6340,1,1520
6341,1,460
6342,1,2080
6343,1,20
6344,1,0
6345,1,52660
6346,1,5560
6347,1,13500
6348,1,3840
6349,1,3320
6350,1,6440
6351,1,1900
6352,1,120
6353,1,120
6354,1,13600
6355,1,111640
6356,1,43680
6357,1,220
6358,1,500000
6359,1,1200
6360,1,115940
6361,1,3060
6362,1,160
6363,1,0
6364,1,720
6365,1,12160
6366,1,11320
6367,1,7070
6368,1,2680
6369,1,10700
6370,1,4620
6371,1,1850
6372,1,35570
6373,1,6880
6374,1,500
6375,1,27680
6376,1,7920
6377,1,23750
6378,1,840
6379,1,24330
6380,1,5680
6381,1,0
6382,1,960
6383,1,134460
6384,1,390
6385,1,120
6386,1,120
6387,1,12800
6388,1,1520
6389,1,0
6390,1,2000
6391,1,1020
6392,1,64750
6393,1,480
6394,1,15720
6395,1,200
6396,1,40
6397,1,189190
6398,1,12480
6399,1,2000
6400,1,12760
6401,1,117000
6402,1,240
6403,1,40300
6404,1,360270
6405,1,8400
6406,1,1480
6407,1,24000
6408,1,720
6409,1,22920
6410,1,108100
6411,1,23880
6412,1,190
6413,1,120000
6414,1,15340
6415,1,17680
6416,1,2230
6417,1,121120
6418,1,7440
6419,1,6160
6420,1,160
6421,1,25740
6422,1,85780
6423,1,2200
6424,1,6040
6425,1,3200
6426,1,1900
6427,1,11040
6428,1,1040
6429,1,109280
6430,1,5250
6431,1,20080
6432,1,5600
6433,1,4320
6434,1,4200
6435,1,26080
6436,1,13500
6437,1,520
6438,1,11360
6439,1,156530
6440,1,2880
6441,1,65800
6442,1,74300
6443,1,43680
6444,1,59760
6445,1,0
6446,1,46720
6447,1,2440
6448,1,36220
6449,1,2140
6450,1,4820
6451,1,46960
6452,1,0
6453,1,92720
6454,1,500000
6455,1,7760
6456,1,10880
6457,1,40
6458,1,188320
6459,1,180
6460,1,200
6461,1,1880
6462,1,1020
6463,1,500000
6464,1,86680
6465,1,5080
6466,1,7300
6467,1,700
6468,1,5960
6469,1,87640
6470,1,0
6471,1,20
6472,1,2980
6473,1,6340
6474,1,1320
6475,1,12610
6476,1,500000
6477,1,15840
6478,1,3600
6479,1,480
6480,1,10100
6481,1,20720
6482,1,500
6483,1,0
6484,1,270700
6485,1,4120
6486,1,1060
6487,1,1520
6488,1,1860
6489,1,2640
6490,1,396240
6491,1,20050
6492,1,1780
6493,1,1480
6494,1,500000
6495,1,32000
6496,1,19200
6497,1,3800
6498,1,42660
6499,1,20140
6500,1,900
6501,1,47000
6502,1,3600
6503,1,109400
6504,1,101200
6505,1,1700
6506,1,6000
6507,1,160
6508,1,920
6509,1,960
6510,1,21900
6511,1,1210
6512,1,93440
6513,1,80
6514,1,19800
6515,1,1600
6516,1,40000
6517,1,570
6518,1,0
6519,1,3900
6520,1,8320
6521,1,235840
6522,1,14960
6523,1,640
6524,1,2700
6525,1,600
6526,1,42000
6527,1,8320
6528,1,1120
6529,1,0
6530,1,17340
6531,1,1700
6532,1,6780
6533,1,7280
6534,1,11820
6535,1,10000
6536,1,8720
6537,1,1600
6538,1,1520
6539,1,6350
6540,1,320
6541,1,1520
6542,1,19080
6543,1,4000
6544,1,6200
6545,1,2510
6546,1,7880
6547,1,1920
6548,1,51580
6549,1,1800
6550,1,520
6551,1,1460
6552,1,20
6553,1,126000
6554,1,12680
6555,1,5680
6556,1,9080
6557,1,88060
6558,1,423100
6559,1,23480
6560,1,4980
6561,1,20430
6562,1,0
6563,1,2740
6564,1,1600
6565,1,7680
6566,1,5570
6567,1,5760
6568,1,6760
6569,1,0
6570,1,10100
6571,1,6080
6572,1,5730
6573,1,10120
6574,1,13780
6575,1,61200
6576,1,5080
6577,1,6380
6578,1,21280
6579,1,4200
6580,1,1680
6581,1,980
6582,1,38400
6583,1,1060
6584,1,100840
6585,1,198320
6586,1,200
6587,1,6120
6588,1,10150
6589,1,80
6590,1,980
6591,1,9380
6592,1,55000
6593,1,3040
6594,1,850
6595,1,1800
6596,1,1840
6597,1,70
6598,1,0
6599,1,7200
6600,1,2480
6601,1,24080
6602,1,3240
6603,1,800
6604,1,980
6605,1,260
6606,1,860
6607,1,860
6608,1,11400
6609,1,1260
6610,1,2400
6611,1,4440
6612,1,2080
6613,1,18500
6614,1,98640
6615,1,215680
6616,1,9340
6617,1,4300
6618,1,1060
6619,1,0
6620,1,14360
6621,1,6960
6622,1,880
6623,1,1800
6624,1,300
6625,1,147280
6626,1,63040
6627,1,2700
6628,1,105250
6629,1,3040
6630,1,0
6631,1,57230
6632,1,20690
6633,1,35000
6634,1,0
6635,1,1600
6636,1,7570
6637,1,1120
6638,1,4720
6639,1,800
6640,1,2500
6641,1,31800
6642,1,28480
6643,1,150
6644,1,80
6645,1,1250
6646,1,400
6647,1,55500
6648,1,1780
6649,1,0
6650,1,0
6651,1,8320
6652,1,90910
6653,1,8930
6654,1,64400
6655,1,484500
6656,1,840
6657,1,11180
6658,1,1560
6659,1,5640
6660,1,24360
6661,1,620
6662,1,660
6663,1,1610
6664,1,11680
6665,1,560
6666,1,77840
6667,1,4690
6668,1,2540
6669,1,500000
6670,1,16120
6671,1,400
6672,1,99080
6673,1,23980
6674,1,52160
6675,1,457600
6676,1,1000
6677,1,640
6678,1,50
6679,1,1520
6680,1,2620
6681,1,0
6682,1,240
6683,1,12120
6684,1,1280
6685,1,670
6686,1,41320
6687,1,16640
6688,1,28080
6689,1,29740
6690,1,500000
6691,1,40
6692,1,12400
6693,1,66660
6694,1,19800
6695,1,500000
6696,1,700
6697,1,3570
6698,1,3360
6699,1,600
6700,1,1080
6701,1,0
6702,1,19400
6703,1,17300
6704,1,0
6705,1,60340
6706,1,16000
6707,1,299100
6708,1,194500
6709,1,0
6710,1,1880
6711,1,205400
6712,1,400
6713,1,9000
6714,1,0
6715,1,1140
6716,1,420
6717,1,15600
6718,1,41760
6719,1,1810
6720,1,1040
6721,1,2720
6722,1,80
6723,1,40
6724,1,27200
6725,1,6380
6726,1,4280
6727,1,31500
6728,1,200
6729,1,79440
6730,1,1280
6731,1,6440
6732,1,14400
6733,1,5080
6734,1,10880
6735,1,76840
6736,1,6600
6737,1,290
6738,1,500000
6739,1,1020
6740,1,2560
6741,1,92990
6742,1,42860
6743,1,14040
6744,1,2470
6745,1,68850
6746,1,42000
6747,1,15260
6748,1,45200
6749,1,1520
6750,1,6400
6751,1,63020
6752,1,560
6753,1,8480
6754,1,2780
6755,1,13400
6756,1,29920
6757,1,14860
6758,1,14360
6759,1,6840
6760,1,0
6761,1,217960
6762,1,0
6763,1,1320
6764,1,3680
6765,1,0
6766,1,21000
6767,1,200
6768,1,1200
6769,1,37480
6770,1,2480
6771,1,6500
6772,1,1440
6773,1,4880
6774,1,20
6775,1,122400
6776,1,50320
6777,1,280
6778,1,1880
6779,1,880
6780,1,111080
6781,1,400
6782,1,1290
6783,1,240
6784,1,1680
6785,1,260
6786,1,40260
6787,1,560
6788,1,8230
6789,1,4960
6790,1,46700
6791,1,7390
6792,1,40
6793,1,50080
6794,1,109960
6795,1,49650
6796,1,1720
6797,1,17200
6798,1,101940
6799,1,40270
6800,1,940
6801,1,47660
6802,1,22680
6803,1,4640
6804,1,41800
6805,1,4520
6806,1,24900
6807,1,9600
6808,1,164370
6809,1,10920
6810,1,29000
6811,1,1440
6812,1,60
6813,1,40
6814,1,0
6815,1,12000
6816,1,49720
6817,1,20640
6818,1,600
6819,1,76840
6820,1,87740
6821,1,0
6822,1,25120
6823,1,7680
6824,1,123840
6825,1,4180
6826,1,500000
6827,1,1920
6828,1,0
6829,1,40300
6830,1,320
6831,1,770
6832,1,840
6833,1,33000
6834,1,730
6835,1,60900
6836,1,3020
6837,1,109840
6838,1,1040
6839,1,180
6840,1,36220
6841,1,840
6842,1,6020
6843,1,0
6844,1,2820
6845,1,5140
6846,1,48960
6847,1,2240
6848,1,8980
6849,1,160
6850,1,9600
6851,1,4040
6852,1,49560
6853,1,1560
6854,1,80
6855,1,3000
6856,1,16480
6857,1,92260
6858,1,530
6859,1,10840
6860,1,500000
6861,1,78400
6862,1,46520
6863,1,0
6864,1,7760
6865,1,1020
6866,1,1840
6867,1,58540
6868,1,9160
6869,1,24680
6870,1,0
6871,1,500
6872,1,1740
6873,1,5600
6874,1,19940
6875,1,95220
6876,1,160
6877,1,3100
6878,1,520
6879,1,940
6880,1,3220
6881,1,10020
6882,1,11240
6883,1,2200
6884,1,2800
6885,1,160
6886,1,11720
6887,1,292750
6888,1,10060
6889,1,281480
6890,1,1420
6891,1,25150
6892,1,6000
6893,1,500000
6894,1,80
6895,1,1040
6896,1,0
6897,1,9800
6898,1,0
6899,1,6020
6900,1,280
6901,1,8960
6902,1,560
6903,1,5840
6904,1,2280
6905,1,2340
6906,1,228520
6907,1,2890
6908,1,1040
6909,1,3900
6910,1,600
6911,1,39140
6912,1,53760
6913,1,0
6914,1,1520
6915,1,3060
6916,1,40
6917,1,500
6918,1,580
6919,1,4480
6920,1,600
6921,1,101930
6922,1,8380
6923,1,3260
6924,1,14780
6925,1,36400
6926,1,16040
6927,1,60
6928,1,156000
6929,1,1180
6930,1,3860
6931,1,15420
6932,1,39480
6933,1,0
6934,1,26920
6935,1,2720
6936,1,16620
6937,1,380
6938,1,2200
6939,1,15500
6940,1,1160
6941,1,1200
6942,1,2500
6943,1,7260
6944,1,1720
6945,1,3620
6946,1,1000
6947,1,42630
6948,1,20000
6949,1,5260
6950,1,800
6951,1,3420
6952,1,8320
6953,1,1200
6954,1,29400
6955,1,13760
6956,1,80
6957,1,3720
6958,1,3780
6959,1,25120
6960,1,12800
6961,1,1380
6962,1,7690
6963,1,900
6964,1,6720
6965,1,11040
6966,1,2880
6967,1,160
6968,1,480
6969,1,5000
6970,1,8120
6971,1,500000
6972,1,61460
6973,1,12980
6974,1,3900
6975,1,520
6976,1,0
6977,1,340
6978,1,234000
6979,1,140
6980,1,6560
6981,1,2420
6982,1,39340
6983,1,700
6984,1,49540
6985,1,3520
6986,1,22440
6987,1,460
6988,1,2000
6989,1,14760
6990,1,45440
6991,1,1420
6992,1,470
6993,1,2200
6994,1,0
6995,1,1440
6996,1,80
6997,1,25640
6998,1,40
6999,1,1800
7000,1,800
7001,1,1600
7002,1,0
7003,1,2400
7004,1,7500
7005,1,233900
7006,1,9680
7007,1,2040
7008,1,19800
7009,1,3180
7010,1,1720
7011,1,9480
7012,1,304080
7013,1,9440
7014,1,1220
7015,1,4010
7016,1,30000
7017,1,740
7018,1,6400
7019,1,40880
7020,1,380
7021,1,1180
7022,1,0
7023,1,30180
7024,1,500000
7025,1,600
7026,1,1800
7027,1,19190
7028,1,256780
7029,1,960
7030,1,0
7031,1,500000
7032,1,200
7033,1,12160
7034,1,29740
7035,1,800
7036,1,560
7037,1,20420
7038,1,500000
7039,1,38780
7040,1,12540
7041,1,500
7042,1,1620
7043,1,2900
7044,1,7400
7045,1,18040
7046,1,0
7047,1,17860
7048,1,7320
7049,1,120
7050,1,80320
7051,1,330
7052,1,8440
7053,1,400
7054,1,500
7055,1,2040
7056,1,7680
7057,1,200
7058,1,1520
7059,1,65800
7060,1,3810
7061,1,1160
7062,1,248480
7063,1,2400
7064,1,6600
7065,1,8000
7066,1,28520
7067,1,0
7068,1,0
7069,1,2780
7070,1,2640
7071,1,6470
7072,1,46970
7073,1,4160
7074,1,1560
7075,1,0
7076,1,27000
7077,1,2200
7078,1,202740
7079,1,3280
7080,1,1940
7081,1,67500
7082,1,2960
7083,1,5200
7084,1,4610
7085,1,0
7086,1,2000
7087,1,1280
7088,1,400
7089,1,21560
7090,1,4100
7091,1,19960
7092,1,1720
7093,1,14420
7094,1,412380
7095,1,600
7096,1,1540
7097,1,1620
7098,1,11040
7099,1,160
7100,1,100
7101,1,9000
7102,1,9500
7103,1,3340
7104,1,1580
7105,1,55740
7106,1,10
7107,1,7380
7108,1,160
7109,1,360
7110,1,5000
7111,1,0
7112,1,40
7113,1,100
7114,1,8450
7115,1,1000
7116,1,700
7117,1,1160
7118,1,18460
7119,1,9920
7120,1,9380
7121,1,0
7122,1,32640
7123,1,4820
7124,1,250
7125,1,11160
7126,1,79280
7127,1,62560
7128,1,265800
7129,1,12160
7130,1,9500
7131,1,1200
7132,1,3800
7133,1,11280
7134,1,0
7135,1,3000
7136,1,5220
7137,1,5700
7138,1,1840
7139,1,4800
7140,1,3600
7141,1,640
7142,1,0
7143,1,5920
7144,1,8280
7145,1,11900
7146,1,12400
7147,1,1800
7148,1,14700
7149,1,44940
7150,1,6720
7151,1,500000
7152,1,3020
7153,1,800
7154,1,8580
7155,1,780
7156,1,266710
7157,1,0
7158,1,22080
7159,1,197980
7160,1,46440
7161,1,7500
7162,1,8760
7163,1,49670
7164,1,760
7165,1,6780
7166,1,4220
7167,1,500000
7168,1,2960
7169,1,460
7170,1,22300
7171,1,1680
7172,1,0
7173,1,430
7174,1,360
7175,1,1280
7176,1,2480
7177,1,2500
7178,1,0
7179,1,800
7180,1,4460
7181,1,40
7182,1,400
7183,1,3200
7184,1,7230
7185,1,213600
7186,1,13880
7187,1,50100
7188,1,26700
7189,1,3880
7190,1,4580
7191,1,0
7192,1,89560
7193,1,1320
7194,1,16200
7195,1,7200
7196,1,0
7197,1,8360
7198,1,11380
7199,1,0
7200,1,37800
7201,1,11360
7202,1,150160
7203,1,2900
7204,1,56100
7205,1,1200
7206,1,200
7207,1,34200
7208,1,1400
7209,1,13180
7210,1,1220
7211,1,7560
7212,1,1960
7213,1,0
7214,1,3040
7215,1,5400
7216,1,1720
7217,1,6600
7218,1,7340
7219,1,38400
7220,1,24560
7221,1,820
7222,1,26960
7223,1,66180
7224,1,0
7225,1,3720
7226,1,88080
7227,1,14920
7228,1,0
7229,1,14500
7230,1,18400
7231,1,1460
7232,1,31290
7233,1,0
7234,1,40
7235,1,10620
7236,1,320
7237,1,16040
7238,1,193960
7239,1,0
7240,1,11080
7241,1,5030
7242,1,6440
7243,1,11320
7244,1,40
7245,1,0
7246,1,119580
7247,1,20090
7248,1,20210
7249,1,550
7250,1,2380
7251,1,4900
7252,1,45840
7253,1,205460
7254,1,79400
7255,1,402240
7256,1,0
7257,1,500000
7258,1,9100
7259,1,9160
7260,1,11320
7261,1,6500
7262,1,660
7263,1,57780
7264,1,2580
7265,1,3340
7266,1,3120
7267,1,1200
7268,1,820
7269,1,360
7270,1,115960
7271,1,218380
7272,1,4880
7273,1,500000
7274,1,500000
7275,1,156400
7276,1,560
7277,1,100
7278,1,10920
7279,1,17530
7280,1,235040
7281,1,119460
7282,1,1950
7283,1,17600
7284,1,50
7285,1,2080
7286,1,80
7287,1,500000
7288,1,3240
7289,1,380
7290,1,700
7291,1,19000
7292,1,5240
7293,1,14460
7294,1,32000
7295,1,850
7296,1,1670
7297,1,400
7298,1,620
7299,1,270000
7300,1,0
7301,1,22720
7302,1,1040
7303,1,5260
7304,1,7000
7305,1,0
7306,1,320
7307,1,0
7308,1,1600
7309,1,185260
7310,1,70560
7311,1,900
7312,1,240
7313,1,920
7314,1,67900
7315,1,9160
7316,1,2940
7317,1,32780
7318,1,560
7319,1,5820
7320,1,68180
7321,1,1860
7322,1,2630
7323,1,33100
7324,1,7560
7325,1,24080
7326,1,27650
7327,1,1560
7328,1,14840
7329,1,2400
7330,1,3040
7331,1,11100
7332,1,1440
7333,1,2400
7334,1,9500
7335,1,0
7336,1,33610
7337,1,180
7338,1,11340
7339,1,0
7340,1,1200
7341,1,11870
7342,1,17320
7343,1,0
7344,1,9480
7345,1,80
7346,1,0
7347,1,21980
7348,1,80000
7349,1,117480
7350,1,32400
7351,1,1980
7352,1,149200
7353,1,81400
7354,1,8840
7355,1,320
7356,1,600
7357,1,48760
7358,1,200
7359,1,920
7360,1,1450
7361,1,180
7362,1,13840
7363,1,91720
7364,1,0
7365,1,680
7366,1,54740
7367,1,39200
7368,1,2920
7369,1,80
7370,1,2680
7371,1,160
7372,1,27380
7373,1,4800
7374,1,129720
7375,1,61180
7376,1,25220
7377,1,3200
7378,1,0
7379,1,160
7380,1,39040
7381,1,0
7382,1,44380
7383,1,4820
7384,1,20720
7385,1,21160
7386,1,48010
7387,1,440
7388,1,86340
7389,1,15250
7390,1,433400
7391,1,120
7392,1,11580
7393,1,5480
7394,1,8900
7395,1,980
7396,1,140
7397,1,59100
7398,1,100
7399,1,120
7400,1,39000
7401,1,17960
7402,1,13400
7403,1,0
7404,1,3000
7405,1,50
7406,1,1760
7407,1,179610
7408,1,61440
7409,1,65160
7410,1,36500
7411,1,36310
7412,1,500000
7413,1,11000
7414,1,440
7415,1,16240
7416,1,160
7417,1,200
7418,1,30300
7419,1,1070
7420,1,3020
7421,1,34880
7422,1,1080
7423,1,2320
7424,1,360
7425,1,5120
7426,1,432900
7427,1,40
7428,1,6610
7429,1,45360
7430,1,2400
7431,1,840
7432,1,360
7433,1,100
7434,1,1600
7435,1,2240
7436,1,80
7437,1,6120
7438,1,6370
7439,1,3170
7440,1,34700
7441,1,320
7442,1,9520
7443,1,26020
7444,1,2560
7445,1,580
7446,1,67180
7447,1,0
7448,1,12850
7449,1,1560
7450,1,1640
7451,1,1200
7452,1,0
7453,1,560
7454,1,8740
7455,1,1400
7456,1,1040
7457,1,10020
7458,1,19980
7459,1,0
7460,1,13840
7461,1,1560
7462,1,760
7463,1,180
7464,1,216000
7465,1,6080
7466,1,4400
7467,1,0
7468,1,820
7469,1,29610
7470,1,4840
7471,1,500000
7472,1,6850
7473,1,120
7474,1,15120
7475,1,1290
7476,1,80
7477,1,3200
7478,1,0
7479,1,3820
7480,1,560
7481,1,5960
7482,1,820
7483,1,52880
7484,1,480
7485,1,520
7486,1,9780
7487,1,1700
7488,1,11040
7489,1,0
7490,1,6080
7491,1,8000
7492,1,1300
7493,1,0
7494,1,40
7495,1,380
7496,1,2200
7497,1,1800
7498,1,770
7499,1,1570
7500,1,4680
7501,1,0
7502,1,1400
7503,1,680
7504,1,51180
7505,1,80
7506,1,100
7507,1,160
7508,1,11650
7509,1,720
7510,1,47910
7511,1,500000
7512,1,388980
7513,1,15160
7514,1,22840
7515,1,500000
7516,1,3600
7517,1,82650
7518,1,145340
7519,1,80
7520,1,420
7521,1,55120
7522,1,240
7523,1,42000
7524,1,1380
7525,1,97970
7526,1,0
7527,1,11040
7528,1,33040
7529,1,18080
7530,1,200
7531,1,5510
7532,1,1960
7533,1,0
7534,1,1840
7535,1,11410
7536,1,4960
7537,1,10400
7538,1,7720
7539,1,1740
7540,1,457840
7541,1,10320
7542,1,20
7543,1,0
7544,1,6360
7545,1,680
7546,1,500000
7547,1,20040
7548,1,17340
7549,1,500
7550,1,560
7551,1,67760
7552,1,48240
7553,1,5080
7554,1,0
7555,1,340
7556,1,4010
7557,1,1930
7558,1,4860
7559,1,50980
7560,1,75640
7561,1,16800
7562,1,12760
7563,1,10240
7564,1,1230
7565,1,490
7566,1,115280
7567,1,0
7568,1,23220
7569,1,5070
7570,1,58560
7571,1,241150
7572,1,1640
7573,1,9400
7574,1,100
7575,1,80
7576,1,800
7577,1,37260
7578,1,152040
7579,1,220720
7580,1,570
7581,1,6240
7582,1,32400
7583,1,2400
7584,1,48000
7585,1,16710
7586,1,1720
7587,1,2600
7588,1,116680
7589,1,660
7590,1,2680
7591,1,383240
7592,1,425040
7593,1,1120
7594,1,10720
7595,1,1560
7596,1,420
7597,1,7280
7598,1,3280
7599,1,18080
7600,1,9520
7601,1,86400
7602,1,180
7603,1,1140
7604,1,1460
7605,1,0
7606,1,2740
7607,1,6900
7608,1,32920
7609,1,640
7610,1,3520
7611,1,3440
7612,1,720
7613,1,0
7614,1,54720
7615,1,0
7616,1,500000
7617,1,800
7618,1,120
7619,1,15780
7620,1,440
7621,1,500000
7622,1,450
7623,1,19400
7624,1,38110
7625,1,3000
7626,1,6880
7627,1,29560
7628,1,800
7629,1,760
7630,1,4800
7631,1,0
7632,1,2960
7633,1,8040
7634,1,600
7635,1,5400
7636,1,4740
7637,1,380
7638,1,6780
7639,1,12440
7640,1,99210
7641,1,320
7642,1,13860
7643,1,4500
7644,1,45480
7645,1,560
7646,1,1280
7647,1,20700
7648,1,100
7649,1,4000
7650,1,1200
7651,1,5080
7652,1,0
7653,1,0
7654,1,4560
7655,1,100
7656,1,4680
7657,1,800
7658,1,6900
7659,1,720
7660,1,13100
7661,1,0
7662,1,98470
7663,1,5640
7664,1,60880
7665,1,6160
7666,1,12580
7667,1,9720
7668,1,0
7669,1,4780
7670,1,120
7671,1,840
7672,1,12000
7673,1,317280
7674,1,3220
7675,1,1140
7676,1,750
7677,1,122380
7678,1,1200
7679,1,5260
7680,1,21760
7681,1,205160
7682,1,8260
7683,1,100
7684,1,31920
7685,1,18480
7686,1,0
7687,1,2500
7688,1,20
7689,1,840
7690,1,102000
7691,1,21700
7692,1,51840
7693,1,10000
7694,1,740
7695,1,560
7696,1,0
7697,1,13040
7698,1,13980
7699,1,18680
7700,1,7840
7701,1,9600
7702,1,6100
7703,1,46560
7704,1,68420
7705,1,41720
7706,1,12700
7707,1,35520
7708,1,40
7709,1,5400
7710,1,800
7711,1,17050
7712,1,120
7713,1,95120
7714,1,120
7715,1,32020
7716,1,0
7717,1,5110
7718,1,3990
7719,1,140400
7720,1,5420
7721,1,680
7722,1,33570
7723,1,37900
7724,1,2080
7725,1,240
7726,1,43520
7727,1,5290
7728,1,59400
7729,1,260
7730,1,9040
7731,1,32480
7732,1,2320
7733,1,0
7734,1,12740
7735,1,40
7736,1,320
7737,1,2200
7738,1,22000
7739,1,440
7740,1,86180
7741,1,500000
7742,1,12880
7743,1,1240
7744,1,129600
7745,1,54800
7746,1,20120
7747,1,3040
7748,1,900
7749,1,240
7750,1,11300
7751,1,500
7752,1,600
7753,1,4400
7754,1,4000
7755,1,160
7756,1,1020
7757,1,6600
7758,1,10500
7759,1,1800
7760,1,32640
7761,1,19360
7762,1,168260
7763,1,5780
7764,1,2920
7765,1,460
7766,1,68720
7767,1,432160
7768,1,1200
7769,1,2080
7770,1,0
7771,1,14440
7772,1,880
7773,1,6880
7774,1,16660
7775,1,6720
7776,1,24160
7777,1,14400
7778,1,5920
7779,1,2410
7780,1,108000
7781,1,320
7782,1,7600
7783,1,0
7784,1,1100
7785,1,4700
7786,1,9300
7787,1,49500
7788,1,13780
7789,1,14820
7790,1,1820
7791,1,600
7792,1,50420
7793,1,44530
7794,1,2700
7795,1,32400
7796,1,17420
7797,1,4840
7798,1,320
7799,1,12600
7800,1,4400
7801,1,2600
7802,1,2570
7803,1,15440
7804,1,84840
7805,1,16440
7806,1,20600
7807,1,9200
7808,1,400
7809,1,240
7810,1,1500
7811,1,4400
7812,1,420
7813,1,6160
7814,1,80
7815,1,20
7816,1,2920
7817,1,54900
7818,1,11440
7819,1,3640
7820,1,29200
7821,1,10700
7822,1,2960
7823,1,8540
7824,1,500000
7825,1,120280
7826,1,9360
7827,1,160
7828,1,6500
7829,1,72260
7830,1,80
7831,1,6500
7832,1,600
7833,1,28120
7834,1,160
7835,1,12630
7836,1,0
7837,1,9760
7838,1,12750
7839,1,35560
7840,1,2130
7841,1,9120
7842,1,0
7843,1,1600
7844,1,2060
7845,1,166200
7846,1,800
7847,1,151200
7848,1,240
7849,1,3900
7850,1,38160
7851,1,0
7852,1,13200
7853,1,1560
7854,1,19180
7855,1,9870
7856,1,8200
7857,1,5000
7858,1,103810
7859,1,4160
7860,1,300
7861,1,1280
7862,1,12760
7863,1,6720
7864,1,54240
7865,1,370
7866,1,18080
7867,1,360
7868,1,7000
7869,1,9540
7870,1,15980
7871,1,2040
7872,1,40
7873,1,19840
7874,1,500000
7875,1,200
7876,1,580
7877,1,2080
7878,1,11050
7879,1,4100
7880,1,1240
7881,1,4640
7882,1,5700
7883,1,2240
7884,1,5880
7885,1,8330
7886,1,2880
7887,1,120
7888,1,1800
7889,1,1100
7890,1,8620
7891,1,4740
7892,1,280
7893,1,1380
7894,1,16800
7895,1,2800
7896,1,520
7897,1,9060
7898,1,174640
7899,1,200
7900,1,24360
7901,1,7630
7902,1,14480
7903,1,4500
7904,1,0
7905,1,36750
7906,1,18080
7907,1,0
7908,1,2340
7909,1,100
7910,1,0
7911,1,96680
7912,1,280
7913,1,10560
7914,1,15540
7915,1,360
7916,1,4040
7917,1,14320
7918,1,4000
7919,1,351540
7920,1,8780
7921,1,5080
7922,1,3280
7923,1,17270
7924,1,8170
7925,1,1300
7926,1,319100
7927,1,4400
7928,1,920
7929,1,50400
7930,1,1740
7931,1,14800
7932,1,200
7933,1,5840
7934,1,0
7935,1,300
7936,1,2240
7937,1,177400
7938,1,400
7939,1,87740
7940,1,0
7941,1,160
7942,1,120
7943,1,2350
7944,1,6960
7945,1,16760
7946,1,1680
7947,1,8100
7948,1,57200
7949,1,500
7950,1,240
7951,1,121680
7952,1,10440
7953,1,5600
7954,1,520
7955,1,73210
7956,1,9960
7957,1,205520
7958,1,4160
7959,1,0
7960,1,50
7961,1,33130
7962,1,168360
7963,1,3760
7964,1,1200
7965,1,70
7966,1,12200
7967,1,0
7968,1,13890
7969,1,280
7970,1,450
7971,1,52200
7972,1,26000
7973,1,6120
7974,1,0
7975,1,4000
7976,1,21400
7977,1,680
7978,1,4800
7979,1,28760
7980,1,58680
7981,1,240
7982,1,22240
7983,1,0
7984,1,98240
7985,1,3640
7986,1,2920
7987,1,22000
7988,1,45640
7989,1,7990
7990,1,46300
7991,1,66680
7992,1,11520
7993,1,25460
7994,1,58780
7995,1,9000
7996,1,20350
7997,1,100800
7998,1,19620
7999,1,5400
8000,1,22560
8001,1,280
8002,1,1730
8003,1,1600
8004,1,480
8005,1,491480
8006,1,422880
8007,1,6060
8008,1,39360
8009,1,120
8010,1,260
8011,1,500000
8012,1,10800
8013,1,85800
8014,1,0
8015,1,9000
8016,1,0
8017,1,0
8018,1,210
8019,1,6780
8020,1,270
8021,1,8240
8022,1,18780
8023,1,500000
8024,1,0
8025,1,10500
8026,1,240
8027,1,0
8028,1,2160
8029,1,320
8030,1,740
8031,1,21700
8032,1,12080
8033,1,24600
8034,1,920
8035,1,500000
8036,1,9680
8037,1,4280
8038,1,44220
8039,1,6000
8040,1,160
8041,1,11200
8042,1,720
8043,1,21780
8044,1,2750
8045,1,1600
8046,1,0
8047,1,520
8048,1,106770
8049,1,13640
8050,1,5700
8051,1,1080
8052,1,4800
8053,1,33170
8054,1,24400
8055,1,2360
8056,1,4160
8057,1,4040
8058,1,473210
8059,1,5360
8060,1,960
8061,1,18250
8062,1,2380
8063,1,0
8064,1,160240
8065,1,13200
8066,1,1540
8067,1,500000
8068,1,2520
8069,1,1940
8070,1,7600
8071,1,2850
8072,1,17720
8073,1,0
8074,1,35750
8075,1,21100
8076,1,4000
8077,1,1580
8078,1,1600
8079,1,800
8080,1,37280
8081,1,2480
8082,1,500000
8083,1,13500
8084,1,640
8085,1,168260
8086,1,160
8087,1,25740
8088,1,500
8089,1,2480
8090,1,1190
8091,1,1910
8092,1,72410
8093,1,13340
8094,1,4100
8095,1,7200
8096,1,1360
8097,1,6410
8098,1,115300
8099,1,7200
8100,1,1180
8101,1,240
8102,1,36600
8103,1,3000
8104,1,14780
8105,1,12280
8106,1,2280
8107,1,4330
8108,1,108000
8109,1,6800
8110,1,35280
8111,1,6360
8112,1,2800
8113,1,3760
8114,1,30
8115,1,17330
8116,1,320
8117,1,660
8118,1,90000
8119,1,108600
8120,1,0
8121,1,240
8122,1,92370
8123,1,960
8124,1,1120
8125,1,32000
8126,1,1200
8127,1,25560
8128,1,3600
8129,1,45200
8130,1,560
8131,1,9000
8132,1,560
8133,1,16350
8134,1,14880
8135,1,10280
8136,1,11660
8137,1,201920
8138,1,640
8139,1,720
8140,1,3100
8141,1,259200
8142,1,9400
8143,1,1420
8144,1,285720
8145,1,710
8146,1,23120
8147,1,0
8148,1,26640
8149,1,480
8150,1,1680
8151,1,5720
8152,1,14000
8153,1,12140
8154,1,349420
8155,1,14980
8156,1,4980
8157,1,84420
8158,1,184900
8159,1,9320
8160,1,160
8161,1,560
8162,1,20900
8163,1,0
8164,1,78680
8165,1,23060
8166,1,11330
8167,1,21620
8168,1,420
8169,1,1900
8170,1,8000
8171,1,3520
8172,1,4460
8173,1,620
8174,1,7540
8175,1,2400
8176,1,6900
8177,1,16480
8178,1,200
8179,1,20
8180,1,80640
8181,1,4280
8182,1,4560
8183,1,0
8184,1,34450
8185,1,1200
8186,1,3480
8187,1,4360
8188,1,28460
8189,1,7240
8190,1,2410
8191,1,12470
8192,1,40
8193,1,340
8194,1,35400
8195,1,960
8196,1,210
8197,1,360
8198,1,4350
8199,1,2700
8200,1,500000
8201,1,2020
8202,1,50
8203,1,300
8204,1,2590
8205,1,3640
8206,1,1440
8207,1,89680
8208,1,280
8209,1,4480
8210,1,470
8211,1,1520
8212,1,7440
8213,1,1980
8214,1,140
8215,1,1240
8216,1,1120
8217,1,100
8218,1,17320
8219,1,7040
8220,1,500000
8221,1,11280
8222,1,1020
8223,1,7040
8224,1,2160
8225,1,360
8226,1,320
8227,1,0
8228,1,500000
8229,1,34240
8230,1,8800
8231,1,0
8232,1,3900
8233,1,36660
8234,1,4580
8235,1,8050
8236,1,15000
8237,1,2000
8238,1,13460
8239,1,0
8240,1,240
8241,1,33620
8242,1,320
8243,1,580
8244,1,280
8245,1,14020
8246,1,2110
8247,1,4040
8248,1,81000
8249,1,1160
8250,1,13960
8251,1,560
8252,1,6400
8253,1,0
8254,1,10000
8255,1,0
8256,1,640
8257,1,5580
8258,1,880
8259,1,8740
8260,1,4300
8261,1,25250
8262,1,1660
8263,1,6230
8264,1,21960
8265,1,7690
8266,1,1400
8267,1,120
8268,1,10000
8269,1,440
8270,1,640
8271,1,1530
8272,1,1180
8273,1,20240
8274,1,0
8275,1,0
8276,1,720
8277,1,32800
8278,1,6520
8279,1,13200
8280,1,40
8281,1,400
8282,1,1050
8283,1,16700
8284,1,9730
8285,1,80
8286,1,144020
8287,1,1380
8288,1,3180
8289,1,7900
8290,1,45120
8291,1,85010
8292,1,77100
8293,1,28940
8294,1,23890
8295,1,2600
8296,1,0
8297,1,4520
8298,1,29480
8299,1,6960
8300,1,7280
8301,1,1240
8302,1,26890
8303,1,210640
8304,1,37200
8305,1,3220
8306,1,1800
8307,1,29520
8308,1,500000
8309,1,6200
8310,1,79600
8311,1,1180
8312,1,4140
8313,1,4740
8314,1,58500
8315,1,260
8316,1,200
8317,1,60
8318,1,1000
8319,1,4840
8320,1,3000
8321,1,8640
8322,1,3760
8323,1,2100
8324,1,3080
8325,1,131490
8326,1,1420
8327,1,4940
8328,1,1200
8329,1,35120
8330,1,5440
8331,1,440
8332,1,1800
8333,1,0
8334,1,800
8335,1,33910
8336,1,400
8337,1,299800
8338,1,64710
8339,1,200
8340,1,22960
8341,1,12320
8342,1,2000
8343,1,36740
8344,1,83880
8345,1,46340
8346,1,2520
8347,1,560
8348,1,9400
8349,1,4400
8350,1,20160
8351,1,8080
8352,1,3700
8353,1,29960
8354,1,1920
8355,1,0
8356,1,2880
8357,1,176080
8358,1,3600
8359,1,199880
8360,1,1460
8361,1,12680
8362,1,23400
8363,1,45670
8364,1,4200
8365,1,15480
8366,1,14580
8367,1,500000
8368,1,2720
8369,1,221640
8370,1,1580
8371,1,780
8372,1,0
8373,1,7900
8374,1,8480
8375,1,2000
8376,1,400
8377,1,8280
8378,1,199040
8379,1,104720
8380,1,20320
8381,1,7500
8382,1,34520
8383,1,160
8384,1,2120
8385,1,1640
8386,1,300
8387,1,176920
8388,1,201240
8389,1,196600
8390,1,4910
8391,1,18080
8392,1,9500
8393,1,52960
8394,1,6600
8395,1,10540
8396,1,26980
8397,1,2100
8398,1,5610
8399,1,500000
8400,1,200
8401,1,0
8402,1,43260
8403,1,36220
8404,1,9000
8405,1,260
8406,1,2540
8407,1,6520
8408,1,2400
8409,1,8120
8410,1,740
8411,1,34530
8412,1,83880
8413,1,600
8414,1,80
8415,1,6280
8416,1,152040
8417,1,40
8418,1,200
8419,1,200
8420,1,5800
8421,1,4680
8422,1,24600
8423,1,6040
8424,1,161170
8425,1,208100
8426,1,14400
8427,1,40
8428,1,0
8429,1,800
8430,1,18940
8431,1,400
8432,1,120
8433,1,1600
8434,1,50
8435,1,1400
8436,1,320
8437,1,0
8438,1,3870
8439,1,1500
8440,1,2620
8441,1,200
8442,1,52910
8443,1,10520
8444,1,320
8445,1,20
8446,1,340
8447,1,2720
8448,1,6900
8449,1,3900
8450,1,200
8451,1,80
8452,1,16040
8453,1,115300
8454,1,416320
8455,1,160
8456,1,1920
8457,1,40000
8458,1,1540
8459,1,61680
8460,1,1400
8461,1,29120
8462,1,0
8463,1,0
8464,1,5580
8465,1,720
8466,1,161920
8467,1,11520
8468,1,2670
8469,1,1760
8470,1,10480
8471,1,420
8472,1,17540
8473,1,4780
8474,1,27540
8475,1,2440
8476,1,13220
8477,1,360
8478,1,143160
8479,1,1200
8480,1,600
8481,1,8640
8482,1,1960
8483,1,10880
8484,1,31390
8485,1,6600
8486,1,394380
8487,1,2480
8488,1,11120
8489,1,46580
8490,1,500
8491,1,6280
8492,1,5630
8493,1,0
8494,1,690
8495,1,3640
8496,1,239420
8497,1,15890
8498,1,5120
8499,1,35980
8500,1,7640
8501,1,10460
8502,1,11380
8503,1,44640
8504,1,100
8505,1,760
8506,1,6420
8507,1,560
8508,1,35940
8509,1,97220
8510,1,51300
8511,1,30260
8512,1,160
8513,1,6010
8514,1,116770
8515,1,53280
8516,1,1280
8517,1,0
8518,1,92070
8519,1,0
8520,1,520
8521,1,129800
8522,1,25240
8523,1,200
8524,1,760
8525,1,0
8526,1,268800
8527,1,560
8528,1,6000
8529,1,1320
8530,1,2720
8531,1,1020
8532,1,0
8533,1,500000
8534,1,11990
8535,1,240
8536,1,40300
8537,1,78540
8538,1,3800
8539,1,1340
8540,1,14480
8541,1,80
8542,1,9530
8543,1,0
8544,1,10290
8545,1,1620
8546,1,7400
8547,1,13280
8548,1,8480
8549,1,5400
8550,1,9640
8551,1,100000
8552,1,27160
8553,1,43840
8554,1,240
8555,1,240
8556,1,7800
8557,1,1800
8558,1,82660
8559,1,1520
8560,1,1350
8561,1,0
8562,1,3580
8563,1,11000
8564,1,28820
8565,1,0
8566,1,163640
8567,1,26720
8568,1,0
8569,1,5000
8570,1,1600
8571,1,1380
8572,1,500000
8573,1,34470
8574,1,1980
8575,1,100
8576,1,34640
8577,1,17160
8578,1,2780
8579,1,34400
8580,1,1080
8581,1,37940
8582,1,32240
8583,1,450
8584,1,2740
8585,1,1100
8586,1,240
8587,1,1050
8588,1,1680
8589,1,2800
8590,1,200
8591,1,119820
8592,1,75920
8593,1,4280
8594,1,9320
8595,1,1400
8596,1,1720
8597,1,14440
8598,1,2350
8599,1,6960
8600,1,43260
8601,1,13800
8602,1,14930
8603,1,80
8604,1,640
8605,1,3040
8606,1,9580
8607,1,16800
8608,1,6620
8609,1,640
8610,1,73940
8611,1,760
8612,1,4390
8613,1,2220
8614,1,800
8615,1,0
8616,1,11520
8617,1,29180
8618,1,320
8619,1,98880
8620,1,64240
8621,1,20000
8622,1,16920
8623,1,53180
8624,1,2000
8625,1,120
8626,1,85920
8627,1,11200
8628,1,8600
8629,1,2560
8630,1,1480
8631,1,26440
8632,1,0
8633,1,1260
8634,1,1760
8635,1,5840
8636,1,30560
8637,1,1780
8638,1,0
8639,1,2160
8640,1,3600
8641,1,2750
8642,1,16000
8643,1,0
8644,1,800
8645,1,6640
8646,1,27060
8647,1,2120
8648,1,3400
8649,1,780
8650,1,221040
8651,1,231920
8652,1,500000
8653,1,14920
8654,1,20300
8655,1,23740
8656,1,500
8657,1,26800
8658,1,40760
8659,1,400
8660,1,19580
8661,1,1980
8662,1,25120
8663,1,8160
8664,1,48040
8665,1,65840
8666,1,3500
8667,1,160
8668,1,4560
8669,1,2400
8670,1,4800
8671,1,3040
8672,1,11760
8673,1,240
8674,1,26560
8675,1,0
8676,1,260
8677,1,1920
8678,1,1680
8679,1,440
8680,1,20760
8681,1,14100
8682,1,1600
8683,1,7780
8684,1,730
8685,1,320
8686,1,7920
8687,1,16680
8688,1,208100
8689,1,5000
8690,1,0
8691,1,310800
8692,1,7400
8693,1,3550
8694,1,5900
8695,1,80
8696,1,1000
8697,1,6360
8698,1,11340
8699,1,500000
8700,1,2560
8701,1,0
8702,1,2920
8703,1,30120
8704,1,5100
8705,1,500000
8706,1,114820
8707,1,86000
8708,1,31140
8709,1,320
8710,1,1200
8711,1,9780
8712,1,5600
8713,1,640
8714,1,103440
8715,1,83200
8716,1,23400
8717,1,25760
8718,1,720
8719,1,3780
8720,1,9000
8721,1,560
8722,1,180630
8723,1,8460
8724,1,3320
8725,1,15000
8726,1,720
8727,1,18260
8728,1,26540
8729,1,28200
8730,1,1120
8731,1,6500
8732,1,400
8733,1,480
8734,1,640
8735,1,710
8736,1,240
8737,1,17620
8738,1,13800
8739,1,4320
8740,1,15800
8741,1,89720
8742,1,40
8743,1,168600
8744,1,72260
8745,1,64080
8746,1,28520
8747,1,101600
8748,1,75770
8749,1,5920
8750,1,1080
8751,1,1420
8752,1,48160
8753,1,1600
8754,1,40
8755,1,4000
8756,1,9860
8757,1,500000
8758,1,920
8759,1,46290
8760,1,133080
8761,1,1160
8762,1,0
8763,1,11490
8764,1,25160
8765,1,1000
8766,1,42180
8767,1,160
8768,1,5280
8769,1,1560
8770,1,220
8771,1,40530
8772,1,1260
8773,1,19020
8774,1,8760
8775,1,11080
8776,1,19680
8777,1,4300
8778,1,760
8779,1,40
8780,1,700
8781,1,6800
8782,1,0
8783,1,1700
8784,1,2400
8785,1,47410
8786,1,4120
8787,1,13400
8788,1,80
8789,1,200
8790,1,320
8791,1,500000
8792,1,1360
8793,1,43380
8794,1,420
8795,1,80
8796,1,1540
8797,1,7200
8798,1,2200
8799,1,7150
8800,1,67360
8801,1,219560
8802,1,0
8803,1,300
8804,1,0
8805,1,3000
8806,1,580
8807,1,6660
8808,1,14680
8809,1,300
8810,1,14880
8811,1,6400
8812,1,3620
8813,1,2920
8814,1,480
8815,1,2500
8816,1,51320
8817,1,10980
8818,1,3490
8819,1,1040
8820,1,240
8821,1,26120
8822,1,0
8823,1,4580
8824,1,440
8825,1,11280
8826,1,5540
8827,1,111320
8828,1,0
8829,1,3850
8830,1,111860
8831,1,180320
8832,1,0
8833,1,720
8834,1,260210
8835,1,54780
8836,1,0
8837,1,10340
8838,1,3990
8839,1,760
8840,1,75690
8841,1,2160
8842,1,230
8843,1,4720
8844,1,770
8845,1,1450
8846,1,68580
8847,1,15800
8848,1,80
8849,1,2780
8850,1,8080
8851,1,16280
8852,1,9100
8853,1,0
8854,1,65980
8855,1,4200
8856,1,0
8857,1,720
8858,1,1730
8859,1,2080
8860,1,30220
8861,1,1000
8862,1,5360
8863,1,5040
8864,1,440
8865,1,20
8866,1,32760
8867,1,20400
8868,1,9120
8869,1,0
8870,1,11660
8871,1,115440
8872,1,12440
8873,1,24500
8874,1,6800
8875,1,2200
8876,1,1000
8877,1,520
8878,1,1920
8879,1,7200
8880,1,41080
8881,1,500000
8882,1,40
8883,1,40680
8884,1,240
8885,1,7860
8886,1,480
8887,1,1600
8888,1,7980
8889,1,6650
8890,1,160
8891,1,3320
8892,1,4620
8893,1,24000
8894,1,20740
8895,1,12970
8896,1,6000
8897,1,0
8898,1,200
8899,1,35160
8900,1,600
8901,1,4200
8902,1,9580
8903,1,120
8904,1,7460
8905,1,430
8906,1,44960
8907,1,18010
8908,1,2400
8909,1,1660
8910,1,1680
8911,1,16000
8912,1,1240
8913,1,2640
8914,1,1200
8915,1,500000
8916,1,44240
8917,1,690
8918,1,31800
8919,1,8320
8920,1,2520
8921,1,5000
8922,1,1500
8923,1,2380
8924,1,1080
8925,1,960
8926,1,22940
8927,1,640
8928,1,9720
8929,1,38050
8930,1,1280
8931,1,4120
8932,1,4960
8933,1,248080
8934,1,40
8935,1,7840
8936,1,220
8937,1,4800
8938,1,5520
8939,1,840
8940,1,2420
8941,1,160
8942,1,142950
8943,1,72540
8944,1,400
8945,1,220
8946,1,610
8947,1,23940
8948,1,49780
8949,1,360
8950,1,320
8951,1,94600
8952,1,480
8953,1,15600
8954,1,1820
8955,1,24650
8956,1,1960
8957,1,1800
8958,1,2240
8959,1,41390
8960,1,126080
8961,1,6300
8962,1,15350
8963,1,3760
8964,1,200
8965,1,16000
8966,1,13120
8967,1,10960
8968,1,180
8969,1,2600
8970,1,8000
8971,1,23820
8972,1,65080
8973,1,7200
8974,1,720
8975,1,2900
8976,1,5480
8977,1,25840
8978,1,1080
8979,1,1270
8980,1,1280
8981,1,0
8982,1,1900
8983,1,1200
8984,1,16400
8985,1,15920
8986,1,5680
8987,1,980
8988,1,12620
8989,1,12200
8990,1,100
8991,1,4320
8992,1,2830
8993,1,1420
8994,1,49780
8995,1,3780
8996,1,390
8997,1,166920
8998,1,1880
8999,1,3360
9000,1,1760
9001,1,4520
9002,1,31080
9003,1,2150
9004,1,20
9005,1,120
9006,1,0
9007,1,4800
9008,1,2200
9009,1,19960
9010,1,4500
9011,1,80
9012,1,52210
9013,1,540
9014,1,160
9015,1,400
9016,1,10000
9017,1,6000
9018,1,29560
9019,1,9680
9020,1,12000
9021,1,3940
9022,1,38240
9023,1,393600
9024,1,15160
9025,1,580
9026,1,1030
9027,1,100800
9028,1,14040
9029,1,13100
9030,1,1520
9031,1,8800
9032,1,25200
9033,1,2360
9034,1,2200
9035,1,14490
9036,1,3960
9037,1,480
9038,1,7730
9039,1,360
9040,1,2100
9041,1,180
9042,1,46090
9043,1,2460
9044,1,94800
9045,1,41240
9046,1,5680
9047,1,5160
9048,1,1860
9049,1,1120
9050,1,8000
9051,1,200
9052,1,500000
9053,1,1120
9054,1,1150
9055,1,280
9056,1,8240
9057,1,960
9058,1,75740
9059,1,12920
9060,1,0
9061,1,0
9062,1,690
9063,1,1260
9064,1,114400
9065,1,24200
9066,1,11600
9067,1,8320
9068,1,880
9069,1,360
9070,1,5760
9071,1,0
9072,1,1680
9073,1,19520
9074,1,960
9075,1,43480
9076,1,26080
9077,1,0
9078,1,264240
9079,1,3080
9080,1,220
9081,1,2760
9082,1,0
9083,1,4000
9084,1,28200
9085,1,0
9086,1,80
9087,1,1600
9088,1,10880
9089,1,8310
9090,1,49140
9091,1,860
9092,1,14020
9093,1,7650
9094,1,4280
9095,1,900
9096,1,49100
9097,1,100
9098,1,40
9099,1,100
9100,1,38600
9101,1,0
9102,1,7480
9103,1,240
9104,1,54000
9105,1,2900
9106,1,280
9107,1,41060
9108,1,6200
9109,1,18260
9110,1,1200
9111,1,100
9112,1,560
9113,1,4970
9114,1,2920
9115,1,5760
9116,1,1840
9117,1,560
9118,1,1300
9119,1,22070
9120,1,4330
9121,1,100
9122,1,240
9123,1,1200
9124,1,23040
9125,1,2000
9126,1,39900
9127,1,6840
9128,1,13320
9129,1,1960
9130,1,800
9131,1,86640
9132,1,380
9133,1,50760
9134,1,2000
9135,1,4100
9136,1,4800
9137,1,900
9138,1,35320
9139,1,360
9140,1,72960
9141,1,240
9142,1,0
9143,1,1400
9144,1,3210
9145,1,4280
9146,1,59400
9147,1,0
9148,1,14880
9149,1,120
9150,1,26280
9151,1,2600
9152,1,1120
9153,1,340
9154,1,940
9155,1,10560
9156,1,4700
9157,1,45000
9158,1,12600
9159,1,8940
9160,1,305180
9161,1,96880
9162,1,6000
9163,1,2360
9164,1,17080
9165,1,360
9166,1,3560
9167,1,117240
9168,1,13440
9169,1,4200
9170,1,1250
9171,1,33000
9172,1,56720
9173,1,12280
9174,1,6000
9175,1,1920
9176,1,12960
9177,1,1200
9178,1,30600
9179,1,5440
9180,1,38300
9181,1,6680
9182,1,7600
9183,1,30120
9184,1,1480
9185,1,2240
9186,1,93960
9187,1,3400
9188,1,1800
9189,1,1040
9190,1,200
9191,1,360
9192,1,50
9193,1,500000
9194,1,5360
9195,1,1280
9196,1,26780
9197,1,10800
9198,1,8930
9199,1,9640
9200,1,500000
9201,1,21780
9202,1,360
9203,1,0
9204,1,185520
9205,1,28760
9206,1,4320
9207,1,29620
9208,1,500
9209,1,2100
9210,1,1650
9211,1,3100
9212,1,720
9213,1,0
9214,1,2400
9215,1,1720
9216,1,3280
9217,1,0
9218,1,0
9219,1,180
9220,1,9920
9221,1,94860
9222,1,20240
9223,1,79980
9224,1,24580
9225,1,4660
9226,1,5740
9227,1,280660
9228,1,416040
9229,1,0
9230,1,720
9231,1,300
9232,1,2160
9233,1,560
9234,1,4650
9235,1,12600
9236,1,291680
9237,1,1920
9238,1,11620
9239,1,119480
9240,1,240
9241,1,28480
9242,1,13080
9243,1,10360
9244,1,200
9245,1,480
9246,1,2800
9247,1,640
9248,1,24620
9249,1,0
9250,1,40
9251,1,36960
9252,1,440
9253,1,15120
9254,1,20720
9255,1,500000
9256,1,380
9257,1,320
9258,1,1800
9259,1,240
9260,1,2180
9261,1,17160
9262,1,68160
9263,1,190440
9264,1,620
9265,1,400
9266,1,123520
9267,1,560
9268,1,1980
9269,1,120
9270,1,3200
9271,1,3980
9272,1,2700
9273,1,240
9274,1,0
9275,1,3360
9276,1,9100
9277,1,100
9278,1,12870
9279,1,240
9280,1,168240
9281,1,11260
9282,1,4660
9283,1,14880
9284,1,4800
9285,1,4000
9286,1,14320
9287,1,17350
9288,1,200
9289,1,33760
9290,1,1120
9291,1,500000
9292,1,39500
9293,1,91600
9294,1,10670
9295,1,14280
9296,1,2400
9297,1,1700
9298,1,10100
9299,1,7860
9300,1,3020
9301,1,1980
9302,1,1000
9303,1,65010
9304,1,7580
9305,1,32640
9306,1,26470
9307,1,1960
9308,1,2080
9309,1,10520
9310,1,0
9311,1,32520
9312,1,3160
9313,1,120
9314,1,36350
9315,1,17180
9316,1,540
9317,1,5700
9318,1,62400
9319,1,800
9320,1,6240
9321,1,500
9322,1,139160
9323,1,0
9324,1,52310
9325,1,76060
9326,1,56780
9327,1,420
9328,1,40
9329,1,9600
9330,1,21540
9331,1,128240
9332,1,4820
9333,1,4800
9334,1,13620
9335,1,9340
9336,1,5240
9337,1,32890
9338,1,13100
9339,1,13640
9340,1,840
9341,1,1970
9342,1,320
9343,1,88200
9344,1,32320
9345,1,0
9346,1,4560
9347,1,183680
9348,1,4820
9349,1,0
9350,1,0
9351,1,6750
9352,1,100
9353,1,1400
9354,1,5500
9355,1,100
9356,1,14040
9357,1,310
9358,1,0
9359,1,3240
9360,1,960
9361,1,246020
9362,1,260
9363,1,1620
9364,1,130010
9365,1,20480
9366,1,820
9367,1,24840
9368,1,6700
9369,1,43520
9370,1,220
9371,1,59400
9372,1,64000
9373,1,12000
9374,1,5640
9375,1,32080
9376,1,480
9377,1,10280
9378,1,21000
9379,1,80
9380,1,11500
9381,1,960
9382,1,244920
9383,1,160
9384,1,1440
9385,1,540
9386,1,12220
9387,1,0
9388,1,399900
9389,1,13940
9390,1,1700
9391,1,68100
9392,1,51000
9393,1,70180
9394,1,5640
9395,1,680
9396,1,80
9397,1,27100
9398,1,3400
9399,1,4200
9400,1,2460
9401,1,10140
9402,1,0
9403,1,960
9404,1,178300
9405,1,2160
9406,1,40
9407,1,45740
9408,1,1400
9409,1,2880
9410,1,49280
9411,1,5100
9412,1,44880
9413,1,1260
9414,1,16000
9415,1,7240
9416,1,4830
9417,1,5560
9418,1,4380
9419,1,320
9420,1,1080
9421,1,9600
9422,1,77350
9423,1,68600
9424,1,52400
9425,1,2520
9426,1,29240
9427,1,10050
9428,1,780
9429,1,0
9430,1,240
9431,1,80
9432,1,32640
9433,1,1000
9434,1,221200
9435,1,12620
9436,1,80480
9437,1,60
9438,1,25680
9439,1,6710
9440,1,0
9441,1,1300
9442,1,7610
9443,1,5260
9444,1,10320
9445,1,47600
9446,1,20240
9447,1,10100
9448,1,120
9449,1,10430
9450,1,4180
9451,1,100
9452,1,1280
9453,1,216260
9454,1,429200
9455,1,6360
9456,1,33990
9457,1,1800
9458,1,500000
9459,1,8960
9460,1,80
9461,1,53840
9462,1,6400
9463,1,600
9464,1,8080
9465,1,6150
9466,1,163750
9467,1,2500
9468,1,300
9469,1,59380
9470,1,1760
9471,1,4700
9472,1,200
9473,1,5710
9474,1,640
9475,1,2240
9476,1,0
9477,1,1600
9478,1,600
9479,1,980
9480,1,10800
9481,1,1820
9482,1,3200
9483,1,6450
9484,1,268000
9485,1,100
9486,1,2560
9487,1,2400
9488,1,22280
9489,1,32800
9490,1,18000
9491,1,0
9492,1,175020
9493,1,44520
9494,1,70360
9495,1,9020
9496,1,29250
9497,1,16880
9498,1,240
9499,1,4080
9500,1,640
9501,1,0
9502,1,3460
9503,1,1620
9504,1,2240
9505,1,7580
9506,1,303600
9507,1,21560
9508,1,2300
9509,1,0
9510,1,8440
9511,1,1080
9512,1,9400
9513,1,7360
9514,1,4150
9515,1,180
9516,1,220
9517,1,470
9518,1,30240
9519,1,19720
9520,1,480
9521,1,5080
9522,1,12520
9523,1,860
9524,1,500000
9525,1,120240
9526,1,2720
9527,1,6320
9528,1,1920
9529,1,8880
9530,1,1520
9531,1,3850
9532,1,10070
9533,1,520
9534,1,500000
9535,1,4200
9536,1,640
9537,1,6460
9538,1,28800
9539,1,1860
9540,1,1680
9541,1,1840
9542,1,6600
9543,1,3080
9544,1,880
9545,1,16000
9546,1,9580
9547,1,9060
9548,1,2620
9549,1,1780
9550,1,80
9551,1,100
9552,1,3120
9553,1,12600
9554,1,0
9555,1,2560
9556,1,30970
9557,1,1500
9558,1,1960
9559,1,43220
9560,1,200
9561,1,65300
9562,1,3940
9563,1,54630
9564,1,36090
9565,1,80
9566,1,15740
9567,1,2400
9568,1,413160
9569,1,10320
9570,1,14500
9571,1,6200
9572,1,22900
9573,1,7330
9574,1,17760
9575,1,5700
9576,1,10980
9577,1,3230
9578,1,2840
9579,1,338800
9580,1,9220
9581,1,500000
9582,1,360
9583,1,0
9584,1,400
9585,1,1800
9586,1,480
9587,1,42240
9588,1,4880
9589,1,12860
9590,1,600
9591,1,6400
9592,1,6000
9593,1,5800
9594,1,1300
9595,1,1080
9596,1,0
9597,1,60
9598,1,2640
9599,1,3860
9600,1,7540
9601,1,0
9602,1,2560
9603,1,22480
9604,1,22320
9605,1,12160
9606,1,1520
9607,1,75800
9608,1,1360
9609,1,0
9610,1,380
9611,1,2280
9612,1,41880
9613,1,17900
9614,1,105660
9615,1,86100
9616,1,1400
9617,1,3300
9618,1,110940
9619,1,1000
9620,1,0
9621,1,0
9622,1,39240
9623,1,48520
9624,1,2480
9625,1,33040
9626,1,73220
9627,1,560
9628,1,1900
9629,1,0
9630,1,80
9631,1,1440
9632,1,14840
9633,1,55320
9634,1,700
9635,1,0
9636,1,2080
9637,1,1800
9638,1,83900
9639,1,40
9640,1,25520
9641,1,1060
9642,1,280
9643,1,1200
9644,1,25720
9645,1,57340
9646,1,53220
9647,1,800
9648,1,20730
9649,1,15680
9650,1,40
9651,1,100500
9652,1,83200
9653,1,0
9654,1,5960
9655,1,300180
9656,1,4400
9657,1,1260
9658,1,1150
9659,1,0
9660,1,940
9661,1,800
9662,1,13200
9663,1,80
9664,1,1440
9665,1,15800
9666,1,2940
9667,1,0
9668,1,700
9669,1,100
9670,1,2740
9671,1,3000
9672,1,400
9673,1,1560
9674,1,34950
9675,1,200
9676,1,100
9677,1,2840
9678,1,540
9679,1,1080
9680,1,0
9681,1,5300
9682,1,4400
9683,1,19500
9684,1,3500
9685,1,7400
9686,1,1800
9687,1,10
9688,1,3350
9689,1,1820
9690,1,0
9691,1,1880
9692,1,4080
9693,1,3640
9694,1,80
9695,1,26880
9696,1,1710
9697,1,0
9698,1,1600
9699,1,28400
9700,1,370080
9701,1,0
9702,1,2660
9703,1,2420
9704,1,0
9705,1,160
9706,1,13450
9707,1,1040
9708,1,15440
9709,1,400
9710,1,7640
9711,1,23320
9712,1,1680
9713,1,12000
9714,1,15160
9715,1,560
9716,1,16900
9717,1,38260
9718,1,30970
9719,1,51560
9720,1,1820
9721,1,26400
9722,1,160
9723,1,5380
9724,1,0
9725,1,2060
9726,1,43420
9727,1,200
9728,1,5200
9729,1,29280
9730,1,3620
9731,1,8800
9732,1,270
9733,1,60640
9734,1,40
9735,1,40820
9736,1,164400
9737,1,6120
9738,1,280
9739,1,360
9740,1,80
9741,1,6800
9742,1,2100
9743,1,1640
9744,1,25720
9745,1,0
9746,1,90600
9747,1,5960
9748,1,3580
9749,1,500000
9750,1,52640
9751,1,10660
9752,1,4400
9753,1,23500
9754,1,36480
9755,1,1820
9756,1,6360
9757,1,0
9758,1,200
9759,1,20000
9760,1,0
9761,1,4100
9762,1,320
9763,1,326700
9764,1,47040
9765,1,3940
9766,1,12560
9767,1,0
9768,1,79200
9769,1,720
9770,1,1390
9771,1,16800
9772,1,420
9773,1,7000
9774,1,24360
9775,1,1040
9776,1,1680
9777,1,0
9778,1,8400
9779,1,35500
9780,1,18420
9781,1,6030
9782,1,240
9783,1,131240
9784,1,500000
9785,1,90640
9786,1,0
9787,1,15960
9788,1,400
9789,1,4600
9790,1,30180
9791,1,33560
9792,1,6170
9793,1,5350
9794,1,320
9795,1,0
9796,1,7200
9797,1,8000
9798,1,108620
9799,1,1240
9800,1,3720
9801,1,60
9802,1,260
9803,1,1200
9804,1,22640
9805,1,140000
9806,1,3700
9807,1,3200
9808,1,89960
9809,1,490
9810,1,12700
9811,1,1600
9812,1,12320
9813,1,240
9814,1,39790
9815,1,6900
9816,1,2060
9817,1,6920
9818,1,27200
9819,1,0
9820,1,12880
9821,1,40
9822,1,1600
9823,1,4100
9824,1,8720
9825,1,1440
9826,1,22120
9827,1,2440
9828,1,3630
9829,1,43580
9830,1,3760
9831,1,3360
9832,1,3340
9833,1,13500
9834,1,54220
9835,1,1260
9836,1,17280
9837,1,1130
9838,1,21160
9839,1,8060
9840,1,800
9841,1,6320
9842,1,9680
9843,1,0
9844,1,19260
9845,1,12160
9846,1,5450
9847,1,500000
9848,1,11440
9849,1,105700
9850,1,40
9851,1,2700
9852,1,5780
9853,1,0
9854,1,1550
9855,1,520
9856,1,4040
9857,1,7220
9858,1,12900
9859,1,500000
9860,1,0
9861,1,16070
9862,1,0
9863,1,3740
9864,1,160
9865,1,102760
9866,1,240
9867,1,4760
9868,1,14560
9869,1,0
9870,1,5040
9871,1,6220
9872,1,149140
9873,1,10640
9874,1,80
9875,1,3400
9876,1,82700
9877,1,4660
9878,1,880
9879,1,18200
9880,1,7680
9881,1,320
9882,1,0
9883,1,242520
9884,1,760
9885,1,217800
9886,1,10380
9887,1,7700
9888,1,12540
9889,1,250
9890,1,0
9891,1,3000
9892,1,30960
9893,1,16000
9894,1,58920
9895,1,1520
9896,1,26400
9897,1,131700
9898,1,15360
9899,1,1860
9900,1,14280
9901,1,21750
9902,1,140
9903,1,40
9904,1,40
9905,1,640
9906,1,4300
9907,1,1280
9908,1,1400
9909,1,9620
9910,1,40
9911,1,2000
9912,1,13000
9913,1,5600
9914,1,23400
9915,1,25940
9916,1,800
9917,1,1440
9918,1,480
9919,1,5840
9920,1,520
9921,1,44400
9922,1,1560
9923,1,360
9924,1,5400
9925,1,60
9926,1,12960
9927,1,400
9928,1,0
9929,1,8000
9930,1,19140
9931,1,4480
9932,1,118120
9933,1,860
9934,1,12440
9935,1,47700
9936,1,15500
9937,1,54600
9938,1,74660
9939,1,0
9940,1,34080
9941,1,0
9942,1,18780
9943,1,5800
9944,1,9600
9945,1,1280
9946,1,500000
9947,1,8800
9948,1,610
9949,1,8260
9950,1,14410
9951,1,1000
9952,1,5060
9953,1,10660
9954,1,8900
9955,1,36720
9956,1,16120
9957,1,880
9958,1,117360
9959,1,640
9960,1,2720
9961,1,1060
9962,1,160
9963,1,4400
9964,1,78560
9965,1,23800
9966,1,241900
9967,1,92760
9968,1,500000
9969,1,180
9970,1,0
9971,1,0
9972,1,1720
9973,1,18240
9974,1,2560
9975,1,0
9976,1,0
9977,1,560
9978,1,13140
9979,1,33830
9980,1,5000
9981,1,3100
9982,1,400
9983,1,64240
9984,1,4320
9985,1,1680
9986,1,82020
9987,1,108180
9988,1,500000
9989,1,0
9990,1,0
9991,1,1440
9992,1,450
9993,1,0
9994,1,3920
9995,1,200
9996,1,78710
9997,1,4200
9998,1,60200
9999,1,58760
