0,freegame,0.0,30.2
1,freegame,0.0,231.9
2,freegame,0.0,173.1
3,freegame,5.0,29.0
4,freegame,0.0,267.5
5,freegame,0.0,44.1
6,freegame,0.0,119.9
7,freegame,0.8,465.8
8,freegame,0.0,59.9
9,freegame,2.5,72.6
10,freegame,0.8,340.2
11,freegame,1.2,59.2
12,freegame,0.0,27.8
13,freegame,0.0,48.4
14,freegame,0.0,145.4
15,freegame,0.0,12.0
16,freegame,5.0,13.7
17,freegame,0.0,535.8
18,freegame,0.0,29.9
19,freegame,0.0,114.3
20,freegame,10.8,135.7
21,freegame,0.0,904.2
22,freegame,0.0,40.2
23,freegame,0.0,323.5
24,freegame,0.0,166.1
25,freegame,0.0,269.3
26,freegame,2.5,79.1
27,freegame,1.3,728.1
28,freegame,1.0,18.9
29,freegame,2.5,44.4
30,freegame,0.0,66.4
31,freegame,0.0,60.9
32,freegame,1.3,23.1
33,freegame,0.0,34.1
34,freegame,0.0,109.2
35,freegame,0.0,124.9
36,freegame,0.6,289.7
37,freegame,1.2,24.4
38,freegame,0.0,345.4
39,freegame,2.5,30.1
40,freegame,0.0,19.3
41,freegame,0.0,247.1
42,freegame,2.1,166.0
43,freegame,1.5,26.3
44,freegame,1.2,160.5
45,freegame,2.5,102.9
46,freegame,3.8,313.9
47,freegame,0.0,48.9
48,freegame,0.0,63.4
49,freegame,1.3,61.2
50,freegame,0.0,1202.3
51,freegame,0.0,46.8
52,freegame,0.0,125.4
53,freegame,0.0,56.0
54,freegame,0.0,786.9
55,freegame,0.0,77.6
56,freegame,0.0,44.4
57,freegame,0.0,345.5
58,freegame,0.0,118.9
59,freegame,0.0,190.0
60,freegame,0.0,45.9
61,freegame,0.0,2.4
62,freegame,0.0,28.8
63,freegame,0.0,1654.5
64,freegame,0.0,27.6
65,freegame,1.0,80.2
66,freegame,0.0,13.1
67,freegame,0.6,9.9
68,freegame,0.0,629.1
69,freegame,6.6,278.3
70,freegame,0.0,709.4
71,freegame,1.4,236.9
72,freegame,5.0,765.9
73,freegame,0.0,233.4
74,freegame,0.0,142.9
75,freegame,2.0,331.4
76,freegame,0.0,188.8
77,freegame,0.0,627.2
78,freegame,6.0,34.4
79,freegame,7.4,182.6
80,freegame,0.0,67.0
81,freegame,0.0,141.8
82,freegame,0.0,74.7
83,freegame,0.0,517.4
84,freegame,0.0,5.8
85,freegame,0.0,294.1
86,freegame,0.0,59.8
87,freegame,2.5,269.2
88,freegame,0.0,157.3
89,freegame,1.4,90.8
90,freegame,8.9,393.9
91,freegame,0.0,700.2
92,freegame,0.0,97.4
93,freegame,0.4,77.6
94,freegame,0.0,388.7
95,freegame,0.0,441.5
96,freegame,0.0,147.5
97,freegame,2.5,121.2
98,freegame,0.0,132.1
99,freegame,0.0,434.5
100,freegame,0.0,542.5
101,freegame,0.0,148.2
102,freegame,0.0,66.5
103,freegame,1.0,264.0
104,freegame,1.3,165.5
105,freegame,0.0,171.7
106,freegame,3.2,79.7
107,freegame,2.0,241.4
108,freegame,0.0,1.0
109,freegame,1.0,388.1
110,freegame,0.0,274.8
111,freegame,5.6,30.0
112,freegame,0.0,141.0
113,freegame,0.0,155.2
114,freegame,0.0,289.7
115,freegame,0.0,17.0
116,freegame,0.0,81.4
117,freegame,0.0,8.7
118,freegame,0.0,26.7
119,freegame,2.7,64.2
120,freegame,0.0,153.2
121,freegame,0.0,416.4
122,freegame,0.0,240.6
123,freegame,0.0,340.6
124,freegame,0.0,25.8
125,freegame,0.0,135.9
126,freegame,4.2,116.8
127,freegame,0.0,92.2
128,freegame,0.6,275.8
129,freegame,0.0,54.2
130,freegame,0.0,335.2
131,freegame,1.3,59.1
132,freegame,0.0,122.0
133,freegame,0.8,108.8
134,freegame,0.0,1401.8
135,freegame,0.0,17.0
136,freegame,0.0,5.3
137,freegame,0.0,25.4
138,freegame,5.0,114.9
139,freegame,0.0,2.5
140,freegame,0.6,16.8
141,freegame,2.8,99.4
142,freegame,0.0,614.2
143,freegame,0.0,262.9
144,freegame,0.0,144.8
145,freegame,0.0,33.9
146,freegame,0.0,19.6
147,freegame,0.0,36.2
148,freegame,0.0,59.5
149,freegame,0.0,25.3
150,freegame,0.0,258.3
151,freegame,0.0,8.9
152,freegame,0.0,88.3
153,freegame,1.2,196.4
154,freegame,0.0,130.2
155,freegame,0.0,43.0
156,freegame,0.0,255.9
157,freegame,0.0,443.3
158,freegame,0.0,29.1
159,freegame,0.0,166.1
160,freegame,0.0,272.8
161,freegame,0.0,140.7
162,freegame,4.2,168.2
163,freegame,0.0,107.1
164,freegame,0.0,333.8
165,freegame,0.0,264.5
166,freegame,0.0,171.9
167,freegame,0.0,39.8
168,freegame,0.0,226.5
169,freegame,0.0,104.6
170,freegame,0.0,652.7
171,freegame,0.0,7.8
172,freegame,0.0,33.3
173,freegame,0.0,259.2
174,freegame,0.0,194.3
175,freegame,0.0,37.0
176,freegame,0.0,387.5
177,freegame,11.5,232.2
178,freegame,0.0,104.2
179,freegame,0.0,167.4
180,freegame,0.0,154.8
181,freegame,0.0,89.8
182,freegame,0.0,38.5
183,freegame,0.0,502.1
184,freegame,0.0,110.0
185,freegame,0.0,108.4
186,freegame,0.0,36.8
187,freegame,0.0,186.1
188,freegame,0.0,13.9
189,freegame,0.0,30.6
190,freegame,6.5,122.0
191,freegame,3.2,528.1
192,freegame,0.0,420.7
193,freegame,0.0,153.4
194,freegame,0.0,19.7
195,freegame,0.0,33.0
196,freegame,0.0,294.5
197,freegame,2.0,222.7
198,freegame,0.0,90.9
199,freegame,3.6,30.7
200,freegame,0.0,29.8
201,freegame,0.0,149.4
202,freegame,0.0,125.1
203,freegame,0.6,155.4
204,freegame,0.4,76.1
205,freegame,0.0,1194.6
206,freegame,0.0,292.2
207,freegame,0.0,315.3
208,freegame,2.5,13.4
209,freegame,0.0,314.4
210,freegame,0.0,941.4
211,freegame,0.0,85.5
212,freegame,0.0,79.8
213,freegame,0.0,323.7
214,freegame,7.7,85.7
215,freegame,0.0,52.8
216,freegame,2.0,31.0
217,freegame,0.0,176.7
218,freegame,0.0,2538.2
219,freegame,0.0,489.0
220,freegame,0.0,29.1
221,freegame,2.6,16.2
222,freegame,0.0,75.9
223,freegame,0.0,212.0
224,freegame,0.0,1418.5
225,freegame,0.0,168.5
226,freegame,0.0,70.1
227,freegame,0.6,226.2
228,freegame,1.0,30.4
229,freegame,0.0,233.6
230,freegame,0.0,138.8
231,freegame,0.0,2329.5
232,freegame,0.0,298.2
233,freegame,0.0,19.8
234,freegame,3.0,380.3
235,freegame,0.0,83.8
236,freegame,0.0,38.6
237,freegame,0.0,98.1
238,freegame,1.8,279.1
239,freegame,0.0,233.0
240,freegame,0.0,1714.1
241,freegame,0.0,111.3
242,freegame,0.0,207.5
243,freegame,0.0,287.3
244,freegame,0.0,214.4
245,freegame,3.2,40.8
246,freegame,0.0,113.8
247,freegame,0.0,221.3
248,freegame,0.0,122.6
249,freegame,0.0,131.5
250,freegame,0.0,105.4
251,freegame,0.0,44.6
252,freegame,1.0,85.0
253,freegame,0.0,58.6
254,freegame,1.0,150.0
255,freegame,2.0,52.1
256,freegame,0.0,24.0
257,freegame,0.0,31.1
258,freegame,0.0,172.2
259,freegame,0.0,66.0
260,freegame,0.0,136.1
261,freegame,3.6,235.5
262,freegame,0.0,70.2
263,freegame,0.0,88.2
264,freegame,0.0,205.7
265,freegame,0.6,29.4
266,freegame,0.0,195.5
267,freegame,0.0,128.1
268,freegame,0.0,9.8
269,freegame,0.0,98.5
270,freegame,1.3,54.3
271,freegame,0.0,24.1
272,freegame,0.0,7.5
273,freegame,0.0,36.1
274,freegame,0.0,47.1
275,freegame,0.0,16.2
276,freegame,0.0,172.2
277,freegame,0.0,740.3
278,freegame,0.0,115.8
279,freegame,1.3,122.6
280,freegame,0.0,53.3
281,freegame,0.0,276.0
282,freegame,0.0,99.8
283,freegame,0.8,65.1
284,freegame,0.0,7.8
285,freegame,1.2,9.9
286,freegame,0.0,97.8
287,freegame,0.0,45.6
288,freegame,0.0,210.1
289,freegame,0.0,37.3
290,freegame,0.0,42.6
291,freegame,0.0,174.3
292,freegame,0.0,40.9
293,freegame,0.0,119.6
294,freegame,2.0,176.8
295,freegame,0.4,60.3
296,freegame,0.0,176.8
297,freegame,0.0,9.5
298,freegame,0.0,8.0
299,freegame,0.0,64.7
300,freegame,12.2,3.5
301,freegame,2.6,74.7
302,freegame,0.0,31.2
303,freegame,0.0,177.2
304,freegame,0.0,39.9
305,freegame,0.0,26.6
306,freegame,0.0,72.0
307,freegame,2.8,18.5
308,freegame,0.4,50.4
309,freegame,0.0,4.7
310,freegame,1.0,0.8
311,freegame,0.0,91.5
312,freegame,0.0,32.8
313,freegame,1.9,70.3
314,freegame,0.0,238.9
315,freegame,0.0,437.1
316,freegame,0.0,42.8
317,freegame,9.6,62.5
318,freegame,10.0,67.3
319,freegame,0.0,64.2
320,freegame,2.0,663.9
321,freegame,2.9,20.0
322,freegame,0.0,757.3
323,freegame,0.0,21.6
324,freegame,0.0,36.3
325,freegame,0.0,36.6
326,freegame,0.0,13.8
327,freegame,0.0,32.5
328,freegame,0.0,23.7
329,freegame,0.0,53.0
330,freegame,0.0,184.0
331,freegame,10.0,71.2
332,freegame,7.8,350.4
333,freegame,0.0,269.8
334,freegame,0.0,84.7
335,freegame,0.0,153.3
336,freegame,2.0,101.4
337,freegame,0.0,42.2
338,freegame,0.0,186.4
339,freegame,0.0,4.9
340,freegame,0.0,56.9
341,freegame,0.0,85.6
342,freegame,0.0,151.5
343,freegame,0.0,50.6
344,freegame,0.0,624.5
345,freegame,1.3,50.6
346,freegame,1.5,128.4
347,freegame,0.0,33.5
348,freegame,0.0,2.8
349,freegame,0.0,97.9
350,freegame,0.0,472.4
351,freegame,0.0,394.4
352,freegame,0.0,159.7
353,freegame,0.0,174.1
354,freegame,0.0,73.9
355,freegame,0.0,319.2
356,freegame,0.0,69.2
357,freegame,0.0,27.7
358,freegame,0.0,130.7
359,freegame,0.0,76.0
360,freegame,0.0,60.2
361,freegame,0.0,36.4
362,freegame,0.4,101.4
363,freegame,0.0,3.9
364,freegame,1.0,322.8
365,freegame,0.0,31.8
366,freegame,0.0,98.4
367,freegame,0.0,701.5
368,freegame,0.0,658.8
369,freegame,0.0,61.0
370,freegame,0.0,0.6
371,freegame,3.0,131.4
372,freegame,1.3,961.3
373,freegame,0.0,4.1
374,freegame,0.4,22.6
375,freegame,0.0,73.6
376,freegame,0.0,136.7
377,freegame,0.0,563.9
378,freegame,2.0,50.5
379,freegame,2.0,16.8
380,freegame,2.0,101.5
381,freegame,3.1,656.7
382,freegame,0.0,120.1
383,freegame,3.8,55.6
384,freegame,0.0,21.3
385,freegame,2.0,104.1
386,freegame,0.0,444.7
387,freegame,1.0,532.5
388,freegame,0.0,89.1
389,freegame,2.6,30.1
390,freegame,0.0,47.5
391,freegame,0.0,16.5
392,freegame,3.8,159.7
393,freegame,4.5,71.6
394,freegame,0.0,275.0
395,freegame,1.3,58.9
396,freegame,5.3,25.1
397,freegame,0.0,466.3
398,freegame,0.0,316.0
399,freegame,0.0,432.7
400,freegame,0.6,40.0
401,freegame,0.0,16.9
402,freegame,0.0,211.7
403,freegame,0.0,150.9
404,freegame,0.0,320.5
405,freegame,0.0,166.6
406,freegame,0.0,6.7
407,freegame,0.0,514.5
408,freegame,1.0,5.4
409,freegame,0.0,18.7
410,freegame,0.0,284.3
411,freegame,0.0,277.4
412,freegame,0.0,18.8
413,freegame,1.0,10.0
414,freegame,0.0,1097.5
415,freegame,0.0,183.7
416,freegame,0.0,315.7
417,freegame,0.0,256.0
418,freegame,0.0,71.7
419,freegame,0.0,35.6
420,freegame,0.0,46.1
421,freegame,0.0,51.5
422,freegame,0.0,423.8
423,freegame,12.7,432.6
424,freegame,0.6,183.6
425,freegame,0.6,40.4
426,freegame,0.0,46.3
427,freegame,0.0,104.7
428,freegame,0.0,725.3
429,freegame,0.8,54.2
430,freegame,0.0,505.9
431,freegame,0.0,43.1
432,freegame,0.6,44.8
433,freegame,0.0,186.6
434,freegame,0.6,420.1
435,freegame,2.4,131.4
436,freegame,0.0,23.6
437,freegame,0.0,41.8
438,freegame,0.0,414.1
439,freegame,0.0,124.2
440,freegame,0.6,53.9
441,freegame,0.0,19.7
442,freegame,0.0,22.1
443,freegame,1.2,270.8
444,freegame,0.0,221.1
445,freegame,0.0,90.5
446,freegame,0.0,130.5
447,freegame,0.0,80.0
448,freegame,4.0,516.3
449,freegame,0.0,16.8
450,freegame,0.0,163.4
451,freegame,0.0,29.8
452,freegame,0.0,71.8
453,freegame,0.0,324.7
454,freegame,0.0,56.2
455,freegame,5.0,341.1
456,freegame,3.6,375.1
457,freegame,0.0,41.4
458,freegame,0.0,142.3
459,freegame,0.0,122.8
460,freegame,0.0,77.2
461,freegame,0.0,107.1
462,freegame,1.2,85.9
463,freegame,0.0,102.6
464,freegame,0.0,106.1
465,freegame,0.0,80.7
466,freegame,0.0,240.1
467,freegame,1.3,738.6
468,freegame,0.0,84.7
469,freegame,6.6,133.4
470,freegame,1.3,228.0
471,freegame,0.0,274.2
472,freegame,0.0,77.3
473,freegame,0.0,75.1
474,freegame,0.0,17.1
475,freegame,2.9,59.5
476,freegame,6.5,188.5
477,freegame,0.0,58.4
478,freegame,0.4,104.0
479,freegame,0.0,24.8
480,freegame,0.0,792.4
481,freegame,0.0,104.8
482,freegame,0.0,162.6
483,freegame,0.0,1424.2
484,freegame,0.0,359.0
485,freegame,1.3,32.1
486,freegame,0.0,52.4
487,freegame,0.0,153.8
488,freegame,0.0,119.7
489,freegame,0.0,47.2
490,freegame,0.0,29.8
491,freegame,9.3,6.0
492,freegame,0.0,238.4
493,freegame,2.0,58.6
494,freegame,0.0,23.2
495,freegame,0.0,1252.3
496,freegame,0.0,302.5
497,freegame,0.0,109.2
498,freegame,0.0,146.7
499,freegame,0.0,157.2
500,freegame,0.0,633.6
501,freegame,0.0,121.8
502,freegame,0.0,82.7
503,freegame,0.0,394.8
504,freegame,0.0,95.3
505,freegame,3.1,202.2
506,freegame,0.0,198.3
507,freegame,0.0,8.4
508,freegame,0.0,222.7
509,freegame,0.0,45.1
510,freegame,0.2,373.6
511,freegame,0.0,34.4
512,freegame,6.0,86.7
513,freegame,0.0,52.5
514,freegame,4.3,42.9
515,freegame,0.0,255.1
516,freegame,5.0,11.7
517,freegame,0.0,159.6
518,freegame,0.0,167.5
519,freegame,0.0,263.2
520,freegame,0.0,292.8
521,freegame,0.0,238.8
522,freegame,0.0,421.1
523,freegame,0.6,49.7
524,freegame,1.0,920.8
525,freegame,0.0,15.4
526,freegame,5.0,1520.8
527,freegame,0.0,65.7
528,freegame,0.0,64.1
529,freegame,0.0,412.9
530,freegame,0.0,172.4
531,freegame,0.0,155.1
532,freegame,0.0,885.2
533,freegame,0.0,0.6
534,freegame,0.0,27.0
535,freegame,2.3,210.4
536,freegame,0.0,62.1
537,freegame,0.0,53.6
538,freegame,0.0,69.9
539,freegame,0.2,10.3
540,freegame,0.0,129.9
541,freegame,0.0,197.2
542,freegame,3.2,89.4
543,freegame,0.0,525.5
544,freegame,0.0,122.5
545,freegame,0.0,8.4
546,freegame,0.0,88.8
547,freegame,0.0,384.0
548,freegame,3.2,89.1
549,freegame,0.0,166.6
550,freegame,0.0,12.4
551,freegame,0.0,455.2
552,freegame,0.0,564.4
553,freegame,0.0,117.1
554,freegame,0.0,153.1
555,freegame,0.0,49.9
556,freegame,0.0,89.8
557,freegame,0.0,430.4
558,freegame,0.0,115.8
559,freegame,0.0,14.4
560,freegame,0.0,106.9
561,freegame,0.0,136.3
562,freegame,0.0,179.4
563,freegame,0.0,78.2
564,freegame,0.0,16.9
565,freegame,0.0,67.9
566,freegame,0.2,54.6
567,freegame,0.0,14.8
568,freegame,0.2,47.9
569,freegame,0.4,95.0
570,freegame,0.0,142.3
571,freegame,0.6,202.5
572,freegame,0.0,796.3
573,freegame,0.0,54.3
574,freegame,5.6,55.6
575,freegame,0.0,25.6
576,freegame,0.0,143.1
577,freegame,0.0,372.9
578,freegame,0.0,95.6
579,freegame,0.0,221.0
580,freegame,0.0,112.7
581,freegame,0.6,43.2
582,freegame,0.0,42.7
583,freegame,0.0,45.5
584,freegame,0.0,126.6
585,freegame,0.0,18.5
586,freegame,0.0,36.5
587,freegame,0.0,132.2
588,freegame,0.0,205.4
589,freegame,0.0,490.2
590,freegame,0.0,670.8
591,freegame,0.0,13.5
592,freegame,0.0,112.8
593,freegame,5.0,301.1
594,freegame,5.0,54.9
595,freegame,0.0,241.2
596,freegame,0.0,90.7
597,freegame,0.0,69.0
598,freegame,0.0,97.0
599,freegame,0.0,360.5
600,freegame,0.0,189.8
601,freegame,2.0,28.1
602,freegame,0.0,229.2
603,freegame,0.0,23.5
604,freegame,0.0,686.9
605,freegame,0.0,903.5
606,freegame,0.0,172.9
607,freegame,0.0,133.1
608,freegame,0.0,472.2
609,freegame,2.5,154.8
610,freegame,0.0,59.4
611,freegame,0.0,26.1
612,freegame,0.0,51.6
613,freegame,0.0,79.7
614,freegame,2.5,32.0
615,freegame,0.0,1238.7
616,freegame,0.0,50.8
617,freegame,0.0,367.8
618,freegame,0.0,53.3
619,freegame,0.0,63.9
620,freegame,0.0,365.0
621,freegame,0.0,147.0
622,freegame,0.0,240.3
623,freegame,0.0,43.9
624,freegame,0.0,66.3
625,freegame,0.0,412.7
626,freegame,0.0,88.8
627,freegame,0.0,212.5
628,freegame,0.0,188.6
629,freegame,0.0,46.5
630,freegame,0.0,73.1
631,freegame,0.0,147.2
632,freegame,0.6,387.6
633,freegame,2.0,171.1
634,freegame,0.0,169.0
635,freegame,0.0,80.2
636,freegame,0.0,190.4
637,freegame,6.0,250.4
638,freegame,2.5,59.2
639,freegame,1.0,12.8
640,freegame,0.0,444.4
641,freegame,0.0,31.3
642,freegame,1.5,227.1
643,freegame,0.0,35.1
644,freegame,0.0,86.0
645,freegame,0.0,110.5
646,freegame,0.0,101.6
647,freegame,0.0,558.0
648,freegame,0.0,47.0
649,freegame,0.0,106.1
650,freegame,0.0,1107.8
651,freegame,0.0,46.8
652,freegame,0.0,65.3
653,freegame,0.0,182.0
654,freegame,0.0,845.5
655,freegame,0.0,50.0
656,freegame,5.2,56.9
657,freegame,0.0,448.3
658,freegame,0.0,317.0
659,freegame,2.0,15.3
660,freegame,0.0,16.2
661,freegame,0.0,1076.3
662,freegame,1.0,208.8
663,freegame,3.6,36.5
664,freegame,2.5,82.2
665,freegame,0.0,20.3
666,freegame,0.0,79.4
667,freegame,0.0,116.6
668,freegame,0.0,307.6
669,freegame,0.0,133.7
670,freegame,0.0,25.8
671,freegame,0.0,126.6
672,freegame,0.0,458.7
673,freegame,2.5,156.3
674,freegame,0.0,261.5
675,freegame,0.0,409.7
676,freegame,0.0,259.4
677,freegame,0.0,88.5
678,freegame,0.0,774.1
679,freegame,0.0,22.5
680,freegame,0.0,139.6
681,freegame,10.8,5.9
682,freegame,0.0,273.0
683,freegame,0.0,180.1
684,freegame,0.0,288.4
685,freegame,0.0,40.2
686,freegame,0.0,155.9
687,freegame,0.0,33.8
688,freegame,4.0,354.8
689,freegame,0.0,55.0
690,freegame,0.0,63.2
691,freegame,1.5,108.0
692,freegame,0.0,598.0
693,freegame,0.0,23.1
694,freegame,0.0,161.7
695,freegame,1.4,46.1
696,freegame,0.0,1.6
697,freegame,0.0,129.2
698,freegame,1.5,376.1
699,freegame,0.0,116.2
700,freegame,0.0,339.6
701,freegame,1.0,125.2
702,freegame,0.0,526.4
703,freegame,0.0,18.9
704,freegame,0.0,999.8
705,freegame,0.0,32.5
706,freegame,0.0,120.8
707,freegame,0.0,170.6
708,freegame,0.0,27.8
709,freegame,0.0,132.6
710,freegame,3.8,185.6
711,freegame,0.0,411.6
712,freegame,0.0,53.0
713,freegame,0.0,67.9
714,freegame,0.0,136.2
715,freegame,1.5,118.0
716,freegame,0.0,24.1
717,freegame,1.5,60.7
718,freegame,0.0,21.7
719,freegame,0.0,158.4
720,freegame,1.6,87.0
721,freegame,0.0,3.5
722,freegame,2.1,73.4
723,freegame,0.0,35.7
724,freegame,0.0,7.2
725,freegame,0.0,19.7
726,freegame,0.6,187.2
727,freegame,0.4,95.5
728,freegame,0.0,470.8
729,freegame,0.0,95.2
730,freegame,0.0,49.9
731,freegame,0.0,36.5
732,freegame,10.3,12.4
733,freegame,0.0,80.4
734,freegame,1.3,689.2
735,freegame,0.0,8.6
736,freegame,0.0,17.6
737,freegame,0.0,380.9
738,freegame,0.0,48.9
739,freegame,3.0,61.0
740,freegame,0.4,28.4
741,freegame,0.0,5.4
742,freegame,0.0,148.6
743,freegame,2.0,25.6
744,freegame,10.0,26.4
745,freegame,0.0,179.3
746,freegame,0.0,32.7
747,freegame,0.8,194.6
748,freegame,0.2,44.8
749,freegame,0.0,24.4
750,freegame,0.0,568.4
751,freegame,0.0,98.3
752,freegame,3.8,225.2
753,freegame,0.0,90.4
754,freegame,0.0,36.5
755,freegame,0.0,30.6
756,freegame,1.8,41.1
757,freegame,0.0,38.0
758,freegame,0.0,58.8
759,freegame,0.0,419.3
760,freegame,0.0,67.5
761,freegame,0.0,749.8
762,freegame,0.0,223.9
763,freegame,3.2,414.1
764,freegame,0.0,16.6
765,freegame,0.0,37.6
766,freegame,3.2,36.6
767,freegame,0.0,17.6
768,freegame,0.0,50.1
769,freegame,0.0,7.6
770,freegame,0.0,36.0
771,freegame,0.0,116.9
772,freegame,0.0,63.0
773,freegame,0.0,1001.8
774,freegame,0.0,160.0
775,freegame,1.3,73.9
776,freegame,0.0,40.0
777,freegame,0.0,28.8
778,freegame,0.0,39.0
779,freegame,2.5,158.5
780,freegame,0.0,18.6
781,freegame,1.2,21.1
782,freegame,6.4,17.8
783,freegame,0.0,326.0
784,freegame,0.0,41.9
785,freegame,1.5,35.4
786,freegame,0.0,10.6
787,freegame,0.0,92.7
788,freegame,4.5,11.2
789,freegame,0.0,454.8
790,freegame,0.0,49.3
791,freegame,0.0,165.5
792,freegame,0.0,178.9
793,freegame,0.0,14.6
794,freegame,15.0,61.5
795,freegame,1.4,948.7
796,freegame,0.0,63.0
797,freegame,0.0,763.3
798,freegame,0.0,78.0
799,freegame,0.0,119.5
800,freegame,0.6,419.5
801,freegame,1.5,434.5
802,freegame,0.0,130.2
803,freegame,5.0,47.6
804,freegame,0.0,130.2
805,freegame,0.0,210.5
806,freegame,1.2,232.0
807,freegame,0.0,2.8
808,freegame,0.6,43.7
809,freegame,0.0,6.7
810,freegame,0.0,8.6
811,freegame,2.5,152.4
812,freegame,0.0,596.4
813,freegame,0.0,26.4
814,freegame,0.0,279.5
815,freegame,6.0,26.7
816,freegame,0.0,50.8
817,freegame,0.0,657.1
818,freegame,0.0,138.5
819,freegame,1.0,54.0
820,freegame,3.2,107.6
821,freegame,0.0,95.7
822,freegame,1.8,558.0
823,freegame,0.0,158.7
824,freegame,12.0,140.1
825,freegame,0.0,30.9
826,freegame,0.0,177.7
827,freegame,0.0,401.4
828,freegame,0.0,230.5
829,freegame,0.0,55.7
830,freegame,0.0,437.6
831,freegame,0.0,64.1
832,freegame,0.0,40.7
833,freegame,0.0,1028.7
834,freegame,0.0,179.9
835,freegame,0.0,41.7
836,freegame,0.0,61.2
837,freegame,0.0,7.7
838,freegame,0.0,300.7
839,freegame,2.1,153.2
840,freegame,1.3,412.4
841,freegame,0.0,19.1
842,freegame,0.0,9.0
843,freegame,0.0,204.6
844,freegame,0.0,43.5
845,freegame,0.0,67.8
846,freegame,0.0,82.5
847,freegame,0.0,65.7
848,freegame,0.6,46.3
849,freegame,0.0,323.9
850,freegame,0.0,62.8
851,freegame,2.3,92.7
852,freegame,0.0,366.1
853,freegame,0.0,33.1
854,freegame,0.0,113.8
855,freegame,0.6,54.8
856,freegame,0.0,190.0
857,freegame,0.0,21.6
858,freegame,0.0,14.5
859,freegame,0.0,92.5
860,freegame,2.6,104.3
861,freegame,0.0,99.2
862,freegame,0.0,25.2
863,freegame,0.0,38.4
864,freegame,0.0,99.8
865,freegame,0.0,59.8
866,freegame,0.0,157.0
867,freegame,0.0,103.9
868,freegame,12.8,202.0
869,freegame,0.0,360.4
870,freegame,0.0,240.8
871,freegame,0.0,207.2
872,freegame,0.0,152.1
873,freegame,0.0,74.0
874,freegame,0.0,103.3
875,freegame,2.0,81.2
876,freegame,0.0,580.5
877,freegame,0.0,853.7
878,freegame,0.0,128.0
879,freegame,0.0,774.6
880,freegame,10.0,80.6
881,freegame,0.0,74.9
882,freegame,0.0,101.0
883,freegame,0.0,351.1
884,freegame,0.0,33.3
885,freegame,1.0,35.2
886,freegame,1.2,64.7
887,freegame,0.0,66.4
888,freegame,0.0,7.1
889,freegame,3.2,248.1
890,freegame,0.0,502.9
891,freegame,0.0,142.1
892,freegame,0.0,106.0
893,freegame,0.0,516.5
894,freegame,0.0,54.7
895,freegame,0.0,128.6
896,freegame,0.0,413.4
897,freegame,5.6,1007.7
898,freegame,0.0,227.0
899,freegame,0.0,265.9
900,freegame,0.6,16.5
901,freegame,0.0,144.0
902,freegame,1.0,19.3
903,freegame,0.0,110.8
904,freegame,0.0,282.6
905,freegame,0.0,65.4
906,freegame,0.0,142.4
907,freegame,0.0,63.7
908,freegame,0.0,115.6
909,freegame,1.2,66.3
910,freegame,0.0,61.5
911,freegame,0.0,35.8
912,freegame,0.6,12.4
913,freegame,0.0,76.5
914,freegame,0.2,69.7
915,freegame,0.0,38.2
916,freegame,0.0,93.5
917,freegame,2.0,84.0
918,freegame,1.0,52.0
919,freegame,0.0,359.0
920,freegame,0.0,14.2
921,freegame,0.0,78.9
922,freegame,0.0,210.7
923,freegame,0.0,305.7
924,freegame,0.0,364.9
925,freegame,0.0,62.4
926,freegame,0.0,79.3
927,freegame,1.0,62.3
928,freegame,1.3,16.8
929,freegame,0.0,32.1
930,freegame,0.0,1111.7
931,freegame,0.0,112.8
932,freegame,2.0,45.9
933,freegame,0.0,123.4
934,freegame,0.0,89.5
935,freegame,0.0,108.3
936,freegame,0.0,42.9
937,freegame,0.0,31.8
938,freegame,0.0,230.2
939,freegame,0.0,33.9
940,freegame,0.0,218.4
941,freegame,2.4,134.7
942,freegame,0.0,514.3
943,freegame,3.2,23.1
944,freegame,0.0,536.3
945,freegame,0.0,115.3
946,freegame,2.5,114.9
947,freegame,0.0,22.7
948,freegame,1.3,97.8
949,freegame,1.2,43.2
950,freegame,2.0,53.1
951,freegame,3.0,119.6
952,freegame,0.0,74.1
953,freegame,0.0,254.7
954,freegame,1.9,55.4
955,freegame,0.0,100.3
956,freegame,0.0,46.4
957,freegame,0.0,227.8
958,freegame,0.0,302.9
959,freegame,0.0,46.1
960,freegame,0.0,145.3
961,freegame,2.0,55.1
962,freegame,0.0,80.2
963,freegame,1.5,432.6
964,freegame,1.8,165.3
965,freegame,0.0,26.3
966,freegame,0.0,273.2
967,freegame,0.0,91.4
968,freegame,0.0,79.7
969,freegame,2.8,89.0
970,freegame,1.0,389.8
971,freegame,0.0,49.6
972,freegame,0.0,104.4
973,freegame,2.0,628.1
974,freegame,5.0,8.3
975,freegame,0.0,146.8
976,freegame,0.0,94.3
977,freegame,2.0,446.6
978,freegame,0.0,264.3
979,freegame,0.0,45.0
980,freegame,0.0,97.9
981,freegame,0.0,231.1
982,freegame,0.0,756.0
983,freegame,0.0,124.3
984,freegame,0.0,19.9
985,freegame,2.5,24.2
986,freegame,5.0,46.6
987,freegame,1.6,142.7
988,freegame,0.0,67.0
989,freegame,0.0,181.4
990,freegame,1.0,679.5
991,freegame,0.0,387.6
992,freegame,0.0,52.8
993,freegame,0.0,69.7
994,freegame,5.5,337.5
995,freegame,0.0,163.8
996,freegame,0.0,87.2
997,freegame,5.0,185.6
998,freegame,0.0,36.4
999,freegame,0.0,33.3
1000,freegame,0.0,16.6
1001,freegame,12.5,51.4
1002,freegame,0.0,486.5
1003,freegame,0.0,168.8
1004,freegame,1.9,45.4
1005,freegame,0.0,34.4
1006,freegame,0.0,141.0
1007,freegame,0.4,122.7
1008,freegame,0.0,103.1
1009,freegame,1.5,39.6
1010,freegame,0.0,87.4
1011,freegame,0.0,82.1
1012,freegame,0.0,173.3
1013,freegame,0.0,92.7
1014,freegame,0.0,341.9
1015,freegame,0.0,123.4
1016,freegame,0.0,72.0
1017,freegame,0.0,132.2
1018,freegame,0.0,21.7
1019,freegame,0.0,32.9
1020,freegame,0.0,1984.5
1021,freegame,5.7,522.9
1022,freegame,0.0,15.6
1023,freegame,0.0,114.2
1024,freegame,2.0,76.4
1025,freegame,0.4,219.3
1026,freegame,0.0,71.0
1027,freegame,0.0,92.8
1028,freegame,11.9,216.3
1029,freegame,0.0,290.7
1030,freegame,0.0,198.0
1031,freegame,5.7,195.7
1032,freegame,1.0,425.4
1033,freegame,0.0,435.5
1034,freegame,0.0,55.1
1035,freegame,0.0,408.4
1036,freegame,3.0,668.1
1037,freegame,0.0,38.5
1038,freegame,0.0,98.8
1039,freegame,0.0,631.6
1040,freegame,2.5,41.7
1041,freegame,0.0,119.9
1042,freegame,0.0,60.9
1043,freegame,0.0,114.2
1044,freegame,0.6,327.5
1045,freegame,0.0,14.2
1046,freegame,0.0,92.6
1047,freegame,1.0,33.5
1048,freegame,1.0,100.8
1049,freegame,0.6,409.5
1050,freegame,0.0,250.3
1051,freegame,0.0,523.3
1052,freegame,0.0,272.8
1053,freegame,0.0,156.5
1054,freegame,0.0,24.0
1055,freegame,0.0,196.1
1056,freegame,0.0,198.1
1057,freegame,8.2,944.4
1058,freegame,0.0,4.6
1059,freegame,1.0,18.6
1060,freegame,1.0,5.3
1061,freegame,0.0,68.5
1062,freegame,0.0,570.8
1063,freegame,0.0,35.3
1064,freegame,2.5,550.4
1065,freegame,0.6,331.9
1066,freegame,0.6,10.8
1067,freegame,0.0,1129.7
1068,freegame,0.0,265.2
1069,freegame,0.0,25.6
1070,freegame,0.0,254.8
1071,freegame,0.2,172.0
1072,freegame,10.5,172.5
1073,freegame,0.0,65.1
1074,freegame,1.3,579.4
1075,freegame,0.0,22.1
1076,freegame,0.0,72.2
1077,freegame,1.3,88.4
1078,freegame,0.0,55.9
1079,freegame,0.0,87.3
1080,freegame,1.0,1738.9
1081,freegame,0.0,432.5
1082,freegame,0.0,1097.8
1083,freegame,0.0,194.6
1084,freegame,0.0,18.3
1085,freegame,3.5,487.1
1086,freegame,0.0,27.6
1087,freegame,0.0,0.4
1088,freegame,0.0,165.9
1089,freegame,1.3,13.2
1090,freegame,0.0,160.5
1091,freegame,0.0,310.2
1092,freegame,0.0,13.4
1093,freegame,0.0,331.6
1094,freegame,0.0,202.1
1095,freegame,0.0,3.2
1096,freegame,0.0,104.6
1097,freegame,0.0,476.6
1098,freegame,0.0,66.6
1099,freegame,0.0,159.0
1100,freegame,1.0,91.0
1101,freegame,1.6,381.8
1102,freegame,0.0,175.6
1103,freegame,0.0,44.1
1104,freegame,0.0,9.5
1105,freegame,2.0,148.6
1106,freegame,0.0,4.7
1107,freegame,0.0,77.3
1108,freegame,0.0,73.9
1109,freegame,3.2,348.8
1110,freegame,0.0,527.3
1111,freegame,2.5,41.2
1112,freegame,1.3,80.0
1113,freegame,1.2,147.7
1114,freegame,0.0,13.5
1115,freegame,0.0,73.3
1116,freegame,0.0,40.1
1117,freegame,0.0,267.8
1118,freegame,1.0,167.9
1119,freegame,0.0,545.8
1120,freegame,0.0,300.6
1121,freegame,1.5,8.8
1122,freegame,0.0,163.6
1123,freegame,0.0,128.7
1124,freegame,0.0,68.1
1125,freegame,0.0,194.5
1126,freegame,0.0,569.2
1127,freegame,0.0,27.3
1128,freegame,0.0,5.0
1129,freegame,0.0,204.2
1130,freegame,0.0,624.6
1131,freegame,0.8,83.7
1132,freegame,0.0,170.1
1133,freegame,0.0,78.4
1134,freegame,4.6,52.9
1135,freegame,0.0,147.8
1136,freegame,0.0,114.2
1137,freegame,10.0,43.5
1138,freegame,1.0,135.5
1139,freegame,0.0,210.0
1140,freegame,5.0,21.1
1141,freegame,0.6,33.9
1142,freegame,0.0,7.9
1143,freegame,3.8,27.5
1144,freegame,3.8,64.0
1145,freegame,1.3,87.7
1146,freegame,0.6,642.5
1147,freegame,0.0,106.8
1148,freegame,0.0,48.5
1149,freegame,0.0,35.0
1150,freegame,0.0,36.7
1151,freegame,0.0,547.6
1152,freegame,1.0,260.2
1153,freegame,0.0,71.0
1154,freegame,3.9,192.9
1155,freegame,0.6,80.4
1156,freegame,0.0,393.3
1157,freegame,0.2,448.2
1158,freegame,0.0,29.0
1159,freegame,0.0,7.3
1160,freegame,0.0,72.6
1161,freegame,0.0,69.1
1162,freegame,1.3,185.0
1163,freegame,0.0,94.7
1164,freegame,0.0,23.0
1165,freegame,1.0,4.6
1166,freegame,0.0,33.4
1167,freegame,0.0,24.0
1168,freegame,0.0,95.7
1169,freegame,0.0,135.0
1170,freegame,0.6,94.4
1171,freegame,3.0,124.4
1172,freegame,1.2,2.0
1173,freegame,0.0,323.3
1174,freegame,0.0,50.4
1175,freegame,0.0,284.1
1176,freegame,0.0,9.7
1177,freegame,6.0,6.0
1178,freegame,0.0,29.8
1179,freegame,0.0,61.0
1180,freegame,0.0,10.6
1181,freegame,0.2,623.9
1182,freegame,0.0,355.2
1183,freegame,0.0,152.5
1184,freegame,0.0,99.8
1185,freegame,24.0,416.7
1186,freegame,2.6,177.9
1187,freegame,1.2,56.3
1188,freegame,0.4,14.3
1189,freegame,0.0,40.0
1190,freegame,0.0,40.3
1191,freegame,0.6,241.2
1192,freegame,5.0,130.3
1193,freegame,1.0,271.4
1194,freegame,0.0,38.4
1195,freegame,0.0,93.7
1196,freegame,0.0,90.8
1197,freegame,0.0,40.0
1198,freegame,0.0,83.9
1199,freegame,5.0,833.9
1200,freegame,0.0,12.8
1201,freegame,0.0,33.6
1202,freegame,0.0,20.1
1203,freegame,0.0,4.8
1204,freegame,10.0,259.4
1205,freegame,0.0,4.5
1206,freegame,0.0,196.1
1207,freegame,1.0,24.2
1208,freegame,0.6,222.4
1209,freegame,0.0,7.5
1210,freegame,0.0,1251.4
1211,freegame,0.0,133.0
1212,freegame,0.0,25.1
1213,freegame,0.0,538.5
1214,freegame,0.0,307.9
1215,freegame,5.0,153.3
1216,freegame,0.0,210.2
1217,freegame,0.0,126.3
1218,freegame,0.0,131.9
1219,freegame,1.2,567.2
1220,freegame,0.0,30.1
1221,freegame,1.5,367.8
1222,freegame,2.5,65.3
1223,freegame,0.0,236.2
1224,freegame,0.0,212.2
1225,freegame,0.0,5.5
1226,freegame,0.0,196.1
1227,freegame,5.4,23.1
1228,freegame,0.0,91.8
1229,freegame,0.0,8.9
1230,freegame,0.0,57.0
1231,freegame,0.0,8.9
1232,freegame,0.0,13.9
1233,freegame,0.0,647.6
1234,freegame,0.0,94.1
1235,freegame,0.0,101.5
1236,freegame,0.0,230.6
1237,freegame,0.0,60.2
1238,freegame,0.4,112.5
1239,freegame,0.0,78.4
1240,freegame,0.0,65.8
1241,freegame,1.5,12.7
1242,freegame,1.2,85.4
1243,freegame,0.0,182.1
1244,freegame,0.0,11.0
1245,freegame,0.0,28.9
1246,freegame,0.0,51.5
1247,freegame,2.3,46.5
1248,freegame,0.0,72.9
1249,freegame,0.6,22.4
1250,freegame,4.6,119.5
1251,freegame,0.0,388.9
1252,freegame,0.0,480.7
1253,freegame,0.0,16.3
1254,freegame,0.0,33.7
1255,freegame,0.0,59.4
1256,freegame,2.6,793.8
1257,freegame,0.0,303.9
1258,freegame,0.0,137.6
1259,freegame,0.0,33.4
1260,freegame,0.0,134.6
1261,freegame,0.0,33.3
1262,freegame,0.0,382.9
1263,freegame,0.0,24.3
1264,freegame,3.0,4.6
1265,freegame,1.0,61.8
1266,freegame,0.0,20.7
1267,freegame,3.3,18.5
1268,freegame,0.0,84.6
1269,freegame,0.4,153.0
1270,freegame,5.6,59.3
1271,freegame,3.0,90.7
1272,freegame,0.0,1754.6
1273,freegame,0.0,8.8
1274,freegame,0.0,519.4
1275,freegame,0.0,76.4
1276,freegame,0.0,99.2
1277,freegame,0.6,279.0
1278,freegame,0.0,23.4
1279,freegame,0.2,23.7
1280,freegame,5.7,34.7
1281,freegame,0.8,140.7
1282,freegame,0.0,469.9
1283,freegame,0.0,52.8
1284,freegame,0.0,116.3
1285,freegame,0.0,50.3
1286,freegame,2.1,108.7
1287,freegame,0.0,199.7
1288,freegame,0.0,186.2
1289,freegame,0.0,143.5
1290,freegame,0.0,175.2
1291,freegame,7.0,60.5
1292,freegame,0.0,250.0
1293,freegame,0.0,218.9
1294,freegame,0.0,23.5
1295,freegame,1.3,13.9
1296,freegame,0.0,129.5
1297,freegame,0.0,106.7
1298,freegame,0.4,82.5
1299,freegame,0.0,145.5
1300,freegame,1.0,115.0
1301,freegame,0.0,12.7
1302,freegame,0.0,4.8
1303,freegame,0.0,86.1
1304,freegame,6.0,295.7
1305,freegame,0.0,154.9
1306,freegame,0.0,33.0
1307,freegame,5.0,69.2
1308,freegame,0.0,122.6
1309,freegame,0.0,75.4
1310,freegame,0.0,103.7
1311,freegame,0.0,295.7
1312,freegame,0.0,31.7
1313,freegame,0.0,38.7
1314,freegame,0.0,109.5
1315,freegame,0.6,49.2
1316,freegame,2.5,532.5
1317,freegame,0.0,47.8
1318,freegame,0.0,57.4
1319,freegame,0.0,16.9
1320,freegame,6.7,253.8
1321,freegame,0.0,113.4
1322,freegame,0.0,475.1
1323,freegame,1.0,606.9
1324,freegame,0.0,39.1
1325,freegame,1.2,8.9
1326,freegame,0.0,49.3
1327,freegame,0.0,1335.1
1328,freegame,1.2,37.4
1329,freegame,0.0,48.0
1330,freegame,5.4,60.4
1331,freegame,1.0,91.5
1332,freegame,0.0,23.2
1333,freegame,0.0,19.1
1334,freegame,2.0,129.5
1335,freegame,0.0,207.6
1336,freegame,0.4,111.2
1337,freegame,0.0,164.0
1338,freegame,0.0,170.0
1339,freegame,0.0,138.9
1340,freegame,0.0,119.6
1341,freegame,0.0,108.5
1342,freegame,0.0,55.9
1343,freegame,0.0,27.0
1344,freegame,0.0,122.3
1345,freegame,0.4,135.0
1346,freegame,0.0,20.8
1347,freegame,0.0,181.1
1348,freegame,0.0,46.3
1349,freegame,2.3,392.1
1350,freegame,0.0,25.9
1351,freegame,0.0,325.3
1352,freegame,1.5,475.9
1353,freegame,0.4,60.1
1354,freegame,1.5,431.8
1355,freegame,0.0,253.2
1356,freegame,0.0,433.5
1357,freegame,18.0,462.6
1358,freegame,0.6,172.2
1359,freegame,0.0,89.6
1360,freegame,0.0,6.2
1361,freegame,0.0,145.5
1362,freegame,0.0,11.7
1363,freegame,0.0,126.6
1364,freegame,0.0,148.8
1365,freegame,0.0,82.7
1366,freegame,0.0,27.4
1367,freegame,3.4,218.8
1368,freegame,0.0,122.0
1369,freegame,5.0,123.9
1370,freegame,0.0,81.8
1371,freegame,0.0,277.4
1372,freegame,0.0,74.0
1373,freegame,4.2,101.5
1374,freegame,0.0,73.5
1375,freegame,0.0,591.2
1376,freegame,0.6,106.2
1377,freegame,4.0,248.6
1378,freegame,0.0,127.9
1379,freegame,0.0,433.0
1380,freegame,0.0,95.6
1381,freegame,0.0,80.1
1382,freegame,0.0,101.8
1383,freegame,0.0,174.1
1384,freegame,0.0,215.5
1385,freegame,0.0,631.3
1386,freegame,0.0,50.8
1387,freegame,0.0,139.0
1388,freegame,7.0,20.2
1389,freegame,0.0,252.0
1390,freegame,0.2,202.1
1391,freegame,0.0,379.6
1392,freegame,3.2,91.2
1393,freegame,0.0,40.6
1394,freegame,4.0,11.4
1395,freegame,1.3,41.8
1396,freegame,0.0,100.8
1397,freegame,0.0,53.4
1398,freegame,0.0,38.1
1399,freegame,0.0,161.9
1400,freegame,0.0,1824.9
1401,freegame,0.0,4.3
1402,freegame,3.2,116.3
1403,freegame,1.5,432.3
1404,freegame,0.0,56.7
1405,freegame,0.0,725.0
1406,freegame,0.0,493.3
1407,freegame,0.0,39.9
1408,freegame,3.2,114.8
1409,freegame,0.0,856.9
1410,freegame,0.0,472.2
1411,freegame,0.0,302.9
1412,freegame,0.0,294.8
1413,freegame,0.0,183.2
1414,freegame,0.0,217.9
1415,freegame,0.4,344.4
1416,freegame,3.6,446.3
1417,freegame,0.0,339.0
1418,freegame,0.0,6.9
1419,freegame,0.6,108.1
1420,freegame,0.0,402.3
1421,freegame,0.0,58.4
1422,freegame,0.0,81.5
1423,freegame,0.0,397.1
1424,freegame,0.0,61.2
1425,freegame,0.0,101.4
1426,freegame,1.0,105.4
1427,freegame,0.0,18.9
1428,freegame,0.0,298.4
1429,freegame,0.0,63.5
1430,freegame,0.0,6.6
1431,freegame,0.0,676.7
1432,freegame,1.0,51.2
1433,freegame,0.0,99.4
1434,freegame,0.0,197.4
1435,freegame,0.0,44.2
1436,freegame,0.0,74.6
1437,freegame,0.0,1392.3
1438,freegame,0.0,97.5
1439,freegame,7.5,191.5
1440,freegame,0.0,190.0
1441,freegame,2.0,75.8
1442,freegame,0.0,16.0
1443,freegame,0.0,494.8
1444,freegame,0.0,196.7
1445,freegame,5.0,275.6
1446,freegame,2.0,87.7
1447,freegame,0.0,46.9
1448,freegame,0.0,153.6
1449,freegame,1.5,32.4
1450,freegame,1.3,171.8
1451,freegame,0.0,31.0
1452,freegame,0.0,85.1
1453,freegame,0.0,248.2
1454,freegame,0.0,52.9
1455,freegame,0.0,63.6
1456,freegame,0.0,12.8
1457,freegame,0.0,4.1
1458,freegame,0.0,122.7
1459,freegame,0.0,201.7
1460,freegame,0.0,574.2
1461,freegame,0.0,54.3
1462,freegame,2.0,198.5
1463,freegame,0.0,130.3
1464,freegame,0.8,565.8
1465,freegame,0.0,281.9
1466,freegame,0.0,5.8
1467,freegame,1.5,126.0
1468,freegame,3.8,36.9
1469,freegame,0.0,132.4
1470,freegame,0.0,102.7
1471,freegame,0.0,105.1
1472,freegame,2.9,22.3
1473,freegame,0.0,25.9
1474,freegame,0.0,33.9
1475,freegame,0.0,373.1
1476,freegame,5.0,69.3
1477,freegame,0.0,26.1
1478,freegame,0.0,7.1
1479,freegame,7.0,174.9
1480,freegame,4.2,12.0
1481,freegame,0.0,96.8
1482,freegame,0.0,229.8
1483,freegame,0.0,511.2
1484,freegame,0.0,139.9
1485,freegame,0.0,112.7
1486,freegame,0.0,1.6
1487,freegame,4.8,81.2
1488,freegame,0.0,27.2
1489,freegame,0.0,105.3
1490,freegame,0.0,50.9
1491,freegame,0.0,39.5
1492,freegame,0.0,51.8
1493,freegame,0.8,1519.6
1494,freegame,0.0,21.9
1495,freegame,0.0,55.6
1496,freegame,0.0,352.1
1497,freegame,0.0,28.2
1498,freegame,0.0,26.3
1499,freegame,0.0,729.6
1500,freegame,0.0,96.0
1501,freegame,0.0,453.2
1502,freegame,0.0,35.4
1503,freegame,0.0,75.0
1504,freegame,0.0,5.1
1505,freegame,1.3,511.7
1506,freegame,0.0,145.6
1507,freegame,1.7,817.6
1508,freegame,0.6,436.4
1509,freegame,1.3,34.4
1510,freegame,0.0,82.3
1511,freegame,1.3,729.2
1512,freegame,0.0,24.7
1513,freegame,0.0,143.8
1514,freegame,0.0,262.6
1515,freegame,0.0,129.9
1516,freegame,0.0,36.6
1517,freegame,0.0,16.2
1518,freegame,0.0,557.6
1519,freegame,6.5,49.8
1520,freegame,0.0,64.0
1521,freegame,0.0,71.8
1522,freegame,0.0,1.6
1523,freegame,0.6,130.1
1524,freegame,0.0,48.5
1525,freegame,2.0,158.9
1526,freegame,0.0,50.1
1527,freegame,10.0,728.2
1528,freegame,0.0,194.8
1529,freegame,0.0,8.2
1530,freegame,6.0,365.3
1531,freegame,0.0,313.8
1532,freegame,0.0,3132.7
1533,freegame,0.2,108.6
1534,freegame,0.6,68.3
1535,freegame,0.0,289.7
1536,freegame,0.0,175.3
1537,freegame,0.0,34.6
1538,freegame,0.0,63.6
1539,freegame,0.0,27.3
1540,freegame,0.0,306.2
1541,freegame,0.0,273.1
1542,freegame,0.0,266.2
1543,freegame,10.6,87.0
1544,freegame,0.0,22.1
1545,freegame,0.0,65.2
1546,freegame,0.0,15.9
1547,freegame,2.0,25.4
1548,freegame,0.0,207.3
1549,freegame,0.2,51.4
1550,freegame,0.0,128.4
1551,freegame,7.2,18.4
1552,freegame,0.0,35.5
1553,freegame,0.0,118.6
1554,freegame,0.0,123.4
1555,freegame,0.0,8.2
1556,freegame,0.0,911.6
1557,freegame,0.0,175.2
1558,freegame,0.0,731.1
1559,freegame,0.0,247.2
1560,freegame,0.0,11.6
1561,freegame,0.0,62.8
1562,freegame,1.0,97.6
1563,freegame,2.0,65.1
1564,freegame,0.0,285.5
1565,freegame,0.0,584.8
1566,freegame,1.3,55.1
1567,freegame,2.0,557.1
1568,freegame,0.0,597.7
1569,freegame,0.0,45.0
1570,freegame,0.4,18.7
1571,freegame,0.0,391.3
1572,freegame,0.0,1251.4
1573,freegame,0.0,149.4
1574,freegame,0.0,69.9
1575,freegame,0.0,13.7
1576,freegame,0.0,132.0
1577,freegame,0.0,139.2
1578,freegame,0.0,876.1
1579,freegame,0.0,27.6
1580,freegame,0.0,142.2
1581,freegame,0.0,180.5
1582,freegame,0.2,7.1
1583,freegame,0.0,21.3
1584,freegame,0.8,347.1
1585,freegame,5.8,158.7
1586,freegame,0.0,106.3
1587,freegame,0.0,22.0
1588,freegame,0.0,48.6
1589,freegame,0.0,49.3
1590,freegame,0.0,1392.8
1591,freegame,0.0,1870.5
1592,freegame,3.2,14.4
1593,freegame,0.8,223.1
1594,freegame,0.0,958.7
1595,freegame,0.0,213.3
1596,freegame,0.0,265.4
1597,freegame,0.0,57.2
1598,freegame,16.0,6.4
1599,freegame,0.0,57.4
1600,freegame,3.8,33.2
1601,freegame,0.0,151.9
1602,freegame,0.0,77.2
1603,freegame,0.0,119.5
1604,freegame,0.0,26.2
1605,freegame,1.3,506.9
1606,freegame,3.2,130.0
1607,freegame,0.0,202.1
1608,freegame,0.0,88.4
1609,freegame,0.0,31.4
1610,freegame,0.0,19.5
1611,freegame,0.0,37.8
1612,freegame,1.5,140.5
1613,freegame,0.0,36.6
1614,freegame,0.0,30.5
1615,freegame,0.0,50.2
1616,freegame,0.0,27.7
1617,freegame,0.0,306.5
1618,freegame,0.0,225.8
1619,freegame,0.0,240.9
1620,freegame,2.0,86.1
1621,freegame,0.0,507.5
1622,freegame,0.0,28.8
1623,freegame,0.0,66.3
1624,freegame,0.0,134.9
1625,freegame,0.0,89.9
1626,freegame,0.0,23.1
1627,freegame,5.7,322.9
1628,freegame,1.5,14.2
1629,wincap,0.0,5000.0
1630,freegame,0.0,26.8
1631,freegame,0.8,52.5
1632,freegame,0.0,36.7
1633,freegame,0.0,258.7
1634,freegame,0.0,39.0
1635,freegame,6.6,190.1
1636,freegame,5.0,297.8
1637,freegame,0.0,8.5
1638,freegame,2.6,120.0
1639,freegame,0.0,153.0
1640,freegame,0.0,1107.1
1641,freegame,0.0,42.5
1642,freegame,0.0,451.4
1643,freegame,1.3,205.2
1644,freegame,0.0,57.1
1645,freegame,0.0,84.5
1646,freegame,1.3,74.5
1647,freegame,0.2,30.2
1648,freegame,0.6,120.9
1649,freegame,0.0,221.0
1650,freegame,0.0,148.3
1651,freegame,0.0,249.4
1652,freegame,6.0,86.6
1653,freegame,0.0,0.0
1654,freegame,1.0,18.5
1655,freegame,0.0,137.3
1656,freegame,0.0,69.7
1657,freegame,1.3,8.7
1658,freegame,0.0,168.6
1659,freegame,2.4,118.0
1660,freegame,7.2,363.9
1661,freegame,0.0,2288.8
1662,freegame,0.0,42.4
1663,freegame,0.0,251.5
1664,freegame,0.0,1029.4
1665,freegame,1.3,673.2
1666,freegame,0.0,415.6
1667,freegame,2.5,105.4
1668,freegame,0.0,70.9
1669,freegame,0.0,1477.1
1670,freegame,0.0,89.0
1671,freegame,0.0,46.1
1672,freegame,0.0,9.4
1673,freegame,0.0,277.6
1674,freegame,0.0,185.4
1675,freegame,3.2,117.6
1676,freegame,0.0,250.3
1677,freegame,5.9,243.3
1678,freegame,0.0,773.4
1679,freegame,0.0,18.5
1680,freegame,0.0,59.7
1681,freegame,17.1,70.7
1682,freegame,0.0,56.2
1683,freegame,0.0,736.5
1684,freegame,0.0,89.0
1685,freegame,0.0,632.4
1686,freegame,0.0,119.8
1687,freegame,0.0,160.7
1688,freegame,1.3,73.7
1689,freegame,0.0,133.3
1690,freegame,0.0,376.5
1691,freegame,0.0,142.0
1692,freegame,0.0,50.9
1693,freegame,0.0,173.6
1694,freegame,3.0,17.0
1695,freegame,4.5,866.7
1696,freegame,2.0,81.8
1697,freegame,0.0,86.2
1698,freegame,0.0,103.0
1699,freegame,3.5,107.1
1700,freegame,0.0,41.1
1701,freegame,0.0,60.5
1702,freegame,0.0,344.6
1703,freegame,0.0,79.4
1704,freegame,0.0,375.0
1705,freegame,0.0,300.7
1706,freegame,0.0,11.7
1707,freegame,0.0,22.9
1708,freegame,0.0,23.3
1709,freegame,0.0,177.7
1710,freegame,0.0,33.9
1711,freegame,1.2,71.4
1712,freegame,0.0,590.1
1713,freegame,0.0,230.3
1714,freegame,9.8,75.1
1715,freegame,0.6,41.3
1716,freegame,0.0,52.9
1717,freegame,0.0,95.0
1718,freegame,0.4,28.2
1719,freegame,0.0,125.8
1720,freegame,0.0,271.9
1721,freegame,0.0,40.9
1722,freegame,0.0,135.8
1723,freegame,0.0,55.8
1724,freegame,0.0,130.2
1725,freegame,0.0,229.6
1726,freegame,0.0,182.8
1727,freegame,0.0,277.0
1728,freegame,0.0,78.3
1729,freegame,0.6,154.8
1730,freegame,0.0,4.5
1731,freegame,0.0,7.0
1732,freegame,0.0,322.8
1733,freegame,0.0,444.8
1734,freegame,5.0,56.3
1735,freegame,0.0,13.1
1736,freegame,0.0,122.2
1737,freegame,0.0,14.6
1738,freegame,0.0,4.0
1739,freegame,0.2,1358.3
1740,freegame,0.0,156.2
1741,freegame,6.0,550.2
1742,freegame,0.0,273.2
1743,freegame,0.0,50.5
1744,freegame,0.0,552.9
1745,freegame,0.0,84.9
1746,freegame,8.3,71.5
1747,freegame,0.0,130.7
1748,freegame,0.0,1044.5
1749,freegame,0.0,11.5
1750,freegame,0.0,27.7
1751,freegame,0.0,434.9
1752,freegame,0.0,105.9
1753,freegame,0.0,35.6
1754,freegame,0.0,65.4
1755,freegame,0.0,328.5
1756,freegame,0.0,21.1
1757,freegame,1.3,393.2
1758,freegame,3.0,166.0
1759,freegame,0.0,11.3
1760,freegame,0.0,96.0
1761,freegame,5.0,42.5
1762,freegame,0.0,42.0
1763,freegame,0.0,27.0
1764,freegame,6.2,206.6
1765,freegame,0.0,288.3
1766,freegame,0.0,406.5
1767,freegame,0.0,39.1
1768,freegame,0.2,484.8
1769,freegame,10.0,1517.0
1770,freegame,2.5,25.7
1771,freegame,0.0,284.9
1772,freegame,5.0,350.1
1773,freegame,0.0,263.5
1774,freegame,0.0,310.0
1775,freegame,1.0,282.3
1776,freegame,0.0,66.0
1777,freegame,0.0,65.6
1778,freegame,15.8,83.2
1779,freegame,0.0,84.1
1780,freegame,0.2,27.5
1781,freegame,0.0,36.8
1782,freegame,2.0,73.0
1783,freegame,6.3,49.4
1784,freegame,0.0,210.0
1785,freegame,0.0,259.4
1786,freegame,1.3,62.7
1787,freegame,0.0,563.3
1788,freegame,0.0,26.8
1789,freegame,0.0,72.3
1790,freegame,0.0,482.0
1791,freegame,1.3,113.5
1792,freegame,0.0,54.4
1793,freegame,2.3,214.8
1794,freegame,0.0,85.6
1795,freegame,2.5,250.1
1796,freegame,0.0,24.2
1797,freegame,0.0,99.8
1798,freegame,0.0,21.2
1799,freegame,0.0,104.8
1800,freegame,0.0,20.4
1801,freegame,0.6,105.5
1802,freegame,0.0,402.9
1803,freegame,0.0,88.5
1804,freegame,0.0,171.4
1805,freegame,0.0,6.2
1806,freegame,0.0,215.1
1807,freegame,0.0,94.5
1808,freegame,0.6,640.7
1809,freegame,2.0,332.5
1810,freegame,0.6,369.8
1811,freegame,0.0,48.2
1812,freegame,0.0,220.1
1813,freegame,0.0,662.1
1814,freegame,0.0,122.0
1815,freegame,1.3,397.8
1816,freegame,0.0,448.1
1817,freegame,0.0,232.8
1818,freegame,0.0,55.9
1819,freegame,0.0,627.5
1820,freegame,0.0,164.2
1821,freegame,5.0,214.6
1822,freegame,0.0,313.4
1823,freegame,0.0,188.0
1824,freegame,10.0,30.5
1825,freegame,0.0,104.1
1826,freegame,0.0,116.2
1827,freegame,0.0,587.5
1828,freegame,3.3,181.0
1829,freegame,0.0,225.1
1830,freegame,0.0,231.9
1831,freegame,0.4,153.0
1832,freegame,0.0,42.0
1833,freegame,0.6,102.7
1834,freegame,0.0,228.5
1835,freegame,0.0,58.0
1836,freegame,1.0,5.4
1837,freegame,0.0,30.4
1838,freegame,0.6,205.2
1839,freegame,0.0,16.5
1840,freegame,0.0,286.5
1841,freegame,0.0,186.5
1842,freegame,0.0,488.0
1843,freegame,2.0,907.8
1844,freegame,0.0,312.8
1845,freegame,0.0,312.2
1846,freegame,0.0,274.5
1847,freegame,0.0,83.5
1848,freegame,0.0,16.2
1849,freegame,0.0,884.8
1850,freegame,0.0,340.5
1851,freegame,2.0,36.2
1852,freegame,0.0,117.8
1853,freegame,0.0,64.5
1854,freegame,0.0,205.9
1855,freegame,0.0,488.0
1856,freegame,0.0,198.4
1857,freegame,1.0,60.7
1858,freegame,0.6,439.6
1859,freegame,0.0,88.2
1860,freegame,0.0,65.1
1861,freegame,0.6,211.2
1862,freegame,0.0,51.9
1863,freegame,0.0,151.5
1864,freegame,0.0,2.4
1865,freegame,4.4,96.5
1866,freegame,0.0,100.6
1867,freegame,0.0,220.2
1868,freegame,0.0,58.7
1869,freegame,0.0,41.4
1870,freegame,0.0,133.8
1871,freegame,0.0,17.6
1872,freegame,0.0,39.9
1873,freegame,0.0,16.7
1874,freegame,0.0,200.7
1875,freegame,0.0,292.5
1876,freegame,7.0,577.0
1877,freegame,0.4,49.0
1878,freegame,0.0,44.0
1879,freegame,0.0,236.3
1880,freegame,0.0,41.8
1881,freegame,1.3,45.7
1882,freegame,1.9,17.3
1883,freegame,1.9,119.4
1884,freegame,0.0,481.3
1885,freegame,0.0,229.2
1886,freegame,0.0,13.2
1887,freegame,1.7,94.3
1888,freegame,3.2,56.9
1889,freegame,0.0,55.8
1890,freegame,0.0,54.8
1891,freegame,0.0,420.2
1892,freegame,6.9,64.6
1893,freegame,6.0,276.3
1894,freegame,0.0,310.3
1895,freegame,0.0,102.2
1896,freegame,0.0,22.9
1897,freegame,1.0,397.0
1898,freegame,0.6,122.1
1899,freegame,0.0,46.7
1900,freegame,0.4,22.7
1901,freegame,0.0,69.5
1902,freegame,0.6,106.1
1903,freegame,0.0,53.5
1904,freegame,0.0,64.1
1905,freegame,0.0,219.6
1906,freegame,0.0,36.5
1907,freegame,1.7,138.9
1908,freegame,2.0,51.5
1909,freegame,0.0,1408.6
1910,freegame,0.0,36.1
1911,freegame,0.0,22.1
1912,freegame,0.0,110.1
1913,freegame,0.0,68.9
1914,freegame,0.0,41.6
1915,freegame,0.0,28.2
1916,freegame,4.0,50.7
1917,freegame,0.0,133.6
1918,freegame,0.0,706.6
1919,freegame,1.0,55.2
1920,freegame,0.0,132.9
1921,freegame,0.0,171.4
1922,freegame,0.0,4.6
1923,freegame,1.5,106.8
1924,freegame,0.0,62.8
1925,freegame,0.0,224.6
1926,freegame,0.0,43.5
1927,freegame,0.0,120.6
1928,freegame,0.0,384.7
1929,freegame,2.3,331.5
1930,freegame,11.0,80.8
1931,freegame,0.0,166.5
1932,freegame,2.5,207.0
1933,freegame,1.0,270.3
1934,freegame,3.8,479.4
1935,freegame,0.0,235.3
1936,freegame,0.0,71.2
1937,freegame,3.5,85.7
1938,freegame,1.9,65.6
1939,freegame,0.0,508.6
1940,freegame,0.0,97.4
1941,freegame,0.0,37.9
1942,freegame,0.0,69.3
1943,freegame,0.0,1.2
1944,freegame,0.0,17.2
1945,freegame,6.7,46.5
1946,freegame,0.0,72.1
1947,freegame,0.0,73.1
1948,freegame,0.6,104.7
1949,freegame,0.2,145.9
1950,freegame,0.0,48.4
1951,freegame,0.0,37.8
1952,freegame,0.0,136.8
1953,freegame,0.0,221.3
1954,freegame,0.0,131.8
1955,freegame,0.0,640.2
1956,freegame,2.7,118.3
1957,freegame,0.0,59.5
1958,freegame,0.0,65.0
1959,freegame,0.0,107.7
1960,freegame,0.0,163.4
1961,freegame,0.0,78.7
1962,freegame,1.5,381.7
1963,freegame,0.0,135.9
1964,freegame,1.0,30.9
1965,freegame,0.0,6.8
1966,freegame,0.0,139.8
1967,freegame,0.0,44.9
1968,freegame,0.0,1672.5
1969,freegame,12.1,25.4
1970,freegame,1.5,205.2
1971,freegame,0.0,78.9
1972,freegame,0.0,147.9
1973,freegame,2.6,257.7
1974,freegame,0.0,133.9
1975,freegame,0.0,274.6
1976,freegame,0.0,45.0
1977,freegame,0.0,108.3
1978,freegame,0.0,145.4
1979,freegame,0.0,716.2
1980,freegame,0.0,457.4
1981,freegame,0.0,75.4
1982,freegame,0.0,111.4
1983,freegame,8.9,110.0
1984,freegame,5.0,95.2
1985,freegame,0.0,197.3
1986,freegame,3.2,211.2
1987,freegame,1.0,47.3
1988,freegame,0.0,70.0
1989,freegame,0.0,4.0
1990,freegame,8.7,27.0
1991,freegame,0.0,33.4
1992,freegame,2.9,97.3
1993,freegame,0.0,69.6
1994,freegame,0.0,214.4
1995,freegame,0.0,200.3
1996,freegame,0.0,265.9
1997,freegame,0.0,141.3
1998,freegame,0.0,25.0
1999,freegame,2.0,84.7
2000,freegame,0.0,56.3
2001,freegame,0.0,103.4
2002,freegame,0.0,96.6
2003,freegame,0.0,55.5
2004,freegame,0.0,11.5
2005,freegame,0.0,32.3
2006,freegame,0.0,527.2
2007,freegame,5.0,45.4
2008,freegame,3.1,58.5
2009,freegame,0.0,123.0
2010,freegame,0.0,187.7
2011,freegame,0.0,27.1
2012,freegame,0.2,99.2
2013,freegame,0.0,298.7
2014,freegame,0.0,117.3
2015,freegame,0.0,20.6
2016,freegame,5.0,7.7
2017,freegame,3.0,173.5
2018,freegame,0.0,37.0
2019,freegame,0.0,16.7
2020,freegame,0.0,151.7
2021,freegame,0.0,81.7
2022,freegame,5.0,923.2
2023,freegame,0.0,123.2
2024,freegame,0.0,2713.2
2025,freegame,0.0,42.3
2026,freegame,0.0,36.2
2027,freegame,8.0,26.1
2028,freegame,0.0,12.8
2029,freegame,2.0,138.0
2030,freegame,0.0,223.1
2031,freegame,1.5,405.8
2032,freegame,0.0,138.6
2033,freegame,0.0,289.4
2034,freegame,0.6,177.3
2035,freegame,0.0,133.2
2036,freegame,0.0,358.2
2037,freegame,0.0,8.2
2038,freegame,0.0,112.3
2039,freegame,0.0,125.8
2040,freegame,0.6,56.6
2041,freegame,0.0,91.6
2042,freegame,0.0,59.3
2043,freegame,0.0,138.1
2044,freegame,0.0,46.0
2045,freegame,0.0,39.9
2046,freegame,0.0,53.8
2047,freegame,0.0,19.9
2048,freegame,0.0,363.6
2049,freegame,0.0,140.0
2050,freegame,6.8,77.0
2051,freegame,0.0,53.2
2052,freegame,0.0,78.8
2053,freegame,0.0,21.6
2054,freegame,0.0,183.5
2055,freegame,2.6,481.2
2056,freegame,0.0,260.5
2057,freegame,0.0,6.2
2058,freegame,0.0,153.1
2059,freegame,0.0,13.4
2060,freegame,0.8,76.5
2061,freegame,2.9,497.3
2062,freegame,2.0,62.4
2063,freegame,0.0,946.1
2064,freegame,0.0,178.5
2065,freegame,2.0,538.3
2066,freegame,0.0,16.5
2067,freegame,0.0,160.0
2068,freegame,2.0,68.2
2069,freegame,0.0,315.8
2070,freegame,0.0,64.5
2071,freegame,0.0,758.0
2072,freegame,2.5,41.2
2073,freegame,0.0,224.2
2074,freegame,0.0,58.4
2075,freegame,0.0,4.8
2076,freegame,0.8,83.0
2077,freegame,0.0,753.0
2078,freegame,4.0,91.3
2079,freegame,0.0,124.5
2080,freegame,0.0,22.3
2081,freegame,0.0,22.3
2082,freegame,4.8,92.1
2083,freegame,0.0,38.1
2084,freegame,0.0,49.5
2085,freegame,0.0,366.9
2086,freegame,0.0,32.4
2087,freegame,0.0,218.0
2088,freegame,0.0,48.4
2089,freegame,5.6,28.7
2090,freegame,1.4,55.2
2091,freegame,0.0,10.4
2092,freegame,0.0,36.8
2093,freegame,0.4,1403.0
2094,freegame,0.6,52.9
2095,freegame,0.2,74.4
2096,freegame,0.0,7.8
2097,freegame,0.0,26.6
2098,freegame,2.2,240.4
2099,freegame,0.0,510.4
2100,freegame,0.0,89.4
2101,freegame,1.2,22.0
2102,freegame,0.0,67.2
2103,freegame,9.8,1135.3
2104,freegame,0.0,45.5
2105,freegame,0.0,741.5
2106,freegame,0.0,12.0
2107,freegame,0.0,192.5
2108,freegame,1.0,153.5
2109,freegame,0.0,0.8
2110,freegame,0.0,44.6
2111,freegame,1.3,4.2
2112,freegame,0.0,276.3
2113,freegame,0.0,116.6
2114,freegame,0.0,84.7
2115,freegame,0.0,60.9
2116,freegame,0.0,95.2
2117,freegame,0.0,4.4
2118,freegame,0.0,473.9
2119,freegame,0.0,348.8
2120,freegame,0.0,260.3
2121,freegame,0.0,55.3
2122,freegame,0.0,208.1
2123,freegame,2.0,120.1
2124,freegame,0.0,289.9
2125,freegame,3.2,19.2
2126,freegame,0.0,28.2
2127,freegame,1.8,19.1
2128,freegame,0.0,458.7
2129,freegame,2.8,67.0
2130,freegame,0.8,646.0
2131,freegame,0.0,1107.6
2132,freegame,0.0,145.6
2133,freegame,1.5,438.9
2134,freegame,0.0,340.3
2135,freegame,6.3,54.9
2136,freegame,0.0,161.5
2137,freegame,0.0,28.7
2138,freegame,0.0,27.8
2139,freegame,2.5,1589.0
2140,freegame,5.0,74.1
2141,freegame,2.5,84.0
2142,freegame,0.6,1037.4
2143,freegame,0.0,37.7
2144,freegame,0.0,27.6
2145,freegame,0.0,71.3
2146,freegame,1.0,83.8
2147,freegame,0.0,230.9
2148,freegame,0.0,402.3
2149,freegame,0.0,278.0
2150,freegame,0.6,32.4
2151,freegame,5.0,64.3
2152,freegame,0.0,797.5
2153,freegame,0.0,73.4
2154,freegame,2.5,78.9
2155,freegame,0.0,57.1
2156,freegame,1.2,87.6
2157,freegame,0.0,38.0
2158,freegame,0.0,62.2
2159,freegame,0.0,7.8
2160,freegame,0.0,187.5
2161,freegame,2.0,133.6
2162,freegame,0.0,47.3
2163,freegame,1.0,71.2
2164,freegame,0.0,3.2
2165,freegame,0.0,70.0
2166,freegame,0.0,23.7
2167,freegame,0.0,308.0
2168,freegame,0.0,178.9
2169,freegame,0.0,159.1
2170,freegame,0.0,188.9
2171,freegame,0.0,55.7
2172,freegame,0.0,2555.7
2173,freegame,0.0,31.6
2174,freegame,0.0,22.2
2175,freegame,0.0,1586.5
2176,freegame,2.5,60.0
2177,freegame,0.6,148.9
2178,freegame,0.0,45.6
2179,freegame,0.0,53.3
2180,freegame,2.5,73.9
2181,freegame,0.0,182.9
2182,freegame,0.0,129.9
2183,freegame,0.0,25.7
2184,freegame,0.0,150.9
2185,freegame,1.3,52.6
2186,freegame,2.5,96.9
2187,freegame,5.6,104.8
2188,freegame,0.0,215.0
2189,freegame,15.2,63.7
2190,freegame,0.0,52.0
2191,freegame,1.0,192.5
2192,freegame,0.0,18.4
2193,freegame,0.0,129.9
2194,freegame,0.0,48.2
2195,freegame,0.4,44.5
2196,freegame,3.8,81.9
2197,freegame,0.0,1060.9
2198,freegame,0.0,347.8
2199,freegame,0.0,28.0
2200,freegame,0.6,424.5
2201,freegame,0.0,159.3
2202,freegame,0.0,14.6
2203,freegame,0.0,59.0
2204,freegame,0.0,211.9
2205,wincap,0.0,5000.0
2206,freegame,0.0,52.8
2207,freegame,0.0,84.8
2208,freegame,2.0,65.2
2209,freegame,1.5,139.0
2210,freegame,1.9,83.4
2211,freegame,0.0,92.4
2212,freegame,0.0,71.2
2213,freegame,0.0,743.2
2214,freegame,0.0,2.0
2215,freegame,0.0,259.4
2216,freegame,0.0,556.3
2217,freegame,0.0,6.8
2218,freegame,0.0,63.0
2219,freegame,0.0,128.0
2220,freegame,0.0,215.1
2221,freegame,7.5,424.0
2222,freegame,0.0,249.5
2223,freegame,0.0,689.3
2224,freegame,0.0,324.5
2225,freegame,0.0,17.5
2226,freegame,0.0,123.5
2227,freegame,0.0,435.0
2228,freegame,0.0,20.1
2229,freegame,0.0,78.6
2230,freegame,2.0,284.8
2231,freegame,1.5,444.3
2232,freegame,0.0,23.0
2233,freegame,0.0,662.3
2234,freegame,0.0,119.6
2235,freegame,0.0,110.1
2236,freegame,0.2,1274.4
2237,freegame,4.0,284.0
2238,freegame,5.0,92.3
2239,freegame,0.0,12.0
2240,freegame,5.0,119.5
2241,freegame,0.0,56.0
2242,freegame,0.0,5.2
2243,freegame,0.0,324.0
2244,freegame,7.0,49.0
2245,freegame,0.0,224.2
2246,freegame,0.0,3.8
2247,freegame,4.3,12.0
2248,freegame,6.5,43.5
2249,freegame,0.0,69.4
2250,freegame,2.5,16.0
2251,freegame,0.0,25.6
2252,freegame,0.0,77.4
2253,freegame,0.0,101.2
2254,freegame,0.0,87.2
2255,freegame,0.0,777.8
2256,freegame,0.0,158.2
2257,freegame,1.5,272.4
2258,freegame,0.0,57.2
2259,freegame,0.0,795.3
2260,freegame,0.0,52.3
2261,freegame,3.8,28.6
2262,freegame,0.6,93.2
2263,freegame,0.0,840.9
2264,freegame,0.6,99.8
2265,freegame,0.0,267.7
2266,freegame,0.0,93.9
2267,freegame,0.0,51.5
2268,freegame,0.0,132.8
2269,freegame,7.8,61.7
2270,freegame,0.0,122.3
2271,freegame,0.0,81.4
2272,freegame,2.5,1421.7
2273,freegame,0.0,416.4
2274,freegame,0.0,221.0
2275,freegame,0.0,73.5
2276,freegame,0.0,160.1
2277,freegame,0.0,146.8
2278,freegame,3.2,102.7
2279,freegame,0.0,69.2
2280,freegame,0.0,9.8
2281,freegame,0.0,64.4
2282,freegame,0.0,101.1
2283,freegame,0.0,97.5
2284,freegame,2.0,82.0
2285,freegame,3.0,75.8
2286,freegame,1.8,233.0
2287,freegame,0.0,24.5
2288,freegame,0.0,186.9
2289,freegame,0.6,60.6
2290,freegame,0.0,282.3
2291,freegame,4.0,360.3
2292,freegame,0.0,34.2
2293,freegame,0.0,123.6
2294,freegame,8.7,22.1
2295,freegame,2.8,242.4
2296,freegame,0.0,89.0
2297,freegame,2.0,40.9
2298,freegame,1.0,77.0
2299,freegame,0.0,134.0
2300,freegame,4.5,96.5
2301,freegame,1.3,28.4
2302,freegame,0.0,34.5
2303,freegame,0.0,812.8
2304,freegame,0.0,60.9
2305,freegame,0.0,96.2
2306,freegame,0.4,369.7
2307,freegame,0.0,65.9
2308,freegame,0.0,102.6
2309,freegame,0.0,131.1
2310,freegame,0.0,30.5
2311,freegame,0.0,77.1
2312,freegame,8.1,360.6
2313,freegame,0.0,45.1
2314,freegame,0.0,301.1
2315,freegame,0.0,344.7
2316,freegame,0.0,141.3
2317,freegame,0.0,97.0
2318,freegame,0.0,134.3
2319,freegame,0.0,415.9
2320,freegame,0.0,253.8
2321,freegame,0.0,280.3
2322,freegame,2.0,452.5
2323,freegame,0.0,334.2
2324,freegame,0.0,87.6
2325,freegame,0.0,22.0
2326,freegame,3.2,1206.5
2327,freegame,3.2,49.1
2328,freegame,1.5,15.0
2329,freegame,0.0,136.2
2330,freegame,2.0,67.6
2331,freegame,0.0,27.1
2332,freegame,0.0,262.7
2333,freegame,0.0,61.9
2334,freegame,0.0,41.7
2335,freegame,0.0,1.6
2336,freegame,1.2,194.4
2337,freegame,0.0,23.0
2338,freegame,0.0,274.1
2339,freegame,0.0,11.1
2340,freegame,0.0,628.1
2341,freegame,0.0,95.1
2342,freegame,0.0,275.6
2343,freegame,0.0,315.6
2344,freegame,0.0,701.5
2345,freegame,0.0,120.9
2346,freegame,0.0,6.0
2347,freegame,0.0,88.2
2348,freegame,0.0,14.8
2349,freegame,0.0,97.8
2350,freegame,0.0,824.6
2351,freegame,0.0,122.8
2352,freegame,0.0,84.5
2353,freegame,0.0,48.0
2354,freegame,7.9,87.7
2355,freegame,0.0,18.4
2356,freegame,0.0,119.4
2357,freegame,0.0,121.5
2358,freegame,0.0,252.5
2359,freegame,0.0,18.8
2360,freegame,0.0,167.1
2361,freegame,1.0,196.9
2362,freegame,0.0,58.4
2363,freegame,0.0,23.7
2364,freegame,6.9,49.9
2365,freegame,0.0,412.5
2366,freegame,0.0,146.6
2367,freegame,5.0,99.8
2368,freegame,0.0,381.9
2369,freegame,0.0,175.0
2370,freegame,0.0,91.1
2371,freegame,0.0,66.4
2372,freegame,0.0,276.9
2373,freegame,0.0,141.3
2374,freegame,0.0,231.7
2375,freegame,0.0,117.6
2376,freegame,0.0,211.1
2377,freegame,6.9,13.4
2378,freegame,0.0,333.4
2379,freegame,3.2,142.4
2380,freegame,0.0,179.4
2381,freegame,8.5,66.1
2382,freegame,2.0,98.0
2383,freegame,0.0,220.8
2384,freegame,0.0,15.1
2385,freegame,0.6,195.9
2386,freegame,2.0,44.2
2387,freegame,0.0,44.5
2388,freegame,1.5,19.6
2389,freegame,0.0,115.4
2390,freegame,2.0,107.5
2391,freegame,6.3,14.7
2392,freegame,0.0,273.9
2393,freegame,0.0,526.6
2394,freegame,0.0,224.8
2395,freegame,0.0,16.0
2396,freegame,0.0,108.1
2397,freegame,0.0,237.7
2398,freegame,0.0,240.3
2399,freegame,0.0,45.9
2400,freegame,0.6,121.8
2401,freegame,1.9,31.0
2402,freegame,0.0,483.2
2403,freegame,0.0,109.7
2404,freegame,3.2,8.6
2405,freegame,0.8,107.2
2406,freegame,0.0,387.4
2407,freegame,0.0,39.9
2408,freegame,2.3,32.7
2409,freegame,0.0,779.6
2410,freegame,8.5,64.4
2411,freegame,0.0,337.1
2412,freegame,0.0,180.9
2413,freegame,10.0,24.4
2414,freegame,0.0,557.3
2415,freegame,0.0,169.4
2416,freegame,0.0,42.2
2417,freegame,0.0,57.6
2418,freegame,3.8,1087.4
2419,freegame,0.0,1294.0
2420,freegame,0.6,45.4
2421,freegame,1.0,15.0
2422,freegame,0.0,368.0
2423,freegame,0.0,22.5
2424,freegame,0.0,74.8
2425,freegame,0.0,466.3
2426,freegame,0.0,24.4
2427,freegame,0.0,50.9
2428,freegame,0.0,15.7
2429,freegame,0.4,46.4
2430,freegame,0.0,12.2
2431,freegame,0.0,54.1
2432,freegame,5.5,282.8
2433,freegame,0.0,339.8
2434,freegame,1.0,160.7
2435,freegame,0.0,72.8
2436,freegame,0.0,14.6
2437,freegame,0.0,17.1
2438,freegame,0.0,251.6
2439,freegame,0.0,457.6
2440,freegame,0.0,410.1
2441,freegame,0.0,223.1
2442,freegame,0.0,210.2
2443,freegame,3.8,62.1
2444,freegame,0.0,218.5
2445,freegame,0.0,35.7
2446,freegame,0.0,49.3
2447,freegame,0.0,234.1
2448,freegame,0.0,9.2
2449,freegame,4.5,20.2
2450,freegame,0.0,119.3
2451,freegame,0.0,20.4
2452,freegame,0.0,568.4
2453,freegame,5.0,299.9
2454,freegame,0.0,34.7
2455,freegame,0.0,83.6
2456,freegame,1.2,17.9
2457,freegame,0.8,97.1
2458,freegame,0.8,157.6
2459,freegame,0.0,77.7
2460,freegame,2.5,225.0
2461,freegame,0.0,283.6
2462,freegame,0.0,181.3
2463,freegame,17.7,42.4
2464,freegame,1.0,90.3
2465,freegame,0.0,266.3
2466,freegame,7.0,41.1
2467,freegame,0.0,201.3
2468,freegame,0.0,367.4
2469,freegame,0.0,65.8
2470,freegame,0.0,27.8
2471,freegame,0.0,323.7
2472,freegame,0.0,57.4
2473,freegame,0.0,71.5
2474,freegame,0.0,150.4
2475,freegame,0.0,858.2
2476,freegame,0.0,592.3
2477,freegame,0.0,131.2
2478,freegame,0.0,188.5
2479,freegame,0.0,393.3
2480,freegame,0.0,82.9
2481,freegame,0.0,66.9
2482,freegame,0.0,385.8
2483,freegame,0.0,34.4
2484,freegame,7.7,8.8
2485,freegame,0.0,34.7
2486,freegame,0.0,875.0
2487,freegame,0.0,63.2
2488,freegame,0.0,64.3
2489,freegame,0.0,230.6
2490,freegame,0.0,94.6
2491,freegame,0.0,309.9
2492,freegame,1.4,382.0
2493,freegame,0.0,48.7
2494,freegame,0.0,120.3
2495,freegame,0.0,496.3
2496,freegame,0.0,259.5
2497,freegame,0.0,84.5
2498,freegame,0.0,44.1
2499,freegame,2.0,44.9
2500,freegame,2.0,18.5
2501,freegame,0.0,99.7
2502,freegame,0.0,90.8
2503,freegame,0.0,41.8
2504,freegame,0.0,115.2
2505,freegame,0.0,26.4
2506,freegame,9.4,126.9
2507,freegame,1.9,31.8
2508,freegame,1.4,283.1
2509,freegame,0.0,112.5
2510,freegame,0.0,96.9
2511,freegame,0.0,744.9
2512,freegame,0.0,136.8
2513,freegame,0.2,411.8
2514,freegame,5.0,53.5
2515,freegame,0.0,178.1
2516,freegame,0.0,7.5
2517,freegame,2.0,104.4
2518,freegame,0.0,868.2
2519,freegame,0.6,9.0
2520,freegame,0.0,15.0
2521,freegame,4.7,123.4
2522,freegame,0.0,305.7
2523,freegame,0.0,125.4
2524,freegame,0.0,127.7
2525,freegame,0.0,46.0
2526,freegame,0.0,107.4
2527,freegame,0.0,287.4
2528,freegame,0.0,167.0
2529,freegame,0.0,92.6
2530,freegame,0.0,569.5
2531,freegame,0.2,17.7
2532,freegame,0.0,145.2
2533,freegame,0.0,424.4
2534,freegame,0.0,27.1
2535,freegame,0.0,22.2
2536,freegame,0.0,19.0
2537,freegame,0.0,167.8
2538,freegame,0.0,114.7
2539,freegame,1.0,370.3
2540,freegame,0.0,10.9
2541,freegame,0.0,65.6
2542,freegame,0.0,62.1
2543,freegame,0.0,46.0
2544,freegame,0.0,54.9
2545,freegame,0.0,28.8
2546,freegame,2.0,353.0
2547,freegame,0.0,22.3
2548,freegame,0.0,55.0
2549,freegame,0.0,145.3
2550,freegame,5.0,661.9
2551,freegame,0.0,183.2
2552,freegame,0.0,1563.9
2553,freegame,0.0,39.8
2554,freegame,0.0,242.1
2555,freegame,0.0,50.2
2556,freegame,0.0,24.7
2557,freegame,0.0,241.9
2558,freegame,0.0,201.6
2559,freegame,0.0,152.3
2560,freegame,2.0,1272.4
2561,freegame,0.0,427.0
2562,freegame,5.1,92.9
2563,freegame,0.6,589.6
2564,freegame,0.0,35.9
2565,freegame,0.0,83.0
2566,freegame,0.0,33.2
2567,freegame,0.0,291.8
2568,freegame,2.6,144.4
2569,freegame,0.0,78.5
2570,freegame,0.8,16.8
2571,freegame,4.7,31.2
2572,freegame,0.0,32.6
2573,freegame,0.0,38.0
2574,freegame,0.0,30.4
2575,freegame,0.0,37.8
2576,freegame,0.0,6.6
2577,freegame,0.0,249.9
2578,freegame,0.0,20.6
2579,freegame,0.6,37.7
2580,freegame,0.0,85.3
2581,freegame,0.0,112.3
2582,freegame,0.0,202.7
2583,freegame,0.0,212.5
2584,freegame,0.0,328.0
2585,freegame,1.3,20.0
2586,freegame,2.4,151.1
2587,freegame,2.6,284.1
2588,freegame,6.0,91.2
2589,freegame,0.0,630.7
2590,freegame,0.0,193.4
2591,freegame,0.0,66.2
2592,freegame,0.0,170.3
2593,freegame,0.0,445.0
2594,freegame,0.0,297.9
2595,freegame,2.6,1400.7
2596,freegame,0.0,30.7
2597,freegame,0.0,35.0
2598,freegame,0.0,248.8
2599,freegame,1.5,331.5
2600,freegame,0.0,52.4
2601,freegame,17.9,318.9
2602,freegame,0.0,381.3
2603,freegame,2.0,124.4
2604,freegame,0.0,66.0
2605,freegame,0.0,108.5
2606,freegame,1.3,9.3
2607,freegame,0.0,52.6
2608,freegame,0.0,9.3
2609,freegame,0.0,107.3
2610,freegame,0.2,427.2
2611,freegame,0.0,112.3
2612,freegame,0.8,133.6
2613,freegame,0.0,87.2
2614,freegame,0.0,82.1
2615,freegame,0.0,141.8
2616,freegame,2.8,8.3
2617,freegame,0.0,1.6
2618,freegame,0.0,51.3
2619,freegame,0.0,30.1
2620,freegame,1.7,8.3
2621,freegame,0.0,33.8
2622,freegame,5.6,67.8
2623,freegame,0.0,98.9
2624,freegame,0.0,136.1
2625,freegame,0.0,176.8
2626,freegame,0.0,235.2
2627,freegame,0.0,86.6
2628,freegame,0.0,638.0
2629,freegame,0.0,238.7
2630,freegame,0.0,145.3
2631,freegame,0.4,1258.2
2632,freegame,0.0,7.3
2633,freegame,0.0,85.6
2634,freegame,0.0,33.3
2635,freegame,2.0,194.7
2636,freegame,0.0,92.8
2637,freegame,0.0,396.1
2638,freegame,0.0,17.3
2639,freegame,0.0,2.5
2640,freegame,1.3,57.3
2641,freegame,0.6,353.3
2642,freegame,0.0,25.9
2643,freegame,0.0,647.4
2644,freegame,0.0,14.6
2645,freegame,1.3,1167.1
2646,freegame,0.0,31.8
2647,freegame,0.0,69.9
2648,freegame,0.4,75.8
2649,freegame,0.0,549.3
2650,freegame,0.0,238.9
2651,freegame,1.5,21.1
2652,freegame,0.0,28.5
2653,freegame,0.0,145.6
2654,freegame,2.0,78.4
2655,freegame,0.0,52.4
2656,freegame,0.0,716.1
2657,freegame,0.0,20.2
2658,freegame,3.9,297.2
2659,freegame,0.0,68.5
2660,freegame,0.0,22.4
2661,freegame,3.2,151.8
2662,freegame,0.0,6.3
2663,freegame,0.0,502.0
2664,freegame,2.0,111.9
2665,freegame,0.0,60.8
2666,freegame,0.0,35.7
2667,freegame,5.2,275.3
2668,freegame,0.0,129.9
2669,freegame,0.0,35.4
2670,freegame,0.0,118.2
2671,freegame,0.0,784.7
2672,freegame,0.6,279.6
2673,freegame,0.0,102.3
2674,freegame,0.0,1048.1
2675,freegame,0.0,50.7
2676,freegame,1.5,13.2
2677,freegame,0.0,96.0
2678,freegame,0.0,104.9
2679,freegame,0.4,159.0
2680,freegame,0.0,75.4
2681,freegame,0.0,36.4
2682,freegame,0.0,45.6
2683,freegame,0.0,70.9
2684,freegame,0.0,64.3
2685,freegame,0.0,29.1
2686,freegame,1.0,36.8
2687,freegame,0.0,263.2
2688,freegame,0.0,18.4
2689,freegame,0.0,209.0
2690,freegame,0.0,266.0
2691,freegame,0.8,95.4
2692,freegame,0.0,5.7
2693,freegame,0.0,79.2
2694,freegame,0.0,110.9
2695,freegame,0.0,19.9
2696,freegame,0.0,68.2
2697,freegame,0.0,102.9
2698,freegame,0.0,739.1
2699,freegame,0.0,177.2
2700,freegame,0.0,69.1
2701,freegame,3.2,64.2
2702,freegame,0.0,137.5
2703,freegame,0.0,356.6
2704,freegame,0.0,654.3
2705,freegame,0.0,126.1
2706,freegame,2.0,147.5
2707,freegame,0.2,62.3
2708,freegame,0.0,236.6
2709,freegame,0.0,206.6
2710,freegame,3.0,571.6
2711,freegame,0.0,265.5
2712,freegame,0.0,34.3
2713,freegame,1.5,46.3
2714,freegame,0.0,25.3
2715,freegame,0.0,356.1
2716,freegame,0.0,108.2
2717,freegame,0.0,39.3
2718,freegame,0.0,675.0
2719,freegame,0.0,98.0
2720,freegame,0.0,601.2
2721,freegame,0.0,474.3
2722,freegame,0.0,418.7
2723,freegame,0.0,44.4
2724,freegame,2.1,56.0
2725,freegame,2.0,107.5
2726,freegame,0.0,193.8
2727,freegame,0.0,22.0
2728,freegame,1.0,70.1
2729,freegame,5.0,83.1
2730,freegame,0.0,227.2
2731,freegame,0.0,540.3
2732,freegame,0.0,80.2
2733,freegame,14.8,34.6
2734,freegame,0.0,84.3
2735,freegame,0.6,35.8
2736,freegame,0.6,321.5
2737,freegame,1.0,133.3
2738,freegame,0.0,82.0
2739,freegame,0.0,827.3
2740,freegame,0.0,84.6
2741,freegame,1.0,718.2
2742,freegame,0.0,18.3
2743,freegame,3.2,96.9
2744,freegame,0.0,266.4
2745,freegame,0.0,112.5
2746,freegame,0.0,228.6
2747,freegame,0.0,258.3
2748,freegame,0.0,52.7
2749,freegame,0.0,23.4
2750,freegame,0.0,42.9
2751,freegame,0.0,165.3
2752,freegame,0.0,64.9
2753,freegame,0.0,118.7
2754,freegame,0.0,257.3
2755,freegame,0.0,110.5
2756,freegame,1.3,160.1
2757,freegame,0.0,5.8
2758,freegame,0.0,20.3
2759,freegame,0.6,73.7
2760,freegame,0.0,26.3
2761,freegame,0.0,12.6
2762,freegame,0.0,264.5
2763,freegame,0.0,32.0
2764,freegame,0.0,16.0
2765,freegame,0.0,78.2
2766,freegame,0.4,169.9
2767,freegame,0.0,296.1
2768,freegame,1.3,9.0
2769,freegame,0.0,141.7
2770,freegame,0.0,825.8
2771,freegame,0.0,218.3
2772,freegame,2.0,188.5
2773,freegame,0.0,38.0
2774,freegame,0.0,127.6
2775,freegame,0.0,8.4
2776,freegame,0.0,86.3
2777,freegame,0.0,54.7
2778,freegame,0.0,267.1
2779,freegame,0.6,145.9
2780,freegame,0.0,120.8
2781,freegame,0.0,2.4
2782,freegame,0.0,3.3
2783,freegame,2.8,48.3
2784,freegame,0.6,7.2
2785,freegame,0.0,85.5
2786,freegame,0.0,166.3
2787,freegame,0.0,351.7
2788,freegame,1.3,76.6
2789,freegame,0.0,279.8
2790,freegame,4.0,264.2
2791,freegame,0.0,75.1
2792,freegame,0.0,86.5
2793,freegame,0.0,661.6
2794,freegame,0.0,1797.7
2795,freegame,0.0,136.9
2796,freegame,0.0,275.2
2797,freegame,0.0,374.8
2798,freegame,0.0,127.3
2799,freegame,0.0,10.0
2800,freegame,1.0,18.0
2801,freegame,0.2,30.9
2802,freegame,0.0,162.6
2803,freegame,0.6,27.3
2804,freegame,0.0,39.9
2805,freegame,0.0,130.2
2806,freegame,0.0,115.8
2807,freegame,0.6,42.9
2808,freegame,7.7,8.8
2809,freegame,8.1,725.7
2810,freegame,0.0,587.1
2811,freegame,0.0,942.6
2812,freegame,0.0,72.0
2813,freegame,0.0,27.5
2814,freegame,0.0,324.9
2815,freegame,0.2,108.0
2816,freegame,0.0,13.2
2817,freegame,0.0,58.0
2818,freegame,0.0,93.0
2819,freegame,0.0,401.8
2820,freegame,0.0,168.6
2821,freegame,0.0,13.7
2822,freegame,0.0,11.6
2823,freegame,5.5,8.1
2824,freegame,5.0,72.5
2825,freegame,2.4,108.8
2826,freegame,0.0,81.6
2827,freegame,0.0,46.1
2828,freegame,0.0,95.8
2829,freegame,0.0,181.8
2830,freegame,5.0,37.2
2831,freegame,0.0,144.1
2832,freegame,0.0,331.8
2833,freegame,0.0,1170.3
2834,freegame,0.4,194.1
2835,freegame,6.0,174.7
2836,freegame,0.0,156.1
2837,freegame,0.0,80.2
2838,freegame,0.0,91.0
2839,freegame,0.0,47.6
2840,freegame,0.0,25.7
2841,freegame,0.0,162.2
2842,freegame,0.0,15.8
2843,freegame,0.0,9.7
2844,freegame,0.0,6.8
2845,freegame,0.0,33.8
2846,freegame,0.4,32.9
2847,freegame,0.0,41.9
2848,freegame,0.0,219.4
2849,freegame,2.0,128.4
2850,freegame,0.0,69.0
2851,freegame,5.0,5.0
2852,freegame,2.0,47.7
2853,freegame,0.0,53.0
2854,freegame,0.0,95.5
2855,freegame,0.2,11.1
2856,freegame,5.0,86.7
2857,freegame,0.0,378.1
2858,freegame,5.0,309.7
2859,freegame,3.2,89.1
2860,freegame,0.0,241.8
2861,freegame,0.0,184.7
2862,freegame,0.0,96.6
2863,freegame,2.5,276.3
2864,freegame,0.0,14.5
2865,freegame,0.0,103.8
2866,freegame,0.0,184.6
2867,freegame,1.8,111.6
2868,freegame,0.0,12.6
2869,freegame,0.0,10.6
2870,freegame,0.0,66.1
2871,freegame,0.0,2.2
2872,freegame,0.0,133.7
2873,freegame,0.0,73.5
2874,freegame,0.0,17.3
2875,freegame,0.0,15.8
2876,freegame,0.2,142.0
2877,freegame,0.0,121.7
2878,freegame,4.0,241.0
2879,freegame,5.4,19.3
2880,freegame,0.0,17.9
2881,freegame,4.0,84.4
2882,freegame,1.0,262.3
2883,freegame,0.0,277.1
2884,freegame,0.0,140.9
2885,freegame,0.0,106.2
2886,freegame,0.0,188.6
2887,freegame,0.0,238.7
2888,freegame,0.0,54.7
2889,freegame,1.5,24.3
2890,freegame,0.0,172.1
2891,freegame,0.0,426.9
2892,freegame,0.0,534.1
2893,freegame,0.0,15.4
2894,freegame,1.5,205.2
2895,freegame,0.0,82.0
2896,freegame,0.6,215.9
2897,freegame,5.5,104.6
2898,freegame,1.5,6.0
2899,freegame,0.0,9.6
2900,freegame,0.0,45.3
2901,freegame,0.0,390.9
2902,freegame,1.3,125.9
2903,freegame,0.0,399.3
2904,freegame,0.0,70.4
2905,freegame,0.0,137.6
2906,freegame,0.0,58.5
2907,freegame,0.0,47.6
2908,freegame,0.0,277.0
2909,freegame,0.0,145.3
2910,freegame,0.0,62.2
2911,freegame,0.0,23.2
2912,freegame,1.0,886.0
2913,freegame,0.0,37.8
2914,freegame,0.0,280.2
2915,freegame,2.5,39.4
2916,freegame,2.0,148.7
2917,freegame,0.0,148.5
2918,freegame,2.5,91.3
2919,freegame,0.0,115.5
2920,freegame,0.0,19.5
2921,freegame,0.0,491.3
2922,freegame,3.8,761.4
2923,freegame,0.0,22.6
2924,freegame,0.0,14.4
2925,freegame,0.0,425.1
2926,freegame,0.0,157.2
2927,freegame,0.0,25.1
2928,freegame,0.0,28.9
2929,freegame,0.0,262.0
2930,freegame,0.0,568.7
2931,freegame,0.0,49.8
2932,freegame,0.0,14.9
2933,freegame,0.4,355.9
2934,freegame,0.0,80.1
2935,freegame,3.2,20.6
2936,freegame,0.0,559.6
2937,freegame,0.0,42.0
2938,freegame,0.0,48.5
2939,freegame,0.6,521.3
2940,freegame,0.0,68.0
2941,freegame,0.0,279.7
2942,freegame,0.0,524.4
2943,freegame,0.0,50.9
2944,freegame,0.0,133.2
2945,freegame,1.2,195.4
2946,freegame,0.0,165.6
2947,freegame,0.0,126.5
2948,freegame,0.0,130.4
2949,freegame,0.0,4.6
2950,freegame,0.0,487.6
2951,freegame,0.0,193.6
2952,freegame,0.0,245.0
2953,freegame,0.0,234.6
2954,freegame,1.0,13.2
2955,freegame,0.0,27.5
2956,freegame,0.0,151.4
2957,freegame,0.0,234.5
2958,freegame,0.0,31.6
2959,freegame,3.0,4.6
2960,freegame,6.5,21.3
2961,freegame,1.5,65.9
2962,freegame,0.0,733.5
2963,freegame,4.5,12.0
2964,freegame,0.0,1088.3
2965,freegame,6.9,289.4
2966,freegame,0.4,43.6
2967,freegame,0.0,45.1
2968,freegame,0.0,217.9
2969,freegame,2.5,423.7
2970,freegame,0.0,25.6
2971,freegame,0.6,44.1
2972,freegame,0.0,86.7
2973,freegame,1.5,1066.5
2974,freegame,0.0,29.0
2975,freegame,5.6,18.3
2976,freegame,0.0,107.1
2977,freegame,0.0,268.7
2978,freegame,2.5,50.8
2979,freegame,8.4,144.4
2980,freegame,0.0,238.0
2981,freegame,0.0,83.6
2982,freegame,0.0,12.0
2983,freegame,0.0,178.6
2984,freegame,0.0,30.3
2985,freegame,0.0,63.0
2986,freegame,0.0,309.8
2987,freegame,0.0,273.5
2988,freegame,0.0,37.8
2989,freegame,1.0,153.9
2990,freegame,0.0,122.0
2991,freegame,0.0,221.2
2992,freegame,2.0,70.9
2993,freegame,0.0,91.8
2994,freegame,0.0,97.5
2995,freegame,0.0,65.3
2996,freegame,0.0,236.1
2997,freegame,1.2,62.4
2998,freegame,0.0,235.4
2999,freegame,3.2,513.3
3000,freegame,0.0,110.6
3001,freegame,0.4,48.3
3002,freegame,0.0,36.6
3003,freegame,0.0,8.5
3004,freegame,0.0,250.6
3005,freegame,0.0,66.9
3006,freegame,0.0,32.4
3007,freegame,1.0,28.2
3008,freegame,0.0,0.4
3009,freegame,0.0,378.0
3010,freegame,0.0,155.5
3011,freegame,0.0,30.0
3012,freegame,0.0,209.6
3013,freegame,0.0,22.4
3014,freegame,2.0,51.7
3015,freegame,0.0,150.8
3016,freegame,0.0,75.2
3017,freegame,0.0,84.3
3018,freegame,1.3,281.2
3019,freegame,1.5,22.4
3020,freegame,1.3,1030.8
3021,freegame,0.0,56.8
3022,freegame,0.0,53.4
3023,freegame,0.0,117.2
3024,freegame,0.0,420.4
3025,freegame,6.0,34.4
3026,freegame,0.0,25.5
3027,freegame,0.0,145.0
3028,freegame,0.0,22.8
3029,freegame,0.0,15.9
3030,freegame,0.6,14.5
3031,freegame,2.7,238.6
3032,freegame,0.0,131.4
3033,freegame,1.0,27.2
3034,freegame,0.0,31.2
3035,freegame,0.0,486.9
3036,freegame,1.2,185.7
3037,freegame,0.0,4.8
3038,freegame,0.0,8.1
3039,freegame,10.0,435.7
3040,freegame,0.0,190.0
3041,freegame,0.0,98.2
3042,freegame,0.0,43.6
3043,freegame,0.0,39.8
3044,freegame,1.2,72.3
3045,freegame,0.6,155.8
3046,freegame,0.0,131.2
3047,freegame,0.0,156.5
3048,freegame,0.0,35.8
3049,freegame,0.0,260.2
3050,freegame,0.0,278.2
3051,freegame,0.0,8.5
3052,freegame,0.0,36.8
3053,freegame,0.0,244.3
3054,freegame,0.0,268.9
3055,freegame,0.0,541.4
3056,freegame,0.0,85.6
3057,freegame,0.0,12.2
3058,freegame,0.0,208.4
3059,freegame,0.0,34.0
3060,freegame,2.6,194.5
3061,freegame,0.0,187.0
3062,freegame,1.5,55.1
3063,freegame,0.4,0.4
3064,freegame,0.6,221.6
3065,freegame,0.0,18.2
3066,freegame,0.0,25.0
3067,freegame,0.4,486.1
3068,freegame,0.0,105.5
3069,freegame,2.8,153.9
3070,freegame,0.0,85.7
3071,freegame,0.0,74.0
3072,freegame,0.0,121.3
3073,freegame,0.0,18.6
3074,freegame,0.0,26.4
3075,freegame,0.0,183.5
3076,freegame,3.2,41.0
3077,freegame,0.0,51.0
3078,freegame,0.0,111.6
3079,freegame,0.0,286.5
3080,freegame,0.0,1761.8
3081,freegame,0.0,58.3
3082,freegame,0.0,220.4
3083,freegame,0.0,21.3
3084,freegame,6.0,177.6
3085,freegame,0.0,57.0
3086,freegame,0.0,38.9
3087,freegame,0.4,116.4
3088,freegame,0.0,396.0
3089,freegame,2.5,52.6
3090,freegame,0.0,85.2
3091,freegame,0.0,136.1
3092,freegame,0.0,54.7
3093,freegame,0.0,604.5
3094,freegame,0.0,135.7
3095,freegame,0.0,379.6
3096,freegame,1.3,176.3
3097,freegame,0.0,572.4
3098,freegame,2.0,57.9
3099,freegame,0.0,366.3
3100,freegame,2.5,10.5
3101,freegame,0.0,92.8
3102,freegame,0.0,11.9
3103,freegame,0.0,79.6
3104,freegame,0.0,6.9
3105,freegame,0.0,531.7
3106,freegame,0.0,42.4
3107,freegame,0.0,11.3
3108,freegame,0.0,318.1
3109,freegame,0.0,4.2
3110,freegame,0.4,51.1
3111,freegame,0.0,28.7
3112,freegame,0.0,36.2
3113,freegame,0.0,192.9
3114,freegame,0.0,212.0
3115,freegame,0.6,129.5
3116,freegame,0.6,18.6
3117,freegame,0.0,82.1
3118,freegame,0.0,21.7
3119,freegame,0.8,1421.8
3120,freegame,0.0,93.0
3121,freegame,0.0,42.0
3122,freegame,0.0,151.0
3123,freegame,0.0,38.9
3124,freegame,0.0,356.4
3125,freegame,0.0,434.4
3126,freegame,0.0,320.5
3127,freegame,0.0,110.9
3128,freegame,0.0,220.7
3129,freegame,7.7,50.6
3130,freegame,0.0,98.3
3131,freegame,3.0,225.1
3132,freegame,0.0,14.9
3133,freegame,0.0,205.4
3134,freegame,0.6,42.3
3135,freegame,8.1,4.6
3136,freegame,0.0,291.8
3137,freegame,0.0,91.2
3138,freegame,0.0,25.2
3139,freegame,0.0,29.8
3140,freegame,1.0,73.8
3141,freegame,0.0,78.1
3142,freegame,0.0,18.5
3143,freegame,0.0,54.2
3144,freegame,0.0,13.4
3145,freegame,1.0,9.2
3146,freegame,0.0,81.0
3147,freegame,0.6,254.5
3148,freegame,0.0,136.6
3149,freegame,0.0,33.1
3150,freegame,0.0,1213.5
3151,freegame,0.0,106.5
3152,freegame,0.0,123.4
3153,freegame,0.0,22.4
3154,freegame,0.0,95.3
3155,freegame,0.8,228.6
3156,freegame,0.0,131.2
3157,freegame,7.5,148.0
3158,freegame,3.2,144.6
3159,freegame,0.0,90.5
3160,freegame,0.0,343.6
3161,freegame,0.0,142.8
3162,freegame,0.0,14.4
3163,freegame,0.0,82.1
3164,freegame,10.6,2750.1
3165,freegame,2.5,334.1
3166,freegame,0.0,83.8
3167,freegame,0.0,19.7
3168,freegame,5.3,6.6
3169,freegame,0.0,83.1
3170,freegame,0.0,253.0
3171,freegame,0.0,2.1
3172,freegame,0.0,558.3
3173,freegame,0.0,70.7
3174,freegame,0.0,288.4
3175,freegame,0.6,72.6
3176,freegame,0.6,135.1
3177,freegame,0.0,77.0
3178,freegame,0.0,104.6
3179,freegame,0.0,278.7
3180,freegame,0.0,65.6
3181,freegame,0.0,21.9
3182,freegame,0.0,264.0
3183,freegame,2.3,43.8
3184,freegame,0.0,401.0
3185,freegame,0.0,26.7
3186,freegame,1.0,1700.1
3187,freegame,0.0,103.7
3188,freegame,0.0,11.1
3189,freegame,6.0,40.6
3190,freegame,0.0,133.4
3191,freegame,0.0,286.3
3192,freegame,3.2,193.7
3193,freegame,0.0,80.2
3194,freegame,1.0,100.0
3195,freegame,0.0,221.2
3196,freegame,0.0,0.8
3197,freegame,0.0,229.3
3198,freegame,1.3,24.4
3199,freegame,10.0,684.6
3200,freegame,0.0,179.2
3201,freegame,0.0,31.5
3202,freegame,0.0,19.7
3203,freegame,0.0,418.2
3204,freegame,0.0,14.7
3205,freegame,0.6,99.0
3206,freegame,0.0,16.1
3207,freegame,2.6,19.0
3208,freegame,0.0,13.7
3209,freegame,1.5,777.7
3210,freegame,0.0,467.6
3211,freegame,1.0,288.2
3212,freegame,0.0,80.7
3213,freegame,0.0,55.9
3214,freegame,0.0,273.9
3215,freegame,2.0,15.5
3216,freegame,0.0,919.6
3217,freegame,0.0,103.4
3218,freegame,0.0,109.1
3219,freegame,0.0,128.4
3220,freegame,2.0,315.0
3221,freegame,1.7,620.7
3222,freegame,0.0,14.2
3223,freegame,0.0,10.2
3224,freegame,1.9,40.4
3225,freegame,0.0,22.7
3226,freegame,0.0,245.9
3227,freegame,0.2,319.7
3228,freegame,0.0,30.0
3229,freegame,0.0,286.6
3230,freegame,0.8,176.6
3231,freegame,0.0,160.3
3232,freegame,0.0,145.3
3233,freegame,0.0,8.7
3234,freegame,0.0,244.6
3235,freegame,4.0,30.2
3236,freegame,2.5,116.3
3237,freegame,0.0,15.8
3238,freegame,0.0,63.5
3239,freegame,0.0,233.7
3240,freegame,0.0,54.0
3241,freegame,0.2,64.4
3242,freegame,2.0,29.9
3243,freegame,0.0,28.4
3244,freegame,0.0,193.2
3245,freegame,0.0,96.6
3246,freegame,0.0,123.6
3247,freegame,0.4,33.8
3248,freegame,0.0,273.7
3249,freegame,0.0,171.7
3250,freegame,0.0,572.8
3251,freegame,0.0,145.0
3252,freegame,0.0,59.9
3253,freegame,0.0,86.6
3254,freegame,0.0,70.7
3255,freegame,0.0,498.3
3256,freegame,0.0,75.7
3257,freegame,0.0,30.5
3258,freegame,4.5,174.1
3259,freegame,0.0,28.4
3260,freegame,0.0,60.3
3261,freegame,0.0,135.4
3262,freegame,5.4,721.3
3263,freegame,0.0,96.1
3264,freegame,0.0,476.6
3265,freegame,1.2,12.0
3266,freegame,0.0,84.6
3267,freegame,0.0,93.2
3268,freegame,0.0,243.0
3269,freegame,0.6,177.7
3270,freegame,0.0,13.3
3271,freegame,0.0,132.7
3272,freegame,2.5,93.2
3273,freegame,1.2,57.4
3274,freegame,0.0,550.4
3275,freegame,0.0,98.5
3276,freegame,3.6,112.5
3277,freegame,0.0,76.8
3278,freegame,0.8,33.5
3279,freegame,0.4,103.0
3280,freegame,0.0,286.4
3281,freegame,0.0,382.5
3282,freegame,0.0,15.0
3283,freegame,2.5,207.8
3284,freegame,0.0,605.3
3285,freegame,0.0,122.5
3286,freegame,0.0,239.8
3287,freegame,1.0,6.6
3288,freegame,0.0,87.0
3289,freegame,0.0,113.8
3290,freegame,0.0,17.1
3291,freegame,0.0,111.2
3292,freegame,0.0,81.7
3293,freegame,0.0,132.9
3294,freegame,0.0,71.4
3295,freegame,0.0,189.0
3296,freegame,0.0,82.1
3297,freegame,1.9,53.3
3298,freegame,0.0,74.7
3299,freegame,0.0,142.8
3300,freegame,5.5,11.5
3301,freegame,0.0,126.1
3302,freegame,0.0,144.1
3303,freegame,0.2,114.0
3304,freegame,0.0,80.2
3305,freegame,0.0,507.0
3306,freegame,0.0,211.4
3307,freegame,0.0,341.8
3308,freegame,0.0,17.0
3309,freegame,0.0,440.3
3310,freegame,0.0,44.5
3311,freegame,0.0,408.5
3312,freegame,0.0,2.2
3313,freegame,0.0,616.5
3314,freegame,0.0,347.4
3315,freegame,3.2,134.7
3316,freegame,1.5,240.0
3317,freegame,0.0,274.2
3318,freegame,2.0,342.2
3319,freegame,5.0,69.0
3320,freegame,0.0,27.5
3321,freegame,0.0,9.6
3322,freegame,0.0,59.0
3323,freegame,0.0,288.4
3324,freegame,0.0,16.5
3325,freegame,0.0,150.4
3326,freegame,4.8,355.6
3327,freegame,0.0,650.5
3328,freegame,0.0,1.8
3329,freegame,5.0,19.8
3330,freegame,0.0,127.7
3331,freegame,0.0,718.9
3332,freegame,0.0,23.3
3333,freegame,0.0,607.4
3334,freegame,5.7,53.7
3335,freegame,0.0,266.8
3336,freegame,0.0,958.7
3337,freegame,0.0,54.1
3338,freegame,0.6,56.6
3339,freegame,0.0,86.1
3340,freegame,0.0,43.1
3341,freegame,0.0,37.8
3342,freegame,0.0,77.6
3343,freegame,0.0,1871.8
3344,freegame,0.0,447.9
3345,freegame,0.2,87.9
3346,freegame,0.0,388.0
3347,freegame,0.0,109.5
3348,freegame,0.0,610.1
3349,freegame,0.0,224.6
3350,freegame,0.0,411.5
3351,freegame,0.0,160.7
3352,freegame,0.0,165.5
3353,freegame,1.9,18.9
3354,freegame,0.0,56.7
3355,freegame,0.0,370.5
3356,freegame,0.0,13.2
3357,freegame,0.0,26.0
3358,freegame,1.9,119.6
3359,freegame,0.0,74.9
3360,freegame,0.0,90.9
3361,freegame,0.0,105.3
3362,freegame,0.0,688.0
3363,freegame,1.5,21.9
3364,freegame,0.0,182.1
3365,freegame,0.0,92.9
3366,freegame,0.0,457.1
3367,freegame,0.0,93.7
3368,freegame,0.0,73.3
3369,freegame,0.0,59.0
3370,freegame,1.0,497.1
3371,freegame,0.0,9.8
3372,freegame,2.0,53.8
3373,freegame,0.0,46.8
3374,freegame,1.3,201.9
3375,freegame,0.0,127.4
3376,freegame,0.0,347.0
3377,freegame,0.0,178.1
3378,freegame,3.5,103.4
3379,freegame,0.0,59.4
3380,freegame,0.0,141.5
3381,freegame,3.2,722.6
3382,freegame,0.0,201.3
3383,freegame,0.0,126.8
3384,freegame,0.0,67.3
3385,freegame,0.0,0.0
3386,freegame,3.2,148.0
3387,freegame,1.2,6.0
3388,freegame,2.0,202.9
3389,freegame,4.7,16.0
3390,freegame,0.0,68.0
3391,freegame,1.3,219.4
3392,freegame,0.0,92.2
3393,freegame,0.0,46.5
3394,freegame,0.0,52.8
3395,freegame,0.0,4.4
3396,freegame,0.0,708.3
3397,freegame,0.0,162.3
3398,freegame,0.0,27.7
3399,freegame,0.0,83.9
3400,freegame,0.0,17.8
3401,freegame,0.0,93.6
3402,freegame,2.5,603.7
3403,freegame,0.0,99.4
3404,freegame,0.0,22.2
3405,freegame,0.0,64.2
3406,freegame,2.0,1109.5
3407,freegame,0.0,17.4
3408,freegame,0.4,204.9
3409,freegame,0.4,497.4
3410,freegame,0.0,41.8
3411,freegame,6.4,24.3
3412,freegame,0.0,25.7
3413,freegame,0.0,12.7
3414,freegame,0.0,3.0
3415,freegame,0.0,59.8
3416,freegame,0.0,292.5
3417,freegame,0.0,822.1
3418,freegame,1.3,69.6
3419,freegame,0.6,225.8
3420,freegame,4.5,211.0
3421,freegame,0.0,74.4
3422,freegame,0.0,44.9
3423,freegame,2.5,64.6
3424,freegame,0.0,39.2
3425,freegame,1.5,165.2
3426,freegame,6.6,57.4
3427,freegame,0.0,59.5
3428,freegame,2.6,140.2
3429,freegame,0.0,22.9
3430,freegame,0.2,44.2
3431,freegame,0.0,78.5
3432,freegame,6.2,314.4
3433,freegame,0.0,32.1
3434,freegame,11.3,85.9
3435,freegame,0.0,121.1
3436,freegame,2.0,127.7
3437,freegame,0.0,130.3
3438,freegame,0.0,66.4
3439,freegame,0.0,228.9
3440,freegame,0.0,14.3
3441,freegame,0.0,26.9
3442,freegame,0.0,329.5
3443,freegame,0.0,159.8
3444,freegame,0.0,14.0
3445,freegame,0.0,90.5
3446,freegame,0.0,45.9
3447,freegame,0.0,55.1
3448,freegame,0.0,42.6
3449,freegame,2.0,412.3
3450,freegame,3.9,589.7
3451,freegame,0.0,35.2
3452,freegame,0.0,47.8
3453,freegame,0.0,276.2
3454,freegame,0.0,500.9
3455,freegame,0.0,481.7
3456,freegame,1.5,53.4
3457,freegame,0.0,321.8
3458,freegame,0.0,367.0
3459,freegame,2.7,200.6
3460,freegame,0.0,57.2
3461,freegame,10.0,420.6
3462,freegame,1.5,62.6
3463,freegame,1.2,181.0
3464,freegame,3.2,2810.4
3465,freegame,0.0,63.1
3466,freegame,0.0,15.1
3467,freegame,0.6,197.8
3468,freegame,0.0,14.2
3469,freegame,1.0,522.1
3470,freegame,0.0,120.3
3471,freegame,0.0,321.6
3472,freegame,0.0,19.7
3473,freegame,0.0,288.5
3474,freegame,0.0,23.4
3475,freegame,0.0,95.4
3476,freegame,1.2,55.0
3477,freegame,0.0,226.9
3478,freegame,0.0,1.8
3479,freegame,0.0,202.5
3480,freegame,0.0,16.8
3481,freegame,0.0,318.8
3482,freegame,1.3,66.3
3483,freegame,0.0,165.6
3484,freegame,0.0,20.2
3485,freegame,0.0,80.0
3486,freegame,1.5,87.1
3487,freegame,0.0,970.0
3488,freegame,0.0,35.9
3489,freegame,3.2,57.5
3490,freegame,0.0,200.7
3491,freegame,5.6,651.8
3492,freegame,0.0,62.5
3493,freegame,0.0,76.8
3494,freegame,0.0,2.6
3495,freegame,0.0,78.1
3496,freegame,0.0,726.3
3497,freegame,0.0,57.9
3498,freegame,1.0,89.0
3499,freegame,0.0,21.0
3500,freegame,0.0,90.6
3501,freegame,1.2,5.0
3502,freegame,0.0,447.3
3503,freegame,0.0,117.1
3504,freegame,0.2,288.5
3505,freegame,0.0,21.0
3506,freegame,0.0,76.5
3507,freegame,0.0,70.9
3508,freegame,0.0,238.1
3509,freegame,0.0,409.7
3510,freegame,0.6,49.8
3511,freegame,0.0,9.8
3512,freegame,0.0,34.7
3513,freegame,0.6,84.3
3514,freegame,1.3,164.0
3515,freegame,0.0,1212.1
3516,freegame,0.0,158.4
3517,freegame,0.0,74.3
3518,freegame,0.0,244.1
3519,freegame,0.0,85.9
3520,freegame,0.0,35.0
3521,freegame,0.0,104.4
3522,freegame,0.4,25.2
3523,freegame,0.6,71.5
3524,freegame,0.0,216.2
3525,freegame,0.0,135.7
3526,freegame,0.0,613.6
3527,freegame,0.0,104.8
3528,freegame,7.0,206.3
3529,freegame,0.0,38.6
3530,freegame,3.8,3.8
3531,freegame,0.0,123.0
3532,freegame,0.0,8.9
3533,freegame,0.0,559.4
3534,freegame,0.0,148.6
3535,freegame,0.0,17.2
3536,freegame,0.0,465.1
3537,freegame,0.0,175.3
3538,freegame,0.0,23.8
3539,freegame,0.0,14.0
3540,freegame,0.0,66.7
3541,freegame,0.0,165.6
3542,freegame,0.0,83.4
3543,freegame,0.0,503.5
3544,freegame,0.0,85.1
3545,freegame,0.0,47.5
3546,freegame,0.0,74.7
3547,freegame,0.0,311.0
3548,freegame,0.0,141.9
3549,freegame,0.0,133.4
3550,freegame,0.0,172.2
3551,freegame,0.0,34.1
3552,freegame,0.0,233.3
3553,freegame,3.2,86.8
3554,freegame,0.0,94.2
3555,freegame,0.0,163.5
3556,freegame,0.0,471.8
3557,freegame,3.8,796.5
3558,freegame,0.0,103.2
3559,freegame,0.0,51.1
3560,freegame,0.0,199.5
3561,freegame,0.0,67.7
3562,freegame,0.4,228.2
3563,freegame,0.0,35.0
3564,freegame,0.6,52.0
3565,freegame,0.0,9.4
3566,freegame,0.0,13.0
3567,freegame,1.0,0.6
3568,freegame,0.0,39.7
3569,freegame,1.0,14.4
3570,freegame,2.6,262.5
3571,freegame,2.0,16.4
3572,freegame,0.0,94.9
3573,freegame,0.0,382.1
3574,freegame,0.0,130.9
3575,freegame,6.8,188.9
3576,freegame,0.0,379.1
3577,freegame,6.4,6.5
3578,freegame,0.0,11.4
3579,freegame,0.0,376.4
3580,freegame,0.2,1095.7
3581,freegame,0.0,98.6
3582,freegame,0.0,30.4
3583,freegame,0.0,244.8
3584,freegame,0.0,183.4
3585,freegame,0.0,307.8
3586,freegame,4.8,478.0
3587,freegame,0.0,28.6
3588,freegame,0.0,25.2
3589,freegame,0.0,297.6
3590,freegame,0.0,39.1
3591,freegame,0.0,22.3
3592,freegame,0.0,76.9
3593,freegame,0.0,94.2
3594,freegame,0.0,214.7
3595,freegame,5.7,236.0
3596,freegame,0.0,99.5
3597,freegame,0.0,36.6
3598,freegame,0.0,419.6
3599,freegame,6.6,67.9
3600,freegame,7.7,3.4
3601,freegame,2.8,88.8
3602,freegame,0.0,132.9
3603,freegame,0.0,45.8
3604,freegame,0.0,20.8
3605,freegame,0.0,13.3
3606,freegame,0.0,965.0
3607,freegame,1.0,177.2
3608,freegame,0.0,118.6
3609,freegame,0.0,114.2
3610,freegame,0.0,28.6
3611,freegame,2.2,39.9
3612,freegame,0.0,52.7
3613,freegame,0.2,57.8
3614,freegame,2.0,7.5
3615,freegame,1.0,53.2
3616,freegame,0.6,206.2
3617,freegame,0.0,251.8
3618,freegame,2.0,87.5
3619,freegame,0.0,387.3
3620,freegame,1.3,38.0
3621,freegame,0.0,197.4
3622,freegame,0.0,49.3
3623,freegame,0.0,30.5
3624,freegame,2.5,159.8
3625,freegame,0.0,564.2
3626,freegame,0.0,54.2
3627,freegame,0.0,93.5
3628,freegame,1.0,605.8
3629,freegame,0.0,203.4
3630,freegame,0.0,19.6
3631,freegame,0.0,102.3
3632,freegame,2.1,15.5
3633,freegame,0.0,16.8
3634,freegame,0.0,27.9
3635,freegame,0.0,25.7
3636,freegame,0.0,258.3
3637,freegame,0.0,16.3
3638,freegame,0.6,31.1
3639,freegame,0.0,79.5
3640,freegame,0.6,50.9
3641,freegame,0.0,194.4
3642,freegame,0.0,283.1
3643,freegame,1.7,194.9
3644,freegame,0.0,102.7
3645,freegame,0.0,143.8
3646,freegame,0.0,87.1
3647,freegame,0.0,91.8
3648,freegame,0.0,189.4
3649,freegame,0.0,83.4
3650,freegame,0.0,112.6
3651,freegame,0.0,63.7
3652,freegame,1.3,113.1
3653,freegame,1.0,27.2
3654,freegame,0.0,89.1
3655,freegame,0.0,281.1
3656,freegame,0.0,170.6
3657,freegame,0.0,126.9
3658,freegame,0.0,80.6
3659,freegame,0.0,78.4
3660,freegame,0.0,761.2
3661,freegame,0.0,639.9
3662,freegame,0.0,52.1
3663,freegame,0.0,929.2
3664,freegame,0.0,181.4
3665,freegame,0.0,462.0
3666,freegame,0.0,112.2
3667,freegame,0.0,190.5
3668,freegame,1.3,50.9
3669,freegame,0.0,116.3
3670,freegame,0.0,97.3
3671,freegame,2.5,317.9
3672,freegame,1.3,1664.4
3673,freegame,0.0,289.6
3674,freegame,0.0,50.1
3675,freegame,0.0,886.5
3676,freegame,1.0,75.5
3677,freegame,0.0,242.6
3678,freegame,0.0,60.2
3679,freegame,0.0,9.1
3680,freegame,2.5,81.4
3681,freegame,0.0,103.0
3682,freegame,0.0,254.9
3683,freegame,0.0,125.1
3684,freegame,0.0,69.9
3685,freegame,6.5,49.5
3686,freegame,0.0,63.3
3687,freegame,7.4,43.2
3688,freegame,0.0,92.1
3689,freegame,0.0,24.3
3690,freegame,0.0,423.4
3691,freegame,0.0,51.7
3692,freegame,0.0,533.6
3693,freegame,1.3,811.4
3694,freegame,0.0,65.5
3695,freegame,0.0,34.2
3696,freegame,0.0,40.4
3697,freegame,0.0,177.0
3698,freegame,0.2,178.0
3699,freegame,0.0,96.4
3700,freegame,0.0,2158.9
3701,freegame,0.0,249.2
3702,freegame,1.0,52.2
3703,freegame,5.0,26.7
3704,freegame,9.5,347.9
3705,freegame,0.0,35.0
3706,freegame,0.0,1045.2
3707,freegame,1.2,31.6
3708,freegame,0.0,76.5
3709,freegame,0.0,591.3
3710,freegame,1.3,332.8
3711,freegame,0.0,508.2
3712,freegame,0.6,102.1
3713,freegame,0.6,313.8
3714,freegame,0.0,202.0
3715,freegame,4.5,204.0
3716,freegame,0.0,20.3
3717,freegame,0.0,43.4
3718,freegame,0.6,2.6
3719,freegame,0.0,10.6
3720,freegame,0.0,111.5
3721,freegame,0.0,44.6
3722,freegame,0.0,179.6
3723,freegame,0.0,21.6
3724,freegame,0.0,174.0
3725,freegame,0.0,67.4
3726,freegame,2.3,35.0
3727,freegame,0.0,269.2
3728,freegame,0.0,28.7
3729,freegame,0.0,2.4
3730,freegame,0.0,447.6
3731,freegame,0.6,55.6
3732,freegame,0.0,525.7
3733,freegame,3.0,63.8
3734,freegame,0.0,163.9
3735,freegame,0.0,43.1
3736,freegame,0.0,90.9
3737,freegame,3.0,5.2
3738,freegame,5.0,24.5
3739,freegame,0.0,61.5
3740,freegame,10.0,787.4
3741,freegame,0.0,176.2
3742,freegame,3.2,203.1
3743,freegame,0.0,40.7
3744,freegame,0.0,91.7
3745,freegame,0.0,36.2
3746,freegame,0.0,118.3
3747,freegame,0.0,26.0
3748,freegame,0.0,54.6
3749,freegame,0.0,104.3
3750,freegame,0.0,117.3
3751,freegame,0.0,143.4
3752,freegame,0.0,18.9
3753,freegame,0.0,198.3
3754,freegame,1.9,69.2
3755,freegame,0.2,16.1
3756,freegame,0.6,58.7
3757,freegame,0.0,28.9
3758,freegame,0.0,7.8
3759,freegame,0.0,6.2
3760,freegame,5.0,954.3
3761,freegame,0.0,67.8
3762,freegame,0.0,444.4
3763,freegame,0.0,90.0
3764,freegame,3.8,25.2
3765,freegame,0.0,63.8
3766,freegame,0.0,26.8
3767,freegame,6.0,130.2
3768,freegame,0.0,99.5
3769,freegame,0.0,103.9
3770,freegame,0.0,489.7
3771,freegame,0.0,18.0
3772,freegame,0.0,77.5
3773,freegame,0.0,16.7
3774,freegame,0.0,71.4
3775,freegame,0.0,30.1
3776,freegame,0.0,57.5
3777,freegame,0.0,176.6
3778,freegame,0.0,810.0
3779,freegame,0.0,271.7
3780,freegame,3.5,31.6
3781,freegame,0.0,43.8
3782,freegame,3.0,102.4
3783,freegame,0.0,14.6
3784,freegame,0.0,18.9
3785,freegame,0.0,25.5
3786,freegame,0.0,28.2
3787,freegame,0.8,189.7
3788,freegame,0.2,435.9
3789,freegame,0.0,35.4
3790,freegame,0.0,177.8
3791,freegame,5.7,8.8
3792,freegame,0.4,129.3
3793,freegame,0.0,90.1
3794,freegame,0.0,308.7
3795,freegame,3.0,59.1
3796,freegame,0.0,580.3
3797,freegame,0.0,108.1
3798,freegame,7.8,199.3
3799,freegame,1.3,24.8
3800,freegame,0.0,33.2
3801,freegame,0.0,163.6
3802,freegame,0.0,118.1
3803,freegame,0.0,688.6
3804,freegame,0.0,33.8
3805,freegame,0.0,29.3
3806,freegame,0.0,43.0
3807,freegame,0.0,65.7
3808,freegame,1.2,194.1
3809,freegame,0.0,104.8
3810,freegame,0.0,78.0
3811,freegame,0.0,134.7
3812,freegame,0.0,52.3
3813,freegame,3.0,24.2
3814,freegame,0.0,31.1
3815,freegame,0.0,41.0
3816,freegame,0.0,199.2
3817,freegame,0.0,766.4
3818,freegame,3.2,43.5
3819,freegame,0.0,12.4
3820,freegame,0.0,1238.3
3821,freegame,0.0,107.9
3822,freegame,0.0,89.5
3823,freegame,1.5,65.2
3824,freegame,0.0,16.1
3825,freegame,0.0,474.4
3826,freegame,0.0,63.2
3827,freegame,0.0,205.7
3828,freegame,0.0,85.9
3829,freegame,0.0,632.1
3830,freegame,0.0,127.1
3831,freegame,2.0,76.8
3832,freegame,0.0,159.3
3833,freegame,0.0,228.0
3834,freegame,0.0,216.9
3835,freegame,6.9,28.8
3836,freegame,0.0,109.6
3837,freegame,0.0,37.8
3838,freegame,1.0,177.2
3839,freegame,0.0,315.3
3840,freegame,0.0,172.5
3841,freegame,0.2,227.2
3842,freegame,0.0,28.4
3843,freegame,1.0,148.1
3844,freegame,0.0,10.1
3845,freegame,0.0,724.8
3846,freegame,1.0,9.8
3847,freegame,0.0,79.1
3848,freegame,0.0,106.6
3849,freegame,0.0,969.3
3850,freegame,0.0,79.0
3851,freegame,0.0,227.3
3852,freegame,0.0,16.0
3853,freegame,0.0,21.0
3854,freegame,0.0,50.3
3855,freegame,0.0,29.5
3856,freegame,0.0,24.6
3857,freegame,1.5,301.2
3858,freegame,0.0,474.5
3859,freegame,0.0,131.4
3860,freegame,8.1,76.2
3861,freegame,2.0,15.2
3862,freegame,1.2,326.7
3863,freegame,0.0,42.2
3864,freegame,0.0,16.7
3865,freegame,0.4,56.0
3866,freegame,0.0,142.6
3867,freegame,0.0,29.4
3868,freegame,1.2,219.8
3869,freegame,0.0,158.2
3870,freegame,0.0,61.2
3871,freegame,0.0,747.6
3872,freegame,0.0,53.0
3873,freegame,1.3,63.6
3874,freegame,0.0,74.8
3875,freegame,1.5,116.1
3876,freegame,0.0,313.9
3877,freegame,1.7,168.2
3878,freegame,0.0,199.3
3879,freegame,0.0,530.1
3880,freegame,0.0,7.4
3881,freegame,0.0,444.0
3882,freegame,0.0,128.6
3883,freegame,0.0,51.7
3884,freegame,0.0,11.6
3885,freegame,0.0,601.1
3886,freegame,2.2,241.7
3887,freegame,0.0,263.2
3888,freegame,2.0,126.2
3889,freegame,0.0,56.6
3890,freegame,0.0,158.1
3891,freegame,0.4,14.4
3892,freegame,0.0,467.5
3893,freegame,0.2,11.0
3894,freegame,0.0,361.9
3895,freegame,0.0,148.8
3896,freegame,0.0,36.9
3897,freegame,5.4,139.3
3898,freegame,2.0,649.4
3899,freegame,0.0,139.4
3900,freegame,0.0,0.6
3901,freegame,0.0,11.2
3902,freegame,3.8,84.1
3903,freegame,2.5,48.9
3904,freegame,0.0,29.8
3905,freegame,1.0,15.2
3906,freegame,0.0,474.8
3907,freegame,0.0,31.5
3908,freegame,0.0,324.0
3909,freegame,6.5,273.5
3910,freegame,0.0,71.8
3911,freegame,0.0,28.6
3912,freegame,0.0,265.1
3913,freegame,0.0,132.2
3914,freegame,0.0,594.3
3915,freegame,7.2,42.6
3916,freegame,1.3,366.4
3917,freegame,0.0,1467.9
3918,freegame,0.0,207.3
3919,freegame,0.0,190.4
3920,freegame,0.0,17.5
3921,freegame,1.0,8.8
3922,freegame,0.0,196.2
3923,freegame,0.0,24.4
3924,freegame,2.0,88.1
3925,freegame,5.4,179.9
3926,freegame,0.0,121.9
3927,freegame,0.0,227.4
3928,freegame,0.0,60.3
3929,freegame,0.0,253.5
3930,freegame,0.0,166.7
3931,freegame,0.6,25.0
3932,freegame,0.0,468.9
3933,freegame,0.0,212.8
3934,freegame,0.0,426.3
3935,freegame,0.0,191.5
3936,freegame,9.6,82.1
3937,freegame,0.0,161.6
3938,freegame,0.0,16.7
3939,freegame,0.0,129.1
3940,freegame,0.0,1135.9
3941,freegame,0.0,360.0
3942,wincap,0.0,5000.0
3943,freegame,0.0,478.0
3944,freegame,0.0,72.9
3945,freegame,0.0,85.0
3946,freegame,0.0,121.0
3947,freegame,0.0,7.0
3948,freegame,0.0,137.4
3949,freegame,0.0,29.0
3950,freegame,0.0,196.5
3951,freegame,0.0,135.7
3952,freegame,0.0,125.2
3953,freegame,0.0,252.1
3954,freegame,0.6,28.2
3955,freegame,0.6,116.6
3956,freegame,0.0,24.1
3957,freegame,0.0,23.5
3958,freegame,0.0,31.0
3959,freegame,0.0,89.5
3960,freegame,0.0,5.0
3961,freegame,3.3,413.2
3962,freegame,0.0,285.2
3963,freegame,2.5,92.3
3964,freegame,0.0,13.6
3965,freegame,0.0,390.0
3966,freegame,0.0,317.5
3967,freegame,0.0,45.8
3968,freegame,0.0,512.5
3969,freegame,0.0,99.3
3970,freegame,0.0,131.5
3971,freegame,0.0,324.4
3972,freegame,4.5,16.6
3973,freegame,0.0,136.4
3974,freegame,0.0,14.5
3975,freegame,0.0,328.0
3976,freegame,0.0,29.9
3977,freegame,6.0,646.3
3978,freegame,0.0,22.0
3979,freegame,0.0,41.1
3980,freegame,1.0,34.4
3981,freegame,0.0,1016.6
3982,freegame,3.2,4.3
3983,freegame,0.0,6.0
3984,freegame,0.0,95.6
3985,freegame,0.0,0.0
3986,freegame,0.0,38.6
3987,freegame,0.0,117.9
3988,freegame,0.0,62.5
3989,freegame,0.0,15.5
3990,freegame,0.0,27.7
3991,freegame,0.0,72.4
3992,freegame,2.0,133.0
3993,freegame,3.5,54.9
3994,freegame,0.0,147.3
3995,freegame,0.0,19.9
3996,freegame,0.0,41.5
3997,freegame,0.6,46.7
3998,freegame,0.0,19.0
3999,freegame,0.0,102.0
4000,freegame,0.0,167.2
4001,freegame,0.0,135.8
4002,freegame,0.0,298.7
4003,freegame,0.0,90.1
4004,freegame,0.0,168.6
4005,freegame,0.0,54.8
4006,freegame,5.0,47.5
4007,freegame,0.0,74.6
4008,freegame,0.2,28.8
4009,freegame,0.0,366.4
4010,freegame,0.4,68.2
4011,freegame,0.6,145.3
4012,freegame,0.0,109.6
4013,freegame,0.0,3.8
4014,freegame,0.2,39.0
4015,freegame,0.0,2.7
4016,freegame,0.0,273.2
4017,freegame,0.0,86.7
4018,freegame,0.0,964.2
4019,freegame,0.0,91.6
4020,freegame,0.0,640.0
4021,freegame,0.0,108.6
4022,freegame,5.0,298.5
4023,freegame,0.4,96.8
4024,freegame,0.0,43.2
4025,freegame,0.0,54.3
4026,freegame,0.0,152.2
4027,freegame,0.0,52.4
4028,freegame,0.0,119.6
4029,freegame,0.0,485.6
4030,freegame,0.0,21.5
4031,freegame,0.0,176.3
4032,freegame,0.6,301.3
4033,freegame,0.0,33.2
4034,freegame,0.0,5.8
4035,freegame,0.0,15.8
4036,freegame,0.0,77.7
4037,freegame,0.0,177.8
4038,freegame,5.4,94.5
4039,freegame,0.0,42.3
4040,freegame,0.0,31.8
4041,freegame,0.0,66.6
4042,freegame,5.1,400.5
4043,freegame,0.0,16.6
4044,freegame,0.0,180.8
4045,freegame,0.0,82.5
4046,freegame,0.0,85.9
4047,freegame,0.0,71.4
4048,freegame,2.5,496.9
4049,freegame,0.0,105.9
4050,freegame,0.2,344.2
4051,freegame,2.0,52.5
4052,freegame,0.0,434.8
4053,freegame,3.2,365.1
4054,freegame,1.0,19.9
4055,freegame,0.0,88.4
4056,freegame,0.0,45.4
4057,freegame,0.0,35.4
4058,freegame,0.0,143.7
4059,freegame,0.6,41.8
4060,freegame,1.3,148.0
4061,freegame,0.0,91.5
4062,freegame,0.0,780.7
4063,freegame,0.0,558.0
4064,freegame,0.0,5.6
4065,freegame,0.0,524.9
4066,freegame,0.0,37.7
4067,freegame,0.8,224.3
4068,freegame,0.0,100.0
4069,freegame,0.0,162.0
4070,freegame,0.0,63.2
4071,freegame,0.0,126.6
4072,freegame,0.0,44.2
4073,freegame,0.4,100.7
4074,freegame,0.0,73.1
4075,freegame,0.0,125.5
4076,freegame,3.2,1039.3
4077,freegame,2.0,664.9
4078,freegame,3.5,32.9
4079,freegame,0.0,67.8
4080,freegame,0.0,104.9
4081,freegame,0.0,73.6
4082,freegame,0.0,279.0
4083,freegame,0.0,155.4
4084,freegame,1.2,34.0
4085,freegame,0.0,180.5
4086,freegame,0.8,824.1
4087,freegame,0.0,10.0
4088,freegame,0.0,137.2
4089,freegame,3.2,15.2
4090,freegame,1.0,92.8
4091,freegame,0.0,1243.8
4092,freegame,0.0,553.5
4093,freegame,0.0,33.7
4094,freegame,0.0,164.9
4095,freegame,0.0,90.4
4096,freegame,0.0,681.9
4097,freegame,3.2,30.5
4098,freegame,0.0,120.5
4099,freegame,0.0,24.4
4100,freegame,0.0,98.5
4101,freegame,0.0,32.8
4102,freegame,1.8,181.4
4103,freegame,0.0,631.2
4104,freegame,2.0,73.2
4105,freegame,0.0,0.8
4106,freegame,0.0,12.2
4107,freegame,1.3,50.7
4108,freegame,0.0,143.9
4109,freegame,0.0,289.7
4110,freegame,0.0,231.9
4111,freegame,0.0,8.6
4112,freegame,1.3,53.0
4113,freegame,0.0,22.4
4114,freegame,0.0,9.9
4115,freegame,0.0,232.5
4116,freegame,0.0,234.6
4117,freegame,3.2,196.4
4118,freegame,0.0,90.3
4119,freegame,0.0,17.8
4120,freegame,0.0,71.3
4121,freegame,0.0,144.0
4122,freegame,0.0,212.7
4123,freegame,0.0,76.7
4124,freegame,0.0,185.5
4125,freegame,0.0,13.8
4126,freegame,0.0,97.6
4127,freegame,0.0,1012.8
4128,freegame,0.6,23.1
4129,freegame,0.0,748.9
4130,freegame,0.8,67.0
4131,freegame,0.0,163.4
4132,freegame,0.0,110.3
4133,freegame,3.5,61.7
4134,freegame,0.0,14.8
4135,freegame,0.0,106.7
4136,freegame,0.0,308.3
4137,freegame,0.0,65.8
4138,freegame,0.0,312.8
4139,freegame,4.8,118.5
4140,freegame,0.0,10.7
4141,freegame,0.0,85.8
4142,freegame,7.5,59.4
4143,freegame,0.0,22.2
4144,freegame,1.3,165.6
4145,freegame,0.0,28.1
4146,freegame,0.0,96.9
4147,freegame,0.0,21.9
4148,freegame,0.0,40.8
4149,freegame,0.0,305.2
4150,freegame,1.4,388.0
4151,freegame,0.0,61.0
4152,freegame,0.0,50.6
4153,freegame,0.0,94.1
4154,freegame,0.0,620.4
4155,freegame,0.0,373.4
4156,freegame,0.0,53.6
4157,freegame,5.6,51.3
4158,freegame,12.7,35.1
4159,freegame,0.0,260.2
4160,freegame,5.6,34.0
4161,freegame,0.0,95.9
4162,freegame,0.0,80.4
4163,freegame,0.0,352.5
4164,freegame,0.0,103.2
4165,freegame,0.0,123.5
4166,freegame,0.0,49.7
4167,freegame,1.3,51.6
4168,freegame,0.0,18.9
4169,freegame,5.8,582.7
4170,freegame,0.0,28.7
4171,freegame,0.0,877.7
4172,freegame,0.0,574.4
4173,freegame,0.2,218.1
4174,freegame,0.0,394.9
4175,freegame,0.0,63.9
4176,freegame,1.0,237.5
4177,freegame,0.0,5.9
4178,freegame,0.0,58.3
4179,freegame,0.0,226.5
4180,freegame,0.0,84.7
4181,freegame,3.2,1833.0
4182,freegame,0.0,150.9
4183,freegame,5.4,138.5
4184,freegame,2.5,226.7
4185,freegame,1.3,314.4
4186,freegame,0.0,265.2
4187,freegame,0.0,24.5
4188,freegame,0.0,74.4
4189,freegame,0.0,173.1
4190,freegame,0.0,39.3
4191,freegame,0.0,46.1
4192,freegame,0.0,58.1
4193,freegame,0.0,45.3
4194,freegame,3.0,732.8
4195,freegame,0.0,75.4
4196,freegame,0.0,72.3
4197,freegame,0.0,125.5
4198,freegame,0.0,73.1
4199,freegame,0.0,271.9
4200,freegame,2.8,88.2
4201,freegame,0.0,203.5
4202,freegame,0.0,691.9
4203,freegame,3.5,56.1
4204,freegame,0.0,127.1
4205,freegame,0.0,185.4
4206,freegame,0.0,12.4
4207,freegame,0.0,80.0
4208,freegame,0.0,102.2
4209,freegame,0.0,53.1
4210,freegame,0.0,91.0
4211,freegame,0.0,10.6
4212,freegame,0.0,52.3
4213,freegame,0.0,29.7
4214,freegame,0.0,128.4
4215,freegame,2.5,18.0
4216,freegame,0.0,14.6
4217,freegame,0.0,427.3
4218,freegame,0.0,244.7
4219,freegame,0.0,18.4
4220,freegame,0.0,68.4
4221,freegame,0.0,128.1
4222,freegame,0.0,29.6
4223,freegame,3.4,59.7
4224,freegame,1.5,320.0
4225,freegame,0.0,58.7
4226,freegame,0.0,79.9
4227,freegame,5.6,32.8
4228,freegame,0.0,254.0
4229,freegame,0.0,141.9
4230,freegame,2.0,16.1
4231,freegame,0.0,129.8
4232,freegame,0.0,34.1
4233,freegame,0.0,94.4
4234,freegame,0.0,278.4
4235,freegame,0.0,108.9
4236,freegame,2.9,569.1
4237,freegame,0.0,249.6
4238,freegame,0.4,90.7
4239,freegame,0.0,8.9
4240,freegame,2.5,1747.9
4241,freegame,0.0,915.4
4242,freegame,0.0,151.3
4243,freegame,0.0,96.0
4244,freegame,0.0,46.3
4245,freegame,0.0,290.6
4246,freegame,0.0,40.8
4247,freegame,0.0,140.3
4248,freegame,0.4,25.6
4249,freegame,0.0,96.4
4250,freegame,2.0,230.0
4251,freegame,0.0,228.0
4252,freegame,0.0,54.3
4253,freegame,1.9,203.5
4254,freegame,1.3,11.2
4255,freegame,0.0,92.2
4256,freegame,0.0,14.1
4257,freegame,0.0,241.8
4258,freegame,0.0,72.6
4259,freegame,0.0,108.5
4260,freegame,0.0,100.6
4261,freegame,0.0,310.8
4262,freegame,6.8,183.6
4263,freegame,0.4,571.3
4264,freegame,0.0,29.6
4265,freegame,3.5,38.1
4266,freegame,0.0,35.9
4267,freegame,0.0,69.6
4268,freegame,0.0,35.7
4269,freegame,0.0,21.0
4270,freegame,0.0,33.8
4271,freegame,0.0,33.5
4272,freegame,0.0,18.8
4273,freegame,0.0,101.9
4274,freegame,1.0,586.0
4275,freegame,0.0,102.7
4276,freegame,0.0,410.4
4277,freegame,1.3,3.2
4278,freegame,2.6,167.6
4279,freegame,0.0,626.8
4280,freegame,0.0,260.7
4281,freegame,1.0,59.6
4282,freegame,0.0,4.0
4283,freegame,0.6,179.1
4284,freegame,1.0,38.2
4285,freegame,0.0,205.3
4286,freegame,0.0,99.1
4287,freegame,0.2,250.1
4288,freegame,0.0,223.7
4289,freegame,0.0,66.5
4290,freegame,0.0,7.4
4291,freegame,0.6,133.8
4292,freegame,0.0,12.4
4293,freegame,2.3,9.8
4294,freegame,6.0,65.2
4295,freegame,1.5,209.5
4296,freegame,1.0,28.4
4297,freegame,0.0,10.8
4298,freegame,0.0,68.9
4299,freegame,0.0,71.8
4300,freegame,2.0,126.8
4301,freegame,0.0,193.5
4302,freegame,0.0,85.3
4303,freegame,4.9,81.7
4304,freegame,0.0,109.8
4305,freegame,0.0,216.7
4306,freegame,0.0,81.5
4307,freegame,0.0,31.2
4308,freegame,0.0,116.4
4309,freegame,2.5,82.9
4310,freegame,0.0,389.7
4311,freegame,0.0,248.3
4312,freegame,0.0,77.3
4313,freegame,0.0,19.6
4314,freegame,0.0,135.1
4315,freegame,0.0,449.8
4316,freegame,0.0,23.6
4317,freegame,7.0,41.6
4318,freegame,0.0,137.7
4319,freegame,0.0,95.4
4320,freegame,0.0,628.2
4321,freegame,3.2,29.2
4322,freegame,0.0,56.0
4323,freegame,0.0,17.2
4324,freegame,0.6,221.0
4325,freegame,0.0,1193.2
4326,freegame,2.0,28.6
4327,freegame,4.7,93.3
4328,freegame,0.0,59.9
4329,freegame,0.0,56.0
4330,freegame,0.6,300.4
4331,freegame,0.0,175.8
4332,freegame,0.0,71.9
4333,freegame,1.5,37.6
4334,freegame,0.0,108.1
4335,freegame,0.0,31.0
4336,freegame,2.0,82.5
4337,freegame,1.8,67.8
4338,freegame,0.0,6.4
4339,freegame,2.5,89.6
4340,freegame,5.0,12.6
4341,freegame,0.0,19.2
4342,freegame,0.0,14.4
4343,freegame,6.0,258.5
4344,freegame,0.0,394.5
4345,freegame,1.8,38.5
4346,freegame,0.0,266.0
4347,freegame,0.0,3.5
4348,freegame,0.0,165.9
4349,freegame,3.6,80.6
4350,freegame,0.0,479.8
4351,freegame,0.0,286.4
4352,freegame,1.3,65.8
4353,freegame,0.0,87.7
4354,freegame,1.5,97.9
4355,freegame,0.0,88.4
4356,freegame,0.0,156.8
4357,freegame,0.0,7.5
4358,freegame,0.4,203.7
4359,freegame,0.0,118.1
4360,freegame,0.0,221.5
4361,freegame,0.0,36.5
4362,freegame,0.0,34.7
4363,freegame,0.0,102.4
4364,freegame,0.0,4.5
4365,freegame,0.0,310.9
4366,freegame,0.0,43.8
4367,freegame,0.0,213.4
4368,freegame,0.6,90.8
4369,freegame,2.0,199.2
4370,freegame,1.5,156.1
4371,freegame,1.0,1.4
4372,freegame,3.3,5.9
4373,freegame,0.0,63.9
4374,freegame,0.8,304.6
4375,freegame,0.0,179.6
4376,freegame,0.0,306.6
4377,freegame,0.0,442.9
4378,freegame,0.0,15.4
4379,freegame,0.0,158.7
4380,freegame,2.5,101.8
4381,freegame,0.0,9.7
4382,freegame,0.0,276.7
4383,freegame,0.0,18.7
4384,freegame,0.0,133.0
4385,freegame,0.0,14.9
4386,freegame,0.0,352.6
4387,freegame,0.0,203.2
4388,freegame,0.6,249.9
4389,freegame,0.0,17.2
4390,freegame,0.0,99.4
4391,freegame,0.0,252.2
4392,freegame,0.0,96.2
4393,freegame,0.0,48.2
4394,freegame,0.0,49.7
4395,freegame,1.7,5.0
4396,freegame,0.0,107.9
4397,freegame,0.6,501.4
4398,freegame,2.3,8.7
4399,freegame,1.5,214.7
4400,freegame,0.0,129.9
4401,freegame,11.7,367.7
4402,freegame,0.0,172.2
4403,freegame,0.0,55.7
4404,freegame,0.0,4.1
4405,freegame,0.0,19.2
4406,freegame,1.5,235.2
4407,freegame,0.0,81.0
4408,freegame,1.2,72.6
4409,freegame,0.0,780.7
4410,freegame,0.0,73.8
4411,freegame,0.0,32.0
4412,freegame,0.6,18.3
4413,freegame,0.0,322.7
4414,freegame,0.0,21.9
4415,freegame,0.0,49.8
4416,freegame,0.0,232.8
4417,freegame,0.0,51.2
4418,freegame,0.0,84.6
4419,freegame,1.0,59.6
4420,freegame,0.0,113.6
4421,freegame,0.0,53.5
4422,freegame,0.0,107.6
4423,freegame,1.0,51.8
4424,freegame,2.0,148.0
4425,freegame,0.0,344.1
4426,freegame,1.9,397.3
4427,freegame,0.0,30.5
4428,freegame,0.0,540.1
4429,freegame,0.0,172.6
4430,freegame,0.0,129.6
4431,freegame,0.0,214.9
4432,freegame,0.0,155.9
4433,freegame,0.0,103.4
4434,freegame,0.0,161.8
4435,freegame,1.5,19.2
4436,freegame,0.0,79.3
4437,freegame,0.0,70.2
4438,freegame,0.0,24.8
4439,freegame,0.0,25.8
4440,freegame,0.8,78.9
4441,freegame,0.0,157.4
4442,freegame,0.0,302.9
4443,freegame,2.0,156.4
4444,freegame,0.4,50.0
4445,freegame,6.0,140.5
4446,freegame,0.0,43.0
4447,freegame,5.0,215.7
4448,freegame,0.0,145.0
4449,freegame,0.0,239.1
4450,freegame,0.0,241.3
4451,freegame,0.0,3.6
4452,freegame,0.0,28.5
4453,freegame,1.5,159.3
4454,freegame,0.0,93.8
4455,freegame,0.0,113.0
4456,freegame,0.0,71.1
4457,freegame,0.0,538.2
4458,freegame,0.0,363.1
4459,freegame,8.0,429.0
4460,freegame,0.0,28.5
4461,freegame,0.0,55.5
4462,freegame,1.0,79.7
4463,freegame,0.0,124.8
4464,freegame,5.0,102.4
4465,freegame,0.0,155.6
4466,freegame,0.0,306.6
4467,freegame,4.8,44.7
4468,freegame,0.0,72.4
4469,freegame,0.0,2625.0
4470,freegame,0.0,848.2
4471,freegame,0.0,92.0
4472,freegame,0.0,26.3
4473,freegame,0.2,27.1
4474,freegame,0.0,223.5
4475,freegame,0.0,1524.6
4476,freegame,0.0,180.2
4477,freegame,0.0,369.7
4478,freegame,0.0,40.1
4479,freegame,0.0,79.6
4480,freegame,0.0,355.9
4481,freegame,0.0,22.4
4482,freegame,0.8,37.8
4483,freegame,0.0,53.0
4484,freegame,0.0,280.3
4485,freegame,0.0,178.7
4486,freegame,0.8,187.2
4487,freegame,0.6,24.7
4488,freegame,0.0,28.1
4489,freegame,0.0,145.7
4490,freegame,0.0,20.4
4491,freegame,4.7,133.1
4492,freegame,0.0,29.1
4493,freegame,5.0,760.8
4494,freegame,0.0,90.3
4495,freegame,0.0,216.1
4496,freegame,0.0,140.6
4497,freegame,0.0,75.6
4498,freegame,0.0,291.3
4499,freegame,5.0,620.3
4500,freegame,0.0,142.5
4501,freegame,0.0,228.7
4502,freegame,6.6,13.1
4503,freegame,2.6,118.6
4504,freegame,0.0,124.4
4505,freegame,0.0,196.2
4506,freegame,0.0,121.4
4507,freegame,0.0,166.9
4508,freegame,0.0,191.5
4509,freegame,0.0,145.8
4510,freegame,0.0,83.6
4511,freegame,0.0,233.3
4512,freegame,0.0,408.0
4513,freegame,0.0,33.5
4514,freegame,2.7,91.6
4515,freegame,0.0,99.6
4516,freegame,0.0,90.4
4517,freegame,0.0,1533.9
4518,freegame,0.0,89.3
4519,freegame,0.0,42.5
4520,freegame,0.0,707.5
4521,freegame,0.0,55.0
4522,freegame,1.5,49.2
4523,freegame,0.0,35.6
4524,freegame,3.8,16.7
4525,freegame,0.0,17.9
4526,freegame,0.0,117.3
4527,freegame,0.0,12.4
4528,freegame,0.0,26.2
4529,freegame,0.0,1123.3
4530,freegame,1.3,20.6
4531,freegame,0.0,243.3
4532,freegame,0.0,79.9
4533,freegame,0.0,44.6
4534,freegame,0.0,206.5
4535,freegame,0.0,20.0
4536,freegame,0.0,405.5
4537,freegame,0.0,38.0
4538,freegame,0.0,21.3
4539,freegame,0.0,30.4
4540,freegame,0.0,259.7
4541,freegame,2.3,114.0
4542,freegame,0.0,525.8
4543,freegame,0.0,58.6
4544,freegame,0.0,60.0
4545,freegame,6.2,32.0
4546,freegame,0.0,14.9
4547,freegame,0.0,82.6
4548,freegame,1.0,94.7
4549,freegame,0.0,460.3
4550,freegame,0.0,491.2
4551,freegame,0.0,88.1
4552,freegame,4.0,239.9
4553,freegame,0.8,114.3
4554,freegame,0.6,102.8
4555,freegame,0.0,21.5
4556,freegame,0.0,39.8
4557,freegame,0.0,35.5
4558,freegame,0.0,62.8
4559,freegame,7.5,83.8
4560,freegame,0.8,141.3
4561,freegame,0.0,232.4
4562,freegame,0.0,221.7
4563,freegame,0.0,14.9
4564,freegame,0.0,50.1
4565,freegame,0.0,131.8
4566,freegame,0.0,35.8
4567,freegame,0.0,131.2
4568,freegame,2.5,538.6
4569,freegame,0.8,23.0
4570,freegame,0.0,21.7
4571,freegame,1.5,140.8
4572,freegame,0.0,77.7
4573,freegame,0.0,39.5
4574,freegame,0.0,865.9
4575,freegame,0.0,88.6
4576,freegame,0.4,334.5
4577,freegame,0.0,41.7
4578,freegame,4.5,28.2
4579,freegame,0.0,83.2
4580,freegame,0.0,42.6
4581,freegame,0.0,92.8
4582,freegame,2.6,200.1
4583,freegame,0.0,61.6
4584,freegame,0.0,382.4
4585,freegame,0.0,49.8
4586,freegame,0.0,789.0
4587,freegame,5.6,122.1
4588,freegame,0.0,230.7
4589,freegame,0.0,193.1
4590,freegame,0.0,108.3
4591,freegame,0.0,91.5
4592,freegame,0.0,52.1
4593,freegame,0.0,19.1
4594,freegame,0.6,89.5
4595,freegame,0.0,525.2
4596,freegame,3.2,36.5
4597,freegame,0.0,20.3
4598,freegame,0.6,724.1
4599,freegame,0.0,325.8
4600,freegame,0.0,449.9
4601,freegame,2.0,1338.9
4602,freegame,0.0,58.2
4603,freegame,1.0,13.0
4604,freegame,1.2,229.1
4605,freegame,0.0,33.0
4606,freegame,0.0,235.8
4607,freegame,0.0,114.4
4608,freegame,0.0,33.8
4609,freegame,0.0,50.0
4610,freegame,0.0,106.9
4611,freegame,0.0,75.6
4612,freegame,0.0,66.7
4613,freegame,0.0,307.1
4614,freegame,0.0,442.7
4615,freegame,0.0,116.6
4616,freegame,10.5,1251.1
4617,freegame,0.0,464.5
4618,freegame,5.0,219.4
4619,freegame,0.0,56.3
4620,freegame,0.0,32.5
4621,freegame,0.0,19.4
4622,freegame,1.5,77.7
4623,freegame,0.0,117.7
4624,freegame,0.0,87.1
4625,freegame,0.0,54.9
4626,freegame,0.8,111.2
4627,freegame,0.0,63.8
4628,freegame,0.0,800.5
4629,freegame,0.8,339.8
4630,freegame,2.6,87.9
4631,freegame,3.0,22.2
4632,freegame,0.8,3.6
4633,freegame,0.0,79.6
4634,freegame,0.0,180.1
4635,freegame,1.0,42.8
4636,freegame,0.0,367.3
4637,freegame,0.0,11.8
4638,freegame,0.0,404.6
4639,freegame,0.0,69.6
4640,freegame,0.0,188.7
4641,freegame,0.0,229.8
4642,freegame,0.0,78.3
4643,freegame,0.0,356.1
4644,freegame,4.5,57.1
4645,freegame,1.4,44.7
4646,freegame,0.0,26.5
4647,freegame,0.0,115.1
4648,freegame,0.0,192.7
4649,freegame,0.0,55.9
4650,freegame,0.0,188.9
4651,freegame,0.4,310.1
4652,freegame,4.6,189.8
4653,freegame,0.0,2.0
4654,freegame,2.0,40.3
4655,freegame,0.0,24.4
4656,freegame,5.0,467.9
4657,freegame,0.0,124.5
4658,freegame,0.0,88.7
4659,freegame,0.0,101.3
4660,freegame,0.0,438.7
4661,freegame,0.0,217.9
4662,freegame,0.0,152.5
4663,freegame,0.0,343.0
4664,freegame,0.0,651.4
4665,freegame,0.0,687.2
4666,freegame,0.0,88.1
4667,freegame,0.0,118.3
4668,freegame,0.0,80.9
4669,freegame,0.0,5.7
4670,freegame,0.0,6.0
4671,freegame,1.0,434.5
4672,freegame,0.0,40.8
4673,freegame,19.6,129.6
4674,freegame,0.0,451.4
4675,freegame,0.0,116.6
4676,freegame,0.0,290.0
4677,freegame,0.0,25.8
4678,freegame,0.0,262.3
4679,freegame,2.3,288.6
4680,freegame,0.0,54.1
4681,freegame,1.0,839.7
4682,freegame,0.0,385.7
4683,freegame,0.0,60.1
4684,freegame,0.0,17.0
4685,freegame,0.2,56.2
4686,freegame,1.0,21.4
4687,freegame,7.5,56.1
4688,freegame,0.0,330.6
4689,freegame,0.0,72.6
4690,freegame,0.0,406.0
4691,freegame,0.0,70.2
4692,freegame,0.0,112.8
4693,freegame,0.0,69.5
4694,freegame,0.0,72.6
4695,freegame,2.0,75.4
4696,freegame,0.0,77.1
4697,freegame,0.0,31.4
4698,freegame,0.0,319.2
4699,freegame,1.3,203.5
4700,freegame,0.0,43.2
4701,freegame,0.0,90.2
4702,freegame,0.0,33.4
4703,freegame,0.0,157.9
4704,freegame,0.0,376.3
4705,freegame,0.0,562.3
4706,freegame,0.0,69.7
4707,freegame,0.0,224.5
4708,freegame,0.0,139.3
4709,freegame,3.5,977.4
4710,freegame,0.0,289.8
4711,freegame,6.0,27.2
4712,freegame,3.8,435.8
4713,freegame,1.0,9.2
4714,freegame,0.0,33.6
4715,freegame,2.5,101.3
4716,freegame,0.0,297.8
4717,freegame,2.0,7.4
4718,freegame,0.0,370.6
4719,freegame,0.0,188.3
4720,freegame,0.0,69.6
4721,freegame,0.0,44.1
4722,freegame,0.0,0.0
4723,freegame,0.0,38.8
4724,freegame,0.0,74.6
4725,freegame,0.0,15.6
4726,freegame,0.0,502.7
4727,freegame,1.3,5.8
4728,freegame,0.0,476.4
4729,freegame,2.5,90.0
4730,freegame,0.2,92.5
4731,freegame,0.2,90.7
4732,freegame,0.0,352.2
4733,freegame,0.0,50.6
4734,freegame,0.0,46.6
4735,freegame,0.0,293.5
4736,freegame,0.0,21.9
4737,freegame,11.8,16.9
4738,freegame,0.0,146.1
4739,freegame,0.0,838.5
4740,freegame,0.0,618.6
4741,freegame,0.0,141.4
4742,freegame,0.0,78.2
4743,freegame,0.0,80.6
4744,freegame,21.0,56.5
4745,freegame,0.0,430.3
4746,freegame,0.0,101.6
4747,freegame,0.0,288.3
4748,freegame,0.0,182.0
4749,freegame,1.2,0.0
4750,freegame,5.1,8.9
4751,freegame,0.0,202.1
4752,freegame,0.0,236.2
4753,freegame,0.0,53.2
4754,freegame,1.5,93.3
4755,freegame,2.5,162.5
4756,freegame,0.0,1726.1
4757,freegame,2.5,37.5
4758,freegame,0.0,100.1
4759,freegame,0.0,434.5
4760,freegame,0.0,163.2
4761,freegame,0.0,40.9
4762,freegame,0.6,263.4
4763,freegame,0.0,244.7
4764,freegame,0.2,715.9
4765,freegame,0.0,278.6
4766,freegame,0.0,204.8
4767,freegame,0.0,123.7
4768,freegame,0.0,15.0
4769,freegame,0.0,402.0
4770,freegame,0.0,52.8
4771,freegame,0.0,195.5
4772,freegame,2.5,303.9
4773,freegame,0.0,336.5
4774,freegame,0.0,236.6
4775,freegame,0.0,140.3
4776,freegame,3.2,199.7
4777,freegame,0.0,77.9
4778,freegame,8.0,251.1
4779,freegame,10.0,37.3
4780,freegame,0.0,556.2
4781,freegame,0.0,41.1
4782,freegame,0.0,0.4
4783,freegame,0.0,26.7
4784,freegame,0.0,19.9
4785,freegame,0.0,254.7
4786,freegame,1.5,59.0
4787,freegame,0.0,99.7
4788,freegame,0.0,63.5
4789,freegame,0.0,55.0
4790,freegame,0.0,4.5
4791,freegame,0.0,17.5
4792,freegame,0.0,116.5
4793,freegame,0.0,83.6
4794,freegame,0.0,58.2
4795,freegame,0.0,8.6
4796,freegame,0.8,205.6
4797,freegame,0.0,59.3
4798,freegame,0.0,54.8
4799,freegame,0.0,53.5
4800,freegame,0.0,149.9
4801,freegame,0.0,93.6
4802,freegame,0.0,423.6
4803,freegame,0.0,261.5
4804,freegame,0.0,84.6
4805,freegame,0.0,48.9
4806,freegame,0.0,55.8
4807,freegame,6.9,59.0
4808,freegame,1.3,168.8
4809,freegame,0.0,46.0
4810,freegame,0.0,344.6
4811,freegame,0.0,357.8
4812,freegame,0.0,290.7
4813,freegame,1.0,124.8
4814,freegame,4.0,1023.7
4815,freegame,0.0,41.6
4816,freegame,0.0,76.5
4817,freegame,0.0,2543.5
4818,freegame,0.6,119.8
4819,freegame,0.0,2.4
4820,freegame,0.0,130.3
4821,freegame,0.0,576.4
4822,freegame,0.0,519.7
4823,freegame,0.0,106.6
4824,freegame,0.0,49.9
4825,freegame,0.0,259.6
4826,freegame,0.0,165.1
4827,freegame,1.2,160.6
4828,freegame,0.0,267.1
4829,freegame,0.0,211.4
4830,freegame,0.0,73.3
4831,freegame,0.0,179.3
4832,freegame,0.2,335.4
4833,freegame,0.0,196.0
4834,freegame,0.0,510.8
4835,freegame,0.0,98.0
4836,freegame,3.2,71.4
4837,freegame,0.0,721.0
4838,freegame,0.0,134.8
4839,freegame,0.0,9.2
4840,freegame,0.0,17.3
4841,freegame,0.0,93.2
4842,freegame,0.0,37.9
4843,freegame,0.0,332.5
4844,freegame,1.5,207.3
4845,freegame,0.0,173.6
4846,freegame,1.5,82.3
4847,freegame,4.7,125.7
4848,freegame,2.5,321.3
4849,freegame,0.0,126.2
4850,freegame,18.2,757.4
4851,freegame,0.0,18.8
4852,freegame,0.0,141.6
4853,freegame,0.0,337.8
4854,freegame,0.0,7.1
4855,freegame,5.6,99.1
4856,freegame,0.0,47.2
4857,freegame,0.0,9.3
4858,freegame,0.0,6.5
4859,freegame,1.3,49.3
4860,freegame,0.0,38.4
4861,freegame,0.0,19.4
4862,freegame,0.0,136.1
4863,freegame,2.0,293.2
4864,freegame,0.0,9.0
4865,freegame,2.0,240.4
4866,freegame,0.0,281.2
4867,freegame,0.0,939.2
4868,freegame,1.0,132.9
4869,freegame,0.0,84.5
4870,freegame,0.0,250.6
4871,freegame,3.4,87.8
4872,freegame,0.0,356.5
4873,freegame,0.0,153.1
4874,freegame,0.0,65.2
4875,freegame,0.0,356.5
4876,freegame,0.0,131.9
4877,freegame,0.0,175.0
4878,freegame,0.0,1409.2
4879,freegame,0.0,42.4
4880,freegame,0.0,286.5
4881,freegame,0.0,368.0
4882,freegame,0.0,29.3
4883,freegame,0.0,704.9
4884,freegame,0.6,130.5
4885,freegame,0.0,93.0
4886,freegame,0.0,181.0
4887,freegame,0.0,1017.3
4888,freegame,0.0,253.0
4889,freegame,13.1,78.4
4890,freegame,8.1,897.9
4891,freegame,2.0,96.3
4892,freegame,0.0,116.9
4893,freegame,0.0,790.8
4894,freegame,0.0,90.6
4895,freegame,0.0,13.6
4896,freegame,0.0,32.6
4897,freegame,3.2,109.7
4898,freegame,0.0,14.2
4899,freegame,0.0,15.6
4900,freegame,0.0,28.5
4901,freegame,1.3,82.9
4902,freegame,0.0,87.2
4903,freegame,2.0,61.1
4904,freegame,0.0,2.6
4905,freegame,0.0,118.6
4906,freegame,0.0,297.2
4907,freegame,0.0,67.6
4908,freegame,0.0,123.8
4909,freegame,0.0,17.9
4910,freegame,3.2,761.9
4911,freegame,0.0,70.5
4912,freegame,0.0,119.1
4913,freegame,0.0,56.2
4914,freegame,0.0,640.0
4915,freegame,0.0,136.1
4916,freegame,0.0,246.2
4917,freegame,0.0,2083.7
4918,freegame,0.0,289.0
4919,freegame,0.0,363.6
4920,freegame,0.4,258.8
4921,freegame,0.0,187.4
4922,freegame,0.0,0.0
4923,freegame,0.0,500.7
4924,freegame,0.0,329.3
4925,freegame,1.5,399.6
4926,freegame,0.2,168.5
4927,freegame,0.0,44.1
4928,freegame,0.0,311.5
4929,freegame,0.0,29.8
4930,freegame,0.0,69.2
4931,freegame,0.4,70.7
4932,freegame,0.0,125.6
4933,freegame,0.0,119.4
4934,freegame,0.0,136.2
4935,freegame,0.0,185.3
4936,freegame,0.0,131.4
4937,freegame,0.0,634.2
4938,freegame,0.0,103.6
4939,freegame,0.0,144.0
4940,freegame,0.0,50.5
4941,freegame,2.0,83.9
4942,freegame,0.0,61.4
4943,freegame,0.0,602.7
4944,freegame,4.5,96.1
4945,freegame,12.2,612.4
4946,freegame,0.0,273.4
4947,freegame,0.0,900.7
4948,freegame,0.0,106.6
4949,freegame,0.0,80.1
4950,freegame,0.0,16.8
4951,freegame,0.8,10.5
4952,freegame,0.0,55.0
4953,freegame,0.0,53.3
4954,freegame,1.2,1149.0
4955,freegame,0.6,24.5
4956,freegame,0.0,63.8
4957,freegame,0.0,429.5
4958,freegame,0.0,109.5
4959,freegame,0.0,319.7
4960,freegame,0.0,107.4
4961,freegame,0.0,10.0
4962,freegame,0.0,73.3
4963,freegame,2.5,5.8
4964,freegame,0.2,19.2
4965,freegame,0.0,164.6
4966,freegame,0.0,4.5
4967,freegame,0.0,238.3
4968,freegame,0.0,58.6
4969,freegame,0.2,110.0
4970,freegame,3.0,21.8
4971,freegame,1.7,58.8
4972,freegame,0.0,145.5
4973,freegame,2.3,143.1
4974,freegame,0.0,94.5
4975,freegame,0.0,36.3
4976,freegame,0.0,188.1
4977,freegame,0.0,150.9
4978,freegame,0.0,46.2
4979,freegame,2.0,183.9
4980,freegame,0.0,401.4
4981,freegame,0.0,30.9
4982,freegame,0.0,28.4
4983,freegame,1.3,538.3
4984,freegame,0.0,57.0
4985,freegame,1.5,22.3
4986,freegame,0.0,771.0
4987,freegame,0.0,69.9
4988,freegame,0.0,180.5
4989,freegame,0.0,265.2
4990,freegame,0.0,204.6
4991,freegame,0.0,23.4
4992,freegame,0.0,4.9
4993,freegame,0.0,19.1
4994,freegame,0.0,437.5
4995,freegame,0.0,138.9
4996,freegame,0.0,214.1
4997,freegame,0.0,4.8
4998,freegame,0.0,59.2
4999,freegame,0.0,16.2
5000,freegame,0.0,4.3
5001,freegame,0.0,161.2
5002,freegame,0.0,5.7
5003,freegame,0.0,16.6
5004,freegame,2.0,161.2
5005,freegame,0.0,1289.5
5006,freegame,1.0,119.5
5007,freegame,0.0,71.4
5008,freegame,0.0,108.5
5009,freegame,6.0,145.2
5010,freegame,0.6,49.4
5011,freegame,0.0,32.1
5012,freegame,0.0,230.8
5013,freegame,0.0,56.9
5014,freegame,0.0,169.7
5015,freegame,0.0,35.2
5016,freegame,6.6,127.4
5017,freegame,0.0,14.1
5018,freegame,0.0,20.0
5019,freegame,0.0,41.9
5020,freegame,0.2,60.5
5021,freegame,0.0,215.1
5022,freegame,0.0,86.9
5023,freegame,0.0,151.6
5024,freegame,0.0,121.0
5025,freegame,0.0,27.2
5026,freegame,0.0,151.1
5027,freegame,5.6,40.3
5028,freegame,0.0,90.3
5029,freegame,5.4,22.5
5030,freegame,0.0,40.0
5031,freegame,0.0,774.4
5032,freegame,3.8,311.8
5033,freegame,0.0,744.7
5034,freegame,2.7,64.2
5035,freegame,0.0,21.6
5036,freegame,0.0,69.3
5037,freegame,0.0,268.6
5038,freegame,0.0,246.0
5039,freegame,4.0,388.3
5040,freegame,0.0,704.9
5041,freegame,0.0,171.2
5042,freegame,1.0,44.6
5043,freegame,0.0,106.9
5044,freegame,2.7,3.4
5045,freegame,0.0,15.4
5046,freegame,0.0,112.9
5047,freegame,0.0,80.4
5048,freegame,0.0,158.6
5049,freegame,0.0,194.8
5050,freegame,0.0,25.1
5051,freegame,5.4,349.4
5052,freegame,2.0,128.4
5053,freegame,0.0,19.3
5054,freegame,0.0,101.6
5055,freegame,0.0,320.4
5056,freegame,0.0,147.5
5057,freegame,0.0,50.9
5058,freegame,3.3,58.3
5059,freegame,0.0,225.5
5060,freegame,0.0,19.4
5061,freegame,0.0,12.5
5062,freegame,0.0,79.0
5063,freegame,5.0,296.4
5064,freegame,0.0,56.6
5065,freegame,1.3,46.7
5066,freegame,5.6,49.5
5067,freegame,2.0,66.9
5068,freegame,1.2,31.7
5069,freegame,0.0,55.9
5070,freegame,0.0,13.8
5071,freegame,0.4,1294.0
5072,freegame,0.0,38.6
5073,freegame,0.0,170.4
5074,freegame,0.0,24.8
5075,freegame,0.0,118.8
5076,freegame,1.3,309.6
5077,freegame,0.0,14.0
5078,freegame,3.2,11.3
5079,freegame,0.0,256.4
5080,freegame,2.0,59.9
5081,freegame,0.0,678.5
5082,freegame,0.0,228.0
5083,freegame,0.0,117.4
5084,freegame,0.0,549.6
5085,freegame,0.0,136.4
5086,freegame,0.0,51.1
5087,freegame,0.0,333.8
5088,freegame,0.0,92.4
5089,freegame,0.0,104.7
5090,freegame,0.0,57.9
5091,freegame,0.0,201.2
5092,freegame,0.2,41.8
5093,freegame,6.5,15.4
5094,freegame,0.0,104.6
5095,freegame,0.0,508.1
5096,freegame,0.0,251.8
5097,freegame,2.6,34.0
5098,freegame,5.0,37.9
5099,freegame,0.0,35.0
5100,freegame,0.4,643.4
5101,freegame,0.0,79.0
5102,freegame,0.0,240.1
5103,freegame,0.0,26.6
5104,freegame,0.0,259.4
5105,freegame,5.0,165.2
5106,freegame,0.0,199.0
5107,freegame,1.2,12.9
5108,freegame,0.0,65.3
5109,freegame,0.0,22.8
5110,freegame,9.6,26.8
5111,freegame,3.1,443.3
5112,freegame,0.0,72.7
5113,freegame,0.0,115.8
5114,freegame,0.0,33.8
5115,freegame,0.0,65.7
5116,freegame,3.5,119.9
5117,freegame,0.0,219.1
5118,freegame,1.3,219.3
5119,freegame,0.0,1428.0
5120,freegame,0.0,30.2
5121,freegame,2.6,117.3
5122,freegame,0.0,37.0
5123,freegame,0.0,80.8
5124,freegame,0.0,293.4
5125,freegame,0.0,71.8
5126,freegame,0.0,83.2
5127,freegame,0.0,196.0
5128,freegame,0.0,34.4
5129,freegame,0.0,133.8
5130,freegame,0.0,109.6
5131,freegame,0.0,27.8
5132,freegame,2.0,80.4
5133,freegame,0.4,104.7
5134,freegame,0.0,76.3
5135,freegame,2.5,30.8
5136,freegame,0.0,210.2
5137,freegame,0.4,33.0
5138,freegame,0.0,57.0
5139,freegame,0.0,323.6
5140,freegame,0.0,18.6
5141,freegame,2.8,194.8
5142,freegame,1.0,70.2
5143,freegame,0.0,31.7
5144,freegame,0.0,249.3
5145,freegame,0.0,735.0
5146,freegame,0.0,23.3
5147,freegame,1.5,367.7
5148,freegame,0.0,177.6
5149,freegame,0.2,109.6
5150,freegame,0.0,492.8
5151,freegame,0.0,62.9
5152,freegame,5.3,180.1
5153,freegame,0.0,78.8
5154,freegame,0.0,392.2
5155,freegame,1.2,463.9
5156,freegame,2.0,371.1
5157,freegame,0.0,310.8
5158,freegame,0.0,13.4
5159,freegame,0.0,88.9
5160,freegame,0.0,74.0
5161,freegame,0.0,219.8
5162,freegame,0.0,166.4
5163,freegame,0.0,12.9
5164,freegame,0.0,578.0
5165,freegame,2.0,26.5
5166,freegame,3.2,162.7
5167,freegame,0.0,1.2
5168,freegame,0.0,7.6
5169,freegame,0.0,18.0
5170,freegame,0.0,101.8
5171,freegame,1.6,123.2
5172,freegame,0.0,239.5
5173,freegame,0.0,211.7
5174,freegame,0.0,38.7
5175,freegame,1.3,13.3
5176,freegame,0.0,30.4
5177,freegame,0.0,42.2
5178,freegame,0.0,19.8
5179,freegame,0.0,120.2
5180,freegame,0.0,186.3
5181,freegame,0.0,67.4
5182,freegame,0.0,105.2
5183,freegame,0.0,140.9
5184,freegame,0.0,241.9
5185,freegame,8.2,11.0
5186,freegame,0.0,848.9
5187,freegame,0.0,39.0
5188,freegame,0.0,672.2
5189,freegame,5.2,91.4
5190,freegame,2.5,60.0
5191,freegame,0.0,25.7
5192,freegame,0.0,32.7
5193,freegame,5.0,340.7
5194,freegame,0.0,170.4
5195,freegame,0.0,80.1
5196,freegame,0.0,78.4
5197,freegame,0.0,52.9
5198,freegame,1.5,912.1
5199,freegame,0.0,80.3
5200,freegame,0.0,80.4
5201,freegame,2.0,310.5
5202,freegame,0.0,338.3
5203,freegame,0.0,229.6
5204,freegame,0.0,13.6
5205,freegame,1.0,327.8
5206,freegame,0.0,12.6
5207,freegame,0.0,82.5
5208,freegame,0.0,404.5
5209,freegame,2.0,482.6
5210,freegame,1.3,78.0
5211,freegame,0.0,14.9
5212,freegame,2.5,27.0
5213,freegame,0.0,19.4
5214,freegame,0.0,1097.7
5215,freegame,0.6,1.5
5216,freegame,0.0,70.5
5217,freegame,0.0,27.5
5218,freegame,0.0,42.1
5219,freegame,0.0,85.3
5220,freegame,0.0,92.9
5221,freegame,5.6,60.6
5222,freegame,0.0,20.2
5223,freegame,0.0,47.2
5224,freegame,0.2,27.1
5225,freegame,2.0,310.9
5226,freegame,0.2,34.3
5227,freegame,0.0,160.9
5228,freegame,1.5,24.7
5229,freegame,0.0,17.6
5230,freegame,0.0,49.9
5231,freegame,0.0,42.3
5232,freegame,0.0,39.8
5233,freegame,0.0,128.3
5234,freegame,0.0,53.9
5235,freegame,0.0,341.9
5236,freegame,1.2,132.1
5237,freegame,0.0,75.9
5238,freegame,0.0,293.2
5239,freegame,5.0,145.0
5240,freegame,0.0,47.0
5241,freegame,0.0,127.4
5242,freegame,2.5,39.8
5243,freegame,6.4,997.3
5244,freegame,0.0,15.7
5245,freegame,0.0,47.7
5246,freegame,0.0,305.1
5247,freegame,0.0,30.9
5248,freegame,0.0,149.8
5249,freegame,9.5,88.3
5250,freegame,0.0,52.0
5251,freegame,0.0,113.7
5252,freegame,0.0,186.7
5253,freegame,0.0,35.0
5254,freegame,0.0,47.3
5255,freegame,0.0,123.3
5256,freegame,0.0,173.6
5257,freegame,3.2,118.9
5258,freegame,0.0,131.9
5259,freegame,0.0,54.9
5260,freegame,0.0,786.6
5261,freegame,0.0,102.5
5262,freegame,5.0,65.6
5263,freegame,0.0,33.4
5264,freegame,0.0,682.6
5265,freegame,0.0,404.5
5266,freegame,0.0,397.4
5267,freegame,0.0,141.3
5268,freegame,0.0,283.4
5269,freegame,2.0,247.3
5270,freegame,0.0,107.4
5271,freegame,0.0,26.6
5272,freegame,0.0,156.3
5273,freegame,0.0,6.2
5274,freegame,0.0,25.2
5275,freegame,0.0,44.3
5276,freegame,0.0,174.1
5277,freegame,0.6,21.0
5278,freegame,0.0,249.0
5279,freegame,7.0,118.7
5280,freegame,5.1,20.7
5281,freegame,0.0,17.2
5282,freegame,0.0,4.9
5283,freegame,0.0,53.3
5284,freegame,0.0,24.2
5285,freegame,0.0,224.0
5286,freegame,0.0,23.2
5287,freegame,0.6,37.6
5288,freegame,0.0,8.3
5289,freegame,0.0,78.6
5290,freegame,0.6,13.2
5291,freegame,0.0,309.7
5292,freegame,0.0,8.7
5293,freegame,0.0,279.8
5294,freegame,0.0,586.6
5295,freegame,1.3,32.9
5296,freegame,3.0,12.7
5297,freegame,0.0,270.7
5298,freegame,0.0,70.0
5299,freegame,0.0,37.6
5300,freegame,3.2,14.7
5301,freegame,1.3,338.4
5302,freegame,0.0,118.3
5303,freegame,0.0,89.3
5304,freegame,0.0,21.1
5305,freegame,0.0,83.3
5306,freegame,0.0,1227.0
5307,freegame,0.0,14.0
5308,freegame,1.2,108.3
5309,freegame,0.0,262.3
5310,freegame,0.0,128.3
5311,freegame,5.6,69.3
5312,freegame,0.0,96.4
5313,freegame,0.0,13.1
5314,freegame,0.0,119.7
5315,freegame,0.0,44.7
5316,freegame,0.0,24.6
5317,freegame,0.0,124.8
5318,freegame,0.0,57.6
5319,freegame,0.0,113.4
5320,freegame,0.0,13.0
5321,freegame,0.6,637.7
5322,freegame,0.6,51.9
5323,freegame,0.0,141.5
5324,freegame,0.0,33.1
5325,freegame,0.0,48.8
5326,freegame,1.5,533.6
5327,freegame,0.0,172.1
5328,freegame,0.0,50.2
5329,freegame,12.4,392.1
5330,freegame,1.4,7.6
5331,freegame,0.0,17.4
5332,freegame,0.0,221.6
5333,freegame,6.0,619.5
5334,freegame,0.0,178.1
5335,freegame,0.0,1332.3
5336,freegame,0.0,40.4
5337,freegame,0.0,61.0
5338,freegame,0.0,1462.6
5339,freegame,11.4,546.2
5340,freegame,0.0,44.1
5341,freegame,4.9,991.8
5342,freegame,0.0,57.4
5343,freegame,0.0,220.1
5344,freegame,0.0,213.5
5345,freegame,0.0,22.3
5346,freegame,0.0,68.4
5347,freegame,0.0,70.3
5348,freegame,2.7,129.9
5349,freegame,0.0,213.2
5350,freegame,0.0,85.0
5351,freegame,0.0,29.6
5352,freegame,6.6,10.4
5353,freegame,0.0,37.1
5354,freegame,0.0,30.9
5355,freegame,0.0,22.8
5356,freegame,0.0,795.2
5357,freegame,2.0,43.3
5358,freegame,0.0,223.1
5359,freegame,0.0,78.6
5360,freegame,0.0,351.6
5361,freegame,0.0,519.1
5362,freegame,0.0,145.6
5363,freegame,8.7,486.4
5364,freegame,0.0,73.4
5365,freegame,0.0,80.1
5366,freegame,0.0,403.1
5367,freegame,0.2,268.4
5368,freegame,0.0,110.5
5369,freegame,0.0,125.4
5370,freegame,0.0,61.7
5371,freegame,13.6,4.7
5372,freegame,0.0,687.8
5373,freegame,0.0,929.0
5374,freegame,0.0,246.4
5375,freegame,0.0,264.3
5376,freegame,4.0,137.2
5377,freegame,0.0,301.1
5378,freegame,1.3,286.4
5379,freegame,0.0,301.3
5380,freegame,0.0,67.3
5381,freegame,2.9,81.7
5382,freegame,1.2,12.9
5383,freegame,0.0,165.4
5384,freegame,0.0,50.3
5385,freegame,0.0,10.1
5386,freegame,0.0,153.8
5387,freegame,0.0,58.7
5388,freegame,0.0,29.3
5389,freegame,3.2,36.5
5390,freegame,0.0,102.7
5391,freegame,0.0,45.5
5392,freegame,2.8,152.3
5393,freegame,0.0,197.5
5394,freegame,0.0,40.2
5395,freegame,2.0,64.3
5396,freegame,1.7,180.4
5397,freegame,0.0,162.5
5398,freegame,0.0,1261.5
5399,freegame,0.0,387.4
5400,freegame,0.0,101.3
5401,freegame,0.0,44.5
5402,freegame,0.0,295.2
5403,freegame,0.0,199.9
5404,freegame,0.0,273.2
5405,freegame,0.0,39.7
5406,freegame,0.0,123.6
5407,freegame,0.0,15.4
5408,freegame,3.7,25.5
5409,freegame,0.0,60.0
5410,freegame,0.0,36.3
5411,freegame,0.0,3.7
5412,freegame,0.0,95.0
5413,freegame,0.0,485.0
5414,freegame,0.6,61.5
5415,freegame,0.0,45.4
5416,freegame,0.0,333.6
5417,freegame,0.0,109.0
5418,freegame,0.0,40.4
5419,freegame,0.0,65.3
5420,freegame,0.0,37.6
5421,freegame,0.0,228.3
5422,freegame,0.0,54.4
5423,freegame,0.0,101.5
5424,freegame,4.0,31.8
5425,freegame,0.0,117.6
5426,freegame,4.5,425.4
5427,freegame,5.0,289.4
5428,freegame,0.0,195.6
5429,freegame,2.0,31.4
5430,freegame,3.5,733.2
5431,freegame,0.0,63.5
5432,freegame,1.5,581.3
5433,freegame,0.0,275.2
5434,freegame,0.0,146.2
5435,freegame,1.0,731.0
5436,freegame,0.2,33.1
5437,freegame,0.0,19.9
5438,freegame,0.0,69.8
5439,freegame,0.0,14.0
5440,freegame,0.0,15.0
5441,freegame,0.0,0.4
5442,freegame,4.3,149.0
5443,freegame,0.0,62.4
5444,freegame,1.9,0.0
5445,freegame,0.0,150.2
5446,freegame,1.0,76.8
5447,freegame,0.0,425.6
5448,freegame,0.0,284.6
5449,freegame,0.0,214.9
5450,freegame,0.0,13.4
5451,freegame,0.0,89.8
5452,freegame,1.2,82.6
5453,freegame,0.0,111.0
5454,freegame,5.0,64.9
5455,freegame,6.2,141.3
5456,freegame,5.6,222.2
5457,freegame,1.2,403.3
5458,freegame,0.0,1007.4
5459,freegame,0.0,13.4
5460,freegame,0.0,41.8
5461,freegame,0.0,61.9
5462,freegame,2.3,62.9
5463,freegame,0.0,23.8
5464,freegame,2.0,194.4
5465,freegame,0.6,238.0
5466,freegame,0.0,124.5
5467,freegame,0.0,207.7
5468,freegame,1.0,15.4
5469,freegame,0.0,67.1
5470,freegame,0.0,28.6
5471,freegame,0.0,820.4
5472,freegame,0.0,220.5
5473,freegame,0.0,1008.0
5474,freegame,0.0,14.6
5475,freegame,3.0,797.7
5476,freegame,0.0,40.2
5477,freegame,0.0,65.6
5478,freegame,0.0,28.4
5479,freegame,0.0,169.2
5480,freegame,0.0,85.7
5481,freegame,2.5,58.2
5482,freegame,0.0,80.5
5483,freegame,0.0,59.6
5484,freegame,0.0,149.9
5485,freegame,0.0,84.1
5486,freegame,0.0,114.5
5487,freegame,2.0,10.9
5488,freegame,0.6,608.2
5489,freegame,0.0,9.0
5490,freegame,2.2,154.0
5491,freegame,8.3,75.6
5492,freegame,1.5,92.0
5493,freegame,0.0,15.5
5494,freegame,0.0,305.2
5495,freegame,0.0,21.8
5496,freegame,0.0,610.2
5497,freegame,0.0,80.2
5498,freegame,7.0,151.5
5499,freegame,3.5,218.2
5500,freegame,0.0,233.8
5501,freegame,2.0,49.4
5502,freegame,0.0,29.0
5503,freegame,0.0,185.8
5504,freegame,0.0,57.0
5505,freegame,0.0,4.6
5506,freegame,0.0,167.8
5507,freegame,0.0,0.8
5508,freegame,0.0,201.4
5509,freegame,0.0,25.7
5510,freegame,0.0,11.1
5511,freegame,0.0,61.6
5512,freegame,0.0,154.7
5513,freegame,1.0,208.4
5514,freegame,2.0,278.1
5515,freegame,0.0,62.7
5516,freegame,1.3,734.8
5517,freegame,0.0,715.7
5518,freegame,0.0,51.2
5519,freegame,0.0,162.8
5520,freegame,0.0,204.6
5521,freegame,0.0,20.6
5522,freegame,0.0,34.1
5523,freegame,0.0,65.4
5524,freegame,0.0,383.8
5525,freegame,0.0,100.5
5526,freegame,0.0,120.0
5527,freegame,1.0,231.4
5528,freegame,0.0,25.1
5529,freegame,0.0,19.9
5530,freegame,0.0,88.6
5531,freegame,0.0,53.6
5532,freegame,0.0,80.6
5533,freegame,0.0,408.2
5534,freegame,0.0,34.4
5535,freegame,0.0,189.5
5536,freegame,0.0,26.1
5537,freegame,0.0,800.2
5538,freegame,1.0,99.4
5539,freegame,0.0,18.1
5540,freegame,0.0,350.1
5541,freegame,0.0,113.2
5542,freegame,0.0,281.6
5543,freegame,0.0,118.1
5544,freegame,0.0,329.8
5545,freegame,0.2,24.9
5546,freegame,0.0,45.5
5547,freegame,2.0,326.5
5548,freegame,0.0,315.3
5549,freegame,0.0,26.6
5550,freegame,0.6,129.2
5551,freegame,0.0,142.7
5552,freegame,0.0,51.8
5553,freegame,6.0,25.2
5554,freegame,0.0,107.5
5555,freegame,0.0,15.8
5556,freegame,0.0,60.7
5557,freegame,0.0,348.1
5558,freegame,0.0,494.4
5559,freegame,0.0,786.0
5560,freegame,0.0,86.1
5561,freegame,0.0,339.4
5562,freegame,0.0,70.4
5563,freegame,0.0,58.5
5564,freegame,0.0,27.7
5565,freegame,0.0,28.6
5566,freegame,3.8,135.7
5567,freegame,0.0,5.1
5568,freegame,0.0,473.2
5569,freegame,0.0,301.1
5570,freegame,0.0,145.0
5571,freegame,0.4,7.3
5572,freegame,3.6,110.6
5573,freegame,1.3,134.3
5574,freegame,3.8,289.3
5575,freegame,0.0,23.9
5576,freegame,0.6,312.3
5577,freegame,0.0,127.6
5578,freegame,2.1,67.3
5579,freegame,0.0,71.5
5580,freegame,0.0,285.0
5581,freegame,0.0,169.3
5582,freegame,0.0,575.0
5583,freegame,0.0,240.7
5584,freegame,1.9,121.8
5585,freegame,0.0,240.2
5586,freegame,10.0,45.4
5587,freegame,0.0,15.4
5588,freegame,0.0,137.8
5589,freegame,1.3,723.9
5590,freegame,0.0,36.6
5591,freegame,0.0,538.7
5592,freegame,2.0,92.6
5593,freegame,2.0,56.0
5594,freegame,0.0,46.5
5595,freegame,0.0,37.3
5596,freegame,0.0,139.1
5597,freegame,0.0,107.6
5598,freegame,2.0,586.0
5599,freegame,0.0,39.4
5600,freegame,0.0,48.1
5601,freegame,0.0,8.2
5602,freegame,1.0,340.2
5603,freegame,2.6,766.5
5604,freegame,0.0,62.1
5605,freegame,0.0,109.1
5606,freegame,0.0,251.8
5607,freegame,0.0,67.9
5608,freegame,0.0,25.6
5609,freegame,0.0,1489.3
5610,freegame,0.0,44.5
5611,freegame,1.3,33.2
5612,freegame,0.0,363.3
5613,freegame,0.0,268.1
5614,freegame,0.0,141.9
5615,freegame,0.0,50.9
5616,freegame,0.0,175.1
5617,freegame,1.9,5.8
5618,freegame,0.0,249.9
5619,freegame,0.0,148.2
5620,freegame,0.0,820.6
5621,freegame,0.0,202.1
5622,freegame,1.3,114.6
5623,freegame,0.0,138.0
5624,freegame,0.0,33.5
5625,freegame,0.0,82.4
5626,freegame,0.0,36.8
5627,freegame,0.0,15.8
5628,freegame,0.4,183.5
5629,freegame,0.0,318.7
5630,freegame,0.0,1.2
5631,freegame,0.0,8.4
5632,freegame,0.0,145.0
5633,freegame,0.8,14.2
5634,freegame,0.0,161.2
5635,freegame,0.8,21.4
5636,freegame,0.0,189.8
5637,freegame,0.0,176.1
5638,freegame,1.5,440.5
5639,freegame,5.0,68.1
5640,freegame,0.0,373.9
5641,freegame,0.0,215.9
5642,freegame,0.0,46.8
5643,freegame,0.0,22.4
5644,freegame,0.0,47.4
5645,freegame,0.6,107.5
5646,freegame,0.6,47.8
5647,freegame,0.0,59.3
5648,freegame,1.9,173.6
5649,freegame,0.0,48.0
5650,freegame,1.5,339.2
5651,freegame,0.6,32.6
5652,freegame,0.0,324.0
5653,freegame,1.0,3.3
5654,freegame,0.0,221.8
5655,freegame,0.0,578.7
5656,freegame,0.0,147.9
5657,freegame,0.0,91.4
5658,freegame,0.0,33.4
5659,freegame,0.0,292.9
5660,freegame,0.0,80.4
5661,freegame,2.0,52.7
5662,freegame,0.0,90.3
5663,freegame,0.0,31.0
5664,freegame,0.0,90.6
5665,freegame,0.0,40.5
5666,freegame,0.0,36.3
5667,freegame,0.0,73.8
5668,freegame,8.0,85.1
5669,freegame,0.0,521.7
5670,freegame,0.0,96.0
5671,freegame,0.0,281.0
5672,freegame,0.2,6.2
5673,freegame,0.0,101.4
5674,freegame,1.2,57.7
5675,freegame,0.0,77.5
5676,freegame,0.0,128.0
5677,freegame,0.0,115.1
5678,freegame,0.0,77.4
5679,freegame,0.0,63.5
5680,freegame,0.4,889.4
5681,freegame,0.0,117.3
5682,freegame,0.0,10.7
5683,freegame,0.0,39.0
5684,freegame,0.0,25.4
5685,freegame,0.0,601.0
5686,freegame,0.0,173.5
5687,freegame,0.0,108.7
5688,freegame,2.5,399.8
5689,freegame,0.0,187.3
5690,freegame,0.0,39.6
5691,freegame,0.0,470.7
5692,freegame,0.0,23.7
5693,freegame,5.7,178.2
5694,freegame,0.0,16.2
5695,freegame,6.8,56.7
5696,freegame,1.5,231.6
5697,freegame,0.0,8.9
5698,freegame,0.0,522.9
5699,freegame,6.6,182.4
5700,freegame,0.0,1020.9
5701,freegame,0.0,175.7
5702,freegame,0.0,0.0
5703,freegame,0.0,188.7
5704,freegame,0.0,15.3
5705,freegame,0.6,322.8
5706,freegame,0.0,29.2
5707,freegame,0.0,56.4
5708,freegame,4.4,423.9
5709,freegame,0.0,498.1
5710,freegame,0.0,64.1
5711,freegame,0.4,58.1
5712,freegame,0.0,80.6
5713,freegame,0.0,116.3
5714,freegame,8.7,221.8
5715,freegame,0.0,213.6
5716,freegame,1.3,235.5
5717,freegame,0.0,98.8
5718,freegame,0.0,77.9
5719,freegame,0.0,4.4
5720,freegame,1.2,309.4
5721,freegame,0.0,82.7
5722,freegame,0.0,30.2
5723,freegame,0.0,64.2
5724,freegame,0.0,135.7
5725,freegame,0.0,227.0
5726,freegame,0.0,284.2
5727,freegame,1.5,377.1
5728,freegame,6.0,113.6
5729,freegame,0.6,131.0
5730,freegame,0.0,40.1
5731,freegame,1.3,223.0
5732,freegame,5.1,63.4
5733,freegame,0.0,106.6
5734,freegame,2.0,1066.3
5735,freegame,0.0,130.1
5736,freegame,0.0,36.6
5737,freegame,0.0,81.5
5738,freegame,0.2,176.6
5739,freegame,0.0,98.3
5740,freegame,0.0,438.7
5741,freegame,0.0,228.7
5742,freegame,1.3,185.0
5743,freegame,0.0,20.1
5744,freegame,0.0,18.6
5745,freegame,0.0,16.3
5746,freegame,0.0,34.9
5747,freegame,0.0,190.5
5748,freegame,2.6,63.5
5749,freegame,0.0,70.2
5750,freegame,1.5,72.0
5751,freegame,2.7,118.2
5752,freegame,0.0,106.4
5753,freegame,0.0,176.1
5754,freegame,0.0,309.9
5755,freegame,1.2,407.8
5756,freegame,0.0,353.9
5757,freegame,0.0,127.7
5758,freegame,2.5,158.0
5759,freegame,2.0,5.0
5760,freegame,2.5,228.3
5761,freegame,0.0,55.5
5762,freegame,0.0,893.4
5763,freegame,0.0,86.8
5764,freegame,0.0,27.2
5765,freegame,0.0,240.4
5766,freegame,0.0,41.5
5767,freegame,0.0,323.4
5768,freegame,0.0,203.2
5769,freegame,0.0,322.3
5770,freegame,0.0,41.4
5771,freegame,0.0,245.4
5772,freegame,0.0,15.2
5773,freegame,0.0,502.5
5774,freegame,0.0,155.2
5775,freegame,0.0,734.6
5776,freegame,3.0,126.8
5777,freegame,0.0,105.6
5778,freegame,0.0,25.0
5779,freegame,0.0,37.1
5780,freegame,0.0,936.0
5781,freegame,0.0,141.4
5782,freegame,0.0,12.0
5783,freegame,0.0,10.8
5784,freegame,0.0,337.1
5785,freegame,0.0,91.0
5786,freegame,2.0,106.8
5787,freegame,0.0,95.8
5788,freegame,0.0,78.7
5789,freegame,0.0,345.4
5790,freegame,0.0,20.8
5791,freegame,0.0,18.9
5792,freegame,0.0,0.0
5793,freegame,1.5,13.4
5794,freegame,0.0,131.8
5795,freegame,5.6,374.4
5796,freegame,0.0,302.4
5797,freegame,0.0,223.0
5798,freegame,0.6,30.3
5799,freegame,1.2,132.4
5800,freegame,0.0,218.0
5801,freegame,0.0,21.1
5802,freegame,0.0,538.9
5803,freegame,0.8,49.3
5804,freegame,0.0,124.1
5805,freegame,0.0,15.1
5806,freegame,1.4,373.0
5807,freegame,2.0,45.1
5808,freegame,0.0,71.9
5809,freegame,1.8,178.5
5810,freegame,0.0,36.1
5811,freegame,0.0,23.8
5812,freegame,0.0,21.4
5813,freegame,0.0,15.9
5814,freegame,0.0,245.5
5815,freegame,0.0,214.0
5816,freegame,0.0,253.2
5817,freegame,0.2,191.2
5818,freegame,0.0,23.0
5819,freegame,0.0,5.2
5820,freegame,0.0,81.7
5821,freegame,0.0,106.5
5822,freegame,0.0,29.4
5823,freegame,1.0,314.2
5824,freegame,0.0,875.9
5825,freegame,0.0,1.0
5826,freegame,0.0,274.0
5827,freegame,1.2,443.8
5828,freegame,0.0,233.4
5829,freegame,5.0,139.1
5830,freegame,0.0,50.4
5831,freegame,0.0,326.2
5832,freegame,2.4,70.0
5833,freegame,0.0,321.5
5834,freegame,0.6,64.3
5835,freegame,0.0,42.0
5836,freegame,0.0,22.4
5837,freegame,0.0,205.4
5838,freegame,0.0,192.9
5839,freegame,0.0,37.6
5840,freegame,0.0,13.6
5841,freegame,0.0,103.5
5842,freegame,0.0,117.2
5843,freegame,0.8,20.6
5844,freegame,2.0,387.2
5845,freegame,0.2,77.7
5846,freegame,0.0,35.9
5847,freegame,0.0,366.7
5848,freegame,0.0,415.3
5849,freegame,0.0,183.4
5850,freegame,0.0,87.1
5851,freegame,0.0,72.7
5852,freegame,0.0,144.9
5853,freegame,0.0,57.6
5854,freegame,0.0,293.7
5855,freegame,1.0,211.5
5856,freegame,0.0,120.7
5857,freegame,0.0,14.0
5858,freegame,0.0,12.5
5859,freegame,2.0,2043.8
5860,freegame,1.3,422.7
5861,freegame,0.0,6.3
5862,freegame,0.4,35.7
5863,freegame,0.0,315.0
5864,freegame,2.3,502.3
5865,freegame,0.0,1615.2
5866,freegame,0.0,146.7
5867,freegame,0.0,26.4
5868,freegame,0.0,54.4
5869,freegame,0.0,146.3
5870,freegame,10.8,45.6
5871,freegame,0.0,49.8
5872,freegame,0.0,67.8
5873,freegame,0.0,24.4
5874,freegame,0.0,53.0
5875,freegame,3.0,377.3
5876,freegame,0.0,58.8
5877,freegame,0.0,83.6
5878,freegame,0.0,32.1
5879,freegame,0.0,1894.9
5880,freegame,0.0,91.2
5881,freegame,0.0,169.9
5882,freegame,1.0,58.3
5883,freegame,0.0,625.4
5884,freegame,2.0,50.1
5885,freegame,0.0,33.2
5886,freegame,0.6,242.8
5887,freegame,0.0,48.1
5888,freegame,5.0,44.3
5889,freegame,5.0,239.7
5890,freegame,9.0,21.4
5891,freegame,0.0,65.6
5892,freegame,0.0,8.0
5893,freegame,0.0,189.1
5894,freegame,0.0,12.1
5895,freegame,0.0,3.3
5896,freegame,0.0,28.5
5897,freegame,0.0,26.0
5898,freegame,0.0,47.4
5899,freegame,2.2,91.8
5900,freegame,0.0,206.8
5901,freegame,0.0,38.0
5902,freegame,0.0,115.2
5903,freegame,1.3,129.0
5904,freegame,0.0,168.2
5905,freegame,0.2,78.2
5906,freegame,0.0,411.6
5907,freegame,0.0,141.8
5908,freegame,0.0,249.6
5909,freegame,0.0,34.6
5910,freegame,0.0,107.8
5911,freegame,0.4,441.3
5912,freegame,0.0,195.4
5913,freegame,0.0,28.3
5914,freegame,0.0,73.1
5915,freegame,0.0,8.0
5916,freegame,0.0,10.5
5917,freegame,1.0,75.1
5918,freegame,0.0,41.0
5919,freegame,0.0,21.9
5920,freegame,0.0,67.1
5921,freegame,0.0,348.2
5922,freegame,0.0,10.1
5923,freegame,1.2,388.7
5924,freegame,2.3,28.7
5925,freegame,0.0,188.7
5926,freegame,0.0,150.2
5927,freegame,0.0,183.6
5928,freegame,0.0,129.5
5929,freegame,0.0,42.0
5930,freegame,0.0,181.0
5931,freegame,4.9,18.2
5932,freegame,1.4,252.3
5933,freegame,5.7,55.2
5934,freegame,1.5,121.5
5935,freegame,0.0,503.6
5936,freegame,0.0,386.8
5937,freegame,0.0,456.3
5938,freegame,0.0,392.7
5939,freegame,0.0,158.6
5940,freegame,0.0,615.0
5941,freegame,7.5,34.6
5942,freegame,2.5,43.6
5943,freegame,0.0,37.9
5944,freegame,0.0,54.5
5945,freegame,1.3,611.8
5946,freegame,0.6,156.0
5947,freegame,0.0,65.5
5948,freegame,0.0,152.9
5949,freegame,0.0,408.1
5950,freegame,5.0,69.8
5951,freegame,0.4,981.5
5952,freegame,0.0,1585.1
5953,freegame,0.0,17.7
5954,freegame,0.0,117.3
5955,freegame,0.0,38.6
5956,freegame,0.0,10.6
5957,freegame,1.2,20.5
5958,freegame,0.0,56.9
5959,freegame,0.0,141.1
5960,freegame,7.9,94.3
5961,freegame,0.0,486.0
5962,freegame,0.0,33.4
5963,freegame,0.0,501.1
5964,freegame,0.0,135.8
5965,freegame,0.8,13.3
5966,freegame,1.3,438.5
5967,freegame,1.3,179.5
5968,freegame,4.8,490.0
5969,freegame,0.0,824.9
5970,freegame,0.0,47.7
5971,freegame,0.0,94.1
5972,freegame,0.0,74.3
5973,freegame,1.3,461.2
5974,freegame,0.0,70.8
5975,freegame,0.0,4.8
5976,freegame,0.0,8.9
5977,freegame,0.0,57.7
5978,freegame,0.0,60.4
5979,freegame,0.0,157.2
5980,freegame,0.0,206.3
5981,freegame,0.0,108.5
5982,freegame,0.0,18.6
5983,freegame,5.0,371.6
5984,freegame,0.0,91.3
5985,freegame,1.0,161.9
5986,freegame,0.0,47.4
5987,freegame,0.0,95.2
5988,freegame,0.0,31.0
5989,freegame,0.0,178.0
5990,freegame,2.0,151.4
5991,freegame,2.5,59.6
5992,freegame,0.0,256.5
5993,freegame,0.0,83.1
5994,freegame,0.0,25.4
5995,freegame,0.0,100.9
5996,freegame,0.0,293.6
5997,freegame,3.0,38.5
5998,freegame,0.0,32.2
5999,freegame,0.0,110.8
6000,freegame,0.0,44.8
6001,freegame,0.0,125.5
6002,freegame,0.0,66.2
6003,freegame,9.2,92.0
6004,freegame,0.0,126.1
6005,freegame,0.0,67.5
6006,freegame,0.0,22.6
6007,freegame,0.0,243.3
6008,freegame,0.0,90.1
6009,freegame,0.0,9.2
6010,freegame,0.0,71.3
6011,freegame,0.0,583.6
6012,freegame,0.0,1332.0
6013,freegame,0.0,743.4
6014,freegame,0.0,60.8
6015,freegame,0.0,22.0
6016,freegame,0.0,70.2
6017,freegame,1.3,14.0
6018,freegame,0.0,2833.7
6019,freegame,0.0,183.8
6020,freegame,0.0,83.5
6021,freegame,0.0,69.1
6022,freegame,1.3,46.8
6023,freegame,0.8,21.4
6024,freegame,9.3,67.0
6025,freegame,0.0,144.6
6026,freegame,0.0,252.9
6027,freegame,2.0,120.7
6028,freegame,0.0,173.0
6029,freegame,2.0,149.7
6030,freegame,0.0,146.7
6031,freegame,0.2,96.6
6032,freegame,0.0,196.5
6033,freegame,0.4,6.9
6034,freegame,0.0,656.7
6035,freegame,0.0,94.6
6036,freegame,3.1,45.8
6037,freegame,6.8,143.4
6038,freegame,0.8,252.5
6039,freegame,0.4,27.8
6040,freegame,0.0,227.3
6041,freegame,0.0,820.4
6042,freegame,0.0,126.3
6043,freegame,0.0,74.5
6044,freegame,0.0,73.2
6045,freegame,0.0,21.2
6046,freegame,0.0,146.0
6047,freegame,0.0,18.5
6048,freegame,0.0,53.7
6049,freegame,10.6,122.0
6050,freegame,0.0,161.7
6051,freegame,0.0,121.4
6052,freegame,0.0,115.9
6053,freegame,0.0,58.8
6054,freegame,0.0,830.5
6055,freegame,0.0,240.4
6056,freegame,0.0,66.9
6057,freegame,0.0,58.3
6058,freegame,0.6,301.2
6059,freegame,0.0,38.0
6060,freegame,0.0,58.5
6061,freegame,1.3,21.7
6062,freegame,2.8,507.1
6063,freegame,0.0,157.7
6064,freegame,0.2,25.9
6065,freegame,5.4,84.4
6066,freegame,0.0,90.6
6067,freegame,0.0,39.6
6068,freegame,0.0,60.3
6069,freegame,0.0,137.4
6070,freegame,0.0,16.6
6071,freegame,0.0,62.6
6072,freegame,0.0,361.1
6073,freegame,0.0,135.7
6074,freegame,0.0,137.3
6075,freegame,0.0,72.1
6076,freegame,0.0,69.2
6077,freegame,0.0,17.2
6078,freegame,0.0,206.9
6079,freegame,0.0,226.6
6080,freegame,1.0,90.6
6081,freegame,1.4,58.3
6082,freegame,0.0,166.4
6083,freegame,0.0,17.4
6084,freegame,0.0,153.8
6085,freegame,0.0,1117.9
6086,freegame,0.0,131.2
6087,freegame,0.0,5.8
6088,freegame,0.0,175.6
6089,freegame,0.0,285.8
6090,freegame,0.0,11.3
6091,freegame,0.4,18.0
6092,freegame,3.0,109.6
6093,freegame,1.0,158.4
6094,freegame,0.0,79.7
6095,freegame,0.0,397.6
6096,freegame,3.8,218.2
6097,freegame,0.0,76.6
6098,freegame,0.0,60.5
6099,freegame,4.5,49.4
6100,freegame,0.0,75.4
6101,freegame,0.0,53.8
6102,freegame,0.0,13.4
6103,freegame,0.0,61.1
6104,freegame,0.0,171.5
6105,freegame,0.0,144.9
6106,freegame,13.0,152.6
6107,freegame,0.0,353.9
6108,freegame,3.2,163.7
6109,freegame,0.0,41.7
6110,freegame,0.0,39.0
6111,freegame,6.5,189.7
6112,freegame,1.3,1109.9
6113,freegame,0.0,120.8
6114,freegame,0.0,81.4
6115,freegame,0.0,69.3
6116,freegame,0.0,14.4
6117,freegame,0.0,11.4
6118,freegame,1.9,134.8
6119,freegame,0.0,70.2
6120,freegame,0.0,55.3
6121,freegame,5.0,326.9
6122,freegame,0.0,609.3
6123,freegame,2.3,48.8
6124,freegame,0.0,83.3
6125,freegame,8.0,60.8
6126,freegame,0.0,57.7
6127,wincap,0.0,5000.0
6128,freegame,0.0,175.4
6129,freegame,0.6,56.3
6130,freegame,0.0,150.5
6131,freegame,0.0,12.8
6132,freegame,0.0,17.0
6133,freegame,0.0,172.7
6134,freegame,0.0,38.1
6135,freegame,0.0,47.0
6136,freegame,0.0,48.7
6137,freegame,0.0,73.2
6138,freegame,0.0,205.8
6139,freegame,0.0,612.3
6140,freegame,0.0,709.5
6141,freegame,0.0,27.6
6142,freegame,0.0,44.1
6143,freegame,0.0,510.2
6144,freegame,0.0,21.1
6145,freegame,0.0,233.7
6146,freegame,0.0,150.9
6147,freegame,0.0,101.2
6148,freegame,0.0,202.2
6149,freegame,0.0,169.1
6150,freegame,0.0,356.7
6151,freegame,0.8,8.2
6152,freegame,0.0,50.9
6153,freegame,2.3,843.3
6154,freegame,0.0,165.2
6155,freegame,0.0,85.6
6156,freegame,2.3,4.6
6157,freegame,0.0,130.6
6158,freegame,0.0,3.6
6159,freegame,2.5,18.6
6160,freegame,0.0,693.9
6161,freegame,0.0,201.0
6162,freegame,0.8,74.6
6163,freegame,0.0,310.4
6164,freegame,0.0,26.3
6165,freegame,0.0,55.0
6166,freegame,0.0,259.5
6167,freegame,1.7,187.8
6168,freegame,2.5,610.2
6169,freegame,0.4,4.3
6170,freegame,0.0,170.9
6171,freegame,1.3,166.1
6172,freegame,0.4,56.5
6173,freegame,5.5,97.6
6174,freegame,0.0,18.8
6175,freegame,0.0,187.7
6176,freegame,0.6,89.3
6177,freegame,0.0,169.1
6178,freegame,0.0,57.2
6179,freegame,0.0,14.7
6180,freegame,0.0,28.0
6181,freegame,0.0,14.0
6182,freegame,0.0,115.4
6183,freegame,0.0,67.9
6184,freegame,0.0,31.9
6185,freegame,0.0,52.7
6186,freegame,2.5,408.9
6187,freegame,2.0,391.9
6188,freegame,0.0,45.3
6189,freegame,0.0,11.8
6190,freegame,0.0,603.5
6191,freegame,0.0,24.5
6192,freegame,0.0,30.4
6193,freegame,0.0,49.9
6194,freegame,0.0,276.0
6195,freegame,0.0,19.8
6196,freegame,5.8,222.2
6197,freegame,0.0,168.0
6198,freegame,0.0,284.1
6199,freegame,0.0,154.8
6200,freegame,0.0,141.2
6201,freegame,0.0,3.6
6202,freegame,0.0,76.1
6203,freegame,0.0,465.4
6204,freegame,2.0,41.7
6205,freegame,0.6,66.4
6206,freegame,0.0,106.8
6207,freegame,6.5,34.6
6208,freegame,0.0,30.1
6209,freegame,0.0,5.9
6210,freegame,0.0,94.1
6211,freegame,3.4,95.7
6212,freegame,0.0,7.9
6213,freegame,0.0,428.2
6214,freegame,0.2,55.6
6215,freegame,0.0,201.8
6216,freegame,1.0,162.9
6217,freegame,0.0,63.7
6218,freegame,0.0,896.1
6219,freegame,0.0,428.4
6220,freegame,2.0,457.3
6221,freegame,0.6,125.9
6222,freegame,1.3,38.9
6223,freegame,0.0,128.1
6224,freegame,0.0,99.7
6225,freegame,0.6,96.9
6226,freegame,0.0,25.4
6227,freegame,0.0,250.6
6228,freegame,3.2,165.2
6229,freegame,0.0,155.8
6230,freegame,1.3,267.3
6231,freegame,4.2,570.7
6232,wincap,0.0,5000.0
6233,freegame,4.7,39.1
6234,freegame,0.0,407.1
6235,freegame,0.0,112.1
6236,freegame,0.0,17.6
6237,freegame,5.0,19.9
6238,freegame,0.0,34.6
6239,freegame,6.6,102.3
6240,freegame,0.0,235.9
6241,freegame,2.0,483.0
6242,freegame,0.0,201.3
6243,freegame,0.0,46.8
6244,freegame,0.0,84.4
6245,freegame,0.0,91.4
6246,freegame,0.0,13.3
6247,freegame,6.0,134.7
6248,freegame,0.0,136.3
6249,freegame,0.0,179.0
6250,freegame,0.0,814.0
6251,freegame,2.0,42.7
6252,freegame,3.5,75.2
6253,freegame,0.0,70.0
6254,freegame,0.0,128.3
6255,freegame,0.0,247.9
6256,freegame,0.0,42.3
6257,freegame,4.7,49.7
6258,freegame,0.0,306.2
6259,freegame,2.0,526.9
6260,freegame,0.6,531.6
6261,freegame,1.5,165.1
6262,freegame,0.0,42.2
6263,freegame,0.0,230.7
6264,freegame,0.0,396.9
6265,freegame,0.0,78.7
6266,freegame,0.6,243.0
6267,freegame,0.0,9.8
6268,freegame,0.0,12.2
6269,freegame,0.0,107.2
6270,freegame,0.0,315.8
6271,freegame,0.0,7.1
6272,freegame,0.0,93.9
6273,freegame,0.6,28.4
6274,freegame,0.0,201.0
6275,freegame,0.0,115.3
6276,freegame,0.0,651.1
6277,freegame,0.0,51.9
6278,freegame,0.0,51.4
6279,freegame,5.0,34.8
6280,freegame,0.0,13.0
6281,freegame,2.0,29.9
6282,freegame,0.0,16.7
6283,freegame,0.0,759.6
6284,freegame,0.0,158.1
6285,freegame,0.0,52.8
6286,freegame,0.0,25.2
6287,freegame,1.3,155.2
6288,freegame,0.0,155.1
6289,freegame,1.0,23.9
6290,freegame,6.0,13.6
6291,freegame,0.0,545.9
6292,freegame,0.0,61.6
6293,freegame,0.0,757.8
6294,freegame,2.6,114.6
6295,freegame,0.0,32.3
6296,freegame,0.0,159.5
6297,freegame,5.6,345.3
6298,freegame,0.0,150.7
6299,freegame,0.0,185.8
6300,freegame,0.0,95.6
6301,freegame,0.0,179.8
6302,freegame,3.2,107.0
6303,freegame,0.0,1110.9
6304,freegame,0.0,26.0
6305,freegame,0.0,33.6
6306,freegame,0.0,121.1
6307,freegame,3.0,163.4
6308,freegame,1.4,125.4
6309,freegame,0.0,368.6
6310,freegame,0.0,16.4
6311,freegame,0.0,46.9
6312,freegame,0.0,104.3
6313,freegame,0.0,41.9
6314,freegame,0.0,8.1
6315,freegame,2.0,221.9
6316,freegame,0.0,104.5
6317,freegame,5.0,47.7
6318,freegame,0.0,1010.7
6319,freegame,0.0,220.0
6320,freegame,2.5,35.1
6321,freegame,8.3,378.9
6322,freegame,0.0,56.3
6323,freegame,0.0,106.9
6324,freegame,0.0,12.6
6325,freegame,0.0,64.1
6326,freegame,7.0,94.6
6327,freegame,0.0,30.6
6328,freegame,2.4,38.4
6329,freegame,0.0,102.1
6330,freegame,0.0,64.0
6331,freegame,0.0,117.5
6332,freegame,0.0,60.4
6333,freegame,3.0,179.2
6334,freegame,0.0,125.0
6335,freegame,1.5,1219.5
6336,freegame,0.0,538.8
6337,freegame,0.0,67.0
6338,freegame,0.0,136.5
6339,freegame,0.0,73.9
6340,freegame,0.0,498.8
6341,freegame,0.0,24.0
6342,freegame,0.0,113.5
6343,freegame,0.0,417.9
6344,freegame,0.0,97.0
6345,freegame,0.0,28.3
6346,freegame,0.0,764.3
6347,freegame,2.0,80.6
6348,freegame,0.0,27.7
6349,freegame,0.0,170.1
6350,freegame,1.3,124.1
6351,freegame,0.0,162.0
6352,freegame,0.0,77.8
6353,freegame,3.2,257.5
6354,freegame,2.5,116.5
6355,freegame,0.0,28.1
6356,freegame,0.0,138.0
6357,freegame,0.0,762.0
6358,freegame,1.0,82.0
6359,freegame,0.0,17.2
6360,freegame,0.0,79.8
6361,freegame,0.0,306.1
6362,freegame,0.0,14.8
6363,freegame,0.0,744.8
6364,freegame,0.0,11.7
6365,freegame,2.0,35.2
6366,freegame,0.0,13.1
6367,freegame,0.0,110.5
6368,freegame,0.0,27.2
6369,freegame,0.0,46.8
6370,freegame,0.0,76.6
6371,freegame,0.0,97.8
6372,freegame,0.0,17.5
6373,freegame,2.0,88.9
6374,freegame,0.0,129.4
6375,freegame,0.0,90.6
6376,freegame,0.0,120.5
6377,freegame,0.0,92.4
6378,freegame,0.0,114.8
6379,freegame,0.0,43.2
6380,freegame,2.0,88.2
6381,freegame,0.0,132.1
6382,freegame,0.0,57.0
6383,freegame,0.0,155.1
6384,freegame,1.0,262.0
6385,freegame,0.0,49.1
6386,freegame,0.0,10.9
6387,freegame,1.3,173.0
6388,freegame,0.0,523.3
6389,freegame,0.0,32.9
6390,freegame,0.0,56.1
6391,freegame,0.0,191.2
6392,freegame,0.0,234.3
6393,freegame,0.0,101.3
6394,freegame,0.0,157.9
6395,freegame,3.0,54.3
6396,freegame,0.0,82.3
6397,freegame,0.0,52.2
6398,freegame,0.0,191.7
6399,freegame,0.0,50.9
6400,freegame,0.0,20.5
6401,freegame,0.0,149.0
6402,freegame,0.0,264.1
6403,freegame,0.0,10.6
6404,freegame,0.0,86.1
6405,freegame,0.0,116.5
6406,freegame,0.0,32.1
6407,freegame,0.0,50.5
6408,freegame,0.4,148.5
6409,freegame,0.0,16.1
6410,freegame,3.1,928.5
6411,freegame,11.5,91.4
6412,freegame,0.0,109.6
6413,freegame,0.0,62.1
6414,freegame,0.0,30.7
6415,freegame,0.0,5.6
6416,freegame,3.8,300.1
6417,freegame,0.0,1016.3
6418,freegame,0.0,621.3
6419,freegame,1.0,210.8
6420,freegame,0.0,21.1
6421,freegame,0.0,155.6
6422,freegame,0.0,49.4
6423,freegame,0.0,160.3
6424,freegame,0.0,107.3
6425,freegame,0.0,78.4
6426,freegame,0.0,60.4
6427,freegame,0.0,28.4
6428,freegame,1.3,85.9
6429,freegame,0.0,24.6
6430,freegame,0.0,380.9
6431,freegame,3.6,124.8
6432,freegame,0.0,155.2
6433,freegame,0.0,3.3
6434,freegame,0.0,88.1
6435,freegame,0.2,168.9
6436,freegame,0.0,148.2
6437,freegame,0.0,68.6
6438,freegame,0.0,40.2
6439,freegame,0.0,326.4
6440,freegame,0.0,48.0
6441,freegame,0.0,999.0
6442,freegame,0.0,29.9
6443,freegame,0.0,157.7
6444,freegame,0.0,86.3
6445,freegame,0.0,2.0
6446,freegame,0.0,514.2
6447,freegame,0.0,3124.0
6448,freegame,22.9,23.4
6449,freegame,0.0,162.1
6450,freegame,2.4,102.7
6451,freegame,0.0,67.9
6452,freegame,0.0,174.9
6453,freegame,0.0,61.7
6454,freegame,2.9,99.0
6455,freegame,0.0,66.2
6456,freegame,0.0,35.8
6457,freegame,2.9,120.4
6458,freegame,0.0,49.6
6459,freegame,2.5,873.2
6460,freegame,1.3,175.5
6461,freegame,0.0,555.2
6462,freegame,0.0,105.1
6463,freegame,0.0,171.6
6464,freegame,0.0,96.2
6465,freegame,2.0,6.6
6466,freegame,0.0,230.3
6467,freegame,0.0,30.8
6468,freegame,6.7,236.3
6469,freegame,0.6,340.2
6470,freegame,0.0,49.7
6471,freegame,0.0,398.3
6472,freegame,2.0,124.8
6473,freegame,5.0,551.9
6474,freegame,12.5,189.3
6475,freegame,2.5,175.7
6476,freegame,1.5,41.1
6477,freegame,0.0,118.1
6478,freegame,3.4,38.0
6479,freegame,0.0,96.6
6480,freegame,0.0,15.8
6481,freegame,0.0,201.4
6482,freegame,12.5,8.8
6483,freegame,0.0,142.5
6484,freegame,0.0,81.1
6485,freegame,0.6,37.8
6486,freegame,0.0,49.7
6487,freegame,4.0,10.6
6488,freegame,0.0,274.8
6489,freegame,0.0,40.6
6490,freegame,3.2,32.1
6491,freegame,4.4,41.1
6492,freegame,8.3,21.9
6493,freegame,0.0,65.2
6494,freegame,0.0,152.0
6495,freegame,0.0,76.8
6496,freegame,0.6,136.3
6497,freegame,0.0,14.5
6498,freegame,1.3,18.0
6499,freegame,0.0,153.5
6500,freegame,0.0,417.8
6501,freegame,0.0,15.3
6502,freegame,0.0,56.2
6503,freegame,0.0,40.3
6504,freegame,0.6,896.4
6505,freegame,0.0,72.9
6506,freegame,0.0,23.3
6507,freegame,0.0,46.6
6508,freegame,0.0,54.3
6509,freegame,5.4,98.8
6510,freegame,0.0,35.5
6511,freegame,0.0,25.9
6512,freegame,0.0,278.7
6513,freegame,1.0,275.2
6514,freegame,0.0,114.5
6515,freegame,3.2,480.1
6516,freegame,5.0,908.8
6517,freegame,1.7,82.4
6518,freegame,0.0,114.1
6519,freegame,0.0,3.6
6520,freegame,6.4,103.4
6521,freegame,0.0,345.9
6522,freegame,0.0,364.1
6523,freegame,9.9,145.3
6524,freegame,1.3,81.8
6525,freegame,0.0,1427.0
6526,freegame,4.0,65.8
6527,freegame,0.0,148.5
6528,freegame,0.0,0.8
6529,freegame,0.0,10.0
6530,freegame,0.0,51.4
6531,freegame,0.0,125.5
6532,freegame,0.0,15.2
6533,freegame,0.8,401.6
6534,freegame,0.0,12.4
6535,freegame,0.0,467.5
6536,freegame,0.0,134.5
6537,freegame,0.0,241.4
6538,freegame,0.0,10.0
6539,freegame,0.0,5.3
6540,freegame,1.5,30.0
6541,freegame,0.0,153.3
6542,freegame,0.0,309.4
6543,freegame,0.0,639.3
6544,freegame,0.0,107.2
6545,freegame,0.0,26.6
6546,freegame,0.0,722.4
6547,freegame,0.0,281.1
6548,freegame,0.0,610.3
6549,freegame,2.3,23.3
6550,freegame,0.0,42.9
6551,freegame,0.0,143.4
6552,freegame,0.0,131.0
6553,freegame,0.0,3.6
6554,freegame,0.0,567.0
6555,freegame,0.0,177.7
6556,freegame,0.8,83.7
6557,freegame,0.0,229.3
6558,freegame,0.0,339.7
6559,freegame,0.0,49.9
6560,freegame,0.0,27.8
6561,freegame,0.0,56.4
6562,freegame,0.0,29.3
6563,freegame,0.0,32.9
6564,freegame,0.0,6.2
6565,freegame,0.0,114.5
6566,freegame,0.0,22.4
6567,freegame,0.0,79.3
6568,freegame,0.0,481.2
6569,freegame,0.0,86.5
6570,freegame,7.5,16.0
6571,freegame,2.3,12.0
6572,freegame,6.6,352.1
6573,freegame,0.0,329.2
6574,freegame,0.0,102.0
6575,freegame,0.0,64.8
6576,freegame,0.0,81.4
6577,freegame,0.0,179.6
6578,freegame,0.0,38.2
6579,freegame,2.6,215.4
6580,freegame,0.0,674.9
6581,freegame,0.0,130.8
6582,freegame,5.0,71.7
6583,freegame,0.0,75.5
6584,freegame,0.0,61.8
6585,freegame,0.0,235.5
6586,freegame,0.0,27.3
6587,freegame,0.0,1092.8
6588,freegame,0.0,134.6
6589,freegame,0.0,7.3
6590,freegame,0.0,38.0
6591,freegame,0.0,53.2
6592,freegame,0.0,109.8
6593,freegame,0.0,57.9
6594,freegame,0.0,35.0
6595,freegame,0.0,34.0
6596,freegame,0.0,4.4
6597,freegame,0.0,351.0
6598,freegame,0.0,194.7
6599,freegame,0.0,231.2
6600,freegame,0.0,63.4
6601,freegame,0.4,233.4
6602,freegame,0.0,16.4
6603,freegame,0.2,135.7
6604,freegame,0.0,180.8
6605,freegame,0.0,255.6
6606,freegame,0.0,189.4
6607,freegame,0.0,71.2
6608,freegame,0.0,31.2
6609,freegame,0.0,514.5
6610,freegame,2.5,31.6
6611,freegame,10.6,662.1
6612,freegame,0.0,1249.8
6613,freegame,0.0,1303.7
6614,freegame,0.0,32.4
6615,freegame,0.0,389.4
6616,freegame,2.5,125.5
6617,freegame,0.0,124.4
6618,freegame,2.6,138.7
6619,freegame,0.0,2.8
6620,freegame,0.6,72.7
6621,freegame,0.0,86.0
6622,freegame,0.0,38.8
6623,freegame,0.0,88.0
6624,freegame,2.5,16.5
6625,freegame,3.2,43.7
6626,freegame,2.0,175.4
6627,freegame,0.0,109.4
6628,freegame,0.0,395.5
6629,freegame,0.0,75.9
6630,freegame,0.0,73.1
6631,freegame,0.0,12.0
6632,freegame,0.0,74.5
6633,freegame,7.8,58.0
6634,freegame,0.0,19.4
6635,freegame,0.0,120.2
6636,freegame,4.0,43.9
6637,freegame,0.0,147.4
6638,freegame,0.6,34.9
6639,freegame,0.0,168.6
6640,freegame,0.0,41.9
6641,freegame,3.0,32.3
6642,freegame,10.0,127.1
6643,freegame,0.0,111.6
6644,freegame,0.0,295.3
6645,freegame,0.0,2.5
6646,freegame,0.0,22.8
6647,freegame,0.0,62.5
6648,freegame,0.0,80.6
6649,freegame,0.0,303.0
6650,freegame,0.0,131.5
6651,freegame,6.6,115.3
6652,freegame,0.0,461.5
6653,freegame,0.0,27.7
6654,freegame,3.2,64.8
6655,freegame,2.5,166.0
6656,freegame,0.0,55.3
6657,freegame,0.0,90.4
6658,freegame,1.2,57.4
6659,freegame,0.0,136.4
6660,freegame,0.0,125.0
6661,freegame,0.0,18.3
6662,freegame,0.0,267.5
6663,freegame,0.0,631.6
6664,freegame,0.0,107.0
6665,freegame,0.0,287.0
6666,freegame,0.0,132.2
6667,freegame,0.0,163.0
6668,freegame,0.0,116.3
6669,freegame,1.8,36.8
6670,freegame,0.0,19.2
6671,freegame,0.0,122.2
6672,freegame,2.4,4.1
6673,freegame,5.0,142.1
6674,freegame,0.0,197.2
6675,freegame,0.0,203.1
6676,freegame,0.2,40.0
6677,freegame,0.0,86.8
6678,freegame,1.3,34.3
6679,freegame,0.0,385.4
6680,freegame,0.0,59.5
6681,freegame,0.0,27.9
6682,freegame,0.0,150.8
6683,freegame,0.0,6.4
6684,freegame,1.0,67.8
6685,freegame,0.0,167.2
6686,freegame,0.0,103.0
6687,freegame,0.0,120.9
6688,freegame,0.0,192.8
6689,freegame,0.0,349.5
6690,freegame,0.0,48.1
6691,freegame,5.0,38.4
6692,freegame,6.5,539.2
6693,freegame,0.0,246.8
6694,freegame,3.2,24.9
6695,freegame,0.0,17.6
6696,freegame,0.0,106.6
6697,freegame,3.9,55.5
6698,freegame,0.0,157.8
6699,freegame,0.0,201.7
6700,freegame,0.0,117.3
6701,freegame,0.0,94.4
6702,freegame,5.6,158.2
6703,freegame,0.0,28.2
6704,freegame,0.0,182.2
6705,freegame,0.0,38.8
6706,freegame,0.0,68.5
6707,freegame,0.0,30.8
6708,freegame,0.0,29.9
6709,freegame,0.0,16.6
6710,freegame,0.0,243.1
6711,freegame,0.0,62.7
6712,freegame,1.0,4.7
6713,freegame,0.0,27.0
6714,freegame,0.0,139.4
6715,freegame,2.5,130.7
6716,freegame,2.5,849.4
6717,freegame,0.6,180.6
6718,freegame,0.0,179.2
6719,freegame,0.0,131.2
6720,freegame,0.0,80.3
6721,freegame,0.0,84.2
6722,freegame,0.0,6.3
6723,freegame,0.0,211.1
6724,freegame,0.0,40.3
6725,freegame,0.0,112.0
6726,freegame,0.0,50.3
6727,freegame,0.0,397.1
6728,freegame,0.0,19.8
6729,freegame,0.0,239.9
6730,freegame,0.0,150.5
6731,freegame,0.0,77.5
6732,freegame,0.0,39.1
6733,freegame,0.0,155.8
6734,freegame,0.4,10.7
6735,freegame,0.0,211.3
6736,freegame,0.0,209.5
6737,freegame,0.4,107.9
6738,freegame,0.0,96.8
6739,freegame,0.0,66.8
6740,freegame,0.0,6.2
6741,freegame,0.0,574.3
6742,freegame,0.0,76.2
6743,freegame,0.0,75.4
6744,freegame,0.0,67.6
6745,freegame,0.0,33.5
6746,freegame,2.0,214.6
6747,freegame,0.4,3.8
6748,freegame,3.8,705.3
6749,freegame,0.0,116.6
6750,freegame,0.0,97.2
6751,freegame,0.0,98.0
6752,freegame,0.0,87.6
6753,freegame,0.0,45.2
6754,freegame,0.0,60.4
6755,freegame,6.5,265.4
6756,freegame,0.0,72.8
6757,freegame,0.0,57.0
6758,freegame,0.0,168.6
6759,freegame,1.5,35.9
6760,freegame,1.3,208.5
6761,freegame,3.7,19.0
6762,freegame,2.5,5.6
6763,freegame,0.6,79.0
6764,freegame,0.4,326.3
6765,freegame,0.0,133.7
6766,freegame,3.0,195.2
6767,freegame,0.0,179.9
6768,freegame,0.0,14.4
6769,freegame,0.0,933.6
6770,freegame,5.0,306.9
6771,freegame,0.0,47.7
6772,freegame,0.0,6.8
6773,freegame,0.0,42.7
6774,freegame,5.3,243.1
6775,freegame,0.0,108.9
6776,freegame,0.0,88.9
6777,freegame,0.0,73.5
6778,freegame,0.0,508.9
6779,freegame,6.4,82.7
6780,freegame,0.0,287.4
6781,freegame,0.0,86.1
6782,freegame,1.3,74.5
6783,freegame,0.0,17.9
6784,freegame,0.0,253.8
6785,freegame,0.0,242.8
6786,freegame,0.0,516.6
6787,freegame,0.0,134.0
6788,freegame,0.0,193.3
6789,freegame,0.0,8.8
6790,freegame,2.5,67.7
6791,freegame,3.3,17.7
6792,freegame,0.0,19.8
6793,freegame,3.2,624.6
6794,freegame,0.0,398.9
6795,freegame,3.2,9.4
6796,freegame,0.0,10.0
6797,freegame,0.0,132.3
6798,freegame,0.0,57.2
6799,freegame,0.0,155.0
6800,freegame,0.0,164.3
6801,freegame,0.0,104.4
6802,freegame,0.0,285.5
6803,freegame,0.0,140.6
6804,freegame,0.6,18.4
6805,freegame,0.0,1440.6
6806,freegame,0.0,1924.7
6807,freegame,0.0,84.4
6808,freegame,0.0,3648.9
6809,freegame,0.0,195.3
6810,freegame,0.0,20.7
6811,freegame,0.0,12.8
6812,freegame,0.0,292.8
6813,freegame,0.0,13.0
6814,freegame,0.0,241.8
6815,freegame,0.0,43.3
6816,freegame,0.0,71.4
6817,freegame,0.0,79.2
6818,freegame,0.0,158.8
6819,freegame,2.0,327.9
6820,freegame,0.0,48.5
6821,freegame,0.0,131.7
6822,freegame,0.0,445.7
6823,freegame,0.0,89.9
6824,freegame,2.0,270.9
6825,freegame,0.0,60.2
6826,freegame,0.0,47.1
6827,freegame,3.4,899.1
6828,freegame,0.2,348.1
6829,freegame,0.0,251.0
6830,freegame,0.6,67.5
6831,freegame,0.0,232.1
6832,freegame,0.0,339.6
6833,freegame,0.0,42.6
6834,freegame,1.5,560.2
6835,freegame,1.0,248.7
6836,freegame,0.0,701.6
6837,freegame,0.0,51.0
6838,freegame,0.6,298.9
6839,freegame,0.6,272.5
6840,freegame,0.0,87.0
6841,freegame,0.0,105.4
6842,freegame,0.0,582.3
6843,freegame,0.0,10.1
6844,freegame,2.0,27.9
6845,freegame,0.0,23.6
6846,freegame,0.6,362.3
6847,freegame,0.0,178.2
6848,freegame,0.0,18.6
6849,freegame,0.0,354.3
6850,freegame,3.5,117.1
6851,freegame,0.0,236.4
6852,freegame,0.0,549.3
6853,freegame,1.5,246.8
6854,freegame,0.0,91.4
6855,freegame,0.0,157.6
6856,freegame,2.0,164.8
6857,freegame,0.0,183.8
6858,freegame,0.0,42.8
6859,freegame,0.0,50.7
6860,freegame,0.0,569.6
6861,freegame,0.0,241.1
6862,freegame,0.0,89.9
6863,freegame,0.0,19.2
6864,freegame,0.0,44.1
6865,freegame,0.0,82.0
6866,freegame,0.0,89.7
6867,freegame,0.8,164.2
6868,freegame,0.0,521.9
6869,freegame,0.0,29.6
6870,freegame,0.0,85.1
6871,freegame,1.2,37.1
6872,freegame,0.0,27.5
6873,freegame,0.2,84.6
6874,freegame,0.0,114.8
6875,freegame,0.0,36.4
6876,freegame,0.0,20.2
6877,freegame,0.0,272.0
6878,freegame,0.0,47.2
6879,freegame,0.0,16.3
6880,freegame,0.0,677.8
6881,freegame,0.0,6.2
6882,freegame,0.2,306.7
6883,freegame,5.1,9.8
6884,freegame,5.0,1250.8
6885,freegame,0.0,74.7
6886,freegame,2.6,0.0
6887,freegame,0.0,15.5
6888,freegame,0.2,81.8
6889,freegame,0.0,169.8
6890,freegame,0.0,29.0
6891,freegame,0.0,178.4
6892,freegame,0.0,18.9
6893,freegame,9.5,94.0
6894,freegame,0.0,264.8
6895,freegame,0.0,54.4
6896,freegame,0.0,128.0
6897,freegame,0.0,185.1
6898,freegame,0.0,192.3
6899,freegame,0.0,606.7
6900,freegame,0.0,47.3
6901,freegame,0.0,433.7
6902,freegame,0.0,72.3
6903,freegame,0.0,5.6
6904,freegame,0.0,139.1
6905,freegame,0.0,72.9
6906,freegame,0.0,73.4
6907,freegame,0.0,65.1
6908,freegame,0.0,26.6
6909,freegame,0.0,60.7
6910,freegame,0.0,285.2
6911,freegame,0.0,214.1
6912,freegame,5.0,158.2
6913,freegame,0.0,155.0
6914,freegame,1.0,40.1
6915,freegame,0.0,96.4
6916,freegame,0.0,451.3
6917,freegame,0.0,163.1
6918,freegame,0.0,116.7
6919,freegame,0.0,6.2
6920,freegame,0.0,22.0
6921,freegame,0.0,75.8
6922,freegame,0.0,7.0
6923,freegame,1.3,38.6
6924,freegame,0.0,306.0
6925,freegame,0.0,243.0
6926,freegame,0.0,64.6
6927,freegame,0.0,21.5
6928,freegame,0.0,373.3
6929,freegame,0.0,99.6
6930,freegame,0.0,360.2
6931,freegame,0.0,90.6
6932,freegame,0.0,286.3
6933,freegame,0.0,11.9
6934,freegame,0.0,62.8
6935,freegame,0.0,46.6
6936,freegame,0.0,48.8
6937,freegame,0.0,76.8
6938,freegame,0.0,2.0
6939,freegame,0.0,297.3
6940,freegame,0.0,97.2
6941,freegame,0.0,26.8
6942,freegame,0.0,17.2
6943,freegame,0.0,36.8
6944,freegame,0.0,46.6
6945,freegame,2.0,1.9
6946,freegame,0.0,509.2
6947,freegame,2.0,1.6
6948,freegame,0.0,31.3
6949,freegame,2.5,48.2
6950,freegame,0.0,349.1
6951,freegame,0.0,172.6
6952,freegame,2.0,79.5
6953,freegame,0.0,55.4
6954,freegame,2.5,312.1
6955,freegame,1.2,8.2
6956,freegame,0.0,158.6
6957,freegame,0.8,119.1
6958,freegame,0.0,129.3
6959,freegame,0.0,48.7
6960,freegame,0.0,83.9
6961,freegame,0.0,165.3
6962,freegame,2.0,211.3
6963,freegame,0.0,2.5
6964,freegame,0.0,17.6
6965,freegame,1.4,5.0
6966,freegame,0.0,1330.9
6967,freegame,0.0,16.8
6968,freegame,2.9,26.8
6969,freegame,0.0,94.6
6970,freegame,0.0,73.0
6971,freegame,0.0,190.8
6972,freegame,0.0,16.6
6973,freegame,0.0,107.3
6974,freegame,0.0,122.9
6975,freegame,0.0,489.2
6976,freegame,5.0,468.1
6977,freegame,0.0,153.0
6978,freegame,0.0,9.0
6979,freegame,0.0,55.6
6980,freegame,1.3,7.5
6981,freegame,0.0,62.4
6982,freegame,1.0,227.4
6983,freegame,3.8,27.1
6984,freegame,0.0,165.2
6985,freegame,0.0,537.4
6986,freegame,0.0,614.8
6987,freegame,0.0,11.7
6988,freegame,0.0,5.4
6989,freegame,0.0,72.2
6990,freegame,0.0,952.4
6991,freegame,0.0,107.7
6992,freegame,0.0,281.9
6993,freegame,0.4,173.1
6994,freegame,5.5,57.2
6995,freegame,0.0,27.9
6996,freegame,0.0,26.6
6997,freegame,0.0,155.8
6998,freegame,0.0,100.0
6999,freegame,1.0,221.6
7000,freegame,0.0,200.7
7001,freegame,0.0,21.4
7002,freegame,0.0,296.3
7003,freegame,0.6,100.3
7004,freegame,0.0,85.8
7005,freegame,3.2,739.5
7006,freegame,1.5,146.3
7007,freegame,0.0,30.9
7008,freegame,0.0,334.4
7009,freegame,0.0,264.2
7010,freegame,0.0,265.2
7011,freegame,1.0,204.1
7012,freegame,0.0,20.4
7013,freegame,0.0,286.6
7014,freegame,0.0,154.9
7015,freegame,5.0,12.6
7016,freegame,0.0,206.1
7017,freegame,0.0,57.8
7018,freegame,0.0,13.5
7019,freegame,0.0,22.9
7020,freegame,0.0,19.8
7021,freegame,0.0,243.1
7022,freegame,0.0,95.9
7023,freegame,0.0,199.5
7024,freegame,0.0,14.7
7025,freegame,0.0,487.7
7026,freegame,0.0,142.2
7027,freegame,0.0,80.4
7028,freegame,0.0,282.7
7029,freegame,0.0,159.7
7030,freegame,0.0,79.6
7031,freegame,0.0,100.0
7032,freegame,5.0,149.3
7033,freegame,0.0,356.1
7034,freegame,0.0,22.2
7035,freegame,0.0,300.5
7036,freegame,0.0,19.6
7037,freegame,0.0,128.1
7038,freegame,0.0,11.8
7039,freegame,0.0,53.9
7040,freegame,0.0,633.8
7041,freegame,0.0,22.0
7042,freegame,0.0,105.9
7043,freegame,0.6,290.1
7044,freegame,0.6,148.0
7045,freegame,2.5,59.6
7046,freegame,2.5,146.7
7047,freegame,0.0,627.4
7048,freegame,0.0,214.3
7049,freegame,0.0,49.9
7050,freegame,0.0,773.1
7051,freegame,0.0,46.3
7052,freegame,0.0,289.4
7053,freegame,0.0,123.8
7054,freegame,0.0,34.6
7055,freegame,0.0,168.0
7056,freegame,0.0,74.7
7057,freegame,0.6,5.5
7058,freegame,0.0,920.9
7059,freegame,0.0,245.3
7060,freegame,0.0,132.3
7061,freegame,0.0,153.5
7062,freegame,2.5,62.5
7063,freegame,0.0,240.1
7064,freegame,0.0,39.4
7065,freegame,0.0,391.0
7066,freegame,3.8,18.6
7067,freegame,0.0,661.1
7068,freegame,5.0,181.8
7069,freegame,0.0,192.1
7070,freegame,0.0,75.3
7071,freegame,0.0,107.4
7072,freegame,0.0,223.4
7073,freegame,0.0,48.5
7074,freegame,0.0,325.7
7075,freegame,0.0,110.5
7076,freegame,0.0,145.1
7077,freegame,0.0,65.8
7078,freegame,0.0,23.1
7079,freegame,0.0,103.3
7080,freegame,0.0,135.5
7081,freegame,5.0,246.4
7082,freegame,0.0,56.5
7083,freegame,0.0,16.2
7084,freegame,0.0,484.1
7085,freegame,1.7,67.3
7086,freegame,6.0,153.4
7087,freegame,0.0,242.5
7088,freegame,16.1,76.9
7089,freegame,0.0,54.9
7090,freegame,0.0,38.1
7091,freegame,0.0,152.7
7092,freegame,0.0,26.3
7093,freegame,0.0,100.3
7094,freegame,1.5,37.6
7095,freegame,3.2,261.2
7096,freegame,0.0,61.6
7097,freegame,0.0,35.0
7098,freegame,0.0,157.3
7099,freegame,0.0,47.9
7100,freegame,0.4,344.3
7101,freegame,0.0,8.5
7102,freegame,0.0,144.3
7103,freegame,0.0,172.7
7104,freegame,0.0,31.3
7105,freegame,0.6,47.3
7106,freegame,0.0,195.6
7107,freegame,1.0,1289.8
7108,freegame,0.0,14.5
7109,freegame,0.6,60.0
7110,freegame,0.0,532.5
7111,freegame,0.0,162.5
7112,freegame,0.0,10.5
7113,freegame,2.5,379.0
7114,freegame,0.0,1647.0
7115,freegame,0.0,8.5
7116,freegame,2.0,153.3
7117,freegame,0.0,78.8
7118,freegame,0.0,64.0
7119,freegame,0.0,48.8
7120,freegame,0.0,165.5
7121,freegame,0.0,92.1
7122,freegame,3.2,14.6
7123,freegame,0.0,61.8
7124,freegame,0.0,93.4
7125,freegame,5.0,107.7
7126,freegame,1.0,208.5
7127,freegame,0.0,124.6
7128,freegame,0.0,4.4
7129,freegame,2.3,170.2
7130,freegame,0.0,7.3
7131,freegame,2.0,16.4
7132,freegame,0.0,145.6
7133,freegame,0.0,371.4
7134,freegame,0.0,3.4
7135,freegame,0.0,71.1
7136,freegame,0.0,121.4
7137,freegame,0.0,251.2
7138,freegame,3.6,887.9
7139,freegame,4.3,35.8
7140,freegame,0.0,88.0
7141,freegame,0.0,126.6
7142,freegame,0.0,52.0
7143,freegame,4.3,96.9
7144,freegame,0.0,26.2
7145,freegame,0.0,91.3
7146,freegame,0.0,573.3
7147,freegame,0.0,176.0
7148,freegame,0.0,170.9
7149,freegame,0.0,100.6
7150,freegame,1.3,104.3
7151,freegame,0.0,247.5
7152,freegame,0.0,76.0
7153,freegame,1.3,128.1
7154,freegame,0.0,165.7
7155,freegame,0.0,395.6
7156,freegame,0.0,127.1
7157,freegame,0.0,46.6
7158,freegame,0.0,206.8
7159,freegame,3.8,31.9
7160,freegame,0.0,113.1
7161,freegame,0.0,11.1
7162,freegame,0.0,237.9
7163,freegame,0.0,127.0
7164,freegame,0.0,52.3
7165,freegame,0.0,326.4
7166,freegame,0.0,39.6
7167,freegame,1.0,31.2
7168,freegame,0.0,85.6
7169,freegame,0.0,120.6
7170,freegame,10.6,31.7
7171,freegame,0.0,36.7
7172,freegame,0.0,63.6
7173,freegame,0.0,39.4
7174,freegame,0.0,754.1
7175,freegame,7.8,75.1
7176,freegame,0.6,157.0
7177,freegame,0.0,22.7
7178,freegame,1.3,6.6
7179,freegame,0.0,72.9
7180,freegame,0.0,179.3
7181,freegame,0.0,5.2
7182,freegame,0.0,67.7
7183,freegame,3.2,118.0
7184,freegame,0.0,30.7
7185,freegame,0.0,33.3
7186,freegame,0.0,105.6
7187,freegame,0.0,31.6
7188,freegame,0.0,44.7
7189,freegame,0.0,61.2
7190,freegame,0.0,195.9
7191,freegame,0.0,17.8
7192,freegame,5.0,250.3
7193,freegame,0.0,160.0
7194,freegame,0.0,133.9
7195,freegame,0.0,246.5
7196,freegame,0.0,94.8
7197,freegame,0.0,99.1
7198,freegame,0.0,362.6
7199,freegame,0.0,53.7
7200,freegame,0.0,640.9
7201,freegame,0.0,49.6
7202,freegame,0.0,70.0
7203,freegame,0.0,84.5
7204,freegame,0.0,692.8
7205,freegame,0.0,214.8
7206,freegame,5.5,241.9
7207,freegame,0.0,42.5
7208,freegame,0.0,14.6
7209,freegame,0.0,90.4
7210,freegame,0.0,284.9
7211,freegame,0.4,358.9
7212,freegame,0.0,277.6
7213,freegame,5.0,52.9
7214,freegame,0.0,146.9
7215,freegame,0.0,109.3
7216,freegame,0.0,68.1
7217,freegame,0.0,137.9
7218,freegame,0.0,30.0
7219,freegame,0.0,344.1
7220,freegame,0.0,96.9
7221,freegame,5.7,36.5
7222,freegame,0.0,20.9
7223,freegame,0.0,69.7
7224,freegame,2.0,38.5
7225,freegame,0.0,32.8
7226,freegame,0.0,11.3
7227,freegame,0.0,0.0
7228,freegame,0.0,133.0
7229,freegame,0.0,128.6
7230,freegame,0.0,124.3
7231,freegame,0.0,52.6
7232,freegame,0.0,65.4
7233,freegame,0.0,691.1
7234,freegame,0.0,466.8
7235,freegame,0.0,611.9
7236,freegame,0.0,9.2
7237,freegame,0.0,191.2
7238,freegame,0.0,473.9
7239,freegame,0.0,103.0
7240,freegame,7.0,132.3
7241,freegame,1.3,51.0
7242,freegame,0.8,76.2
7243,freegame,1.7,83.4
7244,freegame,0.0,41.3
7245,freegame,3.2,87.6
7246,freegame,0.0,85.8
7247,freegame,0.0,420.0
7248,freegame,0.0,181.8
7249,freegame,0.0,8.8
7250,freegame,2.7,57.6
7251,freegame,0.0,56.2
7252,freegame,0.0,94.2
7253,freegame,0.0,117.4
7254,freegame,0.0,64.9
7255,freegame,0.0,105.7
7256,freegame,0.0,100.1
7257,freegame,2.6,1237.5
7258,freegame,1.2,71.7
7259,freegame,0.0,118.5
7260,freegame,0.0,226.1
7261,freegame,1.0,378.0
7262,freegame,0.0,178.8
7263,freegame,2.0,72.9
7264,freegame,0.0,438.3
7265,freegame,2.0,149.5
7266,freegame,0.0,376.5
7267,freegame,0.0,702.9
7268,freegame,0.0,434.0
7269,freegame,1.3,151.4
7270,freegame,2.0,1154.5
7271,freegame,0.0,274.8
7272,freegame,0.0,22.1
7273,freegame,0.0,44.6
7274,freegame,0.0,143.4
7275,freegame,0.0,15.5
7276,freegame,0.0,16.0
7277,freegame,0.0,50.8
7278,freegame,0.0,533.7
7279,freegame,0.0,62.2
7280,freegame,0.0,69.9
7281,freegame,1.5,382.9
7282,freegame,0.0,99.4
7283,freegame,0.0,330.1
7284,freegame,0.0,141.7
7285,freegame,0.0,83.0
7286,freegame,0.0,118.6
7287,freegame,0.0,184.9
7288,freegame,0.0,269.8
7289,freegame,0.0,48.8
7290,freegame,0.0,66.6
7291,freegame,0.6,208.2
7292,freegame,0.0,52.4
7293,freegame,0.0,231.0
7294,freegame,0.0,234.7
7295,freegame,0.0,61.9
7296,freegame,0.0,1314.6
7297,freegame,0.0,70.6
7298,freegame,0.0,89.3
7299,freegame,0.0,43.4
7300,freegame,0.0,248.1
7301,freegame,0.0,39.6
7302,freegame,0.0,250.5
7303,freegame,2.9,274.0
7304,freegame,0.0,207.0
7305,freegame,0.0,86.7
7306,freegame,0.0,33.7
7307,freegame,0.0,155.4
7308,freegame,1.3,97.0
7309,freegame,0.0,16.3
7310,freegame,0.0,146.2
7311,freegame,0.0,4.0
7312,freegame,0.0,177.8
7313,freegame,0.0,61.7
7314,freegame,0.0,25.3
7315,freegame,0.0,1908.5
7316,freegame,3.1,202.4
7317,freegame,2.0,55.2
7318,freegame,0.0,159.7
7319,freegame,0.0,337.2
7320,freegame,0.0,57.6
7321,freegame,0.0,43.6
7322,freegame,5.5,56.1
7323,freegame,0.0,32.2
7324,freegame,0.0,11.0
7325,freegame,0.0,58.2
7326,freegame,0.0,114.9
7327,freegame,0.0,317.5
7328,freegame,5.0,144.6
7329,freegame,7.8,531.8
7330,freegame,0.0,39.1
7331,freegame,0.0,16.6
7332,freegame,0.0,154.1
7333,freegame,2.0,21.4
7334,freegame,0.0,128.4
7335,freegame,0.8,655.8
7336,freegame,0.0,356.1
7337,freegame,0.0,129.3
7338,freegame,0.0,51.7
7339,freegame,0.0,101.5
7340,freegame,0.0,194.0
7341,freegame,5.8,227.8
7342,freegame,4.4,34.1
7343,freegame,0.0,11.3
7344,freegame,0.0,13.2
7345,freegame,0.0,64.6
7346,freegame,0.0,344.4
7347,freegame,0.0,41.2
7348,freegame,0.0,66.6
7349,freegame,0.0,26.5
7350,freegame,1.0,60.2
7351,freegame,5.0,22.4
7352,freegame,0.0,58.2
7353,freegame,0.0,255.7
7354,freegame,0.0,184.7
7355,freegame,1.0,218.3
7356,freegame,0.0,117.5
7357,freegame,0.0,22.6
7358,freegame,0.0,31.0
7359,freegame,1.9,695.8
7360,freegame,1.3,1437.1
7361,freegame,0.0,56.0
7362,freegame,0.0,397.5
7363,freegame,0.0,196.7
7364,freegame,6.4,23.9
7365,freegame,0.0,120.2
7366,freegame,0.0,245.5
7367,freegame,0.0,120.3
7368,freegame,4.8,101.9
7369,freegame,0.0,35.2
7370,freegame,3.2,297.9
7371,freegame,5.2,95.3
7372,freegame,0.0,26.7
7373,freegame,0.0,164.0
7374,freegame,1.5,158.5
7375,freegame,3.2,1370.6
7376,freegame,6.0,116.8
7377,freegame,0.0,104.2
7378,freegame,0.0,131.3
7379,freegame,0.0,48.9
7380,freegame,0.0,97.7
7381,freegame,3.2,495.3
7382,freegame,0.2,79.7
7383,freegame,0.6,180.8
7384,freegame,0.0,8.6
7385,freegame,0.0,72.1
7386,freegame,0.0,3.6
7387,freegame,0.0,23.6
7388,freegame,0.0,300.2
7389,freegame,0.4,29.9
7390,freegame,0.0,421.2
7391,freegame,0.0,33.1
7392,freegame,0.0,69.5
7393,freegame,2.0,183.2
7394,freegame,0.0,213.9
7395,freegame,0.0,302.8
7396,freegame,0.0,90.8
7397,freegame,0.0,1891.9
7398,freegame,0.8,57.5
7399,freegame,0.0,372.8
7400,freegame,0.0,911.1
7401,freegame,0.6,1119.1
7402,freegame,2.5,116.5
7403,freegame,0.0,254.6
7404,freegame,0.0,54.6
7405,freegame,2.5,240.2
7406,freegame,0.0,1171.6
7407,freegame,2.2,155.3
7408,freegame,0.0,118.0
7409,freegame,5.4,107.9
7410,freegame,0.0,132.1
7411,freegame,0.0,252.2
7412,freegame,0.0,8.4
7413,freegame,0.0,13.6
7414,freegame,0.0,562.0
7415,freegame,5.0,48.6
7416,freegame,0.0,46.3
7417,freegame,0.0,55.2
7418,freegame,0.0,546.3
7419,freegame,0.0,432.4
7420,freegame,0.0,2.6
7421,freegame,0.0,164.0
7422,freegame,0.0,79.2
7423,freegame,0.0,113.5
7424,freegame,0.0,39.5
7425,freegame,0.6,19.7
7426,freegame,0.6,296.1
7427,freegame,0.0,64.8
7428,freegame,0.0,8.9
7429,freegame,0.0,234.5
7430,freegame,1.3,187.7
7431,freegame,0.0,25.4
7432,freegame,0.0,94.6
7433,freegame,1.0,70.3
7434,freegame,0.0,229.5
7435,freegame,0.0,13.2
7436,freegame,0.0,277.1
7437,freegame,2.2,830.8
7438,freegame,0.0,206.8
7439,freegame,0.0,2.4
7440,freegame,0.0,29.4
7441,freegame,0.0,68.0
7442,freegame,1.9,17.2
7443,freegame,8.1,1630.2
7444,freegame,0.6,233.9
7445,freegame,0.0,275.8
7446,freegame,0.0,30.1
7447,freegame,0.0,58.9
7448,freegame,0.0,166.3
7449,freegame,0.0,560.5
7450,freegame,0.0,252.9
7451,freegame,0.0,44.7
7452,freegame,0.0,78.5
7453,freegame,0.0,439.5
7454,freegame,0.0,240.8
7455,freegame,0.0,153.8
7456,freegame,0.0,443.2
7457,freegame,0.0,64.4
7458,freegame,0.0,79.9
7459,freegame,0.0,1391.5
7460,freegame,0.0,922.2
7461,freegame,3.6,258.6
7462,freegame,0.0,72.7
7463,freegame,3.0,864.5
7464,freegame,0.0,11.4
7465,freegame,7.0,44.2
7466,freegame,0.0,252.9
7467,freegame,8.2,744.6
7468,freegame,1.0,15.7
7469,freegame,0.0,59.1
7470,freegame,1.3,261.0
7471,freegame,0.0,358.1
7472,freegame,0.0,60.6
7473,freegame,0.0,149.5
7474,freegame,0.0,914.0
7475,freegame,2.0,63.4
7476,freegame,0.6,9.2
7477,freegame,0.0,19.4
7478,freegame,0.0,181.4
7479,freegame,0.0,73.2
7480,freegame,0.0,79.7
7481,freegame,0.0,92.7
7482,freegame,1.0,127.8
7483,freegame,0.0,377.6
7484,freegame,0.0,14.4
7485,freegame,0.0,188.0
7486,freegame,0.2,121.2
7487,freegame,0.0,11.9
7488,freegame,0.8,50.3
7489,freegame,0.0,52.8
7490,freegame,0.0,3.3
7491,freegame,0.0,15.2
7492,freegame,0.0,25.9
7493,wincap,0.0,5000.0
7494,freegame,0.0,36.4
7495,freegame,0.0,59.2
7496,freegame,0.0,26.7
7497,freegame,0.0,64.4
7498,freegame,0.0,181.0
7499,freegame,0.0,72.7
7500,freegame,0.0,303.3
7501,freegame,0.0,91.9
7502,freegame,1.5,356.4
7503,freegame,0.0,35.9
7504,freegame,0.0,194.2
7505,freegame,1.2,210.9
7506,freegame,0.0,28.7
7507,freegame,0.0,58.0
7508,freegame,0.0,23.9
7509,freegame,0.0,347.9
7510,freegame,0.0,37.5
7511,freegame,0.0,297.5
7512,freegame,0.0,524.8
7513,freegame,0.0,58.4
7514,freegame,0.0,140.9
7515,freegame,2.0,170.0
7516,freegame,0.0,4.6
7517,freegame,0.0,1910.0
7518,freegame,0.0,115.9
7519,freegame,10.0,46.4
7520,freegame,0.0,41.9
7521,freegame,0.0,24.5
7522,freegame,0.0,207.7
7523,freegame,0.0,193.1
7524,freegame,0.0,155.7
7525,freegame,0.0,33.6
7526,freegame,0.0,67.7
7527,freegame,0.0,20.2
7528,freegame,0.0,111.3
7529,freegame,0.0,594.4
7530,freegame,0.6,113.4
7531,freegame,10.5,13.1
7532,freegame,0.0,3.2
7533,freegame,0.0,837.8
7534,freegame,1.5,49.5
7535,freegame,0.0,345.3
7536,freegame,0.0,296.3
7537,freegame,0.0,582.6
7538,freegame,0.0,17.0
7539,freegame,0.0,26.8
7540,freegame,0.0,82.8
7541,freegame,0.0,328.2
7542,freegame,0.0,53.8
7543,freegame,0.0,51.6
7544,freegame,1.3,8.5
7545,freegame,0.0,32.3
7546,freegame,0.0,42.2
7547,freegame,0.0,1.6
7548,freegame,0.0,191.7
7549,freegame,0.0,56.0
7550,freegame,0.0,91.7
7551,freegame,0.0,39.1
7552,freegame,2.0,54.0
7553,freegame,0.0,522.1
7554,freegame,0.0,67.6
7555,freegame,0.4,4.3
7556,freegame,0.0,27.8
7557,freegame,8.6,30.9
7558,freegame,0.0,91.0
7559,freegame,1.0,274.2
7560,freegame,0.0,15.2
7561,freegame,0.0,169.2
7562,freegame,0.0,40.3
7563,freegame,0.0,97.4
7564,freegame,0.0,453.8
7565,freegame,0.0,186.8
7566,freegame,0.0,286.4
7567,freegame,11.5,49.7
7568,freegame,0.0,62.5
7569,freegame,0.0,124.1
7570,freegame,0.0,222.7
7571,freegame,0.0,4.8
7572,freegame,3.7,46.1
7573,freegame,2.0,954.7
7574,freegame,0.0,230.0
7575,freegame,0.8,219.4
7576,freegame,3.2,98.9
7577,freegame,0.0,87.0
7578,freegame,0.0,56.0
7579,freegame,0.0,15.3
7580,freegame,0.0,78.9
7581,freegame,0.0,2.9
7582,freegame,0.0,39.0
7583,freegame,0.0,19.4
7584,freegame,0.0,48.7
7585,freegame,0.2,102.2
7586,freegame,0.0,19.8
7587,freegame,0.0,57.2
7588,freegame,0.6,6.4
7589,freegame,0.0,77.2
7590,freegame,0.0,202.8
7591,freegame,5.8,81.8
7592,freegame,0.0,17.2
7593,freegame,0.0,182.7
7594,freegame,2.6,168.6
7595,freegame,0.0,22.4
7596,freegame,0.0,133.1
7597,freegame,0.0,110.9
7598,freegame,0.6,12.8
7599,freegame,1.5,465.4
7600,freegame,0.0,30.6
7601,freegame,0.0,1.2
7602,freegame,0.0,21.8
7603,freegame,3.0,37.7
7604,freegame,0.0,172.0
7605,freegame,0.0,26.9
7606,freegame,0.0,80.3
7607,freegame,0.0,57.4
7608,freegame,0.0,68.4
7609,freegame,0.0,219.0
7610,freegame,0.0,54.1
7611,freegame,2.5,9.4
7612,freegame,0.0,387.5
7613,freegame,2.1,3.0
7614,freegame,0.0,178.2
7615,freegame,0.0,19.2
7616,freegame,0.0,386.5
7617,freegame,0.0,40.0
7618,freegame,1.0,3.0
7619,freegame,0.0,253.7
7620,freegame,0.0,214.6
7621,freegame,0.0,190.6
7622,freegame,0.0,65.3
7623,freegame,0.6,450.9
7624,freegame,0.0,88.6
7625,freegame,0.0,65.6
7626,freegame,0.0,302.6
7627,freegame,0.0,53.4
7628,freegame,0.0,631.9
7629,freegame,0.0,160.3
7630,freegame,0.0,77.0
7631,freegame,0.0,64.7
7632,freegame,7.2,165.8
7633,freegame,0.0,556.8
7634,freegame,0.0,46.8
7635,freegame,0.8,496.1
7636,freegame,0.0,26.8
7637,freegame,0.0,101.0
7638,freegame,0.4,56.8
7639,freegame,0.0,265.6
7640,freegame,0.0,145.5
7641,freegame,2.6,341.6
7642,freegame,1.5,17.9
7643,freegame,0.0,180.8
7644,freegame,0.0,420.3
7645,freegame,0.0,64.5
7646,freegame,0.0,101.6
7647,freegame,2.4,10.1
7648,freegame,0.0,5.0
7649,freegame,0.0,40.2
7650,freegame,0.0,9.3
7651,freegame,0.0,46.0
7652,freegame,0.0,64.4
7653,freegame,0.0,188.1
7654,freegame,0.0,197.4
7655,freegame,0.0,195.3
7656,freegame,0.0,9.8
7657,freegame,2.0,11.9
7658,freegame,0.0,326.0
7659,freegame,0.0,34.6
7660,freegame,5.0,29.9
7661,freegame,1.0,82.1
7662,freegame,1.0,58.6
7663,freegame,0.0,10.9
7664,freegame,8.2,142.2
7665,freegame,0.0,162.8
7666,freegame,0.0,24.4
7667,freegame,2.0,110.6
7668,freegame,0.0,52.1
7669,freegame,0.0,13.1
7670,freegame,0.0,282.9
7671,freegame,1.9,106.5
7672,freegame,0.0,142.0
7673,freegame,0.0,375.5
7674,freegame,0.0,39.7
7675,freegame,0.0,115.6
7676,freegame,0.0,78.9
7677,freegame,0.0,116.4
7678,freegame,0.0,62.9
7679,freegame,5.8,153.1
7680,freegame,0.0,684.0
7681,freegame,0.0,61.9
7682,freegame,2.5,163.1
7683,freegame,0.0,611.9
7684,freegame,0.0,19.2
7685,freegame,0.0,498.7
7686,freegame,0.0,13.7
7687,freegame,2.0,186.2
7688,freegame,0.0,490.1
7689,freegame,10.0,27.8
7690,freegame,0.0,100.7
7691,freegame,0.0,86.3
7692,freegame,0.0,21.8
7693,freegame,0.0,39.8
7694,freegame,0.0,674.4
7695,freegame,0.0,296.7
7696,freegame,0.0,82.8
7697,freegame,0.0,676.8
7698,freegame,0.0,8.1
7699,freegame,1.3,14.8
7700,freegame,0.0,269.0
7701,freegame,0.0,532.7
7702,freegame,0.0,170.0
7703,freegame,0.0,15.4
7704,freegame,0.0,20.5
7705,freegame,0.0,562.9
7706,freegame,0.6,83.2
7707,freegame,0.8,21.8
7708,freegame,0.0,1048.6
7709,freegame,0.0,156.6
7710,freegame,0.0,235.5
7711,freegame,0.0,7.8
7712,freegame,0.0,14.9
7713,freegame,0.0,11.1
7714,freegame,0.0,688.0
7715,freegame,0.0,330.3
7716,freegame,0.0,325.9
7717,freegame,0.0,39.1
7718,freegame,0.0,80.1
7719,freegame,8.2,65.6
7720,freegame,0.0,62.4
7721,freegame,2.0,106.9
7722,freegame,0.0,101.7
7723,freegame,0.0,773.2
7724,freegame,0.0,148.0
7725,freegame,0.2,242.3
7726,freegame,0.0,148.1
7727,freegame,0.0,283.8
7728,freegame,3.2,1.0
7729,freegame,5.0,143.2
7730,freegame,0.0,580.8
7731,freegame,0.0,389.1
7732,freegame,0.0,95.0
7733,freegame,0.0,1713.5
7734,freegame,0.0,533.2
7735,freegame,0.0,67.4
7736,freegame,0.0,799.3
7737,freegame,0.0,35.6
7738,freegame,0.8,21.2
7739,freegame,0.0,30.7
7740,freegame,0.0,142.2
7741,freegame,0.0,346.0
7742,freegame,0.0,623.3
7743,freegame,0.0,89.9
7744,freegame,4.7,149.8
7745,freegame,3.7,35.5
7746,freegame,0.0,148.2
7747,freegame,0.0,48.7
7748,freegame,0.0,823.6
7749,freegame,0.0,98.2
7750,freegame,0.0,345.5
7751,freegame,2.0,220.3
7752,freegame,0.0,58.6
7753,freegame,1.0,18.4
7754,freegame,0.0,137.6
7755,freegame,0.6,204.2
7756,freegame,0.6,80.2
7757,freegame,0.0,30.3
7758,freegame,0.0,101.3
7759,freegame,0.0,64.2
7760,freegame,0.8,74.7
7761,freegame,0.0,107.1
7762,freegame,0.6,48.3
7763,freegame,0.0,145.7
7764,freegame,0.0,465.6
7765,freegame,0.0,267.9
7766,freegame,0.0,63.5
7767,freegame,0.0,86.5
7768,freegame,0.6,36.2
7769,freegame,0.0,30.4
7770,freegame,0.0,54.3
7771,freegame,0.0,6.9
7772,freegame,0.0,134.8
7773,freegame,0.0,112.7
7774,freegame,0.0,374.0
7775,freegame,0.0,78.2
7776,freegame,0.0,35.7
7777,freegame,0.0,17.9
7778,freegame,0.0,332.4
7779,freegame,4.8,936.5
7780,freegame,0.0,346.0
7781,freegame,0.0,335.7
7782,freegame,0.0,269.9
7783,freegame,0.0,468.5
7784,freegame,10.0,177.5
7785,freegame,0.0,102.1
7786,freegame,0.0,191.1
7787,freegame,0.0,78.4
7788,freegame,0.0,62.1
7789,freegame,3.0,79.8
7790,freegame,0.0,24.0
7791,freegame,1.0,51.1
7792,freegame,0.0,403.9
7793,freegame,2.5,12.7
7794,freegame,0.0,53.5
7795,freegame,0.0,403.4
7796,freegame,0.0,566.5
7797,freegame,0.0,178.8
7798,freegame,5.0,34.5
7799,freegame,0.0,76.2
7800,freegame,0.0,15.1
7801,freegame,0.0,157.5
7802,freegame,1.0,124.6
7803,freegame,0.0,77.2
7804,freegame,0.0,54.9
7805,freegame,0.0,59.4
7806,freegame,0.0,174.4
7807,freegame,0.0,109.2
7808,freegame,0.0,52.9
7809,freegame,1.2,13.7
7810,freegame,1.3,29.0
7811,freegame,1.0,479.7
7812,freegame,0.0,83.8
7813,freegame,0.0,18.8
7814,freegame,2.6,34.2
7815,freegame,1.3,258.0
7816,freegame,0.0,45.5
7817,freegame,6.0,7.7
7818,freegame,2.7,11.1
7819,freegame,0.2,29.3
7820,freegame,1.8,64.6
7821,freegame,1.0,23.0
7822,freegame,1.0,136.5
7823,freegame,0.0,220.5
7824,freegame,0.0,16.9
7825,freegame,9.4,834.6
7826,freegame,0.0,271.0
7827,freegame,0.0,489.6
7828,freegame,1.0,53.4
7829,freegame,0.0,92.2
7830,freegame,0.0,67.0
7831,freegame,0.0,93.2
7832,freegame,0.0,29.0
7833,freegame,2.5,28.9
7834,freegame,0.0,30.9
7835,freegame,0.0,39.9
7836,freegame,0.0,55.7
7837,freegame,0.0,99.1
7838,freegame,8.3,34.8
7839,freegame,0.0,94.2
7840,freegame,0.0,62.7
7841,freegame,0.0,93.9
7842,freegame,1.5,103.9
7843,freegame,1.5,34.7
7844,freegame,0.2,96.3
7845,freegame,0.0,10.0
7846,freegame,0.0,80.5
7847,freegame,0.0,4.4
7848,freegame,0.0,17.4
7849,freegame,0.0,20.6
7850,freegame,1.8,128.8
7851,freegame,0.0,218.9
7852,freegame,0.0,1109.8
7853,freegame,0.0,45.4
7854,freegame,0.0,4.5
7855,freegame,0.0,35.4
7856,freegame,0.0,20.8
7857,freegame,0.0,83.0
7858,freegame,0.0,21.8
7859,freegame,0.0,83.1
7860,freegame,0.4,178.2
7861,freegame,0.0,32.0
7862,freegame,0.0,50.6
7863,freegame,1.8,26.6
7864,freegame,0.0,57.1
7865,freegame,2.8,48.7
7866,freegame,0.0,82.3
7867,freegame,0.6,136.5
7868,freegame,0.0,61.3
7869,freegame,0.0,8.2
7870,freegame,0.0,66.4
7871,freegame,0.0,48.7
7872,freegame,0.2,229.4
7873,freegame,1.5,138.0
7874,freegame,0.0,28.9
7875,freegame,0.0,30.5
7876,freegame,2.0,47.9
7877,freegame,0.0,431.8
7878,freegame,0.0,723.9
7879,freegame,0.0,161.3
7880,freegame,0.0,424.3
7881,freegame,2.0,3.0
7882,freegame,0.0,781.7
7883,freegame,10.0,75.4
7884,freegame,0.0,141.8
7885,freegame,0.6,91.2
7886,freegame,0.6,52.9
7887,freegame,0.0,40.1
7888,freegame,0.0,54.4
7889,freegame,1.2,133.8
7890,freegame,0.0,25.4
7891,freegame,1.2,26.9
7892,freegame,0.0,28.1
7893,freegame,0.0,677.4
7894,freegame,0.4,172.6
7895,freegame,0.2,36.5
7896,freegame,2.0,312.9
7897,freegame,0.0,405.3
7898,freegame,0.0,227.7
7899,freegame,1.2,44.9
7900,freegame,2.3,108.4
7901,freegame,0.0,19.4
7902,freegame,0.0,146.7
7903,freegame,0.0,82.0
7904,freegame,0.0,107.9
7905,freegame,0.0,121.6
7906,freegame,0.0,78.9
7907,freegame,0.0,135.1
7908,freegame,3.4,265.4
7909,freegame,2.3,187.4
7910,freegame,0.0,10.4
7911,freegame,2.6,168.4
7912,freegame,0.0,12.0
7913,freegame,2.5,228.7
7914,freegame,0.0,235.0
7915,freegame,4.0,41.6
7916,freegame,0.0,33.3
7917,freegame,0.0,127.7
7918,freegame,6.8,104.8
7919,freegame,0.0,375.4
7920,freegame,0.0,124.2
7921,freegame,0.0,39.6
7922,freegame,0.0,57.4
7923,freegame,0.0,285.2
7924,freegame,0.0,342.1
7925,freegame,0.0,28.0
7926,freegame,0.0,80.7
7927,freegame,0.0,162.2
7928,freegame,0.2,58.3
7929,freegame,0.0,80.6
7930,freegame,0.0,41.0
7931,freegame,0.0,109.5
7932,freegame,0.4,346.1
7933,freegame,0.0,263.5
7934,freegame,0.0,15.0
7935,freegame,0.0,83.9
7936,freegame,5.0,153.0
7937,freegame,0.0,129.8
7938,freegame,3.2,443.3
7939,freegame,0.0,898.9
7940,freegame,0.0,609.2
7941,freegame,0.0,90.6
7942,freegame,0.0,71.4
7943,freegame,0.0,206.9
7944,freegame,0.0,32.2
7945,freegame,0.0,126.7
7946,freegame,2.5,330.8
7947,freegame,0.0,113.4
7948,freegame,0.0,289.2
7949,freegame,4.4,64.8
7950,freegame,11.4,82.8
7951,freegame,0.0,641.6
7952,freegame,0.0,3.8
7953,freegame,0.0,196.4
7954,freegame,0.0,84.4
7955,freegame,0.8,49.7
7956,freegame,0.0,332.2
7957,freegame,0.0,53.1
7958,freegame,0.0,168.1
7959,freegame,0.0,52.8
7960,freegame,0.0,222.6
7961,freegame,0.0,188.5
7962,freegame,0.0,148.4
7963,freegame,0.0,153.6
7964,freegame,0.0,270.0
7965,freegame,0.0,324.9
7966,freegame,0.0,16.0
7967,freegame,0.0,70.6
7968,freegame,0.0,124.1
7969,freegame,0.0,228.8
7970,freegame,0.8,73.0
7971,freegame,0.0,10.1
7972,freegame,0.0,460.1
7973,freegame,1.5,396.6
7974,freegame,0.0,13.4
7975,freegame,0.0,209.7
7976,freegame,0.0,297.9
7977,freegame,8.5,41.4
7978,freegame,0.0,34.2
7979,freegame,0.6,166.2
7980,freegame,0.0,247.6
7981,freegame,0.0,16.0
7982,freegame,0.0,560.8
7983,freegame,0.0,35.8
7984,freegame,0.0,171.2
7985,freegame,1.0,233.1
7986,freegame,0.0,160.0
7987,freegame,0.0,37.3
7988,freegame,0.0,96.1
7989,freegame,0.0,69.2
7990,freegame,0.0,41.0
7991,freegame,0.0,21.0
7992,freegame,0.0,171.7
7993,freegame,0.0,69.9
7994,freegame,0.0,836.8
7995,freegame,0.0,358.1
7996,freegame,0.0,29.3
7997,freegame,0.0,720.8
7998,freegame,0.0,31.3
7999,freegame,2.0,58.2
8000,freegame,0.0,208.7
8001,freegame,3.0,104.5
8002,freegame,9.8,1.4
8003,freegame,1.2,52.3
8004,freegame,0.0,15.0
8005,freegame,0.0,1736.8
8006,freegame,0.0,184.0
8007,freegame,0.0,740.1
8008,freegame,0.4,49.5
8009,freegame,0.0,103.2
8010,freegame,0.0,288.4
8011,freegame,0.0,51.0
8012,freegame,1.9,279.6
8013,freegame,0.0,73.1
8014,freegame,0.0,8.4
8015,freegame,0.0,109.5
8016,freegame,0.0,48.8
8017,freegame,0.0,16.0
8018,freegame,0.0,212.5
8019,freegame,0.0,157.7
8020,freegame,0.0,54.0
8021,freegame,0.0,36.7
8022,freegame,0.6,283.9
8023,freegame,0.0,381.4
8024,freegame,0.0,14.7
8025,freegame,11.0,104.6
8026,freegame,0.0,301.4
8027,freegame,0.0,50.2
8028,freegame,0.0,424.5
8029,freegame,0.0,153.7
8030,freegame,0.0,15.2
8031,freegame,0.0,43.1
8032,freegame,0.0,35.9
8033,freegame,0.0,96.1
8034,freegame,0.0,358.7
8035,freegame,0.4,20.9
8036,freegame,1.5,268.0
8037,freegame,0.0,49.5
8038,freegame,2.5,9.8
8039,freegame,2.6,85.7
8040,freegame,0.0,8.2
8041,freegame,0.0,68.7
8042,freegame,3.5,31.1
8043,freegame,6.9,61.5
8044,freegame,0.0,213.4
8045,freegame,0.0,37.2
8046,freegame,0.0,14.5
8047,freegame,0.0,59.3
8048,freegame,0.0,33.3
8049,freegame,0.0,101.6
8050,freegame,5.0,153.2
8051,freegame,0.0,4.0
8052,freegame,0.0,88.2
8053,freegame,0.0,73.6
8054,freegame,0.0,19.4
8055,freegame,0.0,13.2
8056,freegame,0.0,65.2
8057,freegame,0.0,112.6
8058,freegame,0.0,154.4
8059,freegame,0.0,48.5
8060,freegame,0.0,319.5
8061,freegame,0.0,17.2
8062,freegame,0.0,13.2
8063,freegame,1.0,17.9
8064,freegame,0.0,359.4
8065,freegame,0.0,50.8
8066,freegame,0.0,108.3
8067,freegame,0.0,24.1
8068,freegame,0.0,37.6
8069,freegame,0.0,335.6
8070,freegame,0.0,23.1
8071,freegame,0.0,115.2
8072,freegame,0.0,91.4
8073,freegame,2.2,259.6
8074,freegame,0.0,259.1
8075,freegame,4.6,69.3
8076,freegame,0.0,167.4
8077,freegame,0.0,4.8
8078,freegame,0.0,212.0
8079,freegame,4.2,27.5
8080,freegame,0.0,74.8
8081,freegame,0.0,287.5
8082,freegame,5.1,13.3
8083,freegame,0.0,312.2
8084,freegame,0.0,188.2
8085,freegame,0.0,0.0
8086,freegame,0.0,121.9
8087,freegame,0.0,23.8
8088,freegame,0.6,188.2
8089,freegame,0.0,899.5
8090,freegame,5.1,163.8
8091,freegame,0.0,445.2
8092,freegame,4.7,6.0
8093,freegame,0.0,309.7
8094,freegame,0.0,68.7
8095,freegame,0.0,50.8
8096,freegame,0.0,194.3
8097,freegame,0.0,234.0
8098,freegame,3.0,812.2
8099,freegame,0.0,186.2
8100,freegame,0.0,112.3
8101,freegame,0.0,94.9
8102,freegame,0.0,83.5
8103,freegame,0.0,6.7
8104,freegame,0.0,337.5
8105,freegame,7.0,31.8
8106,freegame,0.0,216.4
8107,freegame,0.0,4.2
8108,freegame,0.0,257.1
8109,freegame,0.0,560.0
8110,freegame,0.0,715.7
8111,freegame,0.0,473.4
8112,freegame,0.0,10.8
8113,freegame,0.0,105.0
8114,freegame,0.0,89.0
8115,freegame,0.0,48.8
8116,freegame,1.9,182.8
8117,freegame,0.0,165.3
8118,freegame,0.0,138.2
8119,freegame,0.0,108.0
8120,freegame,0.0,260.2
8121,freegame,0.0,32.6
8122,freegame,0.0,730.5
8123,freegame,0.0,127.9
8124,freegame,0.0,354.9
8125,freegame,0.0,263.4
8126,freegame,1.0,427.2
8127,freegame,3.4,98.5
8128,freegame,0.0,219.9
8129,freegame,0.0,58.5
8130,freegame,0.0,232.5
8131,freegame,0.0,86.0
8132,freegame,0.0,54.8
8133,freegame,0.0,263.2
8134,freegame,0.0,189.7
8135,freegame,0.0,402.8
8136,freegame,0.0,49.1
8137,freegame,0.0,27.8
8138,freegame,0.0,173.9
8139,freegame,0.0,45.5
8140,freegame,0.0,281.8
8141,freegame,1.3,348.7
8142,freegame,0.4,9.9
8143,freegame,0.0,18.1
8144,freegame,0.6,70.3
8145,freegame,0.0,229.8
8146,freegame,1.6,144.1
8147,freegame,0.0,20.1
8148,freegame,0.0,18.1
8149,freegame,0.0,42.7
8150,freegame,0.0,296.0
8151,freegame,0.0,83.9
8152,freegame,0.0,32.1
8153,freegame,2.0,61.4
8154,freegame,0.0,77.8
8155,freegame,0.0,159.6
8156,freegame,0.0,300.8
8157,freegame,0.0,57.7
8158,freegame,0.0,58.9
8159,freegame,0.0,102.9
8160,freegame,0.2,113.0
8161,freegame,0.0,463.5
8162,freegame,0.0,741.4
8163,freegame,0.0,97.2
8164,freegame,0.0,73.6
8165,freegame,0.0,493.2
8166,freegame,0.4,69.7
8167,freegame,0.0,45.9
8168,freegame,5.1,529.3
8169,freegame,4.9,432.0
8170,freegame,0.0,65.1
8171,freegame,4.3,15.7
8172,freegame,0.0,238.2
8173,freegame,0.0,14.2
8174,freegame,0.0,44.9
8175,freegame,0.0,91.2
8176,freegame,0.0,90.6
8177,freegame,1.2,35.5
8178,freegame,0.0,131.8
8179,freegame,0.0,107.2
8180,freegame,0.0,280.6
8181,freegame,0.0,876.9
8182,freegame,0.0,276.0
8183,freegame,0.0,60.0
8184,freegame,0.0,237.2
8185,freegame,0.0,164.8
8186,freegame,0.0,524.5
8187,freegame,0.0,95.3
8188,freegame,0.0,503.2
8189,freegame,0.0,21.1
8190,freegame,0.0,338.5
8191,freegame,0.0,64.8
8192,freegame,5.6,41.3
8193,freegame,0.0,10.4
8194,freegame,0.0,28.0
8195,freegame,11.5,152.7
8196,freegame,0.0,113.8
8197,freegame,0.0,127.6
8198,freegame,0.6,110.2
8199,freegame,0.0,735.0
8200,freegame,0.0,23.1
8201,freegame,0.0,322.3
8202,freegame,0.0,271.5
8203,freegame,0.0,82.9
8204,freegame,0.0,294.8
8205,freegame,0.0,219.5
8206,freegame,0.0,220.8
8207,freegame,0.0,6.4
8208,freegame,0.0,12.4
8209,freegame,0.0,435.6
8210,freegame,0.0,31.4
8211,freegame,0.0,739.7
8212,freegame,0.0,100.9
8213,freegame,0.0,214.3
8214,freegame,0.0,154.7
8215,freegame,0.0,163.8
8216,freegame,3.2,596.1
8217,freegame,0.0,34.4
8218,freegame,0.0,195.3
8219,freegame,0.0,8.6
8220,freegame,0.0,188.2
8221,freegame,2.6,786.8
8222,freegame,0.0,96.3
8223,freegame,0.0,1.0
8224,freegame,0.0,26.8
8225,freegame,0.0,6.0
8226,freegame,0.0,39.2
8227,freegame,0.0,115.0
8228,freegame,0.0,27.6
8229,freegame,0.0,172.3
8230,freegame,0.0,605.6
8231,freegame,0.0,402.5
8232,freegame,0.0,81.0
8233,freegame,3.0,138.9
8234,freegame,0.0,9.5
8235,freegame,0.0,243.5
8236,freegame,0.0,130.3
8237,freegame,1.0,206.6
8238,freegame,0.0,629.0
8239,freegame,3.0,20.0
8240,freegame,3.6,97.3
8241,freegame,0.0,135.3
8242,freegame,4.0,363.0
8243,freegame,0.0,169.5
8244,freegame,0.0,23.0
8245,freegame,0.0,55.9
8246,freegame,0.0,395.9
8247,freegame,0.0,36.4
8248,wincap,0.0,5000.0
8249,freegame,0.0,90.0
8250,freegame,0.0,187.8
8251,freegame,2.8,33.6
8252,freegame,0.0,66.8
8253,freegame,0.0,16.8
8254,freegame,0.0,36.5
8255,freegame,1.3,28.8
8256,freegame,5.0,199.1
8257,freegame,11.5,113.9
8258,freegame,0.0,58.1
8259,freegame,0.0,63.3
8260,freegame,0.0,148.7
8261,freegame,0.0,188.7
8262,freegame,1.0,49.8
8263,freegame,0.0,62.8
8264,freegame,5.0,45.9
8265,freegame,0.0,54.9
8266,freegame,10.0,345.6
8267,freegame,0.6,789.6
8268,freegame,0.0,570.6
8269,freegame,0.0,567.3
8270,freegame,2.5,12.3
8271,freegame,0.0,95.2
8272,freegame,0.0,17.8
8273,freegame,5.6,635.3
8274,freegame,0.0,201.4
8275,freegame,0.0,19.3
8276,freegame,0.0,647.9
8277,freegame,0.0,111.5
8278,freegame,0.0,11.2
8279,freegame,1.5,206.6
8280,freegame,0.0,81.9
8281,freegame,1.3,234.5
8282,freegame,0.8,228.7
8283,freegame,0.0,298.4
8284,freegame,1.3,1302.4
8285,freegame,0.0,25.6
8286,freegame,0.0,301.6
8287,freegame,2.0,834.0
8288,freegame,0.0,34.8
8289,freegame,0.0,82.8
8290,freegame,4.5,282.3
8291,freegame,3.8,87.9
8292,freegame,3.4,46.6
8293,freegame,0.0,347.9
8294,freegame,0.0,118.7
8295,freegame,0.0,11.6
8296,freegame,0.0,163.6
8297,freegame,0.0,177.9
8298,freegame,0.0,34.9
8299,freegame,0.0,339.9
8300,freegame,3.2,119.3
8301,freegame,0.0,202.7
8302,freegame,0.0,38.2
8303,freegame,0.0,214.4
8304,freegame,0.0,5.8
8305,freegame,0.0,45.5
8306,freegame,0.0,13.9
8307,freegame,0.0,39.4
8308,freegame,0.0,89.5
8309,freegame,0.0,58.3
8310,freegame,0.6,62.3
8311,freegame,0.0,25.7
8312,freegame,0.0,276.8
8313,freegame,0.0,482.6
8314,freegame,0.0,57.8
8315,freegame,1.0,327.0
8316,freegame,0.0,35.8
8317,freegame,0.0,75.0
8318,freegame,3.2,175.4
8319,freegame,0.0,14.4
8320,freegame,1.5,51.2
8321,freegame,0.0,86.9
8322,freegame,0.0,27.4
8323,freegame,0.0,50.3
8324,freegame,0.0,151.7
8325,freegame,0.0,180.6
8326,freegame,0.0,168.8
8327,freegame,0.2,191.4
8328,freegame,0.0,227.1
8329,freegame,0.0,4276.1
8330,freegame,0.0,14.4
8331,freegame,0.0,33.8
8332,freegame,0.0,67.7
8333,freegame,2.5,460.4
8334,freegame,0.0,8.9
8335,freegame,6.4,160.3
8336,freegame,7.0,280.0
8337,freegame,0.0,9.8
8338,freegame,0.0,386.8
8339,freegame,0.0,332.3
8340,freegame,0.0,441.3
8341,freegame,0.0,33.7
8342,freegame,0.0,39.5
8343,freegame,0.0,218.4
8344,freegame,2.0,501.4
8345,freegame,0.0,141.4
8346,freegame,0.0,479.8
8347,freegame,0.6,489.8
8348,freegame,0.0,85.0
8349,freegame,0.0,231.3
8350,freegame,12.5,85.7
8351,freegame,1.0,244.8
8352,freegame,0.0,374.0
8353,freegame,0.0,277.7
8354,freegame,0.0,384.3
8355,freegame,4.7,170.3
8356,freegame,0.0,39.5
8357,freegame,1.2,175.7
8358,freegame,0.0,24.3
8359,freegame,0.0,48.2
8360,freegame,0.0,275.1
8361,freegame,0.0,67.2
8362,freegame,1.0,456.4
8363,freegame,0.0,91.4
8364,freegame,0.0,111.6
8365,freegame,0.0,7.5
8366,freegame,0.6,0.0
8367,freegame,0.0,67.5
8368,freegame,2.0,159.4
8369,freegame,0.0,39.9
8370,freegame,0.0,174.6
8371,freegame,0.0,603.8
8372,freegame,2.3,126.9
8373,freegame,0.0,106.8
8374,freegame,0.0,315.9
8375,freegame,0.0,130.0
8376,freegame,0.0,2691.4
8377,freegame,0.0,12.2
8378,freegame,2.5,98.4
8379,freegame,0.0,606.5
8380,freegame,0.0,154.4
8381,freegame,0.0,47.8
8382,freegame,0.0,38.0
8383,freegame,0.6,163.7
8384,freegame,0.0,82.2
8385,freegame,0.0,74.2
8386,freegame,0.0,102.9
8387,freegame,5.0,266.5
8388,freegame,0.0,212.8
8389,freegame,12.7,4.0
8390,freegame,2.7,438.3
8391,freegame,0.0,218.5
8392,freegame,4.7,54.6
8393,freegame,0.0,159.4
8394,freegame,1.3,114.8
8395,freegame,0.0,239.2
8396,freegame,0.0,178.5
8397,freegame,0.0,27.9
8398,freegame,0.0,100.9
8399,freegame,0.0,59.0
8400,freegame,0.0,291.2
8401,freegame,0.0,161.1
8402,freegame,0.0,14.8
8403,freegame,0.0,226.3
8404,freegame,0.0,9.2
8405,freegame,2.6,154.3
8406,freegame,0.0,23.1
8407,freegame,0.0,71.2
8408,freegame,0.2,163.7
8409,freegame,0.0,53.7
8410,freegame,0.0,63.8
8411,freegame,0.0,3.4
8412,freegame,0.0,120.1
8413,freegame,0.0,610.5
8414,freegame,4.0,26.7
8415,freegame,5.0,221.6
8416,freegame,4.0,36.0
8417,freegame,0.0,273.5
8418,freegame,0.0,143.1
8419,freegame,0.0,197.8
8420,freegame,0.0,5.4
8421,freegame,4.4,42.4
8422,freegame,1.6,39.7
8423,freegame,0.0,82.2
8424,freegame,0.0,165.2
8425,freegame,0.0,156.2
8426,freegame,0.0,55.9
8427,freegame,0.2,113.6
8428,freegame,0.2,36.0
8429,freegame,0.0,171.0
8430,freegame,0.0,778.5
8431,freegame,2.7,383.6
8432,freegame,0.0,87.8
8433,freegame,0.0,415.2
8434,freegame,0.0,21.6
8435,freegame,1.3,268.1
8436,freegame,0.0,311.1
8437,freegame,6.0,2.0
8438,freegame,0.0,162.7
8439,freegame,0.0,265.8
8440,freegame,0.0,231.9
8441,freegame,0.0,180.0
8442,freegame,3.0,143.0
8443,freegame,0.0,18.6
8444,freegame,0.0,288.3
8445,freegame,0.0,149.6
8446,freegame,0.0,39.2
8447,freegame,0.0,82.7
8448,freegame,0.0,278.0
8449,freegame,0.0,14.2
8450,freegame,0.0,5.2
8451,freegame,0.0,31.0
8452,freegame,0.0,94.2
8453,freegame,0.0,213.6
8454,freegame,0.0,142.2
8455,freegame,0.0,268.6
8456,freegame,0.0,101.7
8457,freegame,0.0,40.8
8458,freegame,0.0,28.0
8459,freegame,5.0,2.0
8460,freegame,0.0,97.4
8461,freegame,0.0,106.1
8462,freegame,0.0,9.8
8463,freegame,0.0,21.9
8464,freegame,0.0,627.0
8465,freegame,2.0,178.5
8466,freegame,0.0,166.9
8467,freegame,5.6,165.2
8468,freegame,0.0,21.2
8469,freegame,0.0,22.6
8470,freegame,0.6,43.1
8471,freegame,0.0,92.0
8472,freegame,1.3,233.2
8473,freegame,0.0,77.6
8474,freegame,0.0,48.7
8475,freegame,0.0,258.1
8476,freegame,0.6,20.0
8477,freegame,0.0,25.4
8478,freegame,0.0,27.0
8479,freegame,0.0,1318.4
8480,freegame,2.0,89.9
8481,freegame,0.0,488.3
8482,freegame,0.0,40.8
8483,freegame,0.0,745.4
8484,freegame,3.5,57.2
8485,freegame,0.0,48.9
8486,freegame,0.0,60.8
8487,freegame,0.0,139.3
8488,freegame,3.2,272.7
8489,freegame,0.0,2.9
8490,freegame,0.0,34.2
8491,freegame,0.6,109.2
8492,freegame,0.0,71.9
8493,freegame,0.0,145.9
8494,freegame,5.8,12.5
8495,freegame,0.0,82.4
8496,freegame,0.0,238.2
8497,freegame,4.2,169.1
8498,freegame,0.0,128.2
8499,freegame,2.0,62.1
8500,freegame,0.0,99.9
8501,freegame,0.0,59.0
8502,freegame,0.0,99.9
8503,freegame,0.0,160.2
8504,freegame,0.0,235.1
8505,freegame,0.0,255.0
8506,freegame,1.2,199.7
8507,freegame,0.0,14.3
8508,freegame,0.0,18.0
8509,freegame,0.0,402.4
8510,freegame,9.4,203.3
8511,freegame,0.0,37.7
8512,freegame,0.0,1993.5
8513,freegame,2.6,220.8
8514,freegame,0.0,24.5
8515,freegame,2.0,336.0
8516,freegame,1.5,198.1
8517,freegame,0.0,105.1
8518,freegame,0.0,54.2
8519,freegame,6.8,72.3
8520,freegame,0.0,513.7
8521,freegame,0.0,129.4
8522,freegame,0.0,302.5
8523,freegame,1.8,132.9
8524,freegame,1.3,243.9
8525,freegame,0.0,110.9
8526,freegame,0.0,577.2
8527,freegame,0.0,675.3
8528,freegame,0.0,20.3
8529,freegame,1.7,30.6
8530,freegame,0.0,101.7
8531,freegame,0.0,30.7
8532,freegame,0.0,28.4
8533,freegame,0.0,496.0
8534,freegame,5.0,60.4
8535,freegame,0.0,446.1
8536,freegame,0.0,208.4
8537,freegame,0.0,58.7
8538,freegame,0.0,140.5
8539,freegame,0.0,403.8
8540,freegame,0.0,66.9
8541,freegame,0.0,119.3
8542,freegame,1.3,120.1
8543,freegame,1.3,51.8
8544,freegame,0.0,71.4
8545,freegame,0.0,38.0
8546,freegame,0.0,41.1
8547,freegame,1.0,130.0
8548,freegame,0.0,24.6
8549,freegame,0.0,33.1
8550,freegame,0.0,626.0
8551,freegame,0.0,39.4
8552,freegame,0.0,84.7
8553,freegame,0.0,38.2
8554,freegame,0.0,158.1
8555,freegame,13.1,38.4
8556,freegame,0.0,79.7
8557,freegame,0.2,91.6
8558,freegame,0.0,28.7
8559,freegame,0.0,304.8
8560,freegame,1.2,219.8
8561,freegame,0.0,155.2
8562,freegame,0.0,91.1
8563,freegame,0.8,30.7
8564,freegame,0.0,196.9
8565,freegame,0.0,20.1
8566,freegame,0.0,28.9
8567,freegame,0.0,39.0
8568,freegame,0.0,14.8
8569,freegame,0.0,400.8
8570,freegame,0.0,135.4
8571,freegame,0.0,55.6
8572,freegame,0.0,95.2
8573,freegame,0.0,72.5
8574,freegame,0.0,70.8
8575,freegame,0.0,363.7
8576,freegame,0.0,37.4
8577,freegame,0.8,327.8
8578,freegame,0.0,60.1
8579,freegame,0.6,40.8
8580,freegame,0.0,20.2
8581,freegame,2.3,19.9
8582,freegame,0.0,81.7
8583,freegame,1.5,6.8
8584,freegame,0.0,35.2
8585,freegame,0.0,91.9
8586,freegame,0.0,211.1
8587,freegame,0.0,114.6
8588,freegame,0.0,7.0
8589,freegame,0.0,170.6
8590,freegame,0.0,19.4
8591,freegame,0.0,78.3
8592,freegame,0.0,30.7
8593,freegame,0.0,46.9
8594,freegame,0.0,24.0
8595,freegame,0.0,63.0
8596,freegame,1.0,47.6
8597,freegame,4.6,58.7
8598,freegame,0.0,40.5
8599,freegame,0.0,185.4
8600,freegame,0.0,17.9
8601,freegame,1.3,728.3
8602,freegame,0.0,4.8
8603,freegame,0.0,565.4
8604,freegame,0.6,170.8
8605,freegame,0.0,762.2
8606,freegame,0.0,8.8
8607,freegame,0.0,83.9
8608,freegame,1.0,258.7
8609,freegame,0.0,58.5
8610,freegame,0.0,991.3
8611,freegame,0.0,1185.8
8612,freegame,0.0,131.8
8613,freegame,0.0,76.3
8614,freegame,3.2,851.4
8615,freegame,0.0,35.7
8616,freegame,0.0,101.2
8617,freegame,2.0,30.4
8618,freegame,5.0,82.9
8619,freegame,0.0,297.6
8620,freegame,0.0,53.8
8621,freegame,0.0,228.8
8622,freegame,0.0,754.0
8623,freegame,0.0,268.0
8624,freegame,0.0,20.2
8625,freegame,0.0,403.6
8626,freegame,0.0,60.8
8627,freegame,0.0,158.7
8628,freegame,0.0,41.9
8629,freegame,0.0,13.4
8630,freegame,0.0,209.7
8631,freegame,5.5,58.1
8632,freegame,0.0,26.0
8633,freegame,0.0,467.2
8634,freegame,0.0,25.9
8635,freegame,0.4,30.1
8636,freegame,0.0,51.8
8637,freegame,0.0,281.1
8638,freegame,0.0,125.6
8639,freegame,0.0,214.9
8640,freegame,2.5,411.1
8641,freegame,0.0,66.3
8642,freegame,0.0,182.0
8643,freegame,0.0,9.8
8644,freegame,0.0,565.5
8645,freegame,0.0,205.5
8646,freegame,0.0,76.4
8647,freegame,0.0,48.9
8648,freegame,0.0,125.8
8649,freegame,0.0,124.4
8650,freegame,0.0,67.3
8651,freegame,1.3,51.3
8652,freegame,0.0,464.5
8653,freegame,0.0,66.7
8654,freegame,5.0,15.0
8655,freegame,5.6,61.7
8656,freegame,0.0,26.8
8657,freegame,0.0,30.8
8658,freegame,0.0,18.2
8659,freegame,0.0,41.2
8660,freegame,0.6,224.6
8661,freegame,0.0,332.8
8662,freegame,0.0,121.8
8663,freegame,3.5,205.6
8664,freegame,0.0,278.3
8665,freegame,0.0,72.8
8666,freegame,0.0,180.8
8667,freegame,0.0,66.3
8668,freegame,0.0,550.8
8669,freegame,0.0,106.6
8670,freegame,1.0,518.4
8671,freegame,0.6,12.9
8672,freegame,2.0,39.2
8673,freegame,0.0,115.5
8674,freegame,0.0,262.2
8675,freegame,0.0,6.0
8676,freegame,0.0,7.4
8677,freegame,1.0,41.8
8678,freegame,1.0,22.4
8679,freegame,0.0,66.0
8680,freegame,0.0,29.9
8681,freegame,0.0,35.8
8682,freegame,0.0,71.5
8683,freegame,0.0,1680.6
8684,freegame,0.0,38.2
8685,freegame,0.0,100.4
8686,freegame,0.0,273.3
8687,freegame,0.0,347.4
8688,freegame,3.4,45.7
8689,freegame,5.5,18.6
8690,freegame,0.0,7.8
8691,freegame,0.6,128.9
8692,freegame,0.0,222.4
8693,freegame,0.0,9.8
8694,freegame,0.0,48.3
8695,freegame,0.0,1653.4
8696,freegame,0.0,180.9
8697,freegame,0.0,19.4
8698,freegame,0.0,48.2
8699,freegame,0.0,118.3
8700,freegame,0.0,8.2
8701,freegame,0.0,2855.7
8702,freegame,0.0,238.6
8703,freegame,0.0,108.7
8704,freegame,9.5,5.9
8705,freegame,2.0,41.3
8706,freegame,0.0,158.7
8707,freegame,0.0,88.8
8708,freegame,3.2,436.6
8709,freegame,9.9,87.2
8710,freegame,0.0,23.5
8711,freegame,0.0,175.1
8712,freegame,0.0,8.7
8713,freegame,0.0,61.6
8714,freegame,0.0,10.1
8715,freegame,4.2,15.1
8716,freegame,0.0,173.3
8717,freegame,0.0,329.0
8718,freegame,0.0,79.0
8719,freegame,0.0,498.0
8720,freegame,0.0,198.2
8721,freegame,0.0,435.0
8722,freegame,0.0,77.4
8723,freegame,0.6,7.2
8724,freegame,0.0,224.3
8725,freegame,0.0,195.1
8726,freegame,0.0,270.8
8727,freegame,0.0,44.8
8728,freegame,0.0,78.8
8729,freegame,0.0,157.0
8730,freegame,0.0,589.4
8731,freegame,0.0,355.9
8732,freegame,0.0,33.8
8733,freegame,1.0,245.9
8734,freegame,0.0,84.2
8735,freegame,0.0,121.9
8736,freegame,0.0,682.7
8737,freegame,0.0,20.5
8738,freegame,0.0,43.5
8739,freegame,0.0,4.4
8740,freegame,0.0,102.2
8741,freegame,0.0,23.9
8742,freegame,0.0,341.0
8743,freegame,0.2,149.1
8744,freegame,0.0,537.6
8745,freegame,0.0,116.9
8746,freegame,0.0,56.6
8747,freegame,0.0,111.5
8748,freegame,1.0,225.5
8749,freegame,0.0,117.4
8750,freegame,8.7,30.7
8751,freegame,6.0,332.1
8752,freegame,0.0,206.0
8753,freegame,0.0,339.2
8754,freegame,3.5,178.5
8755,freegame,0.0,214.0
8756,freegame,0.0,121.2
8757,freegame,0.0,42.6
8758,freegame,1.0,290.0
8759,freegame,4.0,57.2
8760,freegame,0.0,370.6
8761,freegame,7.1,86.2
8762,freegame,0.0,14.0
8763,freegame,0.8,214.6
8764,freegame,0.0,152.5
8765,freegame,0.0,12.1
8766,freegame,0.0,45.7
8767,freegame,0.0,61.0
8768,freegame,0.0,2725.8
8769,freegame,0.0,317.2
8770,freegame,0.0,86.1
8771,freegame,0.0,426.5
8772,freegame,0.4,27.9
8773,freegame,0.0,41.5
8774,freegame,5.0,49.8
8775,freegame,0.0,121.1
8776,freegame,0.0,180.4
8777,freegame,0.0,41.0
8778,freegame,5.0,103.1
8779,freegame,0.0,1046.0
8780,freegame,0.8,524.6
8781,freegame,0.0,66.2
8782,freegame,0.0,36.8
8783,freegame,1.3,206.0
8784,freegame,0.0,253.2
8785,freegame,1.0,27.0
8786,freegame,0.0,102.2
8787,freegame,0.0,320.6
8788,freegame,0.0,652.4
8789,freegame,0.0,376.1
8790,freegame,0.0,9.3
8791,freegame,0.0,924.6
8792,freegame,2.0,118.6
8793,freegame,0.0,31.0
8794,freegame,0.0,16.7
8795,freegame,0.0,550.6
8796,freegame,0.0,62.5
8797,freegame,0.0,144.4
8798,freegame,0.0,24.5
8799,freegame,0.0,671.7
8800,freegame,0.0,153.8
8801,freegame,4.2,108.1
8802,freegame,0.2,410.8
8803,freegame,0.0,47.5
8804,freegame,0.8,3.9
8805,freegame,0.0,165.3
8806,freegame,0.0,50.7
8807,freegame,0.0,258.0
8808,freegame,0.0,174.8
8809,freegame,0.0,375.0
8810,freegame,0.0,142.1
8811,freegame,0.0,150.0
8812,freegame,0.0,89.8
8813,freegame,0.0,82.2
8814,freegame,0.0,13.6
8815,freegame,0.0,141.4
8816,freegame,0.0,119.3
8817,freegame,0.0,349.0
8818,freegame,2.0,111.7
8819,freegame,2.5,246.0
8820,freegame,0.0,34.9
8821,freegame,0.0,654.0
8822,freegame,0.0,191.7
8823,freegame,0.0,173.7
8824,freegame,0.0,263.5
8825,freegame,0.0,93.5
8826,freegame,0.0,110.3
8827,freegame,0.0,113.8
8828,freegame,10.0,97.8
8829,freegame,0.0,51.4
8830,freegame,0.0,4.3
8831,freegame,2.2,45.0
8832,freegame,1.3,8.4
8833,freegame,0.4,216.0
8834,freegame,0.0,1928.1
8835,freegame,0.0,206.5
8836,freegame,0.0,314.0
8837,freegame,9.5,38.0
8838,freegame,1.5,503.3
8839,freegame,0.0,279.7
8840,freegame,0.0,1102.2
8841,freegame,0.0,645.9
8842,freegame,0.0,80.9
8843,freegame,0.0,33.6
8844,freegame,0.0,43.8
8845,freegame,0.0,131.9
8846,freegame,0.0,193.9
8847,freegame,0.0,38.0
8848,freegame,0.0,20.6
8849,freegame,0.0,369.8
8850,freegame,4.5,382.7
8851,freegame,0.2,229.0
8852,freegame,0.0,17.0
8853,freegame,0.0,69.9
8854,freegame,0.0,114.1
8855,freegame,5.0,170.7
8856,freegame,0.0,180.0
8857,freegame,1.0,314.9
8858,freegame,0.2,82.7
8859,freegame,0.0,547.3
8860,freegame,0.0,433.2
8861,freegame,0.0,31.7
8862,freegame,0.0,33.9
8863,freegame,2.0,69.7
8864,freegame,2.5,696.0
8865,freegame,0.0,567.8
8866,freegame,0.0,45.5
8867,freegame,0.0,203.6
8868,freegame,0.0,218.1
8869,freegame,0.6,49.3
8870,freegame,3.0,426.0
8871,freegame,2.0,49.5
8872,freegame,0.0,132.0
8873,freegame,0.0,226.6
8874,freegame,0.0,133.5
8875,freegame,0.0,283.0
8876,freegame,1.6,58.5
8877,freegame,0.0,72.1
8878,freegame,0.2,92.6
8879,freegame,0.0,315.5
8880,freegame,0.0,16.3
8881,freegame,4.7,232.2
8882,freegame,0.0,148.9
8883,freegame,0.0,728.6
8884,freegame,0.0,11.0
8885,freegame,0.0,1.2
8886,freegame,0.0,99.0
8887,freegame,0.0,61.7
8888,freegame,3.5,38.5
8889,freegame,1.0,157.6
8890,freegame,2.5,326.0
8891,freegame,0.0,72.9
8892,freegame,0.0,13.6
8893,freegame,0.0,329.5
8894,freegame,0.0,667.6
8895,freegame,0.0,32.7
8896,freegame,3.3,103.5
8897,freegame,2.0,123.7
8898,freegame,0.0,318.9
8899,freegame,0.0,165.3
8900,freegame,0.0,18.2
8901,freegame,0.0,210.3
8902,freegame,0.0,77.9
8903,freegame,0.0,171.8
8904,freegame,0.2,170.9
8905,freegame,0.0,26.0
8906,freegame,1.0,260.3
8907,freegame,7.9,116.2
8908,freegame,0.0,366.9
8909,freegame,2.0,105.6
8910,freegame,3.2,157.0
8911,freegame,0.0,525.2
8912,freegame,0.0,59.6
8913,freegame,0.0,28.1
8914,freegame,4.1,189.2
8915,freegame,0.2,144.9
8916,freegame,0.0,1251.7
8917,freegame,4.5,70.3
8918,freegame,0.0,64.2
8919,freegame,0.0,38.1
8920,freegame,0.0,28.4
8921,freegame,0.0,864.4
8922,freegame,0.0,22.5
8923,freegame,0.0,143.9
8924,freegame,5.0,79.0
8925,freegame,0.0,24.3
8926,freegame,0.0,29.4
8927,freegame,0.0,71.4
8928,freegame,0.0,243.8
8929,freegame,0.0,121.7
8930,freegame,0.0,87.7
8931,freegame,0.0,100.8
8932,freegame,0.6,97.2
8933,freegame,0.0,393.0
8934,freegame,0.0,166.7
8935,freegame,0.4,255.8
8936,freegame,0.0,31.0
8937,freegame,0.0,883.4
8938,freegame,0.0,346.5
8939,freegame,0.0,131.8
8940,freegame,0.0,24.2
8941,freegame,0.0,486.6
8942,freegame,0.0,25.6
8943,freegame,0.0,388.7
8944,freegame,0.4,27.0
8945,freegame,0.0,45.3
8946,freegame,0.0,171.7
8947,freegame,8.3,291.6
8948,freegame,0.0,7.9
8949,freegame,0.0,506.7
8950,freegame,1.3,300.0
8951,freegame,0.0,180.3
8952,freegame,0.0,193.6
8953,freegame,5.0,33.5
8954,freegame,0.0,82.0
8955,freegame,0.0,23.7
8956,freegame,0.0,26.0
8957,freegame,2.4,118.0
8958,freegame,0.0,26.0
8959,freegame,0.0,198.4
8960,freegame,0.0,52.4
8961,freegame,2.5,72.0
8962,freegame,0.0,149.0
8963,freegame,0.0,143.3
8964,freegame,0.0,33.6
8965,freegame,0.0,31.7
8966,freegame,0.0,65.1
8967,freegame,0.0,339.2
8968,freegame,0.0,290.4
8969,freegame,0.0,101.2
8970,freegame,1.3,80.6
8971,freegame,4.4,103.2
8972,freegame,0.0,287.4
8973,freegame,0.0,173.1
8974,freegame,1.3,37.1
8975,freegame,0.0,86.4
8976,freegame,0.0,99.4
8977,freegame,0.0,43.7
8978,freegame,0.0,299.0
8979,freegame,2.0,175.4
8980,freegame,0.0,500.3
8981,freegame,0.0,39.8
8982,freegame,0.0,169.2
8983,freegame,0.0,53.0
8984,freegame,0.0,496.3
8985,freegame,0.0,68.1
8986,freegame,5.6,261.6
8987,freegame,0.0,346.3
8988,freegame,0.0,515.2
8989,freegame,0.0,170.2
8990,freegame,3.3,40.0
8991,freegame,0.0,162.4
8992,freegame,1.5,130.7
8993,freegame,0.0,134.2
8994,freegame,0.0,50.4
8995,freegame,0.0,191.5
8996,freegame,0.0,6.4
8997,freegame,0.0,252.4
8998,freegame,0.0,140.7
8999,freegame,0.0,151.2
9000,freegame,0.0,44.0
9001,freegame,0.0,39.6
9002,freegame,13.5,56.5
9003,freegame,2.0,332.5
9004,freegame,0.0,130.1
9005,freegame,0.0,64.5
9006,freegame,1.5,181.7
9007,freegame,3.2,27.9
9008,freegame,0.0,391.9
9009,freegame,0.0,22.7
9010,freegame,0.0,107.0
9011,freegame,0.0,146.3
9012,freegame,0.0,114.9
9013,freegame,0.0,49.5
9014,freegame,0.0,70.4
9015,freegame,1.5,113.6
9016,freegame,1.0,302.9
9017,freegame,0.0,185.4
9018,freegame,0.0,92.3
9019,freegame,0.0,496.2
9020,freegame,0.0,66.0
9021,freegame,0.0,291.5
9022,freegame,0.0,91.6
9023,freegame,0.0,53.1
9024,freegame,0.0,108.6
9025,freegame,2.0,108.6
9026,freegame,0.0,17.9
9027,freegame,0.0,89.2
9028,freegame,0.0,112.2
9029,freegame,0.0,86.7
9030,freegame,0.0,51.7
9031,freegame,0.0,1183.8
9032,freegame,0.0,163.9
9033,freegame,0.0,30.3
9034,freegame,0.0,234.6
9035,freegame,6.6,653.4
9036,freegame,0.0,215.0
9037,freegame,3.2,11.6
9038,freegame,0.0,25.4
9039,freegame,0.0,57.8
9040,freegame,0.0,448.6
9041,freegame,0.0,253.7
9042,freegame,0.0,394.9
9043,freegame,0.0,231.0
9044,freegame,0.0,119.5
9045,freegame,0.0,229.8
9046,freegame,0.0,43.9
9047,freegame,0.0,105.1
9048,freegame,0.0,248.3
9049,freegame,4.0,26.2
9050,freegame,0.0,356.1
9051,freegame,0.0,140.3
9052,freegame,11.5,17.4
9053,freegame,0.0,613.0
9054,freegame,0.0,74.4
9055,freegame,0.0,325.8
9056,freegame,0.4,247.4
9057,freegame,2.0,34.4
9058,freegame,0.0,58.1
9059,freegame,0.0,194.3
9060,freegame,0.0,120.7
9061,freegame,0.0,16.3
9062,freegame,0.0,76.1
9063,freegame,0.0,6.0
9064,freegame,0.0,129.7
9065,freegame,0.2,91.3
9066,freegame,0.0,38.9
9067,freegame,0.0,408.2
9068,freegame,0.0,11.8
9069,freegame,0.0,173.2
9070,freegame,3.8,176.7
9071,freegame,0.0,9.1
9072,freegame,1.0,53.2
9073,freegame,3.2,218.4
9074,freegame,0.0,575.5
9075,freegame,2.0,105.8
9076,freegame,0.0,133.5
9077,freegame,1.0,6.4
9078,freegame,0.0,100.7
9079,freegame,3.0,514.5
9080,freegame,0.0,127.1
9081,freegame,0.0,41.9
9082,freegame,0.0,141.6
9083,freegame,0.0,522.2
9084,freegame,0.0,46.3
9085,freegame,0.0,30.6
9086,freegame,0.0,84.9
9087,freegame,0.0,42.2
9088,freegame,0.0,469.7
9089,freegame,0.0,64.6
9090,freegame,0.0,78.8
9091,freegame,2.6,31.1
9092,freegame,0.0,46.7
9093,freegame,0.0,269.6
9094,freegame,5.0,240.4
9095,freegame,0.0,21.2
9096,freegame,2.5,349.5
9097,freegame,0.0,820.3
9098,freegame,0.0,71.8
9099,freegame,0.0,9.0
9100,freegame,0.0,145.0
9101,freegame,0.0,66.2
9102,freegame,0.0,11.3
9103,freegame,1.6,134.0
9104,freegame,0.0,636.1
9105,freegame,1.0,80.2
9106,freegame,0.0,239.4
9107,freegame,0.0,21.5
9108,freegame,0.0,183.3
9109,freegame,0.0,833.1
9110,freegame,5.0,139.0
9111,freegame,0.0,10.9
9112,freegame,0.0,292.9
9113,freegame,0.0,107.6
9114,freegame,2.4,260.2
9115,freegame,0.0,949.3
9116,freegame,0.0,441.7
9117,freegame,0.0,144.4
9118,freegame,5.0,153.3
9119,freegame,0.0,191.4
9120,freegame,0.0,153.6
9121,freegame,6.8,127.6
9122,freegame,0.0,308.2
9123,freegame,0.0,25.1
9124,freegame,0.0,14.4
9125,freegame,0.6,95.5
9126,freegame,0.0,37.7
9127,freegame,0.0,298.7
9128,freegame,0.0,127.0
9129,freegame,0.0,132.1
9130,freegame,0.0,79.4
9131,freegame,0.0,168.4
9132,freegame,2.0,188.1
9133,freegame,0.0,54.3
9134,freegame,0.6,204.8
9135,freegame,0.0,38.0
9136,freegame,0.0,48.0
9137,freegame,0.0,322.6
9138,freegame,2.5,571.7
9139,freegame,5.0,172.2
9140,freegame,0.0,136.8
9141,freegame,2.0,36.3
9142,freegame,0.0,12.6
9143,freegame,0.4,16.7
9144,freegame,1.0,314.9
9145,freegame,0.0,49.0
9146,freegame,0.0,29.5
9147,freegame,5.0,71.0
9148,freegame,5.0,236.4
9149,freegame,0.0,97.6
9150,freegame,0.0,109.3
9151,freegame,0.0,19.0
9152,freegame,0.0,142.5
9153,freegame,0.0,7.0
9154,freegame,0.2,175.6
9155,freegame,0.0,49.3
9156,freegame,3.8,96.6
9157,freegame,0.0,58.9
9158,freegame,0.0,153.8
9159,freegame,0.0,64.8
9160,freegame,1.0,48.7
9161,freegame,0.0,6.0
9162,freegame,6.0,8.9
9163,freegame,0.0,328.7
9164,freegame,0.0,105.5
9165,freegame,0.0,158.7
9166,freegame,0.0,93.8
9167,freegame,0.0,183.0
9168,freegame,0.0,116.0
9169,freegame,0.0,62.5
9170,freegame,0.0,63.6
9171,freegame,1.3,41.4
9172,freegame,0.0,67.1
9173,freegame,0.0,86.4
9174,freegame,0.0,142.0
9175,freegame,0.0,19.2
9176,freegame,0.0,479.7
9177,freegame,0.0,34.9
9178,freegame,2.5,121.8
9179,freegame,0.0,214.0
9180,freegame,0.0,120.1
9181,freegame,1.0,89.6
9182,freegame,0.0,9.8
9183,freegame,0.2,661.1
9184,freegame,0.0,134.0
9185,freegame,0.0,32.1
9186,freegame,0.0,269.6
9187,freegame,0.0,292.5
9188,freegame,0.0,54.9
9189,freegame,0.0,122.6
9190,freegame,0.0,111.0
9191,freegame,1.0,71.8
9192,freegame,7.9,45.2
9193,freegame,5.0,315.0
9194,freegame,0.0,174.7
9195,freegame,0.0,226.7
9196,freegame,0.0,47.0
9197,freegame,5.0,307.3
9198,freegame,0.0,324.0
9199,freegame,2.5,600.4
9200,freegame,0.0,77.6
9201,freegame,0.0,109.9
9202,freegame,0.0,13.9
9203,freegame,2.5,179.9
9204,freegame,0.0,35.6
9205,freegame,0.0,34.6
9206,freegame,0.0,18.8
9207,freegame,0.0,198.3
9208,freegame,0.6,50.4
9209,freegame,0.0,340.1
9210,freegame,0.0,68.5
9211,freegame,5.0,502.9
9212,freegame,0.0,69.3
9213,freegame,0.0,39.4
9214,freegame,0.0,229.3
9215,freegame,0.0,32.3
9216,freegame,0.0,14.7
9217,freegame,0.0,30.0
9218,freegame,0.0,392.4
9219,freegame,0.0,47.5
9220,freegame,0.0,114.4
9221,freegame,0.0,28.8
9222,freegame,0.0,81.7
9223,freegame,0.0,5.0
9224,freegame,0.0,22.8
9225,freegame,0.0,33.8
9226,freegame,4.9,84.7
9227,freegame,0.0,9.7
9228,freegame,0.0,43.3
9229,freegame,0.0,38.1
9230,freegame,1.2,44.6
9231,freegame,0.0,3.2
9232,freegame,0.0,6.5
9233,freegame,0.0,55.7
9234,freegame,1.3,76.0
9235,freegame,0.0,564.9
9236,freegame,0.0,1538.2
9237,freegame,0.0,115.4
9238,freegame,0.0,86.8
9239,freegame,3.5,402.0
9240,freegame,0.0,25.9
9241,freegame,0.0,2813.4
9242,freegame,4.5,761.6
9243,freegame,0.0,1.0
9244,freegame,0.0,343.3
9245,freegame,0.0,164.7
9246,freegame,0.0,69.0
9247,freegame,0.0,62.5
9248,freegame,1.5,2415.0
9249,freegame,0.0,837.1
9250,freegame,0.0,15.3
9251,freegame,4.7,574.5
9252,freegame,0.0,116.2
9253,freegame,0.0,354.0
9254,freegame,0.0,358.1
9255,freegame,0.4,35.9
9256,freegame,0.0,87.0
9257,freegame,0.0,29.7
9258,freegame,0.0,97.7
9259,freegame,0.0,194.7
9260,freegame,0.0,81.6
9261,freegame,0.0,95.3
9262,freegame,0.0,57.7
9263,freegame,0.0,540.9
9264,freegame,0.0,134.9
9265,freegame,0.0,11.2
9266,freegame,0.0,52.0
9267,freegame,0.0,57.0
9268,freegame,0.0,56.4
9269,freegame,0.0,218.9
9270,freegame,6.0,512.3
9271,freegame,0.4,148.4
9272,freegame,0.0,67.9
9273,freegame,0.0,26.5
9274,freegame,0.0,251.9
9275,freegame,2.6,20.3
9276,freegame,0.0,118.9
9277,freegame,2.0,69.1
9278,freegame,0.0,28.3
9279,freegame,0.0,272.2
9280,freegame,0.0,144.0
9281,freegame,0.0,129.0
9282,freegame,0.0,1788.0
9283,freegame,0.0,28.6
9284,freegame,5.0,6.2
9285,freegame,0.0,3025.4
9286,freegame,0.0,134.6
9287,freegame,0.0,37.8
9288,freegame,3.2,160.8
9289,freegame,0.0,119.5
9290,freegame,0.0,32.5
9291,freegame,0.8,248.2
9292,freegame,0.0,68.3
9293,freegame,0.6,199.6
9294,freegame,0.0,28.5
9295,wincap,3.2,5000.0
9296,freegame,0.0,999.4
9297,freegame,1.5,21.3
9298,freegame,0.0,15.4
9299,freegame,5.0,122.9
9300,freegame,0.0,15.6
9301,freegame,0.0,53.2
9302,freegame,0.0,303.1
9303,freegame,0.0,67.4
9304,freegame,0.0,67.2
9305,freegame,0.0,65.7
9306,freegame,0.0,135.4
9307,freegame,0.0,170.1
9308,freegame,0.0,89.5
9309,freegame,1.5,285.0
9310,freegame,0.0,21.2
9311,freegame,0.0,296.8
9312,freegame,0.0,179.9
9313,freegame,0.0,145.0
9314,freegame,0.0,1004.4
9315,freegame,0.0,106.5
9316,freegame,0.0,78.6
9317,freegame,2.0,848.0
9318,freegame,0.0,315.3
9319,freegame,0.0,70.9
9320,freegame,0.0,79.4
9321,freegame,1.3,267.7
9322,freegame,0.8,2.6
9323,freegame,0.0,15.0
9324,freegame,0.0,144.0
9325,freegame,0.0,7.1
9326,freegame,0.0,246.2
9327,freegame,0.0,200.5
9328,freegame,4.7,22.5
9329,freegame,3.0,180.7
9330,freegame,0.0,222.6
9331,freegame,0.0,650.7
9332,freegame,0.0,31.6
9333,freegame,0.0,35.5
9334,freegame,0.4,149.6
9335,freegame,0.0,36.0
9336,freegame,1.2,500.4
9337,freegame,0.0,105.4
9338,freegame,0.0,134.2
9339,freegame,0.6,236.6
9340,freegame,5.0,266.1
9341,freegame,5.7,10.4
9342,freegame,0.0,150.1
9343,freegame,0.0,331.4
9344,freegame,0.0,930.5
9345,freegame,0.0,216.0
9346,freegame,3.8,81.1
9347,freegame,0.0,68.6
9348,freegame,0.0,159.8
9349,freegame,0.0,15.4
9350,freegame,0.0,220.3
9351,freegame,0.0,126.9
9352,freegame,0.0,9.4
9353,freegame,6.6,30.5
9354,freegame,3.8,168.7
9355,freegame,0.0,1509.1
9356,freegame,0.0,194.6
9357,freegame,0.0,24.8
9358,freegame,0.0,8.5
9359,freegame,0.0,21.0
9360,freegame,0.0,85.1
9361,freegame,0.0,128.4
9362,freegame,0.0,58.8
9363,freegame,0.6,53.0
9364,freegame,0.0,14.8
9365,freegame,1.7,35.5
9366,freegame,0.0,157.7
9367,freegame,0.0,128.7
9368,freegame,0.6,87.7
9369,freegame,0.0,131.4
9370,freegame,0.0,332.3
9371,freegame,1.0,23.6
9372,freegame,0.0,204.8
9373,freegame,0.0,89.1
9374,freegame,0.0,52.3
9375,freegame,0.0,98.0
9376,freegame,0.4,188.6
9377,freegame,0.0,165.2
9378,freegame,0.0,139.5
9379,freegame,0.0,188.7
9380,freegame,0.0,1164.5
9381,freegame,0.0,16.1
9382,freegame,0.0,112.7
9383,freegame,0.0,73.4
9384,freegame,5.0,113.0
9385,freegame,0.0,12.8
9386,freegame,0.0,59.8
9387,freegame,2.0,16.5
9388,freegame,0.0,61.3
9389,freegame,0.0,183.3
9390,freegame,0.0,54.1
9391,freegame,0.0,109.2
9392,freegame,2.0,67.1
9393,freegame,0.0,8.7
9394,freegame,0.0,49.4
9395,freegame,5.4,129.5
9396,freegame,0.0,93.7
9397,freegame,0.0,158.9
9398,freegame,0.0,421.5
9399,freegame,0.0,118.4
9400,freegame,0.0,365.0
9401,freegame,0.0,25.3
9402,freegame,0.0,69.5
9403,freegame,0.0,88.6
9404,freegame,1.0,636.9
9405,freegame,0.0,274.0
9406,freegame,0.0,53.6
9407,freegame,0.0,124.6
9408,freegame,2.0,13.5
9409,freegame,0.0,75.4
9410,freegame,0.0,556.2
9411,freegame,0.0,85.8
9412,freegame,0.0,41.9
9413,freegame,0.0,71.4
9414,freegame,0.0,103.1
9415,freegame,9.8,29.2
9416,freegame,0.0,77.3
9417,freegame,0.0,217.9
9418,freegame,0.0,34.6
9419,freegame,0.0,119.5
9420,freegame,0.0,21.1
9421,freegame,0.0,15.7
9422,freegame,0.0,32.6
9423,freegame,4.7,183.9
9424,freegame,0.0,453.9
9425,freegame,1.0,63.4
9426,freegame,0.0,305.9
9427,freegame,0.0,1113.2
9428,freegame,0.0,108.5
9429,freegame,0.0,31.4
9430,freegame,0.0,272.7
9431,freegame,0.0,49.6
9432,freegame,0.6,48.9
9433,freegame,0.0,40.6
9434,freegame,1.0,154.1
9435,freegame,1.0,200.8
9436,freegame,0.0,369.2
9437,freegame,5.0,170.9
9438,freegame,3.2,467.3
9439,freegame,0.0,320.1
9440,freegame,0.0,45.5
9441,freegame,0.0,63.1
9442,freegame,0.0,393.9
9443,freegame,0.0,191.6
9444,freegame,5.0,380.1
9445,freegame,5.0,63.6
9446,freegame,0.0,549.8
9447,freegame,0.0,27.3
9448,freegame,0.0,40.4
9449,freegame,0.0,901.1
9450,freegame,0.0,184.2
9451,freegame,1.0,477.3
9452,freegame,0.4,73.3
9453,freegame,0.0,18.2
9454,freegame,0.0,27.9
9455,freegame,0.0,80.4
9456,freegame,0.0,186.7
9457,freegame,0.0,598.0
9458,freegame,0.0,7.6
9459,freegame,0.0,60.1
9460,freegame,0.0,69.7
9461,freegame,0.0,144.1
9462,freegame,0.0,52.1
9463,freegame,0.8,237.1
9464,freegame,0.0,24.3
9465,freegame,2.5,14.0
9466,freegame,0.0,197.8
9467,freegame,0.0,0.2
9468,freegame,0.0,85.4
9469,freegame,0.0,81.4
9470,freegame,0.0,70.7
9471,freegame,0.0,50.3
9472,freegame,2.5,62.2
9473,freegame,0.0,98.8
9474,freegame,0.0,30.2
9475,freegame,0.0,8.5
9476,freegame,1.0,187.7
9477,freegame,0.0,63.5
9478,freegame,0.0,29.2
9479,freegame,0.0,42.7
9480,freegame,0.0,25.1
9481,freegame,0.0,3.0
9482,freegame,0.6,96.9
9483,freegame,0.0,131.6
9484,freegame,2.6,45.6
9485,freegame,2.2,37.7
9486,freegame,0.0,164.9
9487,freegame,0.0,85.4
9488,freegame,5.0,123.2
9489,freegame,3.2,94.3
9490,freegame,0.0,278.6
9491,freegame,0.0,48.0
9492,freegame,0.0,10.4
9493,freegame,0.0,61.9
9494,freegame,1.0,1234.8
9495,freegame,0.0,107.3
9496,freegame,0.0,48.1
9497,freegame,0.0,782.5
9498,freegame,0.0,13.6
9499,freegame,0.0,31.4
9500,freegame,0.0,187.6
9501,freegame,3.2,24.1
9502,freegame,0.0,9.0
9503,freegame,0.0,627.7
9504,freegame,0.0,27.0
9505,freegame,0.0,14.1
9506,freegame,1.9,627.4
9507,freegame,1.6,46.6
9508,freegame,0.0,888.5
9509,freegame,0.0,27.5
9510,freegame,0.0,51.5
9511,freegame,0.0,300.6
9512,freegame,0.0,50.0
9513,freegame,0.0,84.0
9514,freegame,0.0,29.4
9515,freegame,0.0,434.5
9516,freegame,0.4,53.3
9517,freegame,5.6,46.9
9518,freegame,0.0,167.5
9519,freegame,0.0,117.2
9520,freegame,0.0,100.4
9521,freegame,0.4,130.5
9522,freegame,0.0,209.6
9523,freegame,2.0,173.2
9524,freegame,0.0,99.6
9525,freegame,0.0,43.7
9526,freegame,0.0,142.3
9527,freegame,1.5,6.4
9528,freegame,0.0,93.6
9529,freegame,0.0,318.9
9530,freegame,0.0,331.8
9531,freegame,0.0,64.5
9532,freegame,0.0,409.0
9533,freegame,0.0,80.0
9534,wincap,0.0,5000.0
9535,freegame,5.0,11.6
9536,freegame,0.0,46.7
9537,freegame,0.0,223.6
9538,freegame,0.0,43.8
9539,freegame,0.0,553.8
9540,freegame,0.6,64.7
9541,freegame,1.0,74.6
9542,freegame,0.0,264.7
9543,freegame,0.0,33.1
9544,freegame,0.0,514.4
9545,freegame,1.3,85.3
9546,freegame,0.0,16.4
9547,freegame,2.0,113.2
9548,freegame,0.0,112.4
9549,freegame,1.2,198.1
9550,freegame,0.0,168.0
9551,freegame,0.0,16.8
9552,freegame,0.0,220.5
9553,freegame,0.0,23.8
9554,freegame,0.0,128.4
9555,freegame,0.0,11.2
9556,freegame,0.0,60.0
9557,freegame,0.0,103.8
9558,freegame,0.0,157.6
9559,freegame,0.0,703.1
9560,freegame,6.0,35.6
9561,freegame,0.0,181.5
9562,freegame,0.0,60.6
9563,freegame,0.0,90.6
9564,freegame,0.0,70.0
9565,freegame,10.0,126.5
9566,freegame,0.0,17.0
9567,freegame,0.0,99.8
9568,freegame,0.2,479.5
9569,freegame,0.0,63.7
9570,freegame,0.0,28.7
9571,freegame,0.0,66.7
9572,freegame,0.0,73.1
9573,freegame,1.3,72.1
9574,freegame,0.0,591.1
9575,freegame,0.0,15.3
9576,freegame,0.0,26.6
9577,freegame,0.0,762.7
9578,freegame,0.0,369.6
9579,freegame,0.0,44.7
9580,freegame,0.4,32.3
9581,freegame,0.0,208.1
9582,freegame,2.5,138.1
9583,freegame,0.0,97.7
9584,freegame,0.0,98.8
9585,freegame,0.0,17.3
9586,freegame,6.4,68.2
9587,freegame,0.0,356.3
9588,freegame,0.0,141.7
9589,freegame,0.6,189.1
9590,freegame,0.0,428.3
9591,freegame,0.0,266.9
9592,freegame,5.4,39.8
9593,freegame,0.0,92.8
9594,freegame,0.0,113.3
9595,freegame,0.0,131.0
9596,freegame,0.0,121.6
9597,freegame,0.0,60.1
9598,freegame,0.2,85.0
9599,freegame,0.0,50.6
9600,freegame,0.0,31.0
9601,freegame,0.0,5.0
9602,freegame,0.0,123.4
9603,freegame,0.0,539.4
9604,freegame,0.0,422.1
9605,freegame,0.0,157.3
9606,freegame,0.0,285.6
9607,freegame,0.0,115.9
9608,freegame,3.2,332.3
9609,freegame,2.5,3.9
9610,freegame,0.0,263.9
9611,freegame,0.0,2.8
9612,freegame,0.0,36.8
9613,freegame,0.0,162.8
9614,freegame,0.0,64.2
9615,freegame,0.0,109.7
9616,freegame,0.6,115.6
9617,freegame,0.0,131.8
9618,freegame,0.0,134.0
9619,freegame,0.0,473.0
9620,freegame,0.0,83.3
9621,freegame,0.0,105.0
9622,freegame,0.0,245.9
9623,freegame,0.0,22.6
9624,freegame,0.0,22.4
9625,freegame,2.5,795.5
9626,freegame,0.0,7.4
9627,freegame,0.0,23.2
9628,freegame,0.0,61.4
9629,freegame,0.0,433.2
9630,freegame,0.0,65.0
9631,freegame,5.0,161.6
9632,freegame,2.0,176.0
9633,freegame,0.0,293.9
9634,freegame,0.0,3.2
9635,freegame,0.0,88.8
9636,freegame,0.0,199.2
9637,freegame,0.0,19.4
9638,freegame,6.0,249.4
9639,freegame,0.0,12.3
9640,freegame,0.0,67.9
9641,freegame,0.0,179.9
9642,freegame,0.0,20.5
9643,freegame,0.0,208.9
9644,freegame,0.0,121.7
9645,freegame,3.5,108.7
9646,freegame,1.2,161.1
9647,freegame,0.4,106.8
9648,freegame,0.0,0.0
9649,freegame,0.0,149.7
9650,freegame,0.0,69.6
9651,freegame,2.0,89.9
9652,freegame,0.0,104.8
9653,freegame,2.1,127.9
9654,freegame,0.0,241.3
9655,freegame,0.0,158.5
9656,freegame,0.6,19.8
9657,freegame,0.0,417.2
9658,freegame,0.0,103.4
9659,freegame,0.0,62.6
9660,freegame,0.0,79.9
9661,freegame,0.0,305.0
9662,freegame,6.8,80.2
9663,freegame,0.0,90.4
9664,freegame,0.0,61.4
9665,freegame,1.6,22.2
9666,freegame,0.0,114.7
9667,freegame,3.8,15.5
9668,freegame,0.0,70.2
9669,freegame,6.0,31.8
9670,freegame,0.0,71.0
9671,freegame,0.0,117.5
9672,freegame,0.0,89.5
9673,freegame,0.0,555.8
9674,freegame,0.0,83.7
9675,freegame,0.0,922.0
9676,freegame,0.0,85.1
9677,freegame,0.4,123.5
9678,freegame,2.4,68.0
9679,freegame,0.6,15.6
9680,freegame,0.0,8.0
9681,freegame,0.0,34.7
9682,freegame,0.0,36.0
9683,freegame,0.0,204.1
9684,freegame,0.0,323.2
9685,freegame,0.0,31.2
9686,freegame,0.0,178.3
9687,freegame,0.0,194.4
9688,freegame,0.0,1312.3
9689,freegame,0.0,15.4
9690,freegame,0.0,570.5
9691,freegame,2.0,17.3
9692,freegame,0.0,803.1
9693,freegame,0.0,111.2
9694,freegame,1.4,15.2
9695,freegame,0.0,76.3
9696,freegame,0.0,210.7
9697,freegame,0.0,203.8
9698,freegame,0.8,78.2
9699,freegame,0.0,113.8
9700,freegame,1.2,198.0
9701,freegame,1.0,79.0
9702,freegame,5.8,88.1
9703,freegame,0.0,274.9
9704,freegame,9.2,128.9
9705,freegame,0.0,66.0
9706,freegame,0.0,165.4
9707,freegame,0.0,31.0
9708,freegame,0.0,20.4
9709,freegame,0.0,536.6
9710,freegame,0.0,184.3
9711,freegame,0.0,268.5
9712,freegame,0.0,1051.2
9713,freegame,0.0,425.1
9714,freegame,1.5,259.6
9715,freegame,2.5,43.9
9716,freegame,2.0,44.8
9717,freegame,0.0,59.7
9718,freegame,0.0,105.7
9719,freegame,0.0,69.8
9720,freegame,1.9,153.2
9721,freegame,0.0,24.1
9722,freegame,3.1,424.6
9723,freegame,0.0,32.4
9724,freegame,2.0,211.7
9725,freegame,0.0,34.7
9726,freegame,0.0,64.1
9727,freegame,0.0,25.4
9728,freegame,1.3,217.0
9729,freegame,0.2,287.1
9730,freegame,0.0,103.8
9731,freegame,0.0,548.1
9732,freegame,0.0,226.1
9733,freegame,2.0,87.6
9734,freegame,0.0,339.5
9735,freegame,0.0,30.0
9736,freegame,0.0,47.3
9737,freegame,0.0,59.8
9738,freegame,0.0,361.1
9739,freegame,0.0,1103.9
9740,freegame,2.0,55.0
9741,freegame,0.0,457.8
9742,freegame,0.0,30.8
9743,freegame,0.0,22.3
9744,freegame,0.0,21.7
9745,freegame,0.0,61.9
9746,freegame,0.0,15.2
9747,freegame,0.0,7.4
9748,freegame,0.0,43.5
9749,freegame,5.0,5.1
9750,freegame,0.0,709.0
9751,freegame,0.0,53.6
9752,freegame,0.0,582.0
9753,freegame,0.0,9.7
9754,freegame,0.0,151.9
9755,freegame,0.0,36.9
9756,freegame,0.0,135.6
9757,freegame,0.0,8.5
9758,freegame,0.0,458.5
9759,wincap,0.0,5000.0
9760,freegame,0.0,62.0
9761,freegame,0.0,1054.2
9762,freegame,0.0,69.7
9763,freegame,0.6,251.7
9764,freegame,0.0,5.2
9765,freegame,0.0,337.0
9766,freegame,2.3,115.3
9767,freegame,0.0,263.8
9768,freegame,1.0,85.6
9769,freegame,0.0,35.0
9770,freegame,0.0,494.1
9771,freegame,1.5,44.2
9772,freegame,2.8,4.2
9773,freegame,4.0,122.5
9774,freegame,0.0,353.0
9775,freegame,0.0,591.2
9776,freegame,0.0,32.6
9777,freegame,0.0,19.0
9778,freegame,6.5,45.7
9779,freegame,0.0,2.2
9780,freegame,0.0,609.0
9781,freegame,0.0,180.9
9782,freegame,3.6,99.8
9783,freegame,5.0,75.3
9784,freegame,0.0,12.1
9785,freegame,2.0,44.2
9786,freegame,0.0,10.8
9787,freegame,5.0,30.7
9788,freegame,3.2,98.5
9789,freegame,0.0,222.3
9790,freegame,5.0,947.5
9791,freegame,0.0,314.5
9792,freegame,0.0,319.3
9793,freegame,6.0,391.1
9794,freegame,4.5,45.4
9795,freegame,0.0,322.7
9796,freegame,1.3,31.1
9797,freegame,13.5,81.2
9798,freegame,0.0,417.6
9799,freegame,0.0,21.1
9800,freegame,2.1,340.5
9801,freegame,0.0,389.0
9802,freegame,0.0,20.0
9803,freegame,2.5,9.1
9804,freegame,0.0,530.1
9805,freegame,0.0,137.4
9806,freegame,0.0,29.5
9807,freegame,5.0,56.5
9808,freegame,0.6,87.0
9809,freegame,0.0,32.1
9810,freegame,0.0,37.8
9811,freegame,0.8,53.4
9812,freegame,0.0,122.7
9813,freegame,0.0,52.8
9814,freegame,0.0,257.1
9815,freegame,0.0,64.2
9816,freegame,1.3,94.5
9817,freegame,0.0,132.5
9818,freegame,0.6,685.3
9819,freegame,1.0,415.8
9820,freegame,0.0,216.7
9821,freegame,4.7,7.1
9822,freegame,0.0,82.2
9823,freegame,0.0,1089.5
9824,freegame,0.0,271.5
9825,freegame,0.0,398.0
9826,freegame,0.6,93.3
9827,freegame,5.0,392.8
9828,freegame,3.5,565.2
9829,freegame,0.0,48.5
9830,freegame,0.0,313.9
9831,freegame,0.6,8.1
9832,freegame,0.6,26.6
9833,freegame,0.0,188.5
9834,freegame,4.0,51.4
9835,freegame,0.0,413.9
9836,freegame,0.8,388.8
9837,freegame,0.0,66.0
9838,freegame,0.0,49.2
9839,freegame,6.9,507.6
9840,freegame,0.0,67.9
9841,freegame,0.0,59.7
9842,freegame,6.0,22.4
9843,freegame,0.4,406.9
9844,freegame,0.0,20.2
9845,freegame,2.0,94.7
9846,freegame,1.9,975.9
9847,freegame,0.0,192.2
9848,freegame,0.0,669.8
9849,freegame,0.0,62.5
9850,freegame,0.0,16.8
9851,freegame,0.0,55.7
9852,freegame,0.4,100.2
9853,freegame,0.0,240.2
9854,freegame,0.0,103.8
9855,freegame,4.1,24.0
9856,freegame,0.0,151.9
9857,freegame,1.5,209.8
9858,freegame,0.0,584.7
9859,freegame,6.2,158.1
9860,freegame,0.0,24.7
9861,freegame,0.0,21.7
9862,freegame,0.0,21.0
9863,freegame,0.0,460.3
9864,freegame,0.0,99.3
9865,freegame,0.0,426.7
9866,freegame,0.0,57.7
9867,freegame,0.0,146.5
9868,freegame,0.0,821.5
9869,freegame,0.0,209.8
9870,freegame,1.0,70.9
9871,freegame,0.0,168.1
9872,freegame,1.5,67.3
9873,freegame,0.0,24.0
9874,freegame,7.4,1022.9
9875,freegame,0.0,15.8
9876,freegame,0.0,25.6
9877,freegame,0.0,245.9
9878,freegame,2.6,62.5
9879,freegame,0.0,270.0
9880,freegame,0.0,59.8
9881,freegame,0.6,6.9
9882,freegame,0.0,32.4
9883,freegame,0.0,77.7
9884,freegame,0.0,77.2
9885,freegame,0.0,30.8
9886,freegame,0.0,146.5
9887,freegame,5.6,50.6
9888,freegame,0.6,193.1
9889,freegame,0.0,7.7
9890,freegame,0.0,517.4
9891,freegame,2.0,201.1
9892,freegame,2.5,188.0
9893,freegame,0.0,206.4
9894,freegame,0.0,76.8
9895,freegame,0.0,125.2
9896,freegame,0.0,691.5
9897,freegame,1.7,175.6
9898,freegame,0.0,314.2
9899,freegame,0.0,27.2
9900,freegame,0.0,166.9
9901,freegame,0.0,13.2
9902,freegame,0.0,270.1
9903,freegame,0.0,24.5
9904,freegame,2.6,26.0
9905,freegame,0.0,569.5
9906,freegame,0.0,48.8
9907,freegame,0.0,48.7
9908,freegame,0.0,238.8
9909,freegame,0.0,73.7
9910,freegame,1.0,166.3
9911,freegame,0.6,49.0
9912,freegame,0.0,247.0
9913,freegame,0.0,28.3
9914,freegame,1.3,121.3
9915,freegame,0.0,321.8
9916,freegame,0.6,44.7
9917,freegame,0.0,78.4
9918,freegame,0.0,28.2
9919,freegame,0.0,211.9
9920,freegame,0.0,41.9
9921,freegame,0.0,71.2
9922,freegame,1.0,94.2
9923,freegame,0.0,130.8
9924,freegame,1.8,137.9
9925,freegame,0.0,5.7
9926,freegame,0.0,69.7
9927,freegame,0.0,130.7
9928,freegame,0.0,19.9
9929,freegame,0.0,2.7
9930,freegame,0.0,112.8
9931,freegame,0.0,53.4
9932,freegame,0.0,166.0
9933,freegame,1.3,80.4
9934,freegame,0.0,280.8
9935,freegame,0.0,127.8
9936,freegame,3.0,67.5
9937,freegame,0.0,120.1
9938,freegame,0.0,279.5
9939,freegame,0.0,232.2
9940,freegame,0.0,57.5
9941,freegame,1.5,111.3
9942,freegame,0.0,157.8
9943,freegame,0.0,76.5
9944,freegame,0.0,223.4
9945,freegame,0.0,20.9
9946,freegame,0.0,84.4
9947,freegame,0.0,80.4
9948,freegame,5.0,5.2
9949,freegame,0.0,167.4
9950,freegame,0.0,706.2
9951,freegame,1.5,27.4
9952,freegame,0.0,35.1
9953,freegame,5.0,173.2
9954,freegame,6.5,33.0
9955,freegame,0.0,141.6
9956,freegame,1.2,75.8
9957,freegame,0.0,954.7
9958,freegame,0.0,45.6
9959,freegame,1.3,164.0
9960,freegame,0.0,35.4
9961,freegame,3.1,100.0
9962,freegame,0.0,8.4
9963,freegame,0.0,83.3
9964,freegame,0.0,78.7
9965,freegame,0.0,542.7
9966,freegame,3.3,8.2
9967,freegame,0.0,103.9
9968,freegame,0.0,66.9
9969,freegame,0.8,42.4
9970,freegame,0.0,51.1
9971,freegame,0.0,51.5
9972,freegame,0.0,176.8
9973,freegame,11.0,75.3
9974,freegame,0.0,128.0
9975,freegame,0.0,27.3
9976,freegame,0.0,89.9
9977,freegame,0.0,380.4
9978,freegame,0.0,358.4
9979,freegame,0.0,160.2
9980,freegame,0.0,23.8
9981,freegame,0.0,73.0
9982,freegame,0.0,420.6
9983,freegame,0.0,23.2
9984,freegame,0.0,77.7
9985,freegame,0.0,145.6
9986,freegame,0.0,84.6
9987,freegame,0.0,102.1
9988,freegame,7.5,615.2
9989,freegame,0.0,78.6
9990,freegame,10.0,164.0
9991,freegame,0.0,14.9
9992,freegame,2.7,67.8
9993,freegame,7.5,194.0
9994,freegame,0.0,456.9
9995,freegame,1.2,266.9
9996,freegame,0.0,44.3
9997,freegame,0.0,76.2
9998,freegame,0.0,1228.7
9999,freegame,1.0,301.1
