0,freegame,1.3,211.6
1,freegame,26.0,134.6
2,freegame,0.0,98.4
3,freegame,0.0,157.8
4,freegame,0.0,173.5
5,freegame,0.0,78.7
6,freegame,0.0,18.4
7,freegame,0.0,34.4
8,freegame,0.0,93.1
9,freegame,0.0,53.2
10,freegame,1.2,191.6
11,freegame,0.0,1204.2
12,freegame,0.0,426.9
13,freegame,2.6,251.3
14,freegame,0.0,6.3
15,freegame,1.5,12.4
16,freegame,0.0,242.9
17,freegame,0.0,226.8
18,freegame,0.0,429.1
19,freegame,0.0,265.4
20,freegame,0.0,13.7
21,freegame,0.0,395.5
22,freegame,0.0,234.2
23,freegame,0.0,39.2
24,freegame,0.0,143.8
25,freegame,0.0,26.9
26,freegame,0.0,517.5
27,freegame,23.8,84.9
28,freegame,0.0,78.2
29,freegame,0.0,148.2
30,freegame,0.0,20.8
31,freegame,0.0,87.5
32,freegame,7.8,312.3
33,freegame,0.0,40.8
34,freegame,0.0,220.6
35,freegame,55.0,88.7
36,freegame,0.6,281.6
37,freegame,11.7,446.7
38,freegame,0.0,191.4
39,freegame,0.0,23.6
40,freegame,2.4,483.8
41,freegame,22.0,347.1
42,freegame,24.0,188.6
43,freegame,60.8,111.8
44,freegame,2.6,221.8
45,freegame,12.0,144.8
46,freegame,0.0,79.1
47,freegame,0.0,24.4
48,freegame,0.0,86.0
49,freegame,0.0,170.4
50,freegame,0.0,1003.1
51,freegame,0.0,148.8
52,freegame,0.0,15.8
53,freegame,12.0,8.1
54,freegame,0.0,225.6
55,freegame,0.0,219.7
56,freegame,0.0,223.2
57,freegame,25.3,421.1
58,freegame,0.0,54.7
59,freegame,0.0,52.3
60,freegame,0.0,68.4
61,freegame,0.0,203.5
62,freegame,0.0,356.5
63,freegame,0.0,105.6
64,freegame,22.0,651.9
65,freegame,53.2,80.1
66,freegame,0.0,36.6
67,freegame,0.0,149.4
68,freegame,20.8,132.2
69,freegame,0.0,31.9
70,freegame,0.0,703.5
71,freegame,0.0,20.6
72,freegame,1.0,450.9
73,freegame,0.0,412.3
74,freegame,0.0,238.4
75,freegame,0.0,55.2
76,freegame,0.0,98.7
77,freegame,0.0,145.9
78,freegame,39.0,45.9
79,freegame,18.5,58.1
80,freegame,16.0,83.5
81,freegame,0.0,51.3
82,freegame,0.0,383.0
83,freegame,0.0,244.4
84,freegame,0.0,126.8
85,freegame,0.0,81.0
86,freegame,0.0,31.5
87,freegame,0.0,14.2
88,freegame,15.5,23.0
89,freegame,0.0,273.2
90,freegame,0.0,114.0
91,freegame,0.0,314.1
92,freegame,0.0,1200.6
93,freegame,0.0,378.5
94,freegame,0.0,394.7
95,freegame,0.0,449.7
96,freegame,3.6,476.4
97,freegame,0.0,93.7
98,freegame,0.0,398.2
99,freegame,0.0,120.4
100,freegame,0.0,537.3
101,freegame,0.0,78.6
102,freegame,0.0,401.4
103,freegame,0.0,437.9
104,freegame,0.0,79.4
105,freegame,0.0,284.3
106,freegame,0.0,40.1
107,freegame,0.0,106.8
108,freegame,0.0,88.6
109,freegame,0.0,380.3
110,freegame,0.0,12.5
111,freegame,0.0,171.8
112,freegame,0.0,119.4
113,freegame,0.0,446.7
114,freegame,26.0,245.2
115,freegame,42.0,378.1
116,freegame,0.0,68.5
117,freegame,32.5,44.6
118,freegame,0.0,189.2
119,freegame,124.8,33.2
120,freegame,0.0,151.6
121,freegame,0.0,12.7
122,freegame,0.0,387.5
123,freegame,0.0,126.3
124,freegame,0.0,312.3
125,freegame,0.0,868.1
126,freegame,0.0,245.0
127,freegame,0.0,96.0
128,freegame,0.0,257.3
129,freegame,0.0,230.7
130,freegame,0.0,236.4
131,freegame,0.0,71.5
132,freegame,87.6,136.2
133,freegame,0.0,175.1
134,freegame,6.0,195.7
135,freegame,0.0,352.9
136,freegame,0.0,247.6
137,freegame,0.0,50.5
138,freegame,2.0,190.5
139,freegame,0.0,53.3
140,freegame,0.0,565.3
141,freegame,0.0,210.3
142,freegame,110.0,91.2
143,freegame,0.0,128.8
144,freegame,0.0,344.8
145,freegame,26.4,257.7
146,freegame,0.0,16.9
147,freegame,0.0,179.3
148,freegame,25.2,305.7
149,freegame,0.0,77.6
150,freegame,0.0,125.9
151,freegame,0.0,77.0
152,freegame,0.0,209.0
153,freegame,0.0,95.1
154,freegame,0.2,24.7
155,freegame,0.0,145.6
156,freegame,0.0,66.2
157,freegame,60.0,8.7
158,freegame,0.0,73.3
159,freegame,0.0,12.0
160,freegame,0.0,55.7
161,freegame,0.0,585.6
162,freegame,40.3,547.1
163,freegame,0.0,161.3
164,freegame,0.0,225.2
165,freegame,0.0,10.4
166,freegame,0.0,31.0
167,freegame,0.0,49.1
168,freegame,0.0,173.6
169,freegame,0.0,67.7
170,freegame,0.0,28.3
171,freegame,4.0,87.8
172,freegame,19.2,7.7
173,freegame,0.0,65.1
174,freegame,10.0,161.6
175,freegame,0.0,186.1
176,freegame,0.0,280.5
177,freegame,0.0,153.7
178,freegame,0.0,646.6
179,freegame,0.0,518.6
180,freegame,0.0,310.1
181,freegame,2.0,946.0
182,freegame,0.0,12.3
183,freegame,6.0,343.0
184,freegame,30.4,202.3
185,freegame,0.0,19.5
186,freegame,0.0,438.2
187,freegame,194.0,145.4
188,freegame,0.0,93.3
189,freegame,0.0,12.2
190,freegame,0.0,139.6
191,freegame,88.8,173.9
192,freegame,0.0,262.0
193,freegame,0.0,404.9
194,freegame,0.0,68.4
195,freegame,51.2,21.0
196,freegame,4.0,148.5
197,freegame,50.0,120.8
198,freegame,0.0,99.0
199,freegame,3.6,28.4
200,freegame,0.0,210.4
201,freegame,0.0,136.3
202,freegame,0.0,170.6
203,freegame,0.0,3.6
204,freegame,0.0,176.4
205,freegame,0.0,231.5
206,freegame,0.0,101.2
207,freegame,0.0,192.3
208,freegame,33.7,72.1
209,freegame,0.0,58.2
210,freegame,0.0,114.0
211,freegame,3.0,104.3
212,freegame,0.0,10.9
213,freegame,0.0,51.5
214,freegame,3.2,230.7
215,freegame,0.0,793.7
216,freegame,0.0,292.7
217,freegame,0.0,28.6
218,freegame,0.0,321.2
219,freegame,10.8,173.8
220,freegame,110.0,120.9
221,freegame,119.0,29.1
222,freegame,0.0,87.6
223,freegame,1.0,21.0
224,freegame,0.0,1.5
225,freegame,0.0,200.2
226,freegame,0.0,133.2
227,freegame,0.0,80.1
228,freegame,0.0,110.0
229,freegame,0.0,87.0
230,freegame,0.0,126.7
231,freegame,0.0,44.5
232,freegame,0.0,35.2
233,freegame,0.0,117.0
234,freegame,0.0,250.4
235,freegame,0.0,12.2
236,freegame,1.0,53.1
237,freegame,0.0,42.7
238,freegame,0.0,55.1
239,freegame,0.0,256.8
240,freegame,0.0,84.5
241,freegame,0.0,14.7
242,freegame,0.0,94.3
243,freegame,0.0,390.7
244,freegame,0.0,228.2
245,freegame,0.0,138.3
246,freegame,0.0,41.5
247,freegame,0.0,39.0
248,freegame,0.0,174.8
249,freegame,0.0,129.1
250,freegame,0.0,118.8
251,freegame,0.0,267.5
252,freegame,4.8,41.1
253,freegame,0.0,90.2
254,freegame,0.0,373.1
255,freegame,75.0,178.8
256,freegame,1.0,222.0
257,freegame,0.0,807.2
258,freegame,0.0,82.4
259,freegame,0.0,272.2
260,freegame,0.0,195.9
261,freegame,0.0,297.0
262,freegame,35.1,47.0
263,freegame,9.0,141.9
264,freegame,0.0,12.2
265,freegame,0.0,62.8
266,freegame,0.0,632.4
267,freegame,72.0,49.6
268,freegame,0.0,153.5
269,freegame,0.0,16.0
270,freegame,0.0,454.3
271,freegame,0.0,184.4
272,freegame,19.5,61.7
273,freegame,0.0,43.4
274,freegame,0.0,843.9
275,freegame,250.0,167.7
276,freegame,0.0,144.6
277,freegame,0.0,81.4
278,freegame,0.0,212.7
279,freegame,0.0,60.5
280,freegame,0.0,41.5
281,freegame,0.0,22.7
282,freegame,2.0,62.1
283,freegame,0.0,107.1
284,freegame,0.0,95.3
285,freegame,1.2,208.3
286,freegame,0.0,1.4
287,freegame,0.0,187.7
288,freegame,39.5,139.3
289,freegame,127.4,7.2
290,freegame,0.0,444.8
291,freegame,11.6,69.6
292,freegame,0.0,809.4
293,freegame,0.0,349.4
294,freegame,71.0,334.7
295,freegame,0.0,2.2
296,freegame,0.0,288.3
297,freegame,0.0,135.9
298,freegame,0.0,54.0
299,freegame,0.0,88.4
300,freegame,0.0,786.4
301,freegame,0.0,275.8
302,freegame,0.0,121.4
303,freegame,0.0,64.6
304,freegame,0.0,500.5
305,freegame,24.7,176.7
306,freegame,0.0,213.7
307,freegame,14.8,253.8
308,freegame,6.8,225.5
309,freegame,0.0,13.7
310,freegame,0.0,17.8
311,freegame,0.0,87.1
312,freegame,24.4,208.9
313,freegame,4.8,142.5
314,freegame,3.6,209.1
315,freegame,3.6,136.4
316,freegame,0.0,581.7
317,freegame,20.0,288.2
318,freegame,0.0,478.3
319,freegame,0.0,76.3
320,freegame,3.2,79.1
321,freegame,0.0,747.0
322,freegame,0.0,174.9
323,freegame,0.0,97.2
324,freegame,0.0,236.1
325,freegame,0.0,104.2
326,freegame,16.8,636.1
327,freegame,0.0,365.4
328,freegame,0.0,1154.1
329,freegame,0.0,36.5
330,freegame,0.0,195.9
331,freegame,0.0,9.0
332,freegame,14.5,377.7
333,freegame,37.8,218.3
334,freegame,0.0,70.5
335,freegame,14.0,20.6
336,freegame,8.0,149.2
337,freegame,0.0,14.4
338,freegame,0.0,1217.2
339,freegame,0.0,7.7
340,freegame,0.0,841.9
341,freegame,0.0,206.7
342,freegame,0.0,18.6
343,freegame,0.0,45.9
344,freegame,0.0,264.7
345,freegame,0.0,301.8
346,freegame,133.6,25.1
347,freegame,0.0,478.9
348,freegame,7.6,10.2
349,freegame,4.0,403.6
350,freegame,48.0,1004.1
351,freegame,0.0,8.9
352,freegame,0.0,9.0
353,freegame,0.0,264.0
354,freegame,8.4,67.7
355,freegame,0.0,79.7
356,freegame,11.2,36.4
357,freegame,0.0,30.5
358,freegame,0.0,225.3
359,freegame,0.0,162.9
360,freegame,0.0,310.2
361,freegame,0.0,197.3
362,freegame,0.0,180.0
363,freegame,0.0,374.6
364,freegame,18.0,84.4
365,freegame,0.0,166.7
366,freegame,0.0,30.6
367,wincap,0.0,5000.0
368,freegame,0.0,244.1
369,freegame,36.0,36.7
370,freegame,0.0,321.4
371,freegame,0.0,171.5
372,freegame,0.0,190.4
373,freegame,0.0,64.2
374,freegame,0.0,78.2
375,freegame,0.0,569.9
376,freegame,0.0,67.5
377,freegame,0.0,103.5
378,freegame,0.0,86.3
379,freegame,0.0,337.7
380,freegame,0.0,57.9
381,freegame,0.0,41.4
382,freegame,0.0,81.9
383,freegame,0.0,66.1
384,freegame,4.0,283.5
385,freegame,8.0,63.1
386,freegame,2.0,151.7
387,freegame,50.0,268.8
388,freegame,0.0,229.6
389,freegame,0.0,353.4
390,freegame,0.0,55.4
391,freegame,0.0,182.0
392,freegame,0.0,31.9
393,freegame,0.0,144.3
394,freegame,111.4,38.7
395,freegame,5.0,617.5
396,freegame,0.0,73.9
397,freegame,0.0,274.6
398,freegame,0.0,22.4
399,freegame,0.0,93.6
400,freegame,31.0,81.3
401,freegame,1.8,9.9
402,freegame,0.0,270.6
403,freegame,0.0,178.5
404,freegame,0.0,108.6
405,freegame,0.0,91.4
406,freegame,0.0,106.9
407,freegame,0.0,821.5
408,freegame,150.0,644.7
409,freegame,0.0,243.2
410,freegame,0.0,69.7
411,freegame,0.0,523.7
412,freegame,0.0,485.8
413,freegame,25.5,155.1
414,freegame,0.0,46.0
415,freegame,0.0,111.3
416,freegame,13.0,230.2
417,freegame,0.0,4.4
418,freegame,0.0,83.9
419,freegame,0.0,58.1
420,freegame,22.0,323.0
421,freegame,16.8,69.1
422,freegame,60.0,387.0
423,freegame,1.8,55.8
424,freegame,0.0,691.0
425,freegame,14.3,257.1
426,freegame,0.0,134.4
427,freegame,0.0,11.3
428,freegame,2.0,367.6
429,freegame,157.8,143.5
430,freegame,6.4,125.7
431,freegame,0.0,44.0
432,freegame,0.0,154.5
433,freegame,82.3,168.4
434,freegame,0.0,873.9
435,freegame,2.0,47.9
436,freegame,0.0,754.6
437,freegame,89.6,18.9
438,freegame,0.0,13.5
439,freegame,0.4,150.1
440,freegame,0.0,248.1
441,freegame,0.0,248.6
442,freegame,0.0,147.6
443,freegame,0.0,657.4
444,freegame,0.0,71.1
445,freegame,0.0,72.9
446,freegame,0.0,552.1
447,freegame,118.0,182.8
448,freegame,0.0,171.2
449,freegame,0.0,30.1
450,freegame,0.0,25.7
451,freegame,0.0,42.8
452,freegame,0.0,472.8
453,freegame,7.8,229.8
454,freegame,0.0,88.5
455,freegame,0.0,120.1
456,freegame,146.1,113.8
457,freegame,0.0,24.2
458,freegame,0.0,276.7
459,freegame,0.0,1298.6
460,freegame,0.0,271.5
461,freegame,0.0,70.7
462,freegame,15.6,24.3
463,freegame,0.0,441.1
464,freegame,0.0,112.9
465,freegame,0.0,700.0
466,freegame,180.6,57.5
467,freegame,0.0,349.3
468,freegame,0.0,384.1
469,freegame,0.0,261.8
470,freegame,0.0,287.0
471,freegame,0.0,63.7
472,freegame,0.0,443.0
473,freegame,0.0,196.1
474,freegame,0.0,24.9
475,freegame,0.0,91.6
476,freegame,25.0,656.6
477,freegame,0.0,386.0
478,freegame,0.6,389.8
479,freegame,0.0,180.6
480,freegame,137.3,487.2
481,freegame,13.2,77.8
482,freegame,0.0,90.0
483,freegame,0.0,184.7
484,freegame,70.0,583.8
485,freegame,0.0,20.6
486,freegame,0.0,39.3
487,freegame,16.8,302.1
488,freegame,0.0,350.0
489,freegame,0.0,127.5
490,freegame,0.0,35.9
491,freegame,452.0,55.6
492,freegame,0.0,54.0
493,freegame,0.0,186.3
494,freegame,0.0,33.8
495,freegame,0.0,144.4
496,freegame,3.0,196.6
497,freegame,0.0,352.1
498,freegame,0.0,53.2
499,freegame,4.8,145.7
500,freegame,4.4,797.4
501,freegame,0.0,38.8
502,freegame,0.0,60.8
503,freegame,0.0,214.7
504,freegame,0.0,106.8
505,freegame,0.0,283.0
506,freegame,0.0,18.1
507,freegame,0.0,342.4
508,freegame,0.0,466.9
509,freegame,0.0,2.9
510,freegame,0.0,535.4
511,freegame,0.0,327.6
512,freegame,0.0,130.9
513,freegame,0.0,153.8
514,freegame,57.6,219.4
515,freegame,0.0,44.9
516,freegame,0.0,8.8
517,freegame,0.0,236.0
518,freegame,0.0,575.1
519,freegame,0.0,533.3
520,freegame,10.0,218.1
521,freegame,0.0,142.9
522,freegame,0.0,408.6
523,freegame,7.2,1256.2
524,freegame,0.0,209.0
525,freegame,0.0,51.0
526,freegame,15.0,556.5
527,freegame,0.0,76.4
528,freegame,87.5,50.1
529,freegame,0.0,28.2
530,freegame,0.0,267.4
531,freegame,0.0,83.2
532,freegame,0.0,136.7
533,freegame,0.0,139.7
534,freegame,0.4,217.4
535,freegame,0.0,160.0
536,freegame,0.0,234.0
537,freegame,0.0,134.9
538,freegame,6.0,10.6
539,freegame,1.2,139.1
540,freegame,25.3,70.4
541,freegame,2.4,51.6
542,freegame,22.4,150.0
543,freegame,0.0,212.6
544,freegame,0.0,74.0
545,freegame,6.6,24.1
546,freegame,0.0,196.5
547,freegame,0.0,36.5
548,freegame,7.8,244.3
549,freegame,0.0,106.8
550,freegame,0.0,67.5
551,freegame,26.0,224.6
552,freegame,0.0,52.1
553,freegame,0.0,119.3
554,freegame,0.0,44.4
555,freegame,0.0,68.0
556,freegame,0.0,177.9
557,freegame,0.0,234.2
558,freegame,0.0,24.7
559,freegame,30.0,61.4
560,freegame,0.0,78.1
561,freegame,0.0,331.7
562,freegame,0.0,45.9
563,freegame,0.0,916.8
564,freegame,0.0,423.6
565,freegame,115.8,321.7
566,freegame,0.0,364.7
567,freegame,0.0,32.8
568,freegame,0.0,75.7
569,freegame,0.0,19.3
570,freegame,0.0,542.3
571,freegame,0.0,876.2
572,freegame,34.2,55.8
573,freegame,0.0,224.1
574,freegame,0.0,569.5
575,freegame,40.5,308.1
576,freegame,0.0,7.4
577,freegame,4.4,398.3
578,freegame,11.4,3.1
579,freegame,0.0,9.2
580,freegame,33.2,89.1
581,freegame,0.0,96.6
582,freegame,0.0,55.1
583,freegame,0.0,26.7
584,freegame,0.0,48.8
585,freegame,1.0,269.1
586,freegame,0.0,324.6
587,freegame,0.0,9.1
588,freegame,0.0,65.0
589,freegame,6.0,215.5
590,freegame,0.0,116.5
591,wincap,0.0,5000.0
592,freegame,34.0,189.0
593,freegame,0.0,121.6
594,freegame,10.0,117.2
595,freegame,0.0,161.3
596,freegame,0.0,890.1
597,freegame,0.0,37.8
598,freegame,0.0,124.2
599,freegame,0.0,130.0
600,freegame,0.0,521.9
601,freegame,0.0,68.2
602,freegame,0.0,67.6
603,freegame,3.6,20.5
604,freegame,2.4,46.6
605,freegame,0.0,83.8
606,freegame,85.0,161.2
607,freegame,0.0,330.2
608,freegame,0.0,307.6
609,freegame,60.8,320.9
610,freegame,14.0,784.7
611,freegame,0.0,181.2
612,freegame,0.0,106.6
613,freegame,4.8,54.5
614,freegame,2.0,197.9
615,freegame,9.0,441.0
616,freegame,0.0,348.1
617,freegame,0.0,67.4
618,freegame,8.0,31.7
619,freegame,0.0,246.6
620,freegame,0.0,248.6
621,freegame,0.0,200.0
622,freegame,8.0,200.9
623,freegame,0.0,112.7
624,freegame,0.0,694.1
625,freegame,0.0,354.8
626,freegame,0.0,163.0
627,freegame,65.0,88.3
628,freegame,14.0,32.3
629,freegame,0.0,167.8
630,freegame,0.0,134.5
631,freegame,0.0,32.7
632,freegame,22.0,369.4
633,freegame,0.0,20.5
634,freegame,0.0,184.8
635,freegame,0.0,236.6
636,freegame,0.0,1389.1
637,freegame,76.5,27.5
638,freegame,0.0,248.9
639,freegame,0.0,59.8
640,freegame,0.0,74.4
641,freegame,0.0,106.8
642,freegame,0.0,209.4
643,freegame,0.0,54.2
644,freegame,0.0,57.2
645,freegame,8.6,159.3
646,freegame,5.0,100.2
647,freegame,0.0,725.6
648,freegame,0.0,76.8
649,freegame,0.0,146.1
650,freegame,0.0,81.7
651,freegame,50.0,156.3
652,freegame,0.0,53.2
653,freegame,0.0,172.3
654,freegame,0.0,224.1
655,freegame,0.0,349.0
656,freegame,32.8,115.5
657,freegame,28.1,136.0
658,freegame,19.5,215.6
659,freegame,0.0,101.5
660,freegame,35.6,114.9
661,freegame,0.0,46.7
662,freegame,0.0,227.3
663,freegame,0.0,410.3
664,freegame,0.0,465.1
665,freegame,0.0,39.6
666,freegame,36.6,66.3
667,freegame,0.0,839.0
668,freegame,12.8,40.1
669,freegame,0.0,240.6
670,freegame,0.0,100.7
671,freegame,0.0,119.3
672,freegame,0.0,12.6
673,freegame,3.0,413.9
674,freegame,1.2,22.5
675,freegame,5.3,253.3
676,freegame,15.0,61.9
677,freegame,0.6,523.9
678,freegame,28.0,80.4
679,freegame,0.0,369.4
680,freegame,0.0,39.7
681,freegame,3.6,345.3
682,freegame,0.0,247.4
683,freegame,4.8,671.0
684,freegame,16.0,331.8
685,freegame,0.0,978.2
686,freegame,0.0,320.6
687,freegame,17.6,343.0
688,freegame,0.0,20.4
689,freegame,0.0,333.0
690,freegame,0.0,17.6
691,wincap,0.0,5000.0
692,freegame,0.0,73.9
693,freegame,0.0,208.7
694,freegame,18.0,67.1
695,freegame,0.0,106.9
696,freegame,0.0,126.1
697,freegame,3.2,582.5
698,freegame,12.6,189.7
699,freegame,0.0,982.6
700,freegame,0.0,25.4
701,freegame,21.4,251.7
702,freegame,0.0,17.3
703,freegame,0.0,873.9
704,freegame,0.0,149.3
705,freegame,0.0,315.5
706,freegame,15.6,113.7
707,freegame,0.0,89.7
708,freegame,0.0,161.4
709,freegame,0.0,29.5
710,freegame,1.0,505.0
711,freegame,0.0,423.5
712,freegame,0.0,314.4
713,freegame,0.0,113.3
714,freegame,0.0,151.7
715,freegame,0.0,21.1
716,freegame,2.4,388.3
717,freegame,0.0,155.7
718,freegame,0.0,425.4
719,freegame,0.0,50.5
720,freegame,14.4,14.9
721,freegame,0.0,183.5
722,freegame,0.0,97.3
723,freegame,0.0,268.4
724,freegame,6.0,164.3
725,freegame,22.0,232.1
726,freegame,0.0,1289.4
727,freegame,90.2,361.8
728,freegame,13.2,121.6
729,freegame,0.0,175.7
730,freegame,0.0,155.9
731,freegame,0.0,5.8
732,freegame,0.0,172.7
733,freegame,0.0,485.9
734,freegame,0.0,47.5
735,freegame,0.0,415.9
736,freegame,0.0,805.7
737,freegame,0.0,50.1
738,freegame,0.0,93.5
739,freegame,0.0,57.6
740,freegame,0.0,41.7
741,freegame,0.0,951.1
742,freegame,0.0,67.6
743,freegame,5.0,303.4
744,freegame,0.0,436.7
745,freegame,0.0,100.1
746,freegame,0.0,94.0
747,freegame,0.0,53.3
748,freegame,0.0,30.7
749,freegame,9.0,72.0
750,freegame,0.0,49.8
751,freegame,16.8,240.7
752,freegame,35.1,14.8
753,freegame,7.0,323.7
754,freegame,0.0,497.4
755,freegame,19.2,184.6
756,freegame,0.0,42.0
757,freegame,0.0,64.3
758,freegame,0.0,39.8
759,freegame,0.0,214.8
760,freegame,0.0,286.2
761,freegame,0.0,119.1
762,freegame,0.0,19.8
763,freegame,12.5,119.8
764,freegame,0.0,5.8
765,freegame,0.0,145.5
766,freegame,12.5,191.5
767,wincap,0.0,5000.0
768,freegame,0.0,52.9
769,freegame,0.0,19.6
770,freegame,0.0,159.1
771,freegame,3.2,47.5
772,freegame,0.0,87.7
773,freegame,0.0,190.4
774,freegame,0.0,89.7
775,freegame,0.0,115.1
776,freegame,0.0,851.0
777,freegame,38.0,112.3
778,freegame,0.0,904.3
779,freegame,80.0,16.4
780,freegame,2.0,41.0
781,freegame,4.8,199.2
782,freegame,0.0,31.2
783,freegame,0.0,86.3
784,freegame,2.4,199.0
785,freegame,0.0,66.1
786,freegame,0.0,3.3
787,freegame,0.0,186.1
788,freegame,0.6,78.8
789,freegame,0.0,25.2
790,freegame,0.0,19.3
791,freegame,0.0,163.3
792,freegame,83.4,161.8
793,freegame,0.0,8.0
794,freegame,0.0,1047.6
795,freegame,0.0,62.6
796,freegame,0.0,8.9
797,freegame,0.0,167.1
798,wincap,0.0,5000.0
799,freegame,479.7,299.6
800,freegame,0.0,140.7
801,freegame,0.0,107.3
802,freegame,0.0,83.8
803,freegame,0.0,55.1
804,freegame,18.0,296.4
805,freegame,0.0,44.3
806,freegame,0.0,166.1
807,freegame,0.0,438.0
808,freegame,0.0,114.6
809,freegame,0.0,201.3
810,freegame,0.0,288.2
811,freegame,0.0,428.4
812,freegame,0.0,398.2
813,freegame,0.0,39.6
814,freegame,6.0,14.1
815,freegame,0.0,10.0
816,freegame,0.0,134.0
817,freegame,0.0,1381.5
818,freegame,17.8,16.3
819,freegame,0.0,80.7
820,freegame,0.0,4.6
821,freegame,3.0,168.9
822,freegame,19.5,142.7
823,freegame,6.8,430.2
824,freegame,0.0,89.0
825,freegame,0.0,96.8
826,freegame,0.0,161.5
827,freegame,0.0,16.5
828,freegame,0.0,92.7
829,freegame,0.0,262.6
830,freegame,0.0,23.6
831,freegame,0.0,188.0
832,freegame,4.2,105.8
833,freegame,0.0,134.8
834,freegame,0.0,69.7
835,freegame,0.0,158.1
836,freegame,5.6,504.3
837,freegame,8.4,7.6
838,freegame,1.2,346.8
839,freegame,115.0,1189.6
840,freegame,0.0,107.9
841,freegame,141.4,418.2
842,freegame,1.0,181.7
843,freegame,3.6,4.0
844,freegame,0.0,186.6
845,freegame,10.8,1101.8
846,freegame,86.4,27.7
847,freegame,0.0,465.4
848,freegame,0.0,157.2
849,freegame,0.0,22.3
850,freegame,12.8,51.2
851,freegame,38.4,1.7
852,freegame,0.0,406.4
853,freegame,16.8,140.7
854,freegame,15.6,32.0
855,freegame,0.0,168.7
856,freegame,30.0,274.6
857,freegame,9.6,91.7
858,freegame,0.0,17.4
859,freegame,0.2,601.1
860,freegame,0.0,250.8
861,freegame,45.0,1033.9
862,freegame,38.4,437.5
863,freegame,0.0,55.2
864,freegame,0.0,12.1
865,freegame,0.0,144.5
866,freegame,31.5,59.1
867,freegame,1.8,411.3
868,freegame,24.0,212.1
869,freegame,26.4,26.1
870,freegame,0.0,841.3
871,freegame,10.4,59.2
872,freegame,0.0,106.4
873,freegame,7.2,136.5
874,freegame,9.0,11.1
875,freegame,0.0,26.0
876,freegame,0.0,195.3
877,freegame,14.0,86.1
878,freegame,10.5,19.4
879,freegame,0.0,275.8
880,freegame,0.0,440.7
881,freegame,0.0,206.5
882,freegame,1.6,47.3
883,freegame,0.0,32.6
884,freegame,2.4,84.7
885,freegame,0.0,122.9
886,freegame,4.0,157.3
887,freegame,0.0,170.6
888,freegame,0.0,98.0
889,freegame,0.0,139.8
890,freegame,0.0,413.5
891,freegame,0.0,69.4
892,freegame,0.0,993.0
893,freegame,0.0,120.2
894,freegame,6.7,108.8
895,freegame,0.0,271.5
896,freegame,0.0,121.9
897,freegame,0.0,655.5
898,freegame,15.0,92.8
899,freegame,0.0,110.7
900,freegame,32.0,104.9
901,freegame,0.0,559.7
902,freegame,0.0,516.2
903,freegame,0.0,124.9
904,freegame,1.3,16.0
905,freegame,0.0,68.5
906,freegame,0.0,78.9
907,freegame,0.0,170.3
908,freegame,0.0,59.8
909,freegame,0.0,338.2
910,freegame,0.0,110.1
911,freegame,0.0,381.7
912,freegame,0.0,531.4
913,freegame,0.0,95.1
914,freegame,0.0,155.1
915,freegame,1.3,105.3
916,freegame,0.0,184.6
917,freegame,30.0,31.2
918,freegame,0.0,170.0
919,freegame,55.0,29.7
920,freegame,0.0,169.4
921,freegame,0.0,378.1
922,freegame,4.4,29.9
923,freegame,0.0,31.1
924,freegame,18.0,256.8
925,freegame,0.0,40.1
926,freegame,0.0,667.1
927,freegame,0.0,577.8
928,freegame,0.0,875.1
929,freegame,0.0,112.4
930,freegame,0.0,378.0
931,freegame,0.0,90.4
932,freegame,2.2,163.3
933,freegame,0.0,353.0
934,freegame,0.0,457.2
935,freegame,0.0,59.5
936,freegame,0.0,212.5
937,freegame,0.0,69.3
938,freegame,0.0,165.0
939,freegame,0.0,57.9
940,freegame,0.0,247.2
941,freegame,0.0,11.0
942,freegame,0.0,9.3
943,freegame,0.0,87.8
944,freegame,0.0,50.5
945,freegame,0.0,71.4
946,freegame,30.0,216.6
947,freegame,37.5,136.4
948,freegame,0.0,30.2
949,freegame,0.0,395.6
950,freegame,0.0,132.6
951,freegame,0.0,90.8
952,freegame,7.2,48.2
953,freegame,0.0,189.9
954,freegame,0.0,43.0
955,freegame,0.0,68.2
956,freegame,0.0,78.1
957,freegame,0.0,15.7
958,freegame,0.0,24.0
959,freegame,0.0,48.4
960,freegame,0.0,24.5
961,freegame,2.5,1429.3
962,freegame,0.0,90.2
963,freegame,0.0,188.4
964,freegame,0.0,536.4
965,freegame,0.0,17.2
966,freegame,0.0,441.8
967,freegame,0.0,311.4
968,freegame,11.2,450.3
969,freegame,0.0,79.0
970,freegame,0.0,65.5
971,freegame,3.2,137.2
972,freegame,0.0,511.6
973,freegame,0.0,2868.9
974,freegame,70.8,117.4
975,freegame,0.0,285.7
976,freegame,0.0,3.2
977,freegame,0.0,167.7
978,freegame,0.0,58.9
979,freegame,0.0,201.8
980,freegame,33.0,124.0
981,freegame,0.0,316.9
982,freegame,34.5,18.0
983,freegame,0.6,302.0
984,freegame,75.6,186.8
985,freegame,0.0,310.8
986,freegame,0.0,98.9
987,freegame,0.0,293.9
988,freegame,0.0,12.7
989,freegame,0.0,159.1
990,freegame,0.0,46.1
991,freegame,0.0,139.8
992,freegame,0.0,51.8
993,freegame,0.0,335.5
994,freegame,0.0,36.8
995,freegame,0.0,511.3
996,freegame,0.0,334.1
997,freegame,0.0,66.1
998,freegame,0.0,67.1
999,freegame,0.0,13.3
1000,freegame,0.0,92.3
1001,freegame,0.0,39.1
1002,freegame,0.0,272.6
1003,freegame,0.0,29.0
1004,freegame,0.0,150.7
1005,freegame,23.2,20.3
1006,freegame,0.0,411.9
1007,freegame,0.0,246.2
1008,freegame,0.0,56.6
1009,freegame,35.0,50.5
1010,freegame,0.0,223.6
1011,freegame,0.0,343.4
1012,freegame,0.0,166.7
1013,freegame,0.0,190.3
1014,freegame,0.0,334.8
1015,freegame,0.0,11.7
1016,freegame,0.0,938.9
1017,freegame,0.0,232.1
1018,freegame,0.0,304.3
1019,freegame,0.0,197.0
1020,freegame,7.0,1583.1
1021,freegame,0.0,506.1
1022,freegame,133.5,149.6
1023,freegame,0.0,429.8
1024,freegame,0.0,60.3
1025,freegame,0.0,343.5
1026,freegame,0.0,7.2
1027,freegame,0.0,128.5
1028,freegame,0.0,750.8
1029,freegame,0.0,782.8
1030,freegame,0.0,44.2
1031,freegame,7.8,137.4
1032,freegame,0.0,303.4
1033,freegame,0.0,265.4
1034,freegame,7.6,267.6
1035,freegame,0.0,375.2
1036,freegame,0.0,48.5
1037,freegame,0.0,123.2
1038,freegame,2.4,34.7
1039,freegame,0.0,259.0
1040,freegame,0.0,62.5
1041,freegame,0.0,74.1
1042,freegame,0.0,403.2
1043,freegame,0.0,106.0
1044,freegame,0.0,70.3
1045,freegame,25.5,564.4
1046,freegame,105.0,10.4
1047,freegame,0.0,102.6
1048,freegame,0.0,450.0
1049,freegame,15.0,53.5
1050,freegame,0.0,5.3
1051,freegame,4.0,44.6
1052,freegame,63.3,147.3
1053,freegame,0.0,96.4
1054,freegame,0.0,505.0
1055,freegame,0.0,41.5
1056,freegame,0.0,323.6
1057,freegame,0.0,265.8
1058,freegame,0.0,63.9
1059,freegame,0.0,40.8
1060,freegame,0.0,160.2
1061,freegame,12.0,8.4
1062,wincap,0.0,5000.0
1063,freegame,0.0,74.8
1064,freegame,6.0,522.1
1065,freegame,0.0,369.0
1066,freegame,0.0,40.2
1067,freegame,0.0,82.8
1068,freegame,0.0,1158.8
1069,freegame,0.0,164.4
1070,freegame,0.0,117.3
1071,freegame,0.0,54.8
1072,freegame,0.0,79.3
1073,freegame,0.0,100.7
1074,freegame,0.0,24.3
1075,freegame,13.0,180.2
1076,freegame,28.0,377.4
1077,freegame,205.0,178.9
1078,freegame,11.0,48.5
1079,freegame,0.0,325.3
1080,freegame,0.0,92.0
1081,freegame,0.0,73.6
1082,freegame,0.0,48.8
1083,freegame,0.0,136.1
1084,freegame,0.0,127.3
1085,freegame,16.0,409.4
1086,freegame,0.0,53.3
1087,freegame,0.0,42.1
1088,freegame,0.0,60.6
1089,freegame,16.9,112.2
1090,freegame,0.0,112.4
1091,freegame,9.0,116.2
1092,freegame,0.0,12.5
1093,freegame,0.0,55.1
1094,freegame,47.9,405.5
1095,freegame,0.0,85.6
1096,freegame,0.0,56.2
1097,freegame,9.1,120.2
1098,freegame,2.8,409.9
1099,freegame,29.0,595.7
1100,freegame,0.0,9.2
1101,freegame,0.0,2.9
1102,freegame,0.0,444.1
1103,freegame,0.0,203.8
1104,freegame,0.0,299.0
1105,freegame,13.2,37.3
1106,freegame,0.0,150.9
1107,freegame,0.0,25.3
1108,freegame,0.0,192.4
1109,freegame,0.0,37.1
1110,freegame,0.0,47.4
1111,freegame,0.0,129.2
1112,freegame,0.0,323.8
1113,freegame,8.0,734.9
1114,freegame,0.0,58.7
1115,freegame,14.3,586.7
1116,freegame,0.0,135.5
1117,freegame,0.8,2492.5
1118,freegame,95.0,177.1
1119,freegame,7.2,248.2
1120,freegame,18.5,217.4
1121,freegame,3.2,968.0
1122,freegame,0.0,199.0
1123,freegame,0.2,67.7
1124,freegame,0.0,38.1
1125,freegame,0.0,21.6
1126,freegame,0.0,105.3
1127,freegame,0.0,53.3
1128,freegame,13.4,74.1
1129,freegame,13.0,63.0
1130,freegame,0.0,118.1
1131,freegame,14.3,54.0
1132,freegame,6.5,134.2
1133,freegame,0.0,189.4
1134,freegame,2.8,253.2
1135,freegame,27.8,86.1
1136,freegame,0.0,19.8
1137,freegame,0.0,20.3
1138,freegame,0.0,615.2
1139,wincap,26.0,5000.0
1140,freegame,0.0,141.2
1141,freegame,26.0,355.6
1142,freegame,0.0,35.5
1143,freegame,0.0,229.2
1144,freegame,0.0,437.9
1145,freegame,45.0,610.3
1146,freegame,0.0,52.5
1147,freegame,0.0,236.2
1148,freegame,28.0,130.2
1149,freegame,9.6,142.1
1150,freegame,7.2,220.6
1151,freegame,0.0,21.1
1152,freegame,4.0,33.6
1153,freegame,0.0,329.8
1154,freegame,0.0,36.5
1155,freegame,0.0,90.0
1156,freegame,0.0,953.1
1157,freegame,0.0,59.3
1158,freegame,0.0,71.5
1159,freegame,0.0,143.2
1160,freegame,0.0,757.8
1161,freegame,39.0,322.1
1162,freegame,0.0,161.6
1163,freegame,0.0,19.7
1164,freegame,0.0,200.8
1165,freegame,47.5,131.0
1166,freegame,0.0,442.8
1167,freegame,0.0,17.7
1168,freegame,0.0,145.2
1169,freegame,0.0,658.8
1170,freegame,23.8,43.3
1171,freegame,0.0,73.2
1172,freegame,18.0,189.4
1173,freegame,32.5,138.3
1174,freegame,0.0,159.8
1175,freegame,0.0,162.1
1176,freegame,0.0,540.4
1177,freegame,27.0,330.6
1178,freegame,12.0,27.5
1179,freegame,0.0,108.3
1180,freegame,3.6,915.0
1181,freegame,0.0,504.2
1182,freegame,11.2,126.7
1183,freegame,0.0,13.0
1184,freegame,16.8,105.1
1185,freegame,0.0,66.4
1186,freegame,0.0,292.3
1187,freegame,4.8,1271.6
1188,freegame,0.0,195.1
1189,freegame,22.1,44.0
1190,freegame,0.0,91.4
1191,freegame,0.0,138.7
1192,freegame,1.2,105.4
1193,freegame,0.0,329.5
1194,freegame,21.8,135.1
1195,freegame,0.0,85.1
1196,freegame,0.0,764.4
1197,freegame,0.0,44.4
1198,freegame,0.0,100.6
1199,freegame,0.0,82.8
1200,freegame,0.0,130.1
1201,freegame,19.2,304.3
1202,freegame,0.0,105.6
1203,freegame,0.0,115.7
1204,freegame,20.0,151.2
1205,freegame,4.2,85.4
1206,freegame,0.0,800.4
1207,freegame,102.4,20.9
1208,freegame,0.0,28.2
1209,freegame,0.0,57.2
1210,freegame,0.0,60.0
1211,freegame,0.0,37.9
1212,freegame,2.4,129.7
1213,freegame,0.0,175.6
1214,freegame,0.0,48.1
1215,freegame,80.0,151.3
1216,freegame,0.0,88.5
1217,freegame,0.0,258.7
1218,freegame,0.0,167.6
1219,freegame,0.0,11.8
1220,freegame,0.0,168.9
1221,freegame,4.0,274.1
1222,freegame,0.0,226.4
1223,freegame,32.8,296.4
1224,freegame,0.0,282.4
1225,freegame,16.4,82.9
1226,freegame,0.0,261.9
1227,freegame,0.0,87.9
1228,freegame,0.0,97.0
1229,freegame,0.0,315.2
1230,freegame,0.0,410.6
1231,freegame,0.0,48.5
1232,freegame,0.0,34.6
1233,freegame,0.0,90.5
1234,freegame,22.8,322.4
1235,freegame,17.4,42.5
1236,freegame,0.0,11.2
1237,freegame,2.2,17.0
1238,freegame,0.0,297.9
1239,freegame,76.2,103.4
1240,freegame,0.0,238.7
1241,freegame,0.0,379.1
1242,wincap,6.5,5000.0
1243,freegame,0.0,125.8
1244,freegame,0.0,317.3
1245,freegame,0.0,147.5
1246,freegame,0.0,29.2
1247,freegame,4.8,182.0
1248,freegame,0.0,444.0
1249,freegame,0.0,86.9
1250,freegame,129.8,233.9
1251,freegame,0.0,29.4
1252,freegame,23.2,60.4
1253,freegame,0.0,215.4
1254,freegame,0.0,94.5
1255,freegame,13.1,88.9
1256,freegame,0.0,143.0
1257,freegame,0.0,5.6
1258,freegame,1.0,491.5
1259,freegame,83.2,167.9
1260,freegame,0.0,265.1
1261,freegame,0.0,129.0
1262,freegame,0.0,69.8
1263,freegame,0.0,140.7
1264,freegame,0.0,343.6
1265,freegame,3.6,588.2
1266,freegame,0.0,222.9
1267,freegame,19.5,101.4
1268,freegame,0.0,328.2
1269,freegame,0.0,90.4
1270,freegame,2.0,393.3
1271,freegame,0.0,102.9
1272,freegame,0.0,810.8
1273,freegame,0.0,9.4
1274,freegame,0.0,54.2
1275,freegame,2.0,53.9
1276,freegame,0.0,265.9
1277,freegame,21.0,299.5
1278,freegame,0.4,82.7
1279,freegame,0.0,16.6
1280,freegame,0.0,357.9
1281,freegame,0.0,352.9
1282,freegame,46.0,3.3
1283,freegame,3.0,177.6
1284,freegame,31.5,15.7
1285,freegame,29.0,135.0
1286,freegame,0.0,1266.1
1287,freegame,23.6,1193.2
1288,freegame,13.8,85.2
1289,freegame,0.0,189.2
1290,freegame,82.0,155.1
1291,freegame,62.4,120.9
1292,freegame,0.0,785.2
1293,freegame,0.0,495.8
1294,freegame,0.0,55.1
1295,freegame,0.0,637.4
1296,freegame,0.0,46.6
1297,freegame,0.0,254.6
1298,wincap,0.0,5000.0
1299,freegame,0.0,283.9
1300,freegame,0.0,201.0
1301,freegame,0.0,67.1
1302,freegame,0.0,23.3
1303,freegame,0.0,29.4
1304,freegame,0.0,231.9
1305,freegame,0.0,87.5
1306,freegame,0.0,134.6
1307,freegame,0.0,167.2
1308,freegame,0.0,832.8
1309,freegame,360.0,846.8
1310,freegame,0.0,33.3
1311,freegame,0.0,24.9
1312,freegame,0.0,168.8
1313,freegame,0.0,28.7
1314,freegame,0.0,90.3
1315,freegame,0.0,316.3
1316,freegame,23.0,1099.4
1317,freegame,0.0,109.3
1318,freegame,11.0,18.8
1319,freegame,0.0,338.5
1320,freegame,0.0,180.4
1321,freegame,70.0,1197.0
1322,freegame,14.8,359.7
1323,freegame,0.0,223.2
1324,freegame,0.0,48.5
1325,freegame,0.0,32.2
1326,freegame,0.0,5.0
1327,freegame,0.0,76.0
1328,freegame,0.0,282.3
1329,freegame,0.0,14.6
1330,freegame,7.2,369.3
1331,freegame,6.4,251.1
1332,freegame,0.0,145.9
1333,freegame,8.0,29.7
1334,freegame,16.5,716.5
1335,freegame,0.0,169.6
1336,freegame,0.0,81.6
1337,freegame,0.0,252.4
1338,freegame,0.0,161.1
1339,freegame,0.0,27.1
1340,freegame,58.4,341.3
1341,freegame,0.0,146.4
1342,freegame,8.6,317.0
1343,freegame,0.0,276.6
1344,freegame,0.0,186.9
1345,freegame,10.8,243.6
1346,freegame,2.4,642.5
1347,freegame,0.0,172.8
1348,freegame,0.0,104.1
1349,freegame,14.3,329.6
1350,freegame,142.0,1023.8
1351,freegame,10.0,303.1
1352,freegame,0.0,93.1
1353,freegame,0.0,225.3
1354,freegame,0.0,228.0
1355,freegame,0.0,138.4
1356,freegame,0.0,213.3
1357,freegame,0.0,96.1
1358,freegame,27.5,163.7
1359,freegame,57.6,102.6
1360,freegame,0.0,101.9
1361,freegame,0.0,469.2
1362,freegame,0.0,141.3
1363,freegame,0.0,453.7
1364,freegame,0.0,161.8
1365,freegame,0.0,362.9
1366,freegame,0.0,1647.4
1367,freegame,160.9,18.8
1368,freegame,0.0,173.7
1369,freegame,4.0,427.4
1370,freegame,0.0,75.8
1371,freegame,51.6,689.2
1372,freegame,1.8,11.5
1373,freegame,14.6,280.5
1374,freegame,2.8,423.6
1375,freegame,21.6,23.6
1376,freegame,12.0,163.6
1377,wincap,0.0,5000.0
1378,freegame,28.8,33.4
1379,freegame,0.0,51.6
1380,freegame,0.0,113.4
1381,freegame,0.0,217.7
1382,freegame,0.0,153.5
1383,freegame,0.0,279.6
1384,freegame,0.0,190.1
1385,freegame,28.8,661.4
1386,freegame,0.0,106.2
1387,freegame,15.0,97.6
1388,freegame,3.0,71.5
1389,freegame,3.6,324.3
1390,freegame,0.0,32.5
1391,freegame,0.0,63.8
1392,freegame,0.0,251.9
1393,freegame,1.8,76.1
1394,freegame,3.6,163.6
1395,freegame,0.0,14.4
1396,freegame,6.0,449.5
1397,freegame,0.0,4.0
1398,freegame,1.0,80.0
1399,freegame,0.0,462.3
1400,freegame,0.0,19.0
1401,freegame,0.0,279.2
1402,freegame,0.0,57.6
1403,freegame,18.4,30.6
1404,freegame,0.0,242.5
1405,freegame,5.2,230.5
1406,freegame,0.0,116.6
1407,freegame,0.0,0.4
1408,freegame,0.0,141.5
1409,freegame,6.5,122.9
1410,freegame,6.0,56.9
1411,freegame,0.0,34.3
1412,freegame,0.0,38.1
1413,freegame,0.0,306.2
1414,freegame,0.0,463.7
1415,freegame,0.0,86.0
1416,freegame,0.0,482.8
1417,freegame,25.8,479.1
1418,freegame,26.0,218.8
1419,freegame,4.0,48.4
1420,freegame,0.0,60.1
1421,freegame,0.0,169.2
1422,freegame,8.0,839.7
1423,freegame,0.0,176.8
1424,freegame,0.0,494.1
1425,freegame,0.0,460.2
1426,freegame,15.6,400.1
1427,freegame,43.6,149.5
1428,freegame,0.0,372.1
1429,freegame,11.5,44.8
1430,freegame,2.0,557.5
1431,freegame,17.0,57.1
1432,freegame,13.0,639.3
1433,freegame,6.4,997.4
1434,freegame,0.0,268.3
1435,freegame,0.0,593.3
1436,freegame,0.0,0.6
1437,freegame,0.0,54.9
1438,freegame,4.2,116.7
1439,freegame,0.0,411.8
1440,freegame,0.0,39.0
1441,freegame,2.0,230.7
1442,freegame,0.0,839.3
1443,freegame,0.0,22.1
1444,freegame,0.0,49.3
1445,freegame,5.4,28.2
1446,freegame,0.0,172.0
1447,freegame,0.0,150.8
1448,freegame,0.0,70.6
1449,freegame,0.0,100.3
1450,freegame,0.0,77.7
1451,freegame,7.2,24.3
1452,freegame,0.0,3.3
1453,freegame,5.6,27.9
1454,freegame,0.0,187.9
1455,freegame,0.0,145.2
1456,freegame,21.2,34.9
1457,freegame,0.0,507.0
1458,freegame,120.5,296.9
1459,freegame,3.0,172.9
1460,freegame,0.0,163.4
1461,freegame,30.6,53.3
1462,freegame,0.0,33.2
1463,freegame,6.6,50.5
1464,freegame,0.0,212.6
1465,freegame,0.0,105.3
1466,freegame,0.0,12.1
1467,freegame,0.0,559.9
1468,freegame,0.0,112.4
1469,freegame,0.0,219.1
1470,freegame,0.8,380.4
1471,freegame,0.0,16.1
1472,freegame,0.0,234.5
1473,freegame,0.0,222.5
1474,freegame,0.0,208.0
1475,freegame,31.2,83.0
1476,freegame,2.0,322.5
1477,freegame,0.0,133.9
1478,freegame,156.0,842.9
1479,freegame,0.0,111.3
1480,freegame,0.0,172.3
1481,freegame,14.0,14.6
1482,freegame,44.8,155.7
1483,freegame,127.0,409.4
1484,freegame,0.0,165.1
1485,freegame,0.0,106.3
1486,freegame,63.0,655.3
1487,freegame,0.0,27.1
1488,freegame,10.4,186.2
1489,freegame,6.4,528.9
1490,freegame,42.5,15.4
1491,freegame,0.0,193.7
1492,freegame,0.0,341.3
1493,freegame,0.0,500.6
1494,freegame,0.0,306.8
1495,freegame,0.0,61.1
1496,freegame,0.0,200.8
1497,freegame,80.0,12.1
1498,freegame,0.0,106.4
1499,freegame,75.0,123.1
1500,freegame,0.0,261.5
1501,freegame,36.0,71.0
1502,freegame,0.0,14.3
1503,freegame,0.0,129.5
1504,freegame,0.0,1514.6
1505,freegame,0.0,237.6
1506,freegame,23.4,14.1
1507,freegame,0.0,209.4
1508,freegame,20.8,77.1
1509,freegame,0.0,241.1
1510,freegame,0.0,41.1
1511,freegame,0.0,42.3
1512,freegame,0.0,212.5
1513,freegame,0.0,268.4
1514,freegame,0.0,8.5
1515,freegame,3.8,121.4
1516,freegame,0.0,150.3
1517,freegame,0.0,337.1
1518,freegame,29.5,194.5
1519,freegame,0.0,58.5
1520,freegame,20.0,255.1
1521,freegame,22.4,75.0
1522,freegame,24.0,920.8
1523,freegame,29.9,62.2
1524,freegame,0.0,127.6
1525,freegame,52.8,42.1
1526,freegame,0.0,94.5
1527,freegame,78.2,79.6
1528,freegame,1.8,99.3
1529,freegame,4.8,2.6
1530,freegame,0.0,1057.5
1531,freegame,22.0,253.0
1532,freegame,0.0,84.5
1533,freegame,0.0,78.3
1534,freegame,3.6,561.6
1535,freegame,0.0,245.3
1536,freegame,0.0,56.1
1537,freegame,0.0,102.9
1538,freegame,0.0,84.7
1539,freegame,50.0,87.5
1540,freegame,0.0,64.8
1541,freegame,14.8,199.4
1542,freegame,0.0,163.1
1543,freegame,0.0,38.7
1544,freegame,0.0,208.6
1545,freegame,103.0,200.8
1546,freegame,0.0,560.8
1547,freegame,0.0,623.5
1548,freegame,33.6,163.7
1549,freegame,40.0,83.0
1550,freegame,0.0,152.3
1551,freegame,0.0,98.6
1552,freegame,0.0,101.8
1553,freegame,0.0,102.8
1554,freegame,0.0,74.2
1555,freegame,9.0,197.4
1556,freegame,0.0,68.5
1557,freegame,0.0,251.4
1558,freegame,0.0,342.1
1559,freegame,0.0,383.2
1560,freegame,0.0,94.7
1561,freegame,0.0,1632.9
1562,freegame,7.0,134.9
1563,freegame,0.0,60.4
1564,freegame,0.0,53.9
1565,freegame,0.0,26.9
1566,freegame,12.6,26.2
1567,freegame,0.0,820.2
1568,freegame,0.0,91.2
1569,freegame,0.0,18.3
1570,freegame,1.0,37.3
1571,freegame,10.4,61.5
1572,freegame,3.0,144.1
1573,freegame,12.2,117.2
1574,freegame,1.8,83.4
1575,freegame,0.0,50.2
1576,freegame,0.0,52.0
1577,freegame,0.0,103.8
1578,freegame,0.0,93.2
1579,freegame,0.0,71.6
1580,freegame,0.0,166.2
1581,freegame,1.0,380.1
1582,freegame,0.0,62.6
1583,freegame,31.7,221.3
1584,freegame,0.0,81.8
1585,freegame,0.0,52.4
1586,freegame,0.0,165.9
1587,freegame,0.0,155.9
1588,freegame,0.0,433.4
1589,freegame,0.0,24.1
1590,freegame,0.0,48.5
1591,freegame,0.0,46.2
1592,freegame,0.0,81.9
1593,freegame,0.0,392.6
1594,freegame,0.0,76.5
1595,freegame,82.0,406.9
1596,freegame,0.0,178.6
1597,freegame,2.4,55.6
1598,freegame,0.0,139.4
1599,freegame,0.0,112.2
1600,freegame,0.0,23.5
1601,freegame,0.0,9.7
1602,freegame,0.0,386.0
1603,freegame,10.0,373.0
1604,freegame,0.0,31.5
1605,freegame,0.0,206.1
1606,freegame,22.0,1427.0
1607,freegame,0.0,255.7
1608,freegame,0.0,211.6
1609,freegame,0.0,523.0
1610,freegame,10.4,280.9
1611,freegame,0.0,256.4
1612,freegame,0.0,402.1
1613,freegame,0.0,344.7
1614,freegame,85.2,132.2
1615,freegame,8.0,340.5
1616,freegame,0.0,21.5
1617,freegame,0.0,112.2
1618,freegame,0.0,168.5
1619,freegame,78.8,75.7
1620,freegame,1.0,3.2
1621,freegame,2.7,122.6
1622,freegame,0.0,640.6
1623,freegame,3.6,99.6
1624,freegame,30.6,80.3
1625,freegame,25.1,335.2
1626,freegame,0.0,362.2
1627,freegame,55.0,267.9
1628,freegame,27.3,9.1
1629,freegame,0.0,35.6
1630,freegame,0.0,997.2
1631,freegame,0.0,32.6
1632,freegame,21.6,177.4
1633,freegame,0.0,315.2
1634,freegame,0.0,360.0
1635,freegame,1.4,195.9
1636,freegame,0.0,173.2
1637,freegame,0.0,88.1
1638,freegame,0.0,54.0
1639,freegame,11.0,265.8
1640,freegame,124.5,30.4
1641,freegame,0.0,468.5
1642,freegame,0.0,452.5
1643,freegame,0.0,33.1
1644,freegame,16.0,96.7
1645,freegame,0.0,24.8
1646,freegame,1.3,1081.5
1647,freegame,3.6,85.7
1648,freegame,0.0,72.3
1649,freegame,0.0,14.5
1650,freegame,0.0,384.8
1651,freegame,10.2,104.1
1652,freegame,9.0,76.1
1653,freegame,0.0,51.7
1654,freegame,0.0,342.1
1655,freegame,0.0,199.0
1656,freegame,0.0,169.0
1657,freegame,0.0,242.4
1658,freegame,0.0,161.2
1659,freegame,0.0,8.7
1660,freegame,2.0,146.9
1661,freegame,0.0,39.5
1662,freegame,0.0,878.3
1663,freegame,52.8,52.7
1664,freegame,0.0,283.6
1665,freegame,0.0,64.5
1666,freegame,15.0,428.2
1667,freegame,0.0,151.4
1668,freegame,0.0,28.0
1669,freegame,0.0,143.8
1670,freegame,0.0,106.9
1671,freegame,9.0,22.8
1672,freegame,0.0,31.6
1673,freegame,10.5,79.8
1674,freegame,0.0,257.9
1675,freegame,0.0,190.3
1676,freegame,0.0,72.0
1677,freegame,0.4,61.6
1678,freegame,0.0,87.2
1679,freegame,2.4,171.6
1680,freegame,25.8,209.1
1681,freegame,0.0,175.2
1682,freegame,0.0,723.4
1683,freegame,0.0,98.6
1684,freegame,0.0,87.3
1685,freegame,8.0,31.0
1686,freegame,0.0,120.5
1687,freegame,0.0,14.4
1688,freegame,0.0,28.3
1689,freegame,0.0,269.0
1690,freegame,0.0,392.0
1691,freegame,0.0,215.6
1692,freegame,0.0,129.4
1693,freegame,125.0,94.7
1694,freegame,9.0,224.7
1695,freegame,1.3,22.0
1696,freegame,1.0,221.0
1697,freegame,168.0,24.6
1698,freegame,11.2,96.7
1699,freegame,0.0,1070.4
1700,freegame,0.0,103.3
1701,freegame,24.0,26.7
1702,freegame,0.0,82.5
1703,freegame,0.0,17.9
1704,freegame,0.0,250.0
1705,freegame,0.0,151.8
1706,freegame,0.0,115.1
1707,freegame,0.0,250.0
1708,freegame,0.0,772.1
1709,freegame,17.0,73.6
1710,freegame,0.0,239.5
1711,freegame,0.0,95.1
1712,freegame,0.0,357.2
1713,freegame,0.0,470.6
1714,freegame,0.0,1212.5
1715,freegame,0.0,1321.4
1716,freegame,0.0,105.3
1717,freegame,0.0,190.7
1718,freegame,0.0,413.8
1719,freegame,0.0,569.2
1720,freegame,41.9,363.3
1721,freegame,0.0,193.8
1722,freegame,0.0,1107.3
1723,freegame,0.0,162.4
1724,freegame,0.0,349.2
1725,freegame,0.0,130.3
1726,freegame,14.0,85.2
1727,freegame,0.0,19.4
1728,freegame,0.0,322.1
1729,freegame,0.0,39.0
1730,freegame,0.0,105.8
1731,freegame,0.0,136.2
1732,freegame,0.0,443.5
1733,freegame,0.0,16.2
1734,freegame,0.0,449.6
1735,freegame,0.0,35.3
1736,freegame,0.0,815.9
1737,freegame,0.0,151.1
1738,freegame,0.0,778.5
1739,freegame,0.0,109.1
1740,freegame,0.0,580.9
1741,freegame,22.8,423.6
1742,freegame,0.0,447.0
1743,freegame,0.0,786.0
1744,freegame,0.0,179.9
1745,freegame,0.0,124.9
1746,freegame,0.0,134.7
1747,freegame,3.9,722.3
1748,freegame,0.0,52.2
1749,freegame,0.0,44.2
1750,freegame,0.0,138.3
1751,freegame,0.0,207.8
1752,freegame,0.0,97.1
1753,freegame,2.6,883.1
1754,freegame,0.0,30.6
1755,freegame,0.0,933.3
1756,freegame,0.0,815.4
1757,freegame,0.0,1056.0
1758,freegame,0.0,69.9
1759,freegame,0.0,166.3
1760,freegame,0.0,208.6
1761,freegame,0.0,37.3
1762,freegame,0.0,306.6
1763,freegame,0.0,498.1
1764,freegame,0.0,417.4
1765,freegame,0.0,71.3
1766,freegame,4.9,33.6
1767,freegame,4.0,49.7
1768,freegame,2.0,170.8
1769,freegame,27.0,349.9
1770,freegame,0.0,17.1
1771,freegame,0.0,167.3
1772,freegame,0.0,528.5
1773,freegame,42.0,90.9
1774,freegame,8.4,319.6
1775,wincap,0.0,5000.0
1776,freegame,0.0,169.5
1777,freegame,0.0,943.3
1778,freegame,0.0,99.6
1779,freegame,0.0,110.7
1780,freegame,4.0,138.9
1781,freegame,0.0,2.9
1782,freegame,0.0,87.0
1783,freegame,0.0,214.7
1784,freegame,0.0,319.1
1785,freegame,0.0,11.1
1786,freegame,0.0,944.3
1787,freegame,6.6,133.0
1788,freegame,0.0,30.6
1789,freegame,0.0,206.2
1790,freegame,0.0,237.5
1791,freegame,14.4,188.8
1792,freegame,0.0,13.1
1793,freegame,0.0,46.1
1794,freegame,0.0,287.1
1795,freegame,0.0,394.7
1796,freegame,0.0,27.3
1797,freegame,0.0,50.8
1798,freegame,2.0,41.3
1799,freegame,0.0,55.8
1800,freegame,17.5,143.8
1801,freegame,2.8,7.6
1802,freegame,0.6,560.3
1803,freegame,0.0,204.7
1804,freegame,0.0,180.5
1805,freegame,0.0,203.2
1806,freegame,0.0,9.9
1807,freegame,6.0,28.9
1808,freegame,0.0,709.5
1809,freegame,0.0,57.6
1810,freegame,0.0,69.1
1811,freegame,0.0,108.7
1812,freegame,0.0,77.3
1813,freegame,0.0,152.1
1814,freegame,0.0,49.8
1815,freegame,9.0,147.3
1816,freegame,0.0,53.8
1817,freegame,9.0,20.6
1818,freegame,0.0,516.9
1819,freegame,8.4,43.7
1820,freegame,0.0,228.8
1821,freegame,0.0,213.1
1822,freegame,0.0,132.7
1823,freegame,0.0,32.5
1824,freegame,14.0,193.9
1825,freegame,0.0,42.7
1826,freegame,6.6,131.3
1827,freegame,0.0,158.3
1828,freegame,8.0,373.1
1829,freegame,0.0,868.2
1830,freegame,0.0,44.0
1831,freegame,0.0,6.0
1832,freegame,25.0,568.3
1833,freegame,0.0,148.3
1834,freegame,0.0,134.4
1835,freegame,0.0,33.9
1836,freegame,0.0,366.3
1837,freegame,0.0,1126.2
1838,freegame,0.0,46.3
1839,freegame,1.6,47.9
1840,freegame,0.0,9.5
1841,freegame,6.0,25.8
1842,freegame,0.0,706.1
1843,freegame,0.0,301.8
1844,freegame,0.0,181.1
1845,freegame,0.0,780.2
1846,freegame,0.0,43.6
1847,freegame,39.0,208.4
1848,freegame,0.0,164.6
1849,freegame,12.0,156.5
1850,freegame,0.0,377.2
1851,freegame,0.4,31.1
1852,freegame,97.0,35.1
1853,freegame,1.8,42.9
1854,freegame,0.0,223.0
1855,freegame,0.0,311.2
1856,freegame,0.0,76.7
1857,freegame,0.0,103.4
1858,freegame,67.2,800.9
1859,freegame,0.0,32.0
1860,freegame,0.0,242.1
1861,freegame,0.0,132.4
1862,freegame,0.0,130.1
1863,freegame,0.0,671.9
1864,freegame,0.0,115.3
1865,freegame,0.0,435.5
1866,freegame,0.0,677.2
1867,freegame,34.5,107.6
1868,freegame,0.0,187.8
1869,freegame,98.9,529.1
1870,freegame,0.0,363.9
1871,freegame,0.0,141.3
1872,freegame,0.0,98.9
1873,freegame,0.0,57.5
1874,freegame,0.0,169.3
1875,freegame,0.0,810.2
1876,freegame,20.8,401.5
1877,freegame,10.8,337.2
1878,freegame,0.0,433.6
1879,freegame,0.0,80.7
1880,freegame,10.0,107.5
1881,freegame,23.4,52.7
1882,freegame,0.0,31.7
1883,freegame,22.5,83.9
1884,freegame,0.0,94.9
1885,freegame,0.0,234.7
1886,freegame,0.0,71.4
1887,freegame,0.0,32.2
1888,freegame,0.0,54.2
1889,freegame,0.0,255.4
1890,freegame,1.6,387.4
1891,freegame,0.0,203.8
1892,freegame,0.0,635.6
1893,freegame,25.0,85.6
1894,freegame,0.0,538.8
1895,freegame,27.0,202.8
1896,freegame,0.0,9.4
1897,freegame,0.0,59.4
1898,freegame,1.8,103.5
1899,freegame,0.0,251.6
1900,freegame,0.0,76.0
1901,freegame,68.1,374.9
1902,freegame,0.0,165.6
1903,freegame,33.4,207.8
1904,freegame,0.0,52.1
1905,freegame,0.0,400.2
1906,freegame,6.0,102.9
1907,freegame,5.0,118.1
1908,freegame,2.0,274.9
1909,freegame,0.0,49.8
1910,freegame,0.0,169.8
1911,freegame,0.0,11.4
1912,freegame,0.0,18.4
1913,freegame,0.0,405.9
1914,freegame,0.0,54.5
1915,freegame,8.0,113.2
1916,freegame,22.5,997.9
1917,freegame,0.0,69.7
1918,freegame,0.0,38.7
1919,freegame,0.0,179.0
1920,freegame,0.0,901.6
1921,freegame,0.0,406.9
1922,freegame,0.0,56.6
1923,freegame,22.6,112.0
1924,freegame,0.0,101.3
1925,freegame,0.0,64.3
1926,freegame,47.6,178.8
1927,freegame,0.0,73.6
1928,freegame,43.2,81.5
1929,freegame,0.0,70.7
1930,freegame,0.0,92.8
1931,freegame,16.9,134.5
1932,freegame,0.0,306.6
1933,freegame,0.0,367.6
1934,freegame,19.2,163.2
1935,freegame,0.0,283.3
1936,freegame,0.0,30.2
1937,freegame,9.0,63.3
1938,freegame,0.0,113.3
1939,freegame,0.0,103.5
1940,freegame,1.8,247.5
1941,freegame,0.0,224.7
1942,freegame,0.0,300.9
1943,freegame,0.0,799.4
1944,freegame,42.5,532.5
1945,freegame,0.0,221.5
1946,freegame,0.0,104.4
1947,freegame,35.0,136.5
1948,freegame,6.8,372.3
1949,freegame,0.0,144.3
1950,freegame,5.2,82.4
1951,freegame,0.0,199.5
1952,freegame,0.0,11.7
1953,freegame,0.0,7.8
1954,freegame,0.0,78.8
1955,freegame,0.0,95.6
1956,freegame,0.0,80.6
1957,freegame,0.6,52.2
1958,freegame,0.0,56.6
1959,freegame,10.0,202.0
1960,freegame,18.0,743.5
1961,freegame,0.0,113.1
1962,freegame,0.0,302.8
1963,freegame,0.0,277.3
1964,freegame,0.0,101.0
1965,freegame,0.0,382.9
1966,freegame,0.0,359.0
1967,freegame,0.0,30.3
1968,freegame,0.0,19.4
1969,freegame,0.0,23.2
1970,freegame,6.8,89.1
1971,freegame,0.0,18.3
1972,freegame,0.0,135.1
1973,freegame,0.0,83.2
1974,freegame,0.0,42.6
1975,freegame,13.5,765.4
1976,freegame,0.0,155.0
1977,freegame,0.0,437.7
1978,freegame,0.0,225.7
1979,freegame,0.0,49.6
1980,freegame,0.0,154.8
1981,freegame,0.0,251.7
1982,freegame,0.0,43.5
1983,freegame,0.0,125.7
1984,freegame,0.0,55.1
1985,freegame,0.0,1237.9
1986,freegame,48.0,298.9
1987,freegame,56.8,248.6
1988,freegame,32.0,33.2
1989,freegame,0.6,108.7
1990,freegame,22.5,53.5
1991,freegame,0.0,171.4
1992,freegame,0.0,35.8
1993,freegame,6.0,73.2
1994,freegame,10.0,83.5
1995,freegame,0.0,560.1
1996,freegame,0.0,163.1
1997,freegame,0.0,93.9
1998,freegame,0.0,59.0
1999,freegame,0.0,63.5
2000,freegame,0.0,128.0
2001,freegame,0.0,124.9
2002,freegame,0.0,67.7
2003,freegame,0.0,273.8
2004,freegame,0.0,429.1
2005,freegame,0.0,88.7
2006,freegame,0.0,44.9
2007,freegame,0.0,196.0
2008,freegame,0.0,265.8
2009,freegame,155.0,165.2
2010,freegame,0.0,100.0
2011,freegame,19.2,98.5
2012,freegame,0.0,277.6
2013,freegame,0.0,244.6
2014,freegame,0.0,660.0
2015,freegame,0.0,122.4
2016,freegame,0.0,59.6
2017,freegame,0.0,254.7
2018,freegame,46.0,32.6
2019,freegame,0.0,115.3
2020,freegame,0.0,318.6
2021,freegame,0.0,119.3
2022,freegame,45.0,1396.5
2023,freegame,10.0,121.2
2024,freegame,0.0,174.4
2025,freegame,31.3,375.3
2026,freegame,0.0,298.5
2027,freegame,0.0,70.0
2028,freegame,0.0,499.2
2029,freegame,0.0,185.4
2030,freegame,112.2,221.3
2031,freegame,0.0,81.8
2032,freegame,0.0,217.8
2033,freegame,0.0,196.4
2034,freegame,0.0,118.8
2035,freegame,0.0,845.8
2036,freegame,86.5,188.9
2037,freegame,0.0,66.7
2038,freegame,3.0,174.5
2039,freegame,130.5,22.7
2040,freegame,4.8,148.8
2041,freegame,0.0,456.3
2042,freegame,0.0,387.3
2043,freegame,0.0,176.5
2044,freegame,0.0,152.1
2045,freegame,0.0,426.3
2046,freegame,0.0,157.1
2047,freegame,0.0,605.2
2048,freegame,0.0,306.9
2049,freegame,0.0,105.8
2050,freegame,0.0,120.4
2051,freegame,0.0,279.1
2052,freegame,0.0,327.5
2053,freegame,0.0,204.5
2054,freegame,0.0,321.3
2055,freegame,0.0,70.1
2056,freegame,0.0,186.3
2057,freegame,0.0,19.7
2058,freegame,0.0,1077.1
2059,freegame,32.4,61.7
2060,freegame,0.0,14.7
2061,freegame,0.0,377.8
2062,freegame,0.0,264.1
2063,freegame,0.0,40.2
2064,freegame,0.0,77.0
2065,freegame,0.0,985.4
2066,freegame,40.0,284.3
2067,freegame,0.0,25.6
2068,freegame,0.0,460.7
2069,freegame,0.0,32.3
2070,freegame,0.0,467.0
2071,freegame,0.0,69.7
2072,freegame,16.6,127.4
2073,freegame,0.0,23.7
2074,freegame,0.0,153.4
2075,freegame,5.6,168.2
2076,freegame,3.2,713.7
2077,freegame,0.0,150.7
2078,freegame,0.0,31.3
2079,freegame,12.8,71.7
2080,freegame,1.3,121.9
2081,freegame,0.0,288.3
2082,freegame,7.8,144.1
2083,freegame,0.0,74.1
2084,freegame,0.0,343.5
2085,freegame,0.0,390.0
2086,freegame,0.0,130.6
2087,freegame,0.0,19.0
2088,freegame,0.0,150.6
2089,freegame,0.0,57.7
2090,freegame,0.0,146.2
2091,freegame,0.0,141.3
2092,freegame,0.0,51.7
2093,freegame,0.0,29.8
2094,freegame,1.8,109.5
2095,freegame,7.0,119.5
2096,freegame,0.0,193.9
2097,freegame,0.0,76.3
2098,freegame,0.0,1595.3
2099,freegame,15.0,552.1
2100,freegame,68.0,206.8
2101,wincap,0.0,5000.0
2102,freegame,0.0,125.0
2103,freegame,0.0,79.3
2104,freegame,0.0,62.0
2105,freegame,22.5,14.2
2106,freegame,0.0,139.4
2107,freegame,0.0,436.8
2108,freegame,0.0,96.7
2109,freegame,0.0,217.5
2110,freegame,0.0,64.0
2111,freegame,0.0,121.3
2112,freegame,1.0,1721.6
2113,freegame,364.5,50.8
2114,freegame,0.0,45.4
2115,freegame,20.0,27.3
2116,freegame,0.0,97.2
2117,freegame,0.0,17.8
2118,wincap,325.0,4722.9
2119,freegame,10.2,408.0
2120,freegame,0.0,56.6
2121,freegame,0.0,1127.1
2122,freegame,131.5,85.9
2123,freegame,190.0,223.2
2124,freegame,0.0,450.5
2125,freegame,16.9,83.1
2126,freegame,0.0,134.5
2127,freegame,0.0,678.8
2128,freegame,0.0,57.4
2129,freegame,0.0,35.5
2130,freegame,18.0,94.2
2131,freegame,0.0,34.4
2132,freegame,0.0,62.9
2133,freegame,9.6,55.0
2134,freegame,0.0,20.0
2135,freegame,0.0,468.9
2136,freegame,11.4,368.6
2137,freegame,0.0,421.2
2138,freegame,14.0,216.1
2139,freegame,107.0,298.0
2140,freegame,0.0,161.2
2141,freegame,5.0,362.5
2142,freegame,0.0,88.6
2143,freegame,7.0,952.6
2144,freegame,0.0,19.2
2145,freegame,3.5,453.7
2146,freegame,0.0,93.3
2147,freegame,0.0,196.9
2148,freegame,0.0,213.7
2149,freegame,340.0,24.7
2150,freegame,0.0,66.1
2151,freegame,0.0,66.7
2152,freegame,0.0,18.1
2153,freegame,0.0,29.6
2154,freegame,0.0,27.4
2155,freegame,0.0,14.9
2156,freegame,0.0,126.2
2157,freegame,0.0,183.1
2158,freegame,0.0,216.7
2159,freegame,0.0,2633.1
2160,freegame,0.0,135.8
2161,freegame,12.0,149.7
2162,freegame,0.0,133.3
2163,freegame,0.0,141.4
2164,freegame,29.3,523.0
2165,freegame,0.0,50.1
2166,freegame,0.0,53.7
2167,freegame,2.0,513.9
2168,freegame,0.0,1150.1
2169,freegame,36.0,146.7
2170,freegame,43.0,126.1
2171,freegame,12.1,22.3
2172,freegame,0.0,40.0
2173,freegame,32.5,11.4
2174,freegame,0.0,132.9
2175,freegame,50.0,79.4
2176,freegame,3.6,375.0
2177,freegame,0.0,384.3
2178,freegame,13.2,325.0
2179,freegame,0.0,207.6
2180,freegame,0.0,19.0
2181,freegame,0.0,12.6
2182,freegame,0.0,296.5
2183,freegame,0.0,201.3
2184,freegame,0.0,218.9
2185,freegame,0.0,323.1
2186,freegame,0.0,5.2
2187,freegame,0.0,140.5
2188,freegame,0.0,4.7
2189,freegame,10.3,160.2
2190,freegame,16.8,44.9
2191,freegame,12.0,106.4
2192,freegame,0.0,162.9
2193,freegame,0.0,268.7
2194,freegame,0.0,92.1
2195,freegame,0.0,798.9
2196,freegame,69.0,351.7
2197,freegame,12.6,60.0
2198,freegame,0.0,450.2
2199,freegame,8.4,434.6
2200,freegame,0.0,263.1
2201,freegame,0.0,183.1
2202,freegame,0.0,80.4
2203,freegame,0.0,8.5
2204,freegame,0.0,179.2
2205,freegame,0.0,172.6
2206,freegame,0.0,162.3
2207,freegame,0.0,12.2
2208,freegame,0.0,329.0
2209,freegame,0.0,139.0
2210,freegame,0.0,35.9
2211,freegame,3.0,31.6
2212,freegame,0.0,57.5
2213,freegame,0.0,116.6
2214,freegame,40.0,142.8
2215,freegame,0.0,130.1
2216,freegame,0.0,106.2
2217,freegame,0.0,192.1
2218,freegame,6.9,582.0
2219,freegame,0.0,230.9
2220,freegame,0.0,162.3
2221,freegame,0.0,60.6
2222,freegame,0.0,567.7
2223,freegame,6.4,71.3
2224,freegame,0.0,75.4
2225,freegame,5.4,541.4
2226,freegame,0.0,17.4
2227,freegame,20.0,259.3
2228,freegame,0.0,20.6
2229,freegame,0.0,131.5
2230,freegame,0.0,195.8
2231,freegame,6.0,107.9
2232,freegame,0.0,42.2
2233,freegame,0.0,121.8
2234,freegame,0.0,52.6
2235,freegame,0.0,27.3
2236,freegame,0.0,13.6
2237,freegame,0.0,130.2
2238,freegame,0.0,142.5
2239,freegame,0.0,474.7
2240,freegame,3.0,181.6
2241,freegame,0.0,129.9
2242,freegame,0.0,864.1
2243,freegame,0.0,298.8
2244,wincap,0.0,5000.0
2245,freegame,0.0,171.5
2246,freegame,0.0,56.2
2247,freegame,0.0,42.3
2248,freegame,1.2,127.8
2249,freegame,0.0,158.0
2250,freegame,0.0,296.1
2251,freegame,0.0,85.3
2252,freegame,0.0,379.0
2253,freegame,0.0,357.0
2254,freegame,12.0,26.4
2255,freegame,0.0,348.0
2256,freegame,0.0,83.8
2257,freegame,0.0,145.1
2258,freegame,0.0,274.5
2259,freegame,24.0,69.7
2260,freegame,0.0,261.6
2261,freegame,0.0,341.1
2262,freegame,21.6,802.8
2263,freegame,23.0,236.1
2264,freegame,0.0,24.9
2265,freegame,18.9,330.1
2266,freegame,21.0,233.8
2267,freegame,0.0,39.8
2268,freegame,8.2,58.5
2269,freegame,0.0,98.0
2270,freegame,0.0,249.6
2271,freegame,10.0,89.3
2272,freegame,0.0,21.0
2273,freegame,0.0,121.8
2274,freegame,0.0,189.3
2275,freegame,45.0,118.4
2276,freegame,24.0,720.5
2277,freegame,45.0,419.0
2278,freegame,0.0,39.4
2279,freegame,0.0,326.9
2280,freegame,0.0,140.2
2281,freegame,0.0,397.7
2282,freegame,0.0,188.3
2283,freegame,15.0,211.4
2284,freegame,0.0,75.8
2285,freegame,200.0,9.0
2286,freegame,0.0,92.9
2287,freegame,83.0,41.2
2288,freegame,0.0,19.9
2289,freegame,18.0,597.5
2290,freegame,35.2,75.0
2291,freegame,23.0,57.5
2292,freegame,1.6,172.8
2293,freegame,0.0,25.0
2294,freegame,0.0,239.0
2295,freegame,0.0,725.9
2296,freegame,0.0,51.5
2297,freegame,13.5,325.3
2298,freegame,0.0,270.2
2299,freegame,0.0,171.0
2300,freegame,2.4,872.7
2301,freegame,0.0,585.9
2302,freegame,0.0,105.3
2303,wincap,0.0,5000.0
2304,freegame,0.0,234.8
2305,freegame,0.0,88.9
2306,freegame,2.4,209.6
2307,freegame,0.0,98.0
2308,freegame,0.0,59.1
2309,freegame,0.0,77.2
2310,freegame,0.0,125.9
2311,freegame,0.0,81.2
2312,freegame,20.0,21.2
2313,freegame,0.0,262.9
2314,freegame,0.0,41.3
2315,freegame,0.0,674.0
2316,freegame,0.0,206.8
2317,freegame,0.0,123.2
2318,freegame,0.0,125.9
2319,freegame,0.0,387.9
2320,freegame,0.0,201.4
2321,freegame,0.0,364.7
2322,freegame,0.0,333.3
2323,freegame,0.0,112.8
2324,freegame,22.0,245.9
2325,freegame,0.0,95.2
2326,freegame,0.0,1626.0
2327,freegame,0.0,156.5
2328,freegame,0.0,893.6
2329,freegame,102.5,142.2
2330,freegame,0.0,110.1
2331,freegame,0.0,15.2
2332,freegame,0.0,48.4
2333,freegame,0.0,109.8
2334,freegame,0.0,45.5
2335,freegame,0.0,331.3
2336,freegame,0.0,10.3
2337,freegame,0.0,217.6
2338,freegame,0.0,461.0
2339,freegame,0.0,172.2
2340,wincap,0.0,5000.0
2341,freegame,0.0,175.5
2342,freegame,0.0,166.5
2343,freegame,0.0,373.7
2344,freegame,0.0,136.8
2345,freegame,0.0,599.5
2346,freegame,0.0,922.2
2347,freegame,167.0,20.7
2348,freegame,0.0,116.7
2349,freegame,0.0,49.7
2350,freegame,0.0,41.8
2351,freegame,0.0,93.3
2352,freegame,0.0,342.9
2353,freegame,40.3,73.9
2354,freegame,4.2,41.6
2355,freegame,0.0,40.5
2356,freegame,0.0,141.6
2357,freegame,0.0,77.8
2358,freegame,0.0,405.2
2359,freegame,0.0,178.0
2360,freegame,0.0,286.2
2361,freegame,9.0,303.5
2362,freegame,0.0,45.1
2363,freegame,6.4,5.1
2364,freegame,3.0,108.5
2365,freegame,0.0,139.1
2366,freegame,0.0,30.3
2367,freegame,0.0,332.9
2368,freegame,124.0,381.3
2369,freegame,3.0,75.3
2370,freegame,28.0,220.8
2371,freegame,0.0,376.9
2372,freegame,0.0,147.9
2373,freegame,0.0,19.8
2374,freegame,0.0,49.7
2375,freegame,0.0,117.0
2376,freegame,1.0,163.4
2377,freegame,0.0,298.4
2378,freegame,44.2,10.8
2379,freegame,0.0,3.7
2380,freegame,0.0,88.6
2381,freegame,3.2,33.5
2382,freegame,0.0,279.3
2383,freegame,0.0,230.9
2384,freegame,0.0,43.9
2385,freegame,24.0,106.0
2386,freegame,0.0,20.8
2387,freegame,0.0,82.1
2388,freegame,0.0,72.5
2389,freegame,1.5,130.3
2390,freegame,0.0,249.5
2391,freegame,155.0,27.1
2392,freegame,0.0,27.4
2393,freegame,54.7,243.8
2394,freegame,0.0,33.8
2395,freegame,0.0,187.5
2396,freegame,0.0,33.8
2397,freegame,0.0,78.3
2398,freegame,0.0,24.2
2399,freegame,0.0,183.6
2400,freegame,3.0,66.9
2401,freegame,0.0,423.1
2402,freegame,3.4,163.6
2403,freegame,9.0,34.2
2404,freegame,0.0,435.7
2405,freegame,80.0,105.2
2406,freegame,20.4,137.4
2407,freegame,0.0,102.6
2408,freegame,0.0,49.6
2409,wincap,27.0,5000.0
2410,freegame,0.0,66.6
2411,freegame,9.6,20.2
2412,freegame,0.0,127.9
2413,freegame,6.8,28.8
2414,freegame,0.0,28.0
2415,freegame,0.0,1161.9
2416,freegame,0.0,102.3
2417,freegame,0.0,16.4
2418,freegame,0.0,436.8
2419,freegame,0.0,11.3
2420,freegame,0.0,255.2
2421,freegame,0.0,312.3
2422,freegame,0.0,33.5
2423,freegame,3.0,19.9
2424,freegame,20.0,571.0
2425,wincap,0.0,5000.0
2426,freegame,0.0,18.6
2427,freegame,0.0,362.6
2428,freegame,0.0,198.6
2429,freegame,0.0,119.0
2430,freegame,0.8,159.4
2431,freegame,0.0,262.6
2432,freegame,0.0,10.8
2433,freegame,0.0,31.4
2434,freegame,0.0,239.5
2435,freegame,0.0,748.2
2436,freegame,149.7,303.0
2437,freegame,13.0,641.2
2438,freegame,0.0,78.8
2439,freegame,0.0,37.6
2440,freegame,0.0,109.0
2441,freegame,0.0,125.5
2442,freegame,0.0,93.7
2443,freegame,40.0,2.3
2444,freegame,0.0,106.3
2445,freegame,10.0,29.2
2446,freegame,38.5,477.0
2447,freegame,53.9,56.2
2448,freegame,0.0,29.6
2449,freegame,0.0,91.1
2450,freegame,0.0,186.8
2451,freegame,0.0,317.6
2452,freegame,4.3,698.3
2453,freegame,2.6,196.1
2454,freegame,0.0,41.9
2455,freegame,6.0,431.2
2456,freegame,0.0,113.8
2457,freegame,28.0,1421.9
2458,freegame,16.0,87.1
2459,freegame,30.0,162.9
2460,freegame,30.0,1046.2
2461,freegame,10.8,300.2
2462,wincap,0.0,5000.0
2463,freegame,0.0,380.1
2464,freegame,60.4,356.6
2465,freegame,0.0,133.2
2466,freegame,0.0,199.9
2467,freegame,117.0,116.6
2468,freegame,0.0,142.8
2469,freegame,0.0,269.5
2470,freegame,2.0,49.1
2471,freegame,0.0,97.1
2472,freegame,2.6,193.1
2473,freegame,0.0,44.0
2474,freegame,0.0,29.0
2475,freegame,0.0,96.2
2476,freegame,0.0,94.2
2477,freegame,0.0,29.2
2478,freegame,0.0,46.3
2479,freegame,0.0,121.8
2480,freegame,35.0,528.7
2481,freegame,2.0,216.8
2482,freegame,0.0,182.2
2483,freegame,0.0,260.7
2484,freegame,0.0,188.8
2485,freegame,0.0,16.6
2486,freegame,25.0,324.1
2487,freegame,0.0,96.5
2488,freegame,67.5,21.0
2489,freegame,0.0,694.6
2490,freegame,0.0,159.2
2491,freegame,0.0,907.2
2492,freegame,0.0,32.3
2493,freegame,47.6,295.7
2494,freegame,2.0,31.9
2495,freegame,2.8,245.1
2496,freegame,0.0,145.5
2497,freegame,0.0,66.2
2498,freegame,4.0,118.9
2499,freegame,0.0,478.6
2500,freegame,0.0,117.0
2501,freegame,0.0,19.9
2502,freegame,0.0,54.3
2503,freegame,0.0,48.8
2504,freegame,0.0,162.0
2505,freegame,57.5,17.7
2506,freegame,0.0,131.7
2507,freegame,0.0,78.3
2508,freegame,0.0,35.4
2509,freegame,0.0,6.3
2510,freegame,0.0,187.2
2511,freegame,0.0,219.1
2512,freegame,0.0,77.2
2513,freegame,16.5,181.3
2514,freegame,0.0,90.7
2515,freegame,0.0,857.6
2516,freegame,10.4,203.5
2517,freegame,0.0,129.3
2518,freegame,0.0,93.6
2519,freegame,24.0,196.4
2520,freegame,0.0,1050.6
2521,freegame,0.0,51.1
2522,freegame,0.0,58.4
2523,freegame,0.0,16.5
2524,freegame,0.0,228.4
2525,freegame,0.0,140.7
2526,freegame,54.4,138.2
2527,freegame,0.0,286.1
2528,freegame,0.0,18.3
2529,freegame,0.0,967.0
2530,freegame,0.0,23.0
2531,freegame,0.0,29.7
2532,freegame,0.0,423.9
2533,freegame,0.0,237.8
2534,freegame,0.0,49.9
2535,freegame,0.0,30.0
2536,freegame,4.8,206.4
2537,freegame,28.3,539.9
2538,freegame,0.0,377.3
2539,freegame,0.0,60.3
2540,freegame,3.0,91.8
2541,wincap,110.0,5000.0
2542,freegame,0.0,123.7
2543,freegame,0.0,85.8
2544,freegame,5.2,129.8
2545,freegame,0.0,41.3
2546,freegame,0.0,29.0
2547,freegame,0.0,10.1
2548,freegame,0.0,22.7
2549,freegame,0.0,533.5
2550,freegame,0.0,128.4
2551,freegame,0.0,149.5
2552,freegame,0.0,216.2
2553,freegame,6.6,43.5
2554,freegame,0.0,46.1
2555,freegame,0.0,180.7
2556,freegame,15.2,820.6
2557,freegame,0.0,83.0
2558,freegame,9.0,279.0
2559,freegame,131.4,228.9
2560,freegame,0.0,622.2
2561,freegame,0.0,62.2
2562,freegame,13.2,869.0
2563,freegame,0.0,228.3
2564,freegame,0.8,161.8
2565,freegame,0.0,176.3
2566,freegame,13.0,71.9
2567,freegame,0.0,373.6
2568,freegame,0.0,119.3
2569,freegame,0.0,5.5
2570,freegame,0.0,200.9
2571,freegame,0.0,25.3
2572,freegame,0.0,178.7
2573,freegame,0.0,151.2
2574,freegame,16.4,9.2
2575,freegame,0.0,655.2
2576,freegame,19.5,1107.6
2577,freegame,0.0,112.7
2578,freegame,0.0,96.5
2579,freegame,0.0,30.2
2580,freegame,0.0,143.1
2581,freegame,0.0,54.6
2582,freegame,0.0,3.4
2583,freegame,1.2,1547.4
2584,freegame,0.0,151.2
2585,freegame,85.0,50.0
2586,freegame,0.0,176.8
2587,freegame,0.0,84.1
2588,freegame,0.0,447.6
2589,freegame,0.0,93.7
2590,freegame,0.0,239.3
2591,freegame,5.4,332.4
2592,freegame,0.0,185.3
2593,freegame,0.0,12.4
2594,freegame,0.0,102.2
2595,freegame,0.0,494.5
2596,freegame,142.9,441.9
2597,freegame,0.0,237.1
2598,freegame,0.0,44.8
2599,freegame,0.0,339.3
2600,freegame,2.0,42.7
2601,freegame,0.0,353.7
2602,freegame,0.0,167.0
2603,freegame,0.0,112.0
2604,freegame,1.2,225.6
2605,freegame,16.1,138.4
2606,freegame,0.0,52.7
2607,freegame,0.0,213.0
2608,freegame,0.0,536.5
2609,freegame,0.0,250.7
2610,freegame,0.0,81.3
2611,freegame,8.0,112.0
2612,freegame,19.0,329.9
2613,freegame,0.0,54.1
2614,freegame,1.2,172.5
2615,freegame,0.0,4.9
2616,freegame,2.2,216.4
2617,freegame,0.0,8.1
2618,freegame,2.0,90.1
2619,freegame,0.0,28.3
2620,freegame,0.0,29.2
2621,freegame,0.0,19.3
2622,freegame,20.0,91.4
2623,freegame,105.0,879.8
2624,freegame,0.0,288.0
2625,freegame,4.0,18.1
2626,freegame,0.0,186.3
2627,freegame,0.0,150.0
2628,freegame,0.0,81.3
2629,freegame,0.0,1299.0
2630,freegame,0.0,548.1
2631,freegame,64.0,395.4
2632,freegame,0.0,63.5
2633,freegame,0.0,68.7
2634,freegame,51.2,381.1
2635,freegame,0.0,90.4
2636,freegame,0.0,65.2
2637,freegame,0.0,283.5
2638,freegame,0.0,387.7
2639,freegame,170.0,341.5
2640,freegame,0.0,41.3
2641,freegame,0.0,286.4
2642,freegame,13.2,862.3
2643,freegame,0.0,800.1
2644,freegame,0.0,332.4
2645,freegame,60.8,161.9
2646,freegame,82.8,167.7
2647,freegame,4.4,66.1
2648,freegame,0.0,27.5
2649,freegame,4.0,54.9
2650,freegame,0.0,917.6
2651,freegame,117.2,5.8
2652,freegame,0.0,105.4
2653,freegame,0.0,145.9
2654,freegame,0.0,14.6
2655,freegame,0.0,22.7
2656,freegame,36.2,206.7
2657,freegame,0.0,169.6
2658,freegame,0.0,172.6
2659,freegame,0.0,103.9
2660,freegame,0.0,31.0
2661,freegame,0.0,115.8
2662,freegame,0.0,4.0
2663,freegame,0.0,9.0
2664,freegame,0.0,8.2
2665,freegame,2.9,153.9
2666,freegame,0.0,50.8
2667,freegame,0.0,342.2
2668,freegame,12.0,37.5
2669,freegame,0.0,170.8
2670,freegame,0.0,71.0
2671,freegame,0.0,151.8
2672,freegame,8.0,47.9
2673,freegame,0.0,50.6
2674,freegame,0.0,265.7
2675,freegame,0.0,360.2
2676,freegame,0.0,33.9
2677,wincap,0.0,5000.0
2678,freegame,71.5,335.5
2679,freegame,0.0,44.8
2680,freegame,0.0,170.2
2681,freegame,8.0,84.5
2682,freegame,0.0,20.5
2683,freegame,0.0,368.8
2684,freegame,12.0,52.3
2685,freegame,0.0,156.6
2686,freegame,0.0,43.4
2687,freegame,0.0,77.2
2688,freegame,0.0,44.7
2689,freegame,0.0,134.9
2690,freegame,29.4,48.0
2691,freegame,0.0,39.2
2692,freegame,0.0,235.9
2693,freegame,0.0,41.8
2694,freegame,1.6,253.5
2695,freegame,0.0,418.3
2696,freegame,0.0,199.7
2697,freegame,0.0,19.0
2698,freegame,0.0,220.0
2699,freegame,15.6,427.7
2700,freegame,0.0,645.2
2701,freegame,10.2,115.4
2702,freegame,0.0,156.2
2703,freegame,0.0,394.9
2704,freegame,0.0,19.9
2705,freegame,7.8,11.9
2706,freegame,6.9,124.2
2707,freegame,34.7,85.1
2708,freegame,0.0,83.5
2709,freegame,0.0,95.2
2710,freegame,0.0,63.2
2711,freegame,0.0,24.5
2712,freegame,0.0,154.0
2713,freegame,17.0,124.5
2714,freegame,6.0,124.6
2715,freegame,0.0,313.4
2716,freegame,56.0,612.8
2717,freegame,0.0,387.1
2718,freegame,32.0,77.4
2719,freegame,92.1,19.4
2720,freegame,0.0,33.7
2721,freegame,6.0,246.5
2722,freegame,0.0,1007.6
2723,freegame,0.0,173.8
2724,freegame,0.0,1207.3
2725,freegame,62.1,559.9
2726,freegame,0.0,453.5
2727,freegame,0.0,297.1
2728,freegame,0.0,156.0
2729,freegame,26.2,303.8
2730,freegame,0.0,138.3
2731,freegame,0.0,354.9
2732,freegame,0.0,76.2
2733,freegame,0.0,1121.4
2734,freegame,12.0,29.6
2735,freegame,0.0,163.4
2736,freegame,0.0,422.2
2737,freegame,0.0,173.3
2738,freegame,50.0,65.4
2739,freegame,14.3,273.2
2740,freegame,0.0,78.0
2741,freegame,0.0,33.6
2742,freegame,0.0,125.3
2743,freegame,5.0,143.5
2744,wincap,0.0,5000.0
2745,freegame,0.0,243.1
2746,freegame,0.0,75.5
2747,freegame,0.0,134.9
2748,freegame,0.0,577.6
2749,freegame,0.0,391.1
2750,freegame,0.0,12.5
2751,freegame,4.0,572.6
2752,freegame,0.0,112.6
2753,freegame,0.0,15.3
2754,freegame,0.0,315.5
2755,freegame,0.0,169.9
2756,freegame,0.0,103.9
2757,freegame,0.0,113.4
2758,freegame,0.0,39.3
2759,freegame,0.0,11.4
2760,freegame,3.6,646.6
2761,freegame,0.0,30.3
2762,freegame,17.4,635.7
2763,freegame,0.0,721.9
2764,freegame,0.0,41.4
2765,wincap,0.0,5000.0
2766,freegame,21.0,161.7
2767,freegame,0.0,362.3
2768,freegame,0.0,78.7
2769,freegame,2.8,118.3
2770,freegame,0.0,56.2
2771,freegame,0.0,369.3
2772,freegame,12.6,116.5
2773,freegame,0.0,304.1
2774,freegame,14.4,56.1
2775,freegame,0.0,81.4
2776,freegame,0.0,7.6
2777,freegame,2.0,583.2
2778,freegame,42.2,26.7
2779,freegame,0.0,38.1
2780,freegame,0.0,205.2
2781,freegame,9.6,25.5
2782,freegame,0.0,65.7
2783,freegame,26.0,1737.5
2784,freegame,0.0,655.4
2785,freegame,0.0,20.7
2786,freegame,0.0,52.9
2787,freegame,0.0,602.0
2788,freegame,0.0,247.8
2789,freegame,0.0,137.4
2790,freegame,0.0,117.1
2791,freegame,0.0,101.2
2792,freegame,9.0,4.9
2793,freegame,0.0,78.8
2794,freegame,0.0,44.0
2795,wincap,0.0,5000.0
2796,freegame,0.0,91.1
2797,freegame,0.0,164.3
2798,freegame,0.0,283.1
2799,freegame,8.4,52.5
2800,freegame,13.0,33.6
2801,freegame,7.0,307.6
2802,freegame,0.0,94.6
2803,freegame,62.4,158.4
2804,freegame,0.0,245.3
2805,freegame,217.8,652.7
2806,freegame,0.0,300.8
2807,freegame,0.0,69.2
2808,freegame,0.0,102.3
2809,freegame,0.0,41.9
2810,freegame,3.6,54.4
2811,freegame,26.7,15.7
2812,freegame,11.6,1.0
2813,freegame,0.0,50.8
2814,freegame,0.0,103.6
2815,freegame,0.0,14.6
2816,freegame,1.2,64.2
2817,freegame,0.0,42.9
2818,freegame,0.0,210.6
2819,freegame,0.0,388.7
2820,freegame,0.0,25.6
2821,freegame,0.0,89.4
2822,freegame,9.4,77.2
2823,freegame,0.0,76.5
2824,freegame,23.2,264.2
2825,freegame,0.0,114.0
2826,freegame,0.0,80.6
2827,freegame,1.2,126.9
2828,freegame,0.0,39.1
2829,freegame,0.0,63.5
2830,freegame,0.0,11.0
2831,freegame,0.0,831.6
2832,freegame,0.0,352.1
2833,freegame,29.0,21.8
2834,freegame,0.0,21.8
2835,freegame,0.0,67.3
2836,freegame,12.0,505.8
2837,freegame,0.0,67.6
2838,freegame,0.8,84.3
2839,freegame,0.0,98.6
2840,freegame,0.0,119.7
2841,freegame,0.0,106.3
2842,freegame,0.0,484.2
2843,freegame,0.0,59.1
2844,freegame,13.0,175.1
2845,freegame,0.0,108.0
2846,freegame,0.0,150.5
2847,freegame,82.6,243.3
2848,freegame,0.0,129.5
2849,freegame,0.0,184.8
2850,freegame,60.0,215.9
2851,freegame,0.0,249.8
2852,freegame,0.0,86.0
2853,freegame,0.0,338.6
2854,freegame,79.5,90.6
2855,freegame,0.0,138.7
2856,freegame,0.0,227.7
2857,freegame,0.0,236.5
2858,freegame,0.0,3.3
2859,freegame,0.0,114.8
2860,freegame,0.0,1464.6
2861,freegame,0.0,160.8
2862,freegame,0.0,243.3
2863,freegame,0.0,109.2
2864,freegame,55.0,421.8
2865,freegame,0.0,301.2
2866,freegame,0.0,44.5
2867,freegame,0.0,55.3
2868,freegame,4.8,55.2
2869,freegame,0.0,61.2
2870,freegame,0.0,238.0
2871,freegame,0.0,653.8
2872,freegame,0.0,486.3
2873,freegame,0.0,48.1
2874,freegame,0.0,36.0
2875,freegame,0.0,249.1
2876,wincap,0.0,5000.0
2877,freegame,0.0,142.5
2878,freegame,0.0,130.8
2879,freegame,0.0,22.0
2880,freegame,0.0,96.8
2881,freegame,0.0,73.9
2882,freegame,0.0,235.2
2883,freegame,4.4,23.1
2884,freegame,0.0,141.3
2885,freegame,0.0,208.1
2886,freegame,36.0,42.5
2887,freegame,14.3,180.7
2888,freegame,0.0,145.5
2889,freegame,0.0,619.6
2890,freegame,0.0,15.2
2891,freegame,57.7,56.4
2892,freegame,2.0,79.4
2893,freegame,0.0,210.3
2894,freegame,0.0,288.6
2895,freegame,0.0,217.2
2896,freegame,0.0,316.0
2897,freegame,55.0,11.2
2898,freegame,0.0,24.5
2899,freegame,0.0,495.3
2900,freegame,0.0,879.7
2901,freegame,0.0,137.6
2902,freegame,0.0,223.8
2903,freegame,0.0,589.5
2904,freegame,50.4,20.1
2905,freegame,0.0,49.9
2906,freegame,1.4,946.6
2907,freegame,0.0,45.3
2908,freegame,0.4,28.9
2909,freegame,51.1,651.8
2910,freegame,0.0,95.5
2911,freegame,0.0,160.3
2912,freegame,0.0,8.2
2913,freegame,0.0,692.0
2914,freegame,24.0,87.0
2915,freegame,0.0,837.0
2916,freegame,19.5,149.1
2917,freegame,10.6,49.6
2918,freegame,0.0,12.8
2919,freegame,0.0,51.7
2920,freegame,0.0,25.5
2921,freegame,0.0,120.0
2922,freegame,0.0,299.5
2923,freegame,0.0,113.8
2924,freegame,0.0,410.6
2925,freegame,0.0,131.4
2926,freegame,0.0,78.2
2927,freegame,0.0,135.4
2928,freegame,0.0,143.7
2929,freegame,0.0,291.2
2930,freegame,100.0,337.3
2931,freegame,0.0,123.8
2932,freegame,0.0,30.2
2933,freegame,9.2,277.4
2934,freegame,93.8,152.4
2935,freegame,0.0,24.3
2936,freegame,0.0,319.4
2937,freegame,0.0,201.3
2938,freegame,0.0,410.6
2939,freegame,0.0,90.8
2940,freegame,0.0,91.1
2941,freegame,0.0,200.1
2942,freegame,0.0,125.2
2943,freegame,0.0,73.3
2944,wincap,0.0,5000.0
2945,freegame,0.0,116.9
2946,freegame,0.0,19.8
2947,freegame,0.0,144.7
2948,freegame,0.0,81.7
2949,freegame,0.0,38.2
2950,freegame,0.0,34.7
2951,freegame,0.0,137.2
2952,freegame,0.0,116.1
2953,freegame,0.0,66.2
2954,freegame,0.0,112.1
2955,freegame,66.3,168.7
2956,freegame,0.0,41.4
2957,freegame,0.0,346.9
2958,freegame,0.0,393.9
2959,freegame,6.6,175.9
2960,freegame,18.0,16.1
2961,freegame,0.0,662.9
2962,freegame,32.1,198.2
2963,freegame,14.3,367.9
2964,freegame,0.0,82.2
2965,freegame,24.0,25.4
2966,freegame,0.0,59.7
2967,freegame,35.2,133.3
2968,freegame,0.0,74.2
2969,freegame,20.8,170.7
2970,freegame,0.0,53.1
2971,freegame,0.0,126.0
2972,freegame,28.0,288.4
2973,freegame,0.0,25.8
2974,freegame,12.4,8.4
2975,freegame,0.0,65.8
2976,freegame,15.6,259.0
2977,freegame,80.1,176.2
2978,freegame,0.0,1255.4
2979,freegame,0.0,386.5
2980,freegame,0.0,93.3
2981,freegame,8.4,89.4
2982,freegame,0.0,11.9
2983,freegame,0.0,19.6
2984,freegame,0.0,270.5
2985,freegame,0.0,54.5
2986,freegame,0.0,285.1
2987,freegame,0.0,40.4
2988,freegame,0.0,256.3
2989,freegame,0.0,48.1
2990,freegame,0.0,66.6
2991,freegame,0.0,250.8
2992,freegame,6.0,235.3
2993,wincap,0.0,5000.0
2994,freegame,42.4,759.5
2995,freegame,0.0,97.5
2996,wincap,0.0,5000.0
2997,freegame,0.0,361.0
2998,freegame,0.0,122.6
2999,freegame,2.0,246.7
3000,freegame,0.0,318.2
3001,freegame,0.0,9.5
3002,freegame,4.8,61.7
3003,freegame,0.0,65.0
3004,freegame,0.0,124.9
3005,freegame,0.0,164.3
3006,freegame,42.0,266.5
3007,freegame,67.5,30.6
3008,freegame,42.9,25.4
3009,freegame,17.5,426.3
3010,freegame,0.0,63.4
3011,freegame,0.0,53.8
3012,freegame,0.0,131.1
3013,freegame,0.0,60.8
3014,freegame,2.0,106.7
3015,freegame,3.0,57.4
3016,freegame,0.0,211.7
3017,freegame,12.0,44.0
3018,freegame,1.8,59.3
3019,freegame,5.4,410.0
3020,freegame,0.0,292.8
3021,freegame,0.0,20.1
3022,freegame,0.0,170.9
3023,freegame,0.0,40.4
3024,freegame,0.0,56.2
3025,freegame,6.0,82.9
3026,freegame,0.0,17.0
3027,freegame,0.0,1469.2
3028,freegame,0.0,132.2
3029,freegame,0.0,232.8
3030,freegame,28.0,485.5
3031,freegame,132.5,332.5
3032,freegame,3.6,133.3
3033,freegame,8.0,105.6
3034,freegame,0.0,173.5
3035,freegame,0.0,186.0
3036,freegame,0.0,97.9
3037,freegame,0.0,97.5
3038,freegame,6.0,40.6
3039,freegame,0.0,96.1
3040,freegame,1.8,78.8
3041,freegame,9.2,41.9
3042,freegame,0.0,251.8
3043,freegame,42.5,262.0
3044,freegame,0.0,634.9
3045,freegame,0.0,251.5
3046,freegame,0.0,23.7
3047,freegame,125.0,319.5
3048,freegame,0.0,10.8
3049,freegame,0.0,632.2
3050,freegame,0.0,204.6
3051,freegame,6.0,191.9
3052,freegame,0.0,156.5
3053,freegame,267.0,55.4
3054,freegame,65.8,145.9
3055,freegame,0.4,405.4
3056,freegame,0.0,196.9
3057,freegame,0.0,53.3
3058,freegame,0.0,185.9
3059,freegame,0.0,902.3
3060,freegame,6.0,131.6
3061,freegame,0.0,164.4
3062,freegame,0.0,91.3
3063,freegame,0.0,642.2
3064,freegame,0.0,69.3
3065,freegame,8.4,11.8
3066,freegame,0.0,119.1
3067,freegame,0.0,178.6
3068,freegame,4.0,18.1
3069,freegame,0.0,270.1
3070,freegame,0.0,7.2
3071,freegame,16.0,32.4
3072,freegame,10.5,55.4
3073,freegame,12.0,45.3
3074,freegame,0.0,218.3
3075,freegame,0.0,189.0
3076,freegame,0.0,83.9
3077,freegame,14.0,701.3
3078,freegame,0.0,153.4
3079,freegame,64.3,129.0
3080,freegame,0.0,41.6
3081,freegame,1.3,118.2
3082,freegame,0.0,260.3
3083,freegame,0.0,254.5
3084,freegame,48.0,80.8
3085,wincap,8.0,5000.0
3086,freegame,0.0,175.8
3087,freegame,0.0,2803.8
3088,freegame,0.0,16.4
3089,freegame,0.0,709.7
3090,freegame,0.0,7.2
3091,freegame,2.3,151.4
3092,freegame,0.0,83.1
3093,freegame,14.4,35.0
3094,freegame,0.0,162.3
3095,freegame,0.0,38.5
3096,freegame,0.0,78.0
3097,freegame,0.0,100.4
3098,freegame,0.0,3.5
3099,freegame,0.0,29.5
3100,freegame,0.0,153.4
3101,freegame,0.0,281.7
3102,freegame,73.3,14.4
3103,freegame,0.0,408.9
3104,freegame,2.0,14.7
3105,freegame,17.3,593.5
3106,freegame,0.0,80.7
3107,freegame,0.0,35.3
3108,freegame,0.0,89.2
3109,freegame,0.0,36.4
3110,freegame,0.0,418.9
3111,freegame,0.0,64.9
3112,freegame,9.6,196.0
3113,freegame,0.0,61.0
3114,freegame,0.0,615.8
3115,freegame,0.0,367.4
3116,freegame,0.0,36.7
3117,freegame,0.0,126.9
3118,freegame,0.0,252.6
3119,freegame,5.2,152.1
3120,freegame,0.0,63.2
3121,freegame,0.0,611.9
3122,freegame,5.2,144.0
3123,freegame,0.0,41.0
3124,freegame,0.0,19.5
3125,freegame,0.0,130.3
3126,freegame,0.0,266.0
3127,freegame,0.0,213.0
3128,freegame,0.0,145.2
3129,freegame,2.5,503.7
3130,freegame,0.0,563.1
3131,freegame,0.0,36.5
3132,freegame,0.0,36.3
3133,freegame,0.0,206.5
3134,freegame,0.0,501.9
3135,freegame,16.8,37.1
3136,freegame,1.3,340.7
3137,freegame,7.2,935.7
3138,freegame,0.0,81.7
3139,freegame,0.0,59.5
3140,freegame,0.0,159.1
3141,freegame,45.5,234.2
3142,freegame,0.0,127.7
3143,freegame,36.0,115.7
3144,freegame,0.0,17.7
3145,freegame,0.0,160.1
3146,freegame,0.0,61.0
3147,freegame,0.0,58.2
3148,freegame,11.7,31.5
3149,freegame,8.4,38.2
3150,freegame,0.0,238.3
3151,freegame,0.0,279.8
3152,freegame,0.0,34.4
3153,freegame,10.0,655.4
3154,freegame,0.0,198.2
3155,freegame,0.0,83.1
3156,freegame,0.0,211.4
3157,freegame,187.5,38.7
3158,freegame,0.6,113.7
3159,freegame,0.0,44.7
3160,freegame,0.0,612.2
3161,freegame,0.0,186.0
3162,freegame,0.0,11.1
3163,freegame,1.2,14.6
3164,wincap,0.0,5000.0
3165,freegame,0.0,149.3
3166,freegame,0.0,453.8
3167,freegame,0.0,112.8
3168,freegame,0.0,591.4
3169,freegame,80.0,13.9
3170,freegame,0.0,373.2
3171,freegame,0.0,319.1
3172,freegame,0.0,270.0
3173,freegame,0.0,109.3
3174,freegame,0.0,22.0
3175,freegame,0.0,31.0
3176,freegame,0.0,257.2
3177,freegame,0.0,284.3
3178,freegame,0.0,2203.7
3179,freegame,0.0,12.4
3180,freegame,0.0,326.4
3181,freegame,19.2,68.7
3182,freegame,0.0,340.5
3183,freegame,0.0,75.8
3184,freegame,0.0,23.2
3185,freegame,0.0,219.9
3186,freegame,0.0,370.6
3187,freegame,0.0,380.3
3188,freegame,0.0,57.1
3189,freegame,16.5,95.2
3190,freegame,0.0,49.0
3191,freegame,0.0,186.3
3192,freegame,0.0,34.2
3193,freegame,0.0,24.6
3194,freegame,13.0,1503.0
3195,freegame,4.8,122.0
3196,freegame,1.4,13.0
3197,freegame,0.0,47.5
3198,freegame,8.4,73.3
3199,freegame,0.0,352.7
3200,freegame,0.0,70.5
3201,freegame,0.0,91.3
3202,freegame,51.5,306.7
3203,freegame,2.4,8.2
3204,freegame,0.0,155.8
3205,freegame,0.0,114.0
3206,freegame,0.0,103.0
3207,freegame,12.0,637.0
3208,freegame,0.0,53.7
3209,freegame,0.0,213.1
3210,freegame,0.0,792.9
3211,freegame,0.0,55.6
3212,freegame,28.0,24.6
3213,freegame,0.0,20.6
3214,freegame,0.0,331.7
3215,freegame,0.0,25.6
3216,freegame,0.0,159.5
3217,freegame,51.2,36.0
3218,freegame,0.0,57.4
3219,freegame,0.0,227.0
3220,freegame,0.0,1004.2
3221,freegame,0.0,79.5
3222,freegame,0.0,64.1
3223,freegame,0.0,820.1
3224,freegame,0.0,28.2
3225,freegame,0.0,72.1
3226,freegame,0.0,387.1
3227,freegame,0.0,137.9
3228,freegame,0.0,153.4
3229,freegame,0.0,204.3
3230,freegame,0.0,326.5
3231,freegame,0.0,340.1
3232,freegame,167.3,912.4
3233,freegame,0.0,1527.4
3234,freegame,63.4,282.3
3235,freegame,0.0,15.9
3236,freegame,1.2,242.7
3237,freegame,0.0,727.1
3238,freegame,0.0,30.0
3239,freegame,0.0,46.7
3240,freegame,13.3,194.7
3241,freegame,0.0,531.3
3242,freegame,6.0,175.9
3243,freegame,0.0,57.4
3244,freegame,0.0,50.3
3245,freegame,21.0,120.7
3246,freegame,0.0,518.6
3247,freegame,0.0,54.1
3248,freegame,0.0,871.8
3249,freegame,36.0,122.9
3250,freegame,0.0,67.8
3251,freegame,0.0,39.2
3252,freegame,0.0,33.4
3253,freegame,0.0,59.8
3254,freegame,38.0,41.2
3255,freegame,0.0,54.1
3256,freegame,0.0,1610.5
3257,freegame,0.0,518.5
3258,freegame,0.0,294.7
3259,freegame,0.0,220.5
3260,freegame,0.0,165.2
3261,freegame,43.2,65.0
3262,freegame,0.0,35.5
3263,freegame,0.0,72.8
3264,freegame,0.0,5.7
3265,freegame,0.0,206.0
3266,freegame,0.0,234.9
3267,freegame,0.0,964.5
3268,freegame,12.0,173.5
3269,freegame,0.0,61.3
3270,freegame,49.6,9.0
3271,freegame,5.0,1.5
3272,freegame,0.0,481.3
3273,freegame,0.0,387.8
3274,freegame,0.0,126.3
3275,freegame,0.0,466.7
3276,freegame,0.0,47.0
3277,freegame,0.0,34.8
3278,freegame,42.5,767.0
3279,freegame,40.8,28.6
3280,freegame,0.0,69.2
3281,freegame,0.0,940.7
3282,freegame,2.4,156.7
3283,freegame,17.0,217.1
3284,freegame,55.0,200.6
3285,freegame,0.0,113.6
3286,freegame,0.0,37.3
3287,freegame,0.0,87.0
3288,freegame,16.9,291.9
3289,freegame,0.0,27.1
3290,freegame,0.0,174.0
3291,freegame,0.0,218.1
3292,freegame,3.2,432.1
3293,freegame,106.4,13.3
3294,freegame,3.0,320.9
3295,freegame,4.8,93.9
3296,freegame,0.0,134.4
3297,freegame,0.0,24.9
3298,freegame,2.0,5.2
3299,freegame,0.0,142.5
3300,freegame,38.8,76.0
3301,freegame,14.4,135.3
3302,freegame,0.0,17.0
3303,freegame,0.0,229.8
3304,freegame,3.6,87.4
3305,freegame,0.0,35.2
3306,freegame,0.0,35.8
3307,freegame,0.0,144.7
3308,freegame,0.0,146.5
3309,freegame,243.0,70.5
3310,freegame,30.0,46.4
3311,freegame,0.0,85.4
3312,freegame,3.2,170.2
3313,freegame,0.0,672.2
3314,freegame,20.0,106.0
3315,freegame,0.0,285.6
3316,freegame,0.0,163.5
3317,freegame,42.5,785.2
3318,freegame,0.0,43.0
3319,freegame,18.0,1984.4
3320,wincap,38.0,5000.0
3321,freegame,0.0,189.9
3322,freegame,0.0,218.7
3323,freegame,0.0,153.8
3324,freegame,0.0,137.1
3325,freegame,3.6,6.2
3326,freegame,0.0,758.5
3327,freegame,0.0,216.7
3328,freegame,116.0,193.2
3329,freegame,10.4,44.6
3330,freegame,0.0,38.9
3331,freegame,33.0,104.5
3332,freegame,0.0,172.0
3333,freegame,0.0,162.2
3334,freegame,0.0,57.6
3335,freegame,0.0,60.6
3336,freegame,0.0,184.0
3337,freegame,17.0,282.4
3338,freegame,26.0,338.2
3339,freegame,0.0,239.8
3340,freegame,2.4,515.3
3341,freegame,76.8,120.1
3342,freegame,0.0,237.4
3343,freegame,25.0,74.6
3344,freegame,0.0,1638.6
3345,freegame,74.5,49.7
3346,freegame,0.0,40.4
3347,freegame,0.0,125.8
3348,freegame,12.8,215.2
3349,freegame,0.0,568.9
3350,freegame,0.0,86.1
3351,freegame,0.0,134.2
3352,freegame,38.1,341.8
3353,freegame,0.0,197.6
3354,freegame,0.0,53.5
3355,freegame,0.0,21.0
3356,freegame,0.0,171.8
3357,freegame,83.0,138.5
3358,freegame,4.8,282.2
3359,wincap,0.0,5000.0
3360,freegame,57.2,332.5
3361,freegame,0.0,397.3
3362,freegame,0.0,220.3
3363,freegame,18.0,49.4
3364,freegame,0.0,40.9
3365,freegame,0.0,144.6
3366,freegame,60.8,36.7
3367,freegame,0.0,124.1
3368,freegame,0.0,53.7
3369,freegame,2.0,590.9
3370,freegame,0.0,275.5
3371,freegame,32.0,1115.3
3372,freegame,0.0,182.6
3373,freegame,0.0,293.9
3374,freegame,0.0,504.3
3375,freegame,0.0,80.6
3376,freegame,28.8,737.7
3377,freegame,0.0,320.3
3378,freegame,0.0,2576.8
3379,freegame,0.0,40.2
3380,freegame,0.0,70.4
3381,freegame,0.0,109.8
3382,freegame,22.8,489.3
3383,freegame,0.0,30.5
3384,freegame,0.0,86.5
3385,freegame,0.4,188.7
3386,freegame,0.0,18.2
3387,freegame,0.0,38.0
3388,freegame,6.0,64.8
3389,freegame,0.0,53.1
3390,freegame,0.0,161.4
3391,wincap,0.0,5000.0
3392,freegame,0.0,47.3
3393,freegame,30.0,207.1
3394,freegame,12.4,277.8
3395,freegame,51.2,363.1
3396,freegame,33.0,45.7
3397,freegame,0.0,80.9
3398,freegame,19.8,363.4
3399,freegame,0.0,355.8
3400,freegame,0.0,160.0
3401,freegame,0.0,377.9
3402,freegame,0.0,67.6
3403,freegame,0.0,236.5
3404,freegame,0.0,527.2
3405,freegame,0.0,33.0
3406,freegame,6.0,253.9
3407,freegame,11.7,18.6
3408,freegame,40.0,66.2
3409,freegame,0.0,538.4
3410,freegame,1.0,140.2
3411,freegame,0.0,76.6
3412,freegame,8.4,603.5
3413,freegame,0.0,659.5
3414,freegame,0.0,12.2
3415,freegame,6.0,54.7
3416,freegame,12.8,123.2
3417,freegame,0.0,221.3
3418,freegame,19.5,2.3
3419,freegame,0.0,140.1
3420,freegame,0.0,20.6
3421,freegame,18.0,310.0
3422,freegame,0.0,68.4
3423,freegame,0.0,230.2
3424,freegame,0.0,11.0
3425,freegame,0.4,217.2
3426,freegame,0.0,68.2
3427,freegame,0.0,26.0
3428,freegame,0.0,162.3
3429,freegame,0.0,314.9
3430,freegame,0.0,91.9
3431,freegame,2.8,362.5
3432,freegame,0.0,58.0
3433,freegame,54.9,36.2
3434,freegame,0.0,578.0
3435,freegame,0.0,754.5
3436,freegame,67.0,112.6
3437,freegame,0.0,46.1
3438,freegame,0.0,148.0
3439,freegame,4.4,52.0
3440,freegame,0.0,72.8
3441,freegame,0.0,654.8
3442,freegame,40.0,461.5
3443,freegame,0.0,23.4
3444,freegame,0.0,39.0
3445,freegame,0.0,405.5
3446,freegame,55.0,32.1
3447,freegame,0.6,550.0
3448,freegame,0.0,186.5
3449,freegame,0.0,66.1
3450,freegame,0.0,322.6
3451,freegame,0.0,87.9
3452,freegame,0.0,354.3
3453,freegame,10.4,159.3
3454,freegame,30.0,145.6
3455,freegame,0.0,12.1
3456,freegame,3.2,23.8
3457,freegame,0.0,127.1
3458,freegame,0.0,306.0
3459,freegame,0.0,116.9
3460,freegame,0.0,163.0
3461,freegame,0.0,72.4
3462,freegame,0.0,352.7
3463,freegame,0.0,436.5
3464,freegame,1.6,388.0
3465,freegame,39.5,546.8
3466,freegame,0.0,542.5
3467,freegame,5.0,585.3
3468,freegame,0.0,181.0
3469,freegame,0.0,131.2
3470,freegame,0.0,9.9
3471,freegame,5.8,480.1
3472,freegame,0.0,63.1
3473,freegame,20.0,84.5
3474,freegame,0.0,743.1
3475,freegame,0.0,300.0
3476,freegame,0.0,67.4
3477,freegame,9.6,634.3
3478,freegame,0.0,44.3
3479,freegame,0.0,214.7
3480,freegame,0.0,114.1
3481,freegame,19.5,104.5
3482,freegame,0.0,209.4
3483,freegame,0.0,2.8
3484,freegame,0.0,62.1
3485,freegame,0.0,150.5
3486,freegame,0.0,224.6
3487,freegame,0.0,781.1
3488,freegame,0.0,20.1
3489,freegame,0.0,235.1
3490,freegame,174.6,715.2
3491,freegame,0.0,159.3
3492,freegame,4.0,388.4
3493,freegame,37.2,219.4
3494,freegame,0.0,31.5
3495,freegame,0.0,535.3
3496,freegame,0.0,30.7
3497,freegame,0.0,12.8
3498,freegame,0.0,529.6
3499,freegame,11.7,362.1
3500,freegame,0.0,340.1
3501,freegame,0.0,20.1
3502,freegame,9.0,473.7
3503,freegame,39.1,20.3
3504,freegame,8.6,130.7
3505,freegame,0.0,25.4
3506,freegame,0.4,147.6
3507,freegame,36.6,332.0
3508,freegame,0.0,48.2
3509,freegame,0.0,132.6
3510,freegame,0.0,121.3
3511,freegame,0.0,146.3
3512,freegame,0.2,42.7
3513,freegame,0.0,19.1
3514,freegame,19.9,286.1
3515,freegame,32.4,5.4
3516,freegame,0.0,476.3
3517,freegame,19.5,304.0
3518,freegame,0.0,36.9
3519,freegame,6.4,89.7
3520,freegame,0.0,338.2
3521,freegame,0.0,1.0
3522,wincap,0.0,5000.0
3523,freegame,14.4,248.6
3524,freegame,0.0,329.0
3525,freegame,0.0,15.3
3526,freegame,0.0,127.4
3527,freegame,0.0,20.5
3528,freegame,0.0,237.0
3529,freegame,0.0,18.1
3530,freegame,1.0,22.5
3531,freegame,7.2,570.8
3532,freegame,0.0,92.7
3533,wincap,7.0,5000.0
3534,freegame,0.0,403.8
3535,freegame,0.0,66.5
3536,freegame,0.0,47.8
3537,freegame,0.0,213.1
3538,freegame,0.0,56.7
3539,freegame,6.0,104.7
3540,freegame,0.0,72.9
3541,freegame,0.0,135.1
3542,freegame,12.0,29.0
3543,freegame,1.2,52.3
3544,freegame,42.0,170.5
3545,freegame,25.0,111.6
3546,freegame,41.6,195.9
3547,freegame,27.5,1039.3
3548,freegame,60.0,82.9
3549,freegame,21.0,306.5
3550,freegame,0.0,144.9
3551,freegame,0.0,447.7
3552,freegame,4.4,71.7
3553,freegame,0.0,262.1
3554,freegame,5.6,106.7
3555,freegame,0.0,29.8
3556,freegame,1.8,521.4
3557,freegame,0.0,440.5
3558,freegame,50.4,117.5
3559,freegame,0.0,24.4
3560,freegame,0.0,101.0
3561,freegame,2.4,273.3
3562,freegame,0.0,204.2
3563,freegame,0.0,405.3
3564,freegame,0.0,137.0
3565,freegame,0.0,25.8
3566,freegame,0.0,204.1
3567,freegame,2.0,70.3
3568,freegame,0.0,93.8
3569,freegame,0.0,565.9
3570,freegame,0.0,4.4
3571,freegame,0.0,24.3
3572,freegame,2.0,745.5
3573,freegame,0.0,314.6
3574,freegame,0.0,59.9
3575,freegame,0.0,59.3
3576,freegame,0.0,101.1
3577,freegame,0.0,130.4
3578,freegame,1.2,83.8
3579,freegame,0.0,526.2
3580,freegame,31.2,552.5
3581,freegame,0.0,7.0
3582,freegame,0.0,529.4
3583,freegame,0.0,66.9
3584,freegame,31.4,15.9
3585,freegame,0.0,44.1
3586,freegame,8.0,183.9
3587,freegame,0.0,81.7
3588,freegame,0.0,5.1
3589,freegame,0.0,335.4
3590,freegame,0.0,5.4
3591,freegame,0.4,323.7
3592,freegame,5.2,49.6
3593,freegame,3.0,314.6
3594,freegame,54.4,129.9
3595,freegame,0.0,479.7
3596,freegame,0.0,68.4
3597,freegame,0.0,25.2
3598,freegame,0.0,442.3
3599,freegame,39.0,119.9
3600,freegame,3.0,6.7
3601,freegame,1.8,359.3
3602,freegame,13.2,508.8
3603,freegame,0.0,4.0
3604,freegame,0.0,26.3
3605,freegame,1.0,303.4
3606,freegame,0.0,86.1
3607,freegame,0.0,51.1
3608,freegame,4.0,576.2
3609,freegame,0.0,54.4
3610,freegame,0.0,296.5
3611,freegame,0.0,47.8
3612,freegame,15.0,59.1
3613,freegame,0.0,113.8
3614,freegame,9.0,26.8
3615,freegame,0.0,384.6
3616,freegame,19.5,19.3
3617,freegame,0.0,56.7
3618,freegame,17.0,173.6
3619,freegame,32.0,25.2
3620,freegame,0.0,1403.6
3621,freegame,0.0,157.8
3622,freegame,3.6,134.2
3623,freegame,18.0,40.1
3624,freegame,0.0,103.0
3625,freegame,0.0,530.4
3626,freegame,115.0,159.0
3627,freegame,0.0,16.4
3628,freegame,13.9,33.0
3629,freegame,0.0,565.6
3630,freegame,50.0,160.3
3631,freegame,0.0,243.9
3632,freegame,4.0,129.1
3633,freegame,0.0,149.0
3634,wincap,1.6,5000.0
3635,freegame,78.0,45.2
3636,freegame,0.0,335.7
3637,freegame,75.0,197.2
3638,freegame,0.0,239.9
3639,freegame,0.0,173.1
3640,freegame,4.8,113.4
3641,freegame,0.0,154.2
3642,freegame,0.0,73.8
3643,freegame,51.2,127.2
3644,freegame,0.0,165.7
3645,freegame,0.0,407.5
3646,freegame,0.0,138.7
3647,freegame,2.4,50.5
3648,wincap,0.0,5000.0
3649,freegame,0.0,45.1
3650,freegame,0.0,164.3
3651,freegame,0.0,105.4
3652,freegame,0.0,5.6
3653,freegame,0.0,138.5
3654,freegame,0.0,0.6
3655,freegame,0.0,39.9
3656,freegame,0.0,60.1
3657,freegame,8.4,29.7
3658,freegame,0.0,169.3
3659,freegame,65.0,1155.2
3660,freegame,0.0,290.0
3661,freegame,47.4,51.2
3662,freegame,7.5,60.2
3663,freegame,5.0,63.0
3664,freegame,5.0,178.4
3665,freegame,26.4,86.3
3666,freegame,0.0,6.7
3667,freegame,0.0,309.6
3668,freegame,0.0,461.3
3669,freegame,1.4,19.5
3670,freegame,0.0,737.5
3671,freegame,13.8,359.1
3672,freegame,33.0,128.1
3673,freegame,0.0,130.4
3674,freegame,0.0,558.3
3675,freegame,0.0,21.5
3676,freegame,0.0,23.0
3677,freegame,6.0,545.8
3678,freegame,0.0,136.6
3679,freegame,0.0,72.4
3680,freegame,33.0,289.6
3681,freegame,14.4,59.9
3682,freegame,7.0,39.2
3683,freegame,0.0,94.9
3684,freegame,9.4,328.3
3685,freegame,0.0,4.0
3686,freegame,0.0,339.1
3687,freegame,0.0,708.6
3688,freegame,0.0,22.0
3689,freegame,0.0,16.4
3690,freegame,0.0,856.4
3691,freegame,0.0,138.4
3692,freegame,0.0,28.5
3693,freegame,0.0,46.6
3694,freegame,0.0,202.3
3695,freegame,0.0,332.3
3696,freegame,0.0,578.7
3697,freegame,0.0,30.1
3698,freegame,0.0,102.6
3699,freegame,47.5,217.0
3700,freegame,0.0,101.8
3701,freegame,0.0,303.7
3702,freegame,0.0,648.7
3703,freegame,0.0,43.5
3704,freegame,0.0,577.9
3705,freegame,0.0,41.3
3706,freegame,0.0,95.5
3707,freegame,0.0,359.2
3708,freegame,11.6,639.1
3709,wincap,0.0,5000.0
3710,freegame,159.7,224.6
3711,freegame,0.0,561.9
3712,freegame,0.0,55.4
3713,freegame,0.0,15.0
3714,freegame,6.5,432.8
3715,freegame,14.8,89.7
3716,freegame,0.0,69.6
3717,freegame,0.0,111.3
3718,freegame,6.0,11.6
3719,freegame,0.0,967.9
3720,freegame,0.0,148.6
3721,freegame,3.6,1049.4
3722,freegame,0.0,294.8
3723,freegame,0.0,22.0
3724,freegame,0.0,71.0
3725,freegame,0.0,29.4
3726,freegame,0.0,287.6
3727,freegame,5.2,707.2
3728,freegame,0.0,65.7
3729,freegame,0.0,37.0
3730,freegame,0.0,113.2
3731,freegame,0.0,24.6
3732,freegame,0.0,50.8
3733,freegame,0.0,452.0
3734,freegame,0.0,483.0
3735,freegame,0.0,25.0
3736,freegame,0.0,218.6
3737,freegame,45.0,20.5
3738,freegame,15.2,128.8
3739,freegame,0.0,48.8
3740,freegame,0.0,48.6
3741,freegame,0.0,1221.5
3742,freegame,0.0,621.0
3743,freegame,0.0,365.1
3744,wincap,0.0,5000.0
3745,freegame,0.0,173.5
3746,freegame,0.0,198.9
3747,freegame,0.0,131.5
3748,freegame,0.0,145.6
3749,freegame,0.0,143.3
3750,freegame,0.0,146.3
3751,freegame,0.0,389.0
3752,freegame,8.4,132.6
3753,freegame,0.0,351.8
3754,freegame,0.0,171.5
3755,freegame,0.0,341.6
3756,freegame,10.0,127.2
3757,freegame,17.5,230.5
3758,freegame,30.6,48.0
3759,freegame,24.0,405.1
3760,freegame,15.0,170.9
3761,freegame,0.0,684.1
3762,freegame,0.0,146.2
3763,freegame,17.0,467.1
3764,freegame,0.0,113.6
3765,freegame,0.0,326.7
3766,freegame,0.0,120.2
3767,freegame,0.0,17.1
3768,freegame,0.0,735.4
3769,freegame,0.0,188.7
3770,freegame,0.0,33.0
3771,freegame,0.0,169.5
3772,freegame,0.0,371.7
3773,freegame,30.0,119.0
3774,wincap,35.0,5000.0
3775,freegame,17.6,322.4
3776,freegame,0.0,26.8
3777,freegame,0.0,170.7
3778,freegame,0.0,7.5
3779,freegame,18.0,113.6
3780,freegame,0.0,90.3
3781,freegame,0.0,21.8
3782,freegame,0.0,143.6
3783,freegame,0.0,35.9
3784,freegame,6.0,322.9
3785,freegame,0.0,381.7
3786,freegame,0.0,8.9
3787,freegame,0.0,357.4
3788,freegame,0.0,138.8
3789,freegame,3.6,141.3
3790,freegame,0.0,156.2
3791,freegame,0.0,205.5
3792,freegame,22.0,220.3
3793,freegame,0.0,14.8
3794,freegame,0.0,66.8
3795,freegame,0.0,538.1
3796,freegame,0.0,243.1
3797,freegame,0.0,544.4
3798,freegame,1.0,66.4
3799,freegame,0.0,49.0
3800,freegame,0.0,373.1
3801,freegame,0.0,146.7
3802,freegame,77.8,93.3
3803,freegame,24.0,36.9
3804,freegame,0.0,89.4
3805,freegame,0.0,63.3
3806,freegame,0.0,56.1
3807,freegame,0.0,61.8
3808,freegame,2.8,91.6
3809,freegame,0.0,175.5
3810,freegame,0.0,136.2
3811,freegame,3.6,38.0
3812,freegame,0.0,77.5
3813,freegame,0.0,8.4
3814,freegame,0.0,45.3
3815,freegame,2.6,138.7
3816,freegame,0.0,91.6
3817,freegame,6.0,609.3
3818,wincap,0.0,5000.0
3819,freegame,295.0,147.4
3820,freegame,64.0,168.4
3821,freegame,0.0,36.3
3822,freegame,0.0,23.8
3823,freegame,16.8,169.9
3824,freegame,0.0,860.6
3825,freegame,4.8,49.9
3826,freegame,0.0,683.6
3827,freegame,0.0,54.1
3828,freegame,0.0,73.8
3829,freegame,0.0,70.5
3830,freegame,0.0,264.4
3831,freegame,0.0,315.9
3832,freegame,0.0,104.8
3833,freegame,0.0,557.5
3834,freegame,0.0,204.1
3835,freegame,0.0,92.8
3836,freegame,4.2,1076.6
3837,freegame,0.0,597.7
3838,freegame,0.0,87.7
3839,freegame,48.5,209.0
3840,freegame,5.4,63.7
3841,freegame,0.0,393.1
3842,freegame,0.0,139.3
3843,freegame,0.0,56.5
3844,freegame,0.0,18.0
3845,freegame,3.0,515.3
3846,freegame,2.0,7.7
3847,freegame,23.1,113.8
3848,freegame,0.0,212.2
3849,freegame,0.0,209.5
3850,freegame,0.0,204.4
3851,freegame,0.0,44.0
3852,freegame,0.0,17.1
3853,freegame,0.0,255.0
3854,freegame,5.4,213.5
3855,freegame,0.0,11.0
3856,freegame,29.3,247.9
3857,freegame,2.0,55.2
3858,freegame,10.0,434.3
3859,freegame,13.8,365.7
3860,freegame,0.0,508.1
3861,freegame,0.0,629.0
3862,freegame,0.0,89.4
3863,freegame,0.0,56.2
3864,freegame,0.0,223.2
3865,freegame,0.0,114.8
3866,freegame,0.0,122.3
3867,freegame,0.0,437.9
3868,freegame,0.0,189.7
3869,freegame,0.0,41.9
3870,freegame,0.0,130.9
3871,freegame,0.0,269.9
3872,freegame,0.0,116.2
3873,freegame,0.0,155.8
3874,freegame,0.0,46.0
3875,freegame,16.8,155.5
3876,freegame,0.0,371.4
3877,freegame,4.2,138.6
3878,freegame,84.2,46.6
3879,freegame,0.0,89.9
3880,freegame,0.0,151.8
3881,freegame,0.0,77.4
3882,freegame,42.0,35.7
3883,freegame,0.0,150.3
3884,freegame,0.0,123.9
3885,freegame,0.0,120.7
3886,freegame,80.0,42.1
3887,freegame,28.4,528.5
3888,freegame,0.0,110.9
3889,freegame,0.0,714.2
3890,freegame,0.0,106.5
3891,freegame,2.2,29.4
3892,freegame,0.0,106.3
3893,freegame,0.0,127.3
3894,freegame,0.0,103.1
3895,freegame,0.0,57.6
3896,freegame,0.0,395.9
3897,wincap,0.0,5000.0
3898,freegame,0.0,116.6
3899,freegame,0.0,217.9
3900,freegame,0.0,37.8
3901,freegame,0.0,122.9
3902,freegame,0.0,607.1
3903,wincap,0.0,5000.0
3904,freegame,35.6,13.3
3905,freegame,22.5,288.0
3906,freegame,0.0,226.6
3907,freegame,0.0,27.9
3908,freegame,7.5,83.0
3909,freegame,0.0,376.7
3910,freegame,0.0,207.7
3911,freegame,0.0,141.7
3912,freegame,0.0,191.2
3913,freegame,11.8,137.3
3914,freegame,0.0,16.8
3915,freegame,0.0,73.3
3916,freegame,0.0,99.8
3917,freegame,0.0,372.7
3918,freegame,0.0,724.6
3919,freegame,0.0,265.0
3920,freegame,0.0,50.8
3921,freegame,3.2,230.9
3922,freegame,0.0,135.6
3923,wincap,0.0,5000.0
3924,freegame,455.0,146.3
3925,freegame,20.0,44.9
3926,freegame,0.0,231.0
3927,freegame,8.8,245.8
3928,freegame,0.0,442.1
3929,freegame,0.0,445.6
3930,freegame,0.0,35.1
3931,freegame,2.0,289.2
3932,freegame,0.0,624.3
3933,freegame,0.0,254.1
3934,freegame,0.0,525.7
3935,freegame,60.0,35.5
3936,freegame,0.0,190.6
3937,freegame,0.0,103.7
3938,freegame,0.0,88.3
3939,freegame,0.0,362.2
3940,freegame,0.0,165.9
3941,freegame,0.0,156.8
3942,freegame,7.5,13.7
3943,freegame,0.0,105.4
3944,freegame,17.0,8.8
3945,freegame,6.4,1176.6
3946,freegame,19.8,129.3
3947,freegame,0.0,72.1
3948,freegame,0.0,105.5
3949,freegame,0.0,277.4
3950,freegame,0.0,122.9
3951,freegame,0.0,9.5
3952,freegame,6.5,1009.0
3953,freegame,18.0,135.7
3954,freegame,0.0,292.8
3955,freegame,0.0,154.9
3956,freegame,0.0,375.1
3957,freegame,0.0,949.9
3958,freegame,0.0,385.8
3959,freegame,18.0,201.4
3960,freegame,89.9,167.3
3961,freegame,2.0,506.0
3962,freegame,0.0,793.3
3963,freegame,14.0,15.1
3964,freegame,0.0,116.5
3965,freegame,0.0,242.2
3966,freegame,85.0,201.7
3967,freegame,0.0,606.7
3968,freegame,0.0,470.3
3969,freegame,0.0,82.7
3970,freegame,0.0,486.5
3971,freegame,0.0,118.7
3972,freegame,0.0,1301.2
3973,freegame,0.0,25.7
3974,freegame,0.0,416.4
3975,freegame,0.0,27.7
3976,freegame,35.0,149.4
3977,freegame,17.5,24.7
3978,freegame,0.0,58.0
3979,freegame,0.0,27.6
3980,freegame,0.0,400.5
3981,freegame,0.0,499.6
3982,freegame,0.0,123.7
3983,freegame,0.0,70.8
3984,freegame,1.0,46.8
3985,freegame,0.0,13.4
3986,freegame,0.0,542.7
3987,freegame,0.0,152.1
3988,freegame,0.0,116.5
3989,freegame,0.0,135.0
3990,freegame,0.0,261.1
3991,freegame,45.0,62.8
3992,freegame,0.0,671.9
3993,freegame,4.2,116.8
3994,freegame,25.0,165.8
3995,freegame,0.0,102.8
3996,freegame,0.0,163.5
3997,freegame,0.4,116.4
3998,freegame,0.0,558.8
3999,freegame,0.0,77.1
4000,freegame,0.4,73.9
4001,freegame,0.0,721.0
4002,freegame,48.0,110.7
4003,freegame,5.0,303.7
4004,freegame,0.0,39.5
4005,freegame,0.0,31.4
4006,freegame,0.0,360.6
4007,freegame,0.0,57.3
4008,freegame,0.0,164.4
4009,freegame,0.0,193.9
4010,freegame,0.0,175.6
4011,freegame,8.0,234.5
4012,freegame,0.0,47.8
4013,freegame,0.0,87.5
4014,freegame,0.0,70.4
4015,freegame,0.0,506.1
4016,freegame,0.0,53.4
4017,freegame,0.0,87.9
4018,freegame,0.0,19.0
4019,freegame,0.0,858.9
4020,freegame,11.6,740.4
4021,freegame,0.0,21.2
4022,freegame,12.0,80.8
4023,freegame,0.0,41.5
4024,freegame,0.0,209.9
4025,freegame,13.2,358.9
4026,freegame,0.0,292.5
4027,freegame,0.0,434.4
4028,freegame,86.4,118.1
4029,freegame,0.0,429.9
4030,freegame,0.0,233.5
4031,freegame,0.0,122.6
4032,freegame,0.0,108.8
4033,freegame,10.5,602.3
4034,freegame,0.0,70.5
4035,freegame,0.0,76.4
4036,freegame,2.4,562.2
4037,freegame,0.0,283.0
4038,wincap,0.0,5000.0
4039,freegame,0.0,158.7
4040,freegame,0.0,203.5
4041,freegame,0.0,91.3
4042,freegame,59.3,2024.5
4043,freegame,4.4,63.1
4044,freegame,0.0,23.2
4045,freegame,0.0,40.9
4046,freegame,6.4,60.6
4047,freegame,0.0,34.9
4048,freegame,27.5,278.3
4049,freegame,0.0,407.1
4050,wincap,0.0,5000.0
4051,freegame,0.0,31.0
4052,freegame,0.0,48.0
4053,freegame,0.0,219.2
4054,freegame,0.0,8.2
4055,freegame,0.0,51.9
4056,freegame,50.5,8.8
4057,freegame,0.0,188.0
4058,freegame,0.0,369.8
4059,freegame,0.0,44.7
4060,freegame,0.0,86.0
4061,freegame,0.0,25.7
4062,freegame,1.2,51.3
4063,freegame,0.0,36.6
4064,freegame,0.0,45.0
4065,freegame,4.0,18.3
4066,freegame,0.0,87.0
4067,freegame,31.5,450.7
4068,freegame,22.5,207.2
4069,freegame,0.0,342.6
4070,freegame,0.0,16.0
4071,freegame,0.0,512.9
4072,freegame,0.0,136.3
4073,freegame,0.0,48.7
4074,freegame,0.0,553.0
4075,freegame,42.6,163.0
4076,freegame,1.0,98.9
4077,freegame,0.0,130.9
4078,freegame,30.0,324.9
4079,freegame,13.0,377.4
4080,freegame,0.0,91.9
4081,freegame,0.0,213.3
4082,freegame,0.0,73.3
4083,freegame,0.0,21.7
4084,freegame,0.0,6.4
4085,freegame,2.5,397.3
4086,freegame,46.3,270.0
4087,freegame,0.0,167.7
4088,freegame,0.0,96.5
4089,freegame,41.6,204.0
4090,freegame,0.0,342.0
4091,freegame,20.0,22.2
4092,freegame,4.0,122.1
4093,freegame,0.0,220.1
4094,freegame,0.0,601.7
4095,freegame,0.0,26.8
4096,freegame,0.0,17.6
4097,freegame,0.0,356.4
4098,freegame,0.0,76.0
4099,freegame,0.0,90.9
4100,freegame,0.0,68.9
4101,freegame,0.0,422.9
4102,freegame,80.1,261.5
4103,freegame,0.0,179.3
4104,freegame,0.0,43.5
4105,freegame,0.0,2465.0
4106,freegame,81.3,6.5
4107,freegame,0.0,99.9
4108,freegame,0.0,214.4
4109,freegame,62.2,75.5
4110,freegame,55.0,487.1
4111,freegame,0.0,462.7
4112,freegame,76.8,807.1
4113,freegame,0.0,181.5
4114,freegame,0.0,59.6
4115,freegame,0.0,3801.7
4116,freegame,0.0,124.0
4117,freegame,5.5,252.2
4118,freegame,0.0,108.4
4119,freegame,0.0,580.7
4120,freegame,0.0,73.4
4121,freegame,0.0,39.6
4122,freegame,4.8,64.3
4123,freegame,0.0,211.7
4124,freegame,3.0,24.8
4125,freegame,38.0,226.7
4126,freegame,0.0,78.6
4127,freegame,0.0,41.3
4128,freegame,7.0,151.5
4129,freegame,6.0,478.6
4130,freegame,0.0,7.9
4131,freegame,0.0,232.4
4132,freegame,0.0,28.7
4133,freegame,0.0,134.4
4134,freegame,0.0,44.5
4135,freegame,0.0,89.4
4136,freegame,0.0,856.3
4137,freegame,0.0,761.3
4138,freegame,0.0,56.1
4139,freegame,0.0,249.6
4140,freegame,0.0,170.6
4141,freegame,22.8,61.8
4142,freegame,3.0,454.3
4143,freegame,0.0,1957.8
4144,freegame,0.0,298.0
4145,freegame,34.0,120.5
4146,freegame,0.0,170.6
4147,freegame,1.0,216.9
4148,freegame,0.0,23.4
4149,freegame,2.2,180.4
4150,freegame,0.0,93.9
4151,freegame,0.0,28.1
4152,freegame,0.0,59.8
4153,freegame,8.0,329.5
4154,freegame,0.0,97.6
4155,freegame,0.0,23.5
4156,freegame,0.8,163.2
4157,freegame,0.0,96.0
4158,freegame,85.2,424.8
4159,freegame,0.4,1647.7
4160,freegame,24.0,25.9
4161,freegame,0.0,557.7
4162,freegame,0.0,331.1
4163,freegame,8.0,11.2
4164,freegame,0.0,51.7
4165,freegame,0.0,172.7
4166,freegame,0.0,23.1
4167,freegame,0.0,391.8
4168,freegame,31.1,87.4
4169,freegame,7.5,182.6
4170,freegame,0.0,1126.3
4171,freegame,0.0,183.5
4172,freegame,31.5,463.6
4173,freegame,0.0,262.8
4174,freegame,0.0,105.1
4175,freegame,0.0,41.8
4176,freegame,0.0,13.8
4177,freegame,0.0,32.8
4178,freegame,0.0,421.8
4179,freegame,8.0,331.8
4180,freegame,0.0,180.0
4181,freegame,0.0,96.7
4182,freegame,0.0,360.9
4183,freegame,0.0,641.1
4184,freegame,10.0,290.5
4185,freegame,130.0,81.2
4186,freegame,0.0,943.0
4187,freegame,0.0,244.9
4188,freegame,6.4,265.2
4189,freegame,0.0,66.2
4190,freegame,0.0,180.3
4191,freegame,0.0,265.4
4192,freegame,0.0,20.2
4193,freegame,0.0,36.6
4194,freegame,14.0,83.1
4195,freegame,1.4,297.6
4196,freegame,0.0,106.5
4197,freegame,0.0,14.0
4198,freegame,0.0,35.7
4199,freegame,0.0,513.9
4200,freegame,8.4,39.5
4201,freegame,3.8,56.8
4202,freegame,0.0,205.9
4203,freegame,10.2,280.5
4204,freegame,0.0,184.1
4205,freegame,0.0,13.2
4206,freegame,14.0,81.8
4207,freegame,0.0,45.2
4208,freegame,0.0,110.1
4209,freegame,0.0,40.1
4210,freegame,8.8,250.7
4211,freegame,0.0,24.4
4212,freegame,0.0,29.4
4213,freegame,0.0,47.7
4214,freegame,0.0,35.6
4215,freegame,0.0,561.3
4216,freegame,38.6,45.5
4217,freegame,0.0,107.2
4218,freegame,2.8,20.4
4219,freegame,0.0,73.5
4220,freegame,0.0,137.5
4221,freegame,0.0,164.6
4222,freegame,0.0,714.5
4223,freegame,0.0,7.0
4224,freegame,6.0,559.7
4225,freegame,0.0,236.3
4226,freegame,0.0,887.4
4227,freegame,10.2,47.1
4228,freegame,0.0,379.8
4229,freegame,11.6,43.8
4230,freegame,13.2,24.6
4231,freegame,0.0,44.8
4232,freegame,0.0,263.9
4233,freegame,27.6,179.4
4234,freegame,0.0,321.7
4235,freegame,40.0,215.0
4236,freegame,0.0,256.3
4237,freegame,0.0,17.6
4238,freegame,1.0,23.4
4239,freegame,0.0,95.1
4240,freegame,0.0,500.0
4241,freegame,0.0,179.5
4242,freegame,0.0,81.3
4243,freegame,0.0,15.8
4244,freegame,1.0,203.7
4245,freegame,0.2,13.0
4246,freegame,0.0,176.5
4247,freegame,39.6,881.8
4248,freegame,0.0,503.9
4249,freegame,0.0,42.4
4250,freegame,0.0,58.5
4251,freegame,0.0,3162.0
4252,freegame,0.0,166.3
4253,freegame,0.0,56.0
4254,freegame,0.0,196.0
4255,freegame,0.0,1129.5
4256,freegame,49.0,344.3
4257,freegame,27.4,2.6
4258,freegame,0.0,1074.9
4259,freegame,0.0,10.4
4260,freegame,19.6,169.6
4261,freegame,106.2,111.2
4262,freegame,101.6,205.9
4263,freegame,0.0,587.1
4264,freegame,0.0,118.5
4265,freegame,47.5,355.2
4266,freegame,0.0,98.4
4267,wincap,0.0,5000.0
4268,freegame,0.0,103.9
4269,freegame,0.0,226.2
4270,freegame,0.0,138.8
4271,freegame,0.0,113.5
4272,freegame,5.6,36.4
4273,freegame,0.0,71.8
4274,freegame,45.1,1001.6
4275,freegame,58.0,80.1
4276,freegame,0.0,18.0
4277,freegame,12.0,176.3
4278,freegame,0.0,23.7
4279,freegame,2.0,16.3
4280,freegame,0.0,246.4
4281,freegame,120.0,31.4
4282,freegame,4.0,146.3
4283,freegame,0.0,503.9
4284,freegame,15.0,217.1
4285,freegame,2.0,185.8
4286,freegame,0.0,558.0
4287,freegame,0.0,146.1
4288,freegame,0.0,334.0
4289,freegame,0.0,308.9
4290,freegame,35.6,79.8
4291,freegame,0.0,1409.5
4292,freegame,0.0,332.1
4293,freegame,0.0,32.1
4294,freegame,29.5,38.6
4295,freegame,35.2,692.1
4296,freegame,0.0,278.8
4297,freegame,1.4,139.6
4298,freegame,0.0,109.9
4299,freegame,0.0,176.7
4300,freegame,0.0,81.9
4301,freegame,0.0,342.6
4302,freegame,10.2,74.2
4303,freegame,0.0,41.1
4304,freegame,0.0,453.1
4305,freegame,27.0,147.0
4306,freegame,0.0,5.0
4307,freegame,1.0,117.7
4308,freegame,0.0,127.5
4309,freegame,30.9,169.6
4310,freegame,0.0,27.6
4311,freegame,0.0,119.0
4312,freegame,0.0,95.3
4313,freegame,0.0,96.8
4314,freegame,12.0,129.8
4315,freegame,0.0,292.5
4316,freegame,27.3,7.6
4317,freegame,0.0,374.0
4318,freegame,11.0,772.9
4319,wincap,100.0,5000.0
4320,freegame,0.0,331.7
4321,freegame,0.0,113.1
4322,freegame,0.0,117.3
4323,freegame,40.0,88.6
4324,freegame,0.0,225.0
4325,freegame,0.0,331.3
4326,freegame,0.0,287.8
4327,freegame,0.0,37.7
4328,freegame,0.0,58.7
4329,freegame,0.0,209.7
4330,freegame,0.0,678.7
4331,freegame,0.0,121.7
4332,freegame,69.0,194.1
4333,freegame,3.0,188.4
4334,freegame,0.0,198.0
4335,freegame,20.0,367.3
4336,freegame,0.0,26.9
4337,freegame,0.0,196.3
4338,freegame,0.0,173.7
4339,freegame,0.0,49.0
4340,freegame,0.0,105.7
4341,freegame,0.0,125.4
4342,freegame,8.4,73.9
4343,freegame,60.0,123.6
4344,freegame,13.5,262.5
4345,freegame,0.0,126.3
4346,freegame,0.0,82.9
4347,freegame,0.0,147.5
4348,freegame,0.0,119.6
4349,freegame,0.0,171.7
4350,freegame,16.0,217.0
4351,freegame,0.0,231.4
4352,freegame,0.0,108.0
4353,freegame,0.0,23.6
4354,freegame,17.3,320.1
4355,freegame,0.0,69.0
4356,freegame,8.0,198.1
4357,freegame,15.2,856.2
4358,freegame,0.0,124.8
4359,freegame,0.0,106.1
4360,freegame,0.0,152.9
4361,freegame,0.0,92.8
4362,freegame,0.0,91.8
4363,freegame,0.0,529.6
4364,freegame,0.0,539.6
4365,freegame,0.0,508.9
4366,freegame,0.0,67.0
4367,freegame,7.5,29.5
4368,freegame,8.4,186.7
4369,freegame,74.5,86.9
4370,freegame,0.0,317.7
4371,freegame,0.0,39.3
4372,freegame,0.0,24.8
4373,freegame,10.0,68.3
4374,freegame,0.0,5.2
4375,freegame,3.4,123.3
4376,freegame,0.0,139.2
4377,freegame,6.0,24.9
4378,freegame,2.0,146.6
4379,freegame,0.0,70.8
4380,freegame,132.0,72.0
4381,freegame,0.0,278.6
4382,freegame,0.0,165.9
4383,freegame,0.0,574.0
4384,freegame,0.0,448.9
4385,freegame,0.0,139.0
4386,freegame,0.0,172.2
4387,freegame,0.0,143.0
4388,freegame,0.0,228.3
4389,freegame,0.0,305.9
4390,freegame,38.8,50.7
4391,freegame,0.0,29.6
4392,freegame,0.0,164.8
4393,freegame,0.0,278.4
4394,freegame,0.0,5.0
4395,freegame,6.0,94.2
4396,freegame,0.0,419.0
4397,freegame,0.0,204.7
4398,freegame,15.0,32.3
4399,freegame,6.0,380.3
4400,freegame,0.0,10.4
4401,freegame,2.4,193.2
4402,freegame,0.0,60.3
4403,freegame,0.0,171.5
4404,freegame,0.0,17.4
4405,freegame,0.0,315.7
4406,freegame,5.6,1362.5
4407,freegame,0.0,20.0
4408,freegame,0.0,24.8
4409,freegame,13.0,307.7
4410,freegame,0.0,229.9
4411,freegame,60.0,354.1
4412,freegame,0.0,10.7
4413,freegame,9.0,44.3
4414,freegame,0.0,734.8
4415,freegame,0.0,11.7
4416,freegame,4.5,940.0
4417,freegame,232.4,83.8
4418,freegame,0.0,94.9
4419,freegame,0.0,65.7
4420,freegame,0.0,12.0
4421,freegame,0.0,217.0
4422,freegame,0.0,153.6
4423,freegame,0.4,453.3
4424,freegame,37.0,66.5
4425,freegame,26.0,276.7
4426,freegame,86.0,149.4
4427,freegame,0.0,134.8
4428,freegame,0.0,60.2
4429,freegame,0.0,190.0
4430,freegame,0.0,14.1
4431,freegame,8.0,496.8
4432,freegame,10.0,84.7
4433,freegame,5.2,287.6
4434,freegame,35.2,536.9
4435,freegame,0.0,67.1
4436,freegame,0.0,71.9
4437,freegame,2.4,1405.9
4438,freegame,67.2,58.0
4439,freegame,4.8,76.6
4440,freegame,0.0,294.6
4441,freegame,26.0,345.2
4442,freegame,0.0,350.0
4443,freegame,6.0,978.2
4444,freegame,155.0,67.6
4445,freegame,0.0,23.3
4446,freegame,0.0,69.9
4447,freegame,80.0,177.8
4448,freegame,6.0,220.8
4449,freegame,0.0,52.6
4450,freegame,0.0,267.8
4451,freegame,0.0,171.7
4452,freegame,0.0,146.3
4453,freegame,0.0,333.1
4454,freegame,0.0,326.3
4455,freegame,0.0,96.2
4456,freegame,12.9,231.8
4457,freegame,0.0,138.7
4458,freegame,0.0,499.4
4459,freegame,0.0,315.4
4460,freegame,0.0,342.8
4461,freegame,0.0,244.5
4462,freegame,0.0,58.5
4463,freegame,0.0,2233.4
4464,freegame,0.0,78.6
4465,freegame,0.0,201.8
4466,freegame,10.8,176.1
4467,freegame,0.0,31.8
4468,freegame,6.5,48.6
4469,freegame,0.0,192.6
4470,freegame,0.0,184.7
4471,freegame,0.0,204.3
4472,freegame,0.0,62.0
4473,freegame,0.0,46.5
4474,freegame,6.0,8.8
4475,freegame,0.0,742.7
4476,freegame,0.0,38.2
4477,freegame,0.0,72.3
4478,freegame,0.0,143.9
4479,freegame,0.0,165.4
4480,freegame,0.0,649.3
4481,freegame,0.0,259.8
4482,freegame,3.0,125.4
4483,freegame,0.0,40.7
4484,freegame,0.0,101.2
4485,freegame,0.0,148.2
4486,freegame,0.0,19.4
4487,freegame,39.2,91.7
4488,freegame,0.0,321.3
4489,freegame,5.4,208.3
4490,freegame,7.8,63.2
4491,freegame,0.0,189.1
4492,freegame,27.5,83.1
4493,freegame,0.0,86.9
4494,freegame,4.0,34.7
4495,freegame,0.0,56.3
4496,freegame,0.0,20.8
4497,freegame,0.0,43.7
4498,freegame,0.0,298.9
4499,freegame,0.0,338.8
4500,freegame,0.0,211.3
4501,freegame,75.7,192.3
4502,freegame,0.0,100.4
4503,freegame,6.0,162.9
4504,freegame,8.8,400.1
4505,freegame,55.0,152.5
4506,freegame,0.0,76.7
4507,freegame,17.0,19.1
4508,freegame,0.0,202.6
4509,freegame,0.0,111.0
4510,freegame,10.0,421.9
4511,freegame,6.0,909.7
4512,freegame,0.0,316.3
4513,freegame,162.5,205.3
4514,freegame,0.0,146.6
4515,freegame,5.2,279.7
4516,freegame,0.0,607.9
4517,freegame,24.0,44.2
4518,freegame,0.0,323.4
4519,freegame,0.0,18.4
4520,freegame,0.0,146.6
4521,freegame,0.0,22.0
4522,freegame,0.0,180.2
4523,freegame,0.0,3.7
4524,freegame,0.0,168.6
4525,freegame,8.0,157.1
4526,freegame,0.0,412.1
4527,freegame,0.0,261.0
4528,freegame,0.0,72.4
4529,freegame,0.0,165.9
4530,freegame,0.0,195.1
4531,freegame,56.0,597.7
4532,freegame,23.0,407.0
4533,freegame,0.0,98.0
4534,freegame,0.0,146.4
4535,freegame,0.0,42.6
4536,freegame,0.0,50.7
4537,freegame,0.0,141.4
4538,freegame,0.0,82.8
4539,freegame,0.0,70.5
4540,freegame,0.0,74.2
4541,freegame,0.0,143.8
4542,freegame,0.0,163.7
4543,freegame,0.0,78.7
4544,freegame,22.0,35.1
4545,freegame,0.0,259.3
4546,freegame,0.0,277.9
4547,freegame,3.6,143.8
4548,freegame,0.0,229.4
4549,freegame,0.0,91.3
4550,freegame,59.6,179.3
4551,freegame,0.0,357.9
4552,freegame,13.2,9.2
4553,freegame,0.0,299.2
4554,freegame,16.8,190.9
4555,freegame,9.2,16.1
4556,freegame,0.0,155.7
4557,freegame,0.0,167.0
4558,freegame,0.0,11.1
4559,freegame,0.0,4.2
4560,freegame,5.0,329.3
4561,freegame,0.0,331.2
4562,freegame,0.0,65.2
4563,freegame,0.0,56.2
4564,freegame,16.7,23.9
4565,freegame,0.0,107.9
4566,freegame,0.0,64.1
4567,freegame,0.0,288.2
4568,freegame,30.0,238.2
4569,freegame,0.0,81.1
4570,freegame,0.0,175.9
4571,freegame,8.4,38.8
4572,freegame,9.6,204.3
4573,freegame,17.5,161.2
4574,freegame,7.6,19.3
4575,freegame,0.0,236.4
4576,freegame,0.0,61.1
4577,freegame,0.0,128.2
4578,freegame,0.0,92.3
4579,freegame,19.7,402.4
4580,freegame,38.0,77.8
4581,freegame,70.0,81.2
4582,freegame,0.0,725.2
4583,freegame,82.4,46.3
4584,freegame,0.0,213.1
4585,freegame,0.0,324.0
4586,freegame,0.0,48.6
4587,freegame,0.0,105.3
4588,freegame,0.0,116.3
4589,freegame,0.0,183.0
4590,freegame,19.0,76.2
4591,freegame,31.0,100.9
4592,freegame,10.0,98.5
4593,freegame,2.4,231.6
4594,freegame,0.0,490.2
4595,freegame,9.0,124.3
4596,freegame,5.2,314.4
4597,freegame,21.0,218.2
4598,freegame,0.0,141.4
4599,freegame,0.0,277.8
4600,freegame,0.0,1707.3
4601,freegame,0.0,19.8
4602,freegame,3.6,220.1
4603,freegame,0.0,183.7
4604,freegame,1.0,113.5
4605,freegame,0.0,42.8
4606,freegame,14.9,1240.4
4607,freegame,196.9,157.4
4608,freegame,0.0,363.7
4609,freegame,0.0,84.9
4610,freegame,0.0,155.4
4611,freegame,34.4,38.3
4612,freegame,0.0,257.8
4613,freegame,0.0,154.7
4614,freegame,0.0,97.6
4615,freegame,0.0,38.8
4616,freegame,7.2,127.3
4617,freegame,0.0,443.3
4618,freegame,53.9,402.8
4619,freegame,0.0,309.0
4620,freegame,57.6,139.8
4621,freegame,0.0,41.2
4622,freegame,0.0,158.5
4623,freegame,0.0,29.5
4624,freegame,5.8,88.3
4625,freegame,0.0,148.4
4626,freegame,0.0,421.9
4627,freegame,0.0,486.5
4628,wincap,0.0,5000.0
4629,freegame,0.0,5.6
4630,freegame,0.0,207.3
4631,freegame,451.0,149.6
4632,freegame,0.0,46.9
4633,freegame,6.4,145.3
4634,freegame,0.0,320.2
4635,freegame,18.0,88.7
4636,freegame,0.0,380.2
4637,freegame,68.5,206.7
4638,freegame,0.0,74.9
4639,freegame,5.4,522.6
4640,freegame,0.0,287.1
4641,freegame,0.0,156.9
4642,freegame,2.8,69.6
4643,freegame,0.0,217.7
4644,freegame,100.0,26.0
4645,freegame,0.0,19.0
4646,freegame,0.0,24.0
4647,freegame,0.0,67.3
4648,freegame,46.6,647.2
4649,freegame,0.0,113.8
4650,freegame,6.0,748.8
4651,freegame,48.0,143.1
4652,freegame,0.0,130.7
4653,freegame,0.0,338.1
4654,freegame,4.2,41.2
4655,freegame,0.0,90.4
4656,freegame,0.0,219.5
4657,freegame,0.0,90.7
4658,freegame,63.0,516.2
4659,freegame,8.0,88.6
4660,freegame,3.6,13.2
4661,freegame,0.0,57.3
4662,freegame,0.0,46.6
4663,freegame,0.0,240.4
4664,freegame,0.0,21.7
4665,freegame,0.0,45.4
4666,freegame,0.0,149.9
4667,freegame,0.0,72.4
4668,freegame,59.0,37.0
4669,freegame,0.0,384.3
4670,freegame,0.0,49.6
4671,freegame,0.0,182.8
4672,freegame,0.0,657.3
4673,freegame,21.2,131.3
4674,freegame,0.0,69.6
4675,freegame,0.0,422.5
4676,freegame,0.0,396.1
4677,freegame,0.0,32.9
4678,freegame,0.0,793.3
4679,freegame,0.0,148.0
4680,freegame,0.0,152.9
4681,freegame,0.0,116.6
4682,freegame,0.0,82.8
4683,freegame,0.0,127.7
4684,freegame,0.0,28.6
4685,freegame,0.0,707.1
4686,freegame,0.0,229.5
4687,freegame,0.0,93.6
4688,freegame,0.0,2.4
4689,freegame,0.0,67.6
4690,freegame,0.0,118.6
4691,freegame,5.0,24.5
4692,freegame,0.0,142.0
4693,freegame,102.4,44.9
4694,freegame,0.0,1206.7
4695,freegame,0.0,296.6
4696,freegame,0.0,26.3
4697,freegame,0.0,325.2
4698,freegame,56.0,300.4
4699,freegame,0.0,5.6
4700,freegame,0.0,426.4
4701,freegame,0.0,578.4
4702,freegame,35.1,340.2
4703,freegame,0.0,114.8
4704,freegame,0.0,56.5
4705,freegame,0.0,23.4
4706,freegame,0.0,57.6
4707,freegame,8.4,356.9
4708,freegame,0.0,392.1
4709,freegame,0.0,97.4
4710,freegame,8.4,231.8
4711,freegame,0.0,60.9
4712,freegame,0.0,32.8
4713,freegame,0.0,31.3
4714,freegame,0.0,1182.7
4715,freegame,0.0,83.7
4716,freegame,0.0,14.9
4717,freegame,0.0,95.2
4718,freegame,174.6,111.4
4719,freegame,0.0,185.7
4720,freegame,30.0,124.1
4721,freegame,0.0,313.2
4722,freegame,0.0,127.7
4723,freegame,24.4,101.5
4724,freegame,0.0,694.0
4725,freegame,0.0,124.9
4726,freegame,0.0,41.2
4727,freegame,0.8,41.1
4728,freegame,0.0,49.7
4729,freegame,0.0,696.2
4730,freegame,5.8,109.4
4731,freegame,0.0,299.3
4732,freegame,0.0,99.3
4733,freegame,0.0,107.0
4734,freegame,0.0,917.2
4735,freegame,0.0,60.5
4736,freegame,2.0,553.8
4737,freegame,0.0,122.3
4738,freegame,14.4,200.4
4739,freegame,0.0,137.3
4740,freegame,14.0,122.6
4741,freegame,0.0,217.0
4742,freegame,32.0,187.2
4743,freegame,24.1,313.7
4744,freegame,0.0,1348.4
4745,freegame,0.0,73.3
4746,freegame,0.0,343.4
4747,freegame,0.0,27.2
4748,freegame,6.0,224.9
4749,freegame,0.0,64.1
4750,freegame,11.0,179.7
4751,freegame,0.0,13.6
4752,freegame,0.0,167.2
4753,freegame,0.0,210.1
4754,freegame,0.0,174.3
4755,freegame,0.0,144.5
4756,freegame,0.0,164.9
4757,freegame,33.0,38.4
4758,freegame,0.0,61.8
4759,freegame,0.4,153.2
4760,freegame,0.0,446.6
4761,freegame,0.0,191.3
4762,freegame,0.0,179.6
4763,freegame,0.0,79.9
4764,freegame,0.0,115.3
4765,freegame,0.0,707.9
4766,freegame,0.0,321.0
4767,freegame,1.2,820.5
4768,freegame,26.0,623.1
4769,freegame,110.0,197.0
4770,freegame,0.0,173.4
4771,freegame,0.0,140.4
4772,freegame,0.0,117.2
4773,freegame,5.0,400.8
4774,freegame,40.0,51.3
4775,freegame,0.0,99.2
4776,wincap,0.0,5000.0
4777,freegame,0.0,66.4
4778,freegame,0.0,108.0
4779,freegame,0.0,359.2
4780,freegame,173.8,38.4
4781,freegame,3.0,116.2
4782,freegame,0.0,70.0
4783,freegame,0.0,334.2
4784,freegame,0.0,159.6
4785,freegame,0.0,47.3
4786,freegame,0.0,19.9
4787,freegame,0.0,78.2
4788,freegame,0.0,970.4
4789,freegame,0.0,146.6
4790,freegame,0.0,13.0
4791,freegame,0.0,671.0
4792,freegame,0.0,166.1
4793,freegame,0.0,84.0
4794,freegame,0.0,118.3
4795,freegame,0.0,256.8
4796,freegame,0.0,75.0
4797,freegame,0.0,1400.2
4798,freegame,0.0,101.8
4799,freegame,0.0,118.8
4800,freegame,12.0,101.2
4801,freegame,0.0,115.7
4802,freegame,0.0,32.1
4803,freegame,0.0,1110.1
4804,freegame,52.0,19.1
4805,freegame,0.0,142.4
4806,freegame,0.0,297.9
4807,freegame,0.0,388.2
4808,freegame,0.0,62.1
4809,freegame,0.0,101.2
4810,freegame,0.0,119.2
4811,freegame,0.0,512.5
4812,freegame,0.0,180.3
4813,freegame,0.0,984.7
4814,freegame,0.0,142.9
4815,freegame,0.0,174.1
4816,freegame,0.0,87.2
4817,freegame,0.0,161.0
4818,freegame,11.2,140.3
4819,freegame,0.0,835.2
4820,freegame,25.8,89.3
4821,freegame,0.0,119.7
4822,freegame,95.0,148.7
4823,freegame,15.0,235.0
4824,freegame,0.0,500.1
4825,freegame,0.0,120.8
4826,freegame,0.0,270.0
4827,freegame,0.0,52.1
4828,wincap,124.9,5000.0
4829,freegame,0.0,28.7
4830,freegame,5.2,57.4
4831,freegame,4.2,216.5
4832,freegame,5.2,8.5
4833,freegame,0.0,280.4
4834,freegame,0.0,173.3
4835,freegame,0.0,56.3
4836,freegame,0.0,58.1
4837,freegame,0.0,182.3
4838,freegame,0.0,310.4
4839,freegame,0.0,109.7
4840,freegame,0.0,7.3
4841,freegame,14.0,370.7
4842,freegame,0.0,309.8
4843,freegame,0.0,173.0
4844,freegame,0.0,552.1
4845,freegame,76.0,55.4
4846,freegame,0.0,260.1
4847,freegame,0.4,6.3
4848,freegame,0.0,431.7
4849,freegame,0.0,54.1
4850,freegame,10.4,427.7
4851,freegame,312.5,7.6
4852,freegame,10.0,29.0
4853,freegame,0.0,18.2
4854,freegame,0.0,137.6
4855,freegame,23.6,211.4
4856,freegame,0.0,26.4
4857,freegame,0.0,202.7
4858,freegame,0.0,217.2
4859,freegame,0.0,167.5
4860,freegame,0.0,125.8
4861,freegame,0.0,332.9
4862,freegame,0.0,3.6
4863,freegame,0.0,261.1
4864,freegame,25.4,579.1
4865,freegame,0.0,1085.6
4866,freegame,22.1,38.3
4867,freegame,0.0,112.8
4868,freegame,0.0,82.1
4869,freegame,0.0,519.2
4870,freegame,28.5,47.4
4871,freegame,0.0,18.7
4872,freegame,13.9,14.7
4873,freegame,0.0,361.0
4874,wincap,0.0,5000.0
4875,freegame,0.0,365.6
4876,freegame,0.0,2269.7
4877,freegame,18.0,200.5
4878,freegame,18.4,128.6
4879,freegame,14.0,172.8
4880,freegame,25.0,26.5
4881,freegame,0.0,158.4
4882,freegame,21.0,39.7
4883,freegame,0.0,55.5
4884,freegame,0.0,171.1
4885,freegame,0.0,207.6
4886,freegame,5.6,121.2
4887,freegame,1.2,111.2
4888,freegame,0.0,83.9
4889,freegame,6.0,135.7
4890,freegame,0.0,291.1
4891,freegame,0.0,79.0
4892,freegame,0.0,50.9
4893,freegame,0.0,33.2
4894,freegame,0.6,90.1
4895,freegame,0.0,147.0
4896,freegame,0.0,24.5
4897,freegame,1.3,256.2
4898,freegame,0.0,244.2
4899,freegame,0.0,57.9
4900,freegame,0.0,11.2
4901,freegame,0.0,84.0
4902,freegame,0.0,125.2
4903,freegame,0.0,186.2
4904,freegame,0.0,50.7
4905,freegame,0.0,97.3
4906,freegame,0.0,245.7
4907,freegame,0.0,7.3
4908,freegame,0.0,100.1
4909,freegame,0.0,7.5
4910,freegame,0.0,27.3
4911,freegame,0.0,114.0
4912,freegame,0.0,270.4
4913,freegame,0.0,543.7
4914,freegame,4.4,335.4
4915,freegame,0.0,52.1
4916,freegame,0.0,106.9
4917,freegame,0.0,100.8
4918,freegame,15.0,44.4
4919,freegame,5.0,749.3
4920,freegame,90.0,46.0
4921,freegame,0.0,63.4
4922,freegame,2.0,99.7
4923,freegame,0.0,67.5
4924,freegame,0.0,187.8
4925,freegame,0.0,203.9
4926,freegame,0.0,481.4
4927,freegame,0.0,1011.4
4928,freegame,0.0,46.4
4929,freegame,16.9,259.7
4930,freegame,0.0,182.6
4931,freegame,0.0,339.5
4932,freegame,0.0,239.4
4933,freegame,0.0,357.3
4934,freegame,42.0,132.0
4935,freegame,0.0,125.5
4936,freegame,0.0,96.1
4937,freegame,0.0,423.6
4938,freegame,0.0,339.3
4939,freegame,0.0,373.8
4940,freegame,10.8,116.5
4941,freegame,0.0,423.5
4942,freegame,0.0,134.2
4943,freegame,0.0,149.0
4944,freegame,10.0,137.0
4945,freegame,45.6,1192.4
4946,freegame,0.0,43.9
4947,freegame,0.0,163.2
4948,freegame,0.0,659.2
4949,freegame,0.0,199.5
4950,freegame,0.0,207.9
4951,freegame,7.2,219.5
4952,freegame,0.0,360.9
4953,freegame,0.0,367.5
4954,freegame,34.0,80.2
4955,freegame,0.0,199.1
4956,freegame,0.0,174.5
4957,freegame,0.0,13.7
4958,freegame,0.0,494.0
4959,freegame,0.0,37.7
4960,freegame,0.0,203.8
4961,freegame,0.0,196.9
4962,freegame,0.0,32.8
4963,freegame,0.0,58.6
4964,freegame,30.0,261.4
4965,freegame,42.5,7.6
4966,freegame,0.0,121.0
4967,freegame,0.0,111.8
4968,freegame,0.0,566.8
4969,freegame,41.6,131.9
4970,freegame,50.0,207.8
4971,freegame,0.0,64.7
4972,freegame,0.0,177.5
4973,freegame,12.1,1349.5
4974,freegame,20.4,18.6
4975,freegame,0.0,43.5
4976,freegame,0.0,355.0
4977,freegame,0.0,198.7
4978,freegame,0.0,370.3
4979,freegame,0.0,9.8
4980,freegame,0.8,22.1
4981,freegame,0.0,16.7
4982,freegame,0.0,412.8
4983,freegame,2.8,1078.0
4984,freegame,0.0,255.9
4985,freegame,0.0,370.8
4986,freegame,500.1,44.0
4987,freegame,0.0,334.4
4988,freegame,0.0,100.4
4989,freegame,30.0,162.5
4990,freegame,0.0,178.3
4991,freegame,0.0,639.7
4992,freegame,0.0,64.5
4993,freegame,0.0,351.1
4994,freegame,12.0,87.5
4995,freegame,0.0,335.4
4996,freegame,0.0,174.0
4997,freegame,0.0,269.6
4998,freegame,3.6,259.3
4999,freegame,0.0,731.8
5000,freegame,0.0,156.2
5001,freegame,0.0,315.3
5002,freegame,9.6,529.8
5003,freegame,0.0,44.2
5004,freegame,2.4,185.8
5005,freegame,0.0,167.1
5006,freegame,0.0,108.8
5007,freegame,0.0,123.5
5008,freegame,0.0,163.7
5009,freegame,55.0,625.7
5010,freegame,0.0,39.2
5011,freegame,0.0,24.5
5012,freegame,0.0,161.5
5013,freegame,0.0,67.0
5014,freegame,26.0,117.5
5015,freegame,0.0,19.9
5016,freegame,0.0,190.0
5017,freegame,0.0,289.4
5018,freegame,0.0,141.6
5019,freegame,0.0,40.4
5020,freegame,0.0,267.5
5021,freegame,0.0,104.2
5022,freegame,0.0,160.5
5023,freegame,0.0,108.3
5024,freegame,0.0,253.9
5025,freegame,0.0,318.0
5026,freegame,0.0,49.4
5027,freegame,0.0,373.9
5028,freegame,6.8,11.0
5029,freegame,0.0,581.5
5030,freegame,24.1,259.4
5031,freegame,0.0,64.4
5032,freegame,0.0,44.8
5033,freegame,0.0,242.9
5034,freegame,0.0,68.4
5035,freegame,0.0,252.8
5036,freegame,0.0,9.6
5037,freegame,1.0,133.6
5038,freegame,144.1,11.8
5039,freegame,0.0,659.8
5040,freegame,0.0,164.4
5041,freegame,0.0,681.1
5042,freegame,24.7,29.0
5043,freegame,0.0,214.3
5044,freegame,0.0,221.1
5045,freegame,200.0,277.5
5046,freegame,0.0,63.8
5047,freegame,0.0,155.0
5048,freegame,0.0,150.2
5049,freegame,0.0,219.8
5050,freegame,0.0,224.2
5051,freegame,0.0,170.8
5052,freegame,0.0,1859.7
5053,freegame,0.0,90.6
5054,freegame,0.0,522.9
5055,freegame,0.0,195.3
5056,freegame,0.0,223.6
5057,freegame,0.0,221.1
5058,freegame,0.0,53.5
5059,freegame,0.0,212.2
5060,freegame,33.1,215.7
5061,freegame,0.0,12.4
5062,freegame,38.6,33.3
5063,freegame,0.0,101.9
5064,freegame,0.0,13.6
5065,freegame,4.2,117.0
5066,freegame,0.0,56.4
5067,freegame,0.0,287.0
5068,freegame,0.0,61.7
5069,freegame,4.2,339.0
5070,freegame,0.0,43.0
5071,freegame,0.0,202.1
5072,freegame,0.0,226.8
5073,wincap,0.0,5000.0
5074,freegame,0.0,51.9
5075,freegame,0.0,343.5
5076,freegame,0.0,297.7
5077,freegame,0.0,390.1
5078,freegame,12.0,480.5
5079,freegame,0.0,353.9
5080,freegame,0.0,279.1
5081,freegame,0.0,86.6
5082,freegame,12.0,98.0
5083,freegame,0.0,172.7
5084,freegame,70.0,155.6
5085,freegame,45.4,390.6
5086,freegame,0.0,1059.4
5087,freegame,0.0,152.8
5088,freegame,0.0,69.8
5089,freegame,0.0,47.7
5090,freegame,0.0,36.6
5091,freegame,0.0,59.8
5092,freegame,0.0,27.6
5093,freegame,20.0,72.3
5094,freegame,4.0,60.7
5095,freegame,0.0,212.6
5096,freegame,0.0,42.3
5097,freegame,0.0,438.9
5098,freegame,10.4,620.4
5099,freegame,0.0,31.4
5100,freegame,0.0,77.9
5101,freegame,0.0,62.7
5102,freegame,0.0,45.1
5103,freegame,0.0,122.7
5104,freegame,0.0,81.0
5105,freegame,4.0,96.0
5106,freegame,0.0,308.8
5107,freegame,38.8,392.9
5108,freegame,0.0,66.5
5109,freegame,0.0,17.8
5110,freegame,45.0,234.2
5111,freegame,24.0,339.8
5112,freegame,0.0,1186.0
5113,freegame,0.0,72.0
5114,freegame,7.8,15.7
5115,freegame,0.0,75.3
5116,freegame,0.0,110.8
5117,freegame,0.0,33.9
5118,freegame,9.9,356.3
5119,freegame,0.0,41.7
5120,wincap,0.0,5000.0
5121,freegame,0.0,226.4
5122,freegame,1.3,282.0
5123,freegame,0.0,112.4
5124,freegame,0.0,29.9
5125,freegame,0.0,134.8
5126,freegame,0.0,421.7
5127,freegame,40.0,80.4
5128,freegame,0.0,317.2
5129,freegame,62.5,1011.3
5130,freegame,0.0,425.0
5131,freegame,0.0,61.4
5132,freegame,6.0,62.3
5133,freegame,0.0,61.4
5134,freegame,0.0,226.0
5135,freegame,24.0,98.9
5136,freegame,0.0,53.1
5137,freegame,0.0,34.6
5138,freegame,0.0,255.4
5139,freegame,0.0,148.1
5140,freegame,28.7,45.7
5141,freegame,0.0,24.1
5142,freegame,0.0,128.5
5143,freegame,29.5,101.2
5144,freegame,0.0,99.5
5145,freegame,0.0,95.8
5146,freegame,0.0,310.1
5147,freegame,0.0,302.3
5148,freegame,2.8,82.5
5149,freegame,3.0,219.2
5150,freegame,0.0,343.1
5151,freegame,0.0,364.1
5152,freegame,0.0,109.4
5153,freegame,7.8,120.8
5154,freegame,0.0,307.4
5155,freegame,0.0,376.1
5156,freegame,0.0,207.4
5157,freegame,0.0,154.8
5158,freegame,0.0,298.1
5159,freegame,5.2,87.5
5160,freegame,0.0,361.9
5161,freegame,0.0,244.8
5162,freegame,0.0,684.4
5163,freegame,0.0,188.3
5164,freegame,28.8,39.1
5165,freegame,0.0,109.9
5166,freegame,0.0,124.0
5167,freegame,0.0,484.6
5168,freegame,0.0,57.4
5169,freegame,0.0,58.8
5170,freegame,0.0,150.6
5171,freegame,0.0,157.5
5172,freegame,0.0,1297.9
5173,freegame,0.0,537.2
5174,freegame,0.0,519.2
5175,freegame,49.2,292.0
5176,freegame,0.0,238.7
5177,freegame,0.0,40.3
5178,freegame,0.0,188.5
5179,freegame,0.0,326.2
5180,freegame,0.0,103.7
5181,freegame,8.8,195.6
5182,freegame,0.0,90.9
5183,freegame,0.0,67.4
5184,freegame,0.0,129.9
5185,freegame,0.0,179.6
5186,freegame,0.0,97.2
5187,freegame,113.9,155.5
5188,freegame,0.0,316.3
5189,freegame,0.0,558.2
5190,freegame,0.0,13.0
5191,freegame,0.0,40.1
5192,freegame,0.0,239.0
5193,freegame,0.0,266.9
5194,freegame,5.6,384.2
5195,freegame,140.0,714.5
5196,freegame,0.0,170.1
5197,freegame,0.0,244.6
5198,freegame,5.2,19.8
5199,freegame,0.0,243.2
5200,freegame,0.0,152.1
5201,freegame,0.0,359.1
5202,freegame,0.0,259.9
5203,freegame,0.0,151.4
5204,freegame,0.0,434.4
5205,freegame,0.0,414.5
5206,freegame,0.0,673.4
5207,freegame,0.0,376.5
5208,freegame,0.0,16.4
5209,freegame,0.0,344.2
5210,freegame,0.0,41.9
5211,freegame,0.0,391.9
5212,freegame,0.0,18.8
5213,freegame,31.0,280.7
5214,freegame,0.0,85.6
5215,freegame,0.0,139.1
5216,freegame,0.0,87.9
5217,freegame,0.0,220.9
5218,wincap,8.8,5000.0
5219,freegame,0.0,282.5
5220,freegame,11.0,24.7
5221,freegame,0.0,497.1
5222,freegame,0.0,145.6
5223,freegame,0.0,405.9
5224,freegame,6.6,208.8
5225,freegame,8.2,302.7
5226,freegame,350.0,352.8
5227,freegame,0.0,298.6
5228,freegame,95.0,186.5
5229,freegame,0.0,43.0
5230,freegame,0.0,111.6
5231,freegame,0.0,69.7
5232,freegame,0.0,69.5
5233,freegame,26.4,134.2
5234,freegame,1.0,285.5
5235,freegame,8.8,47.6
5236,freegame,0.0,446.9
5237,freegame,0.0,90.0
5238,freegame,0.0,222.0
5239,freegame,54.8,218.2
5240,freegame,0.0,583.7
5241,freegame,0.0,113.5
5242,freegame,0.0,142.2
5243,freegame,65.0,55.0
5244,freegame,0.0,30.9
5245,freegame,0.0,419.2
5246,freegame,0.0,58.2
5247,freegame,0.0,231.7
5248,freegame,0.0,183.4
5249,freegame,0.0,312.6
5250,freegame,2.0,11.6
5251,freegame,0.0,1055.3
5252,freegame,17.0,243.9
5253,freegame,0.0,34.5
5254,freegame,9.6,27.4
5255,freegame,0.0,193.5
5256,freegame,0.0,32.5
5257,freegame,0.0,60.4
5258,freegame,0.0,540.5
5259,freegame,157.0,19.4
5260,freegame,0.0,608.9
5261,freegame,0.0,358.0
5262,freegame,0.0,387.6
5263,freegame,3.9,142.4
5264,freegame,0.0,78.2
5265,freegame,8.2,44.4
5266,freegame,64.0,41.9
5267,freegame,0.0,346.9
5268,freegame,0.0,118.2
5269,freegame,60.0,157.4
5270,freegame,0.0,221.9
5271,freegame,0.0,167.9
5272,freegame,0.0,347.5
5273,freegame,0.0,399.5
5274,freegame,0.0,51.7
5275,freegame,0.0,332.8
5276,freegame,4.0,67.4
5277,freegame,0.0,972.6
5278,freegame,0.0,275.3
5279,freegame,0.0,571.6
5280,freegame,0.0,338.1
5281,freegame,73.6,311.8
5282,freegame,0.0,120.1
5283,freegame,0.0,797.9
5284,freegame,97.0,14.4
5285,freegame,0.0,239.7
5286,freegame,0.0,134.5
5287,freegame,0.0,119.1
5288,freegame,0.0,172.6
5289,freegame,0.0,54.7
5290,freegame,0.0,48.6
5291,freegame,5.2,61.7
5292,freegame,0.0,52.4
5293,freegame,0.0,238.3
5294,freegame,0.0,307.6
5295,freegame,0.0,362.3
5296,freegame,0.0,16.7
5297,freegame,0.0,231.3
5298,freegame,0.0,17.1
5299,freegame,0.0,1042.2
5300,freegame,0.0,592.9
5301,freegame,0.0,47.9
5302,freegame,3.2,50.6
5303,freegame,0.0,134.5
5304,freegame,0.0,185.6
5305,freegame,30.0,218.1
5306,freegame,0.0,323.2
5307,freegame,13.2,201.1
5308,freegame,0.0,168.7
5309,freegame,0.0,30.6
5310,freegame,14.0,470.0
5311,freegame,0.0,26.2
5312,freegame,23.7,536.4
5313,freegame,0.0,222.4
5314,freegame,0.0,312.9
5315,freegame,27.0,449.2
5316,freegame,0.0,78.5
5317,freegame,0.0,308.8
5318,freegame,0.0,76.2
5319,freegame,32.0,376.2
5320,freegame,0.0,65.6
5321,freegame,40.0,45.3
5322,freegame,0.0,256.7
5323,freegame,16.4,332.3
5324,freegame,0.0,228.2
5325,freegame,0.0,2442.9
5326,wincap,0.0,5000.0
5327,freegame,69.2,532.3
5328,freegame,0.0,125.2
5329,freegame,0.0,137.2
5330,freegame,2.4,173.3
5331,freegame,0.0,15.7
5332,freegame,0.0,89.1
5333,freegame,0.0,24.4
5334,freegame,0.0,104.1
5335,freegame,0.0,105.7
5336,freegame,112.7,652.2
5337,freegame,0.0,82.3
5338,freegame,0.0,40.9
5339,freegame,16.0,29.1
5340,freegame,0.0,38.5
5341,freegame,0.0,167.0
5342,freegame,22.5,31.6
5343,freegame,0.0,848.3
5344,freegame,0.0,417.7
5345,freegame,0.0,468.1
5346,freegame,0.0,234.5
5347,freegame,34.8,44.6
5348,freegame,35.2,27.3
5349,freegame,9.8,148.9
5350,freegame,0.0,360.7
5351,freegame,0.0,113.6
5352,freegame,0.0,54.9
5353,freegame,12.0,175.4
5354,freegame,0.0,95.8
5355,freegame,25.0,270.3
5356,freegame,18.0,139.4
5357,freegame,0.0,10.6
5358,freegame,0.0,41.2
5359,freegame,0.0,106.0
5360,wincap,0.0,5000.0
5361,freegame,127.5,506.3
5362,freegame,0.0,15.3
5363,freegame,0.0,68.2
5364,freegame,0.0,91.0
5365,freegame,0.0,231.0
5366,freegame,0.0,274.4
5367,freegame,20.0,144.2
5368,freegame,67.0,7.2
5369,freegame,10.0,192.0
5370,freegame,0.0,6.5
5371,freegame,2.0,324.0
5372,freegame,0.0,50.6
5373,freegame,5.2,204.8
5374,freegame,0.0,314.8
5375,freegame,0.0,287.9
5376,freegame,0.0,393.6
5377,freegame,0.0,442.3
5378,freegame,0.0,9.9
5379,freegame,0.0,289.5
5380,freegame,9.0,69.4
5381,freegame,20.0,19.0
5382,freegame,0.0,186.2
5383,freegame,0.0,9.2
5384,freegame,0.0,107.3
5385,freegame,44.8,11.3
5386,freegame,0.0,336.8
5387,freegame,16.0,101.8
5388,freegame,0.0,1.0
5389,freegame,0.0,134.5
5390,freegame,8.0,56.7
5391,freegame,0.0,168.0
5392,freegame,2.0,42.4
5393,freegame,0.0,29.1
5394,freegame,0.0,83.1
5395,freegame,0.0,56.1
5396,freegame,0.0,68.6
5397,freegame,0.0,13.8
5398,freegame,7.0,54.1
5399,freegame,0.0,30.8
5400,freegame,4.0,154.1
5401,freegame,12.0,339.7
5402,freegame,50.0,110.9
5403,freegame,0.0,243.5
5404,freegame,0.0,134.2
5405,freegame,2.0,312.4
5406,freegame,0.0,26.9
5407,freegame,0.0,458.6
5408,freegame,70.5,150.2
5409,freegame,0.0,153.2
5410,freegame,39.2,105.9
5411,freegame,0.0,54.5
5412,freegame,2.0,213.7
5413,freegame,0.0,539.1
5414,freegame,0.0,22.4
5415,freegame,6.0,304.7
5416,freegame,0.0,388.8
5417,freegame,0.0,216.5
5418,freegame,0.0,67.0
5419,freegame,0.0,925.2
5420,freegame,0.0,265.3
5421,freegame,202.4,296.4
5422,freegame,30.0,43.7
5423,freegame,0.0,372.6
5424,freegame,8.0,154.3
5425,freegame,0.0,90.3
5426,freegame,70.0,85.2
5427,freegame,0.0,63.0
5428,freegame,4.8,875.6
5429,freegame,92.8,1149.2
5430,freegame,0.0,570.5
5431,freegame,162.0,558.6
5432,freegame,0.0,114.4
5433,freegame,1.2,190.6
5434,freegame,0.0,269.1
5435,freegame,19.0,80.8
5436,freegame,34.0,224.0
5437,freegame,0.0,33.7
5438,freegame,8.0,217.5
5439,freegame,0.0,136.1
5440,freegame,8.4,334.9
5441,freegame,6.0,100.5
5442,freegame,0.0,1173.8
5443,freegame,42.0,301.4
5444,freegame,4.8,173.8
5445,freegame,10.0,1075.4
5446,freegame,0.0,111.4
5447,freegame,0.0,472.3
5448,freegame,0.0,154.8
5449,freegame,0.0,248.7
5450,freegame,36.0,144.9
5451,freegame,0.0,289.2
5452,freegame,0.0,42.9
5453,freegame,0.0,7.0
5454,freegame,10.6,5.7
5455,freegame,0.0,199.9
5456,freegame,0.0,50.4
5457,freegame,3.2,111.6
5458,freegame,0.0,210.1
5459,freegame,0.0,183.3
5460,freegame,0.0,40.0
5461,freegame,0.0,123.3
5462,freegame,0.0,248.2
5463,freegame,0.0,1159.3
5464,freegame,0.0,71.2
5465,freegame,1.4,270.8
5466,freegame,15.0,19.8
5467,freegame,0.0,294.9
5468,freegame,10.6,286.1
5469,freegame,0.0,209.3
5470,freegame,0.0,21.6
5471,freegame,2.0,72.4
5472,freegame,0.0,81.7
5473,freegame,0.0,280.6
5474,freegame,0.0,513.2
5475,freegame,0.0,22.8
5476,freegame,14.4,26.7
5477,freegame,3.2,45.0
5478,freegame,0.0,465.5
5479,freegame,0.0,173.6
5480,freegame,0.0,175.5
5481,freegame,13.2,218.7
5482,freegame,30.0,328.4
5483,wincap,0.0,5000.0
5484,freegame,54.0,504.7
5485,freegame,0.0,42.4
5486,freegame,0.0,11.9
5487,freegame,0.0,121.0
5488,freegame,21.8,7.7
5489,freegame,0.0,61.2
5490,freegame,0.0,428.4
5491,freegame,0.0,107.0
5492,freegame,0.0,1151.3
5493,freegame,20.0,36.4
5494,freegame,0.0,158.5
5495,freegame,0.0,94.7
5496,freegame,0.0,342.9
5497,freegame,0.0,40.8
5498,freegame,0.0,464.9
5499,freegame,102.4,200.3
5500,freegame,19.2,207.7
5501,freegame,0.0,32.9
5502,freegame,3.6,21.5
5503,freegame,25.0,230.7
5504,freegame,0.0,67.3
5505,freegame,5.6,350.0
5506,freegame,0.0,327.6
5507,freegame,0.0,181.3
5508,freegame,15.0,70.8
5509,freegame,23.4,39.7
5510,freegame,7.2,5.6
5511,freegame,3.6,123.6
5512,freegame,7.2,120.4
5513,freegame,0.0,389.5
5514,freegame,0.0,513.8
5515,freegame,0.0,60.9
5516,freegame,0.0,175.8
5517,freegame,0.0,97.2
5518,freegame,0.0,44.4
5519,freegame,0.0,93.4
5520,freegame,6.6,33.1
5521,freegame,0.0,144.6
5522,freegame,0.0,323.6
5523,freegame,0.0,13.5
5524,freegame,0.0,32.7
5525,freegame,55.0,510.4
5526,wincap,0.0,5000.0
5527,freegame,0.0,92.4
5528,freegame,0.0,16.4
5529,freegame,0.0,167.3
5530,wincap,18.0,5000.0
5531,freegame,168.0,345.5
5532,freegame,13.2,73.5
5533,freegame,10.6,247.7
5534,freegame,0.0,248.6
5535,freegame,0.0,746.8
5536,freegame,0.0,77.2
5537,freegame,0.0,154.2
5538,freegame,0.0,196.7
5539,freegame,0.0,1090.8
5540,freegame,0.0,136.9
5541,freegame,0.0,66.2
5542,freegame,18.0,268.5
5543,freegame,89.6,113.9
5544,freegame,95.0,179.3
5545,freegame,11.4,273.4
5546,freegame,0.0,371.1
5547,freegame,0.0,228.9
5548,freegame,2.0,111.0
5549,freegame,3.2,234.8
5550,freegame,0.0,200.9
5551,freegame,0.0,3448.6
5552,freegame,0.0,123.8
5553,freegame,0.0,516.5
5554,freegame,0.0,148.7
5555,freegame,0.0,581.6
5556,freegame,0.0,323.5
5557,freegame,0.0,1017.4
5558,freegame,0.0,147.0
5559,freegame,24.0,368.7
5560,freegame,125.0,191.4
5561,freegame,0.0,392.0
5562,freegame,0.0,518.6
5563,freegame,0.0,8.6
5564,freegame,25.6,515.0
5565,freegame,0.0,398.6
5566,freegame,0.0,34.2
5567,freegame,0.0,210.1
5568,freegame,0.0,101.6
5569,freegame,0.0,368.8
5570,freegame,0.0,159.7
5571,freegame,0.0,195.2
5572,freegame,0.0,77.7
5573,freegame,0.0,286.0
5574,freegame,62.5,47.2
5575,freegame,0.0,7.9
5576,freegame,1.2,412.8
5577,freegame,2.6,664.7
5578,freegame,5.4,462.1
5579,freegame,0.0,328.9
5580,freegame,0.0,141.6
5581,freegame,0.0,17.8
5582,freegame,0.8,173.5
5583,freegame,0.0,75.5
5584,freegame,0.0,126.5
5585,freegame,24.0,649.1
5586,freegame,51.0,61.9
5587,freegame,0.0,27.8
5588,freegame,1.2,264.7
5589,freegame,0.0,84.9
5590,freegame,2.0,293.1
5591,freegame,0.0,16.4
5592,freegame,0.0,50.5
5593,freegame,12.0,6.5
5594,freegame,0.0,106.5
5595,freegame,0.0,6.4
5596,freegame,0.0,19.4
5597,freegame,1.0,70.1
5598,freegame,0.0,233.3
5599,freegame,0.0,20.8
5600,freegame,18.2,63.4
5601,freegame,0.0,234.1
5602,freegame,50.1,162.1
5603,freegame,7.9,103.5
5604,freegame,22.8,221.7
5605,freegame,13.0,103.7
5606,freegame,0.0,308.1
5607,freegame,0.0,144.9
5608,freegame,0.0,121.7
5609,freegame,0.0,443.5
5610,freegame,0.0,74.7
5611,freegame,2.6,466.8
5612,freegame,0.0,1900.7
5613,freegame,0.0,61.4
5614,freegame,67.5,474.6
5615,freegame,0.0,45.5
5616,freegame,0.0,131.8
5617,freegame,0.0,54.8
5618,freegame,0.0,132.6
5619,freegame,0.0,291.7
5620,freegame,0.0,157.2
5621,freegame,20.4,720.6
5622,freegame,0.0,123.0
5623,freegame,20.4,48.6
5624,freegame,0.0,301.1
5625,freegame,0.0,26.3
5626,freegame,0.0,88.7
5627,freegame,34.5,141.8
5628,freegame,0.0,40.2
5629,freegame,0.0,325.0
5630,freegame,51.2,28.8
5631,freegame,3.6,503.5
5632,freegame,0.0,344.8
5633,freegame,0.0,887.6
5634,freegame,0.0,154.6
5635,freegame,0.0,33.0
5636,freegame,0.0,117.6
5637,freegame,37.3,645.3
5638,freegame,0.0,705.6
5639,freegame,0.0,113.8
5640,freegame,0.0,7.4
5641,freegame,0.0,139.0
5642,freegame,0.0,187.7
5643,freegame,1.4,129.9
5644,freegame,0.0,62.8
5645,freegame,37.0,197.8
5646,freegame,0.0,100.3
5647,freegame,17.0,713.5
5648,freegame,0.0,387.2
5649,freegame,0.0,231.1
5650,freegame,0.0,171.7
5651,freegame,0.0,79.7
5652,freegame,0.0,846.1
5653,freegame,0.0,31.9
5654,freegame,0.0,470.2
5655,freegame,38.0,435.7
5656,freegame,27.3,108.0
5657,freegame,0.0,102.8
5658,freegame,0.0,60.2
5659,freegame,15.0,243.6
5660,freegame,0.0,192.9
5661,freegame,0.0,21.8
5662,freegame,1.2,355.0
5663,freegame,2.4,147.4
5664,freegame,0.0,312.8
5665,freegame,0.0,875.0
5666,freegame,0.0,21.8
5667,freegame,0.0,79.8
5668,freegame,0.0,54.8
5669,freegame,7.2,796.5
5670,freegame,0.0,17.7
5671,freegame,0.0,20.1
5672,freegame,53.0,16.9
5673,freegame,0.0,73.3
5674,freegame,4.8,79.2
5675,freegame,0.0,195.9
5676,freegame,52.8,354.1
5677,freegame,0.0,29.2
5678,freegame,0.0,115.1
5679,freegame,0.0,55.6
5680,freegame,0.0,21.3
5681,freegame,0.0,196.7
5682,freegame,0.0,73.4
5683,freegame,0.0,136.9
5684,freegame,6.0,23.0
5685,freegame,4.7,88.2
5686,freegame,0.0,140.3
5687,freegame,0.0,345.2
5688,freegame,0.0,511.2
5689,freegame,0.0,34.9
5690,freegame,0.0,151.7
5691,freegame,0.0,75.2
5692,freegame,0.0,62.5
5693,freegame,0.0,48.7
5694,freegame,10.5,158.7
5695,freegame,41.6,1014.5
5696,freegame,0.0,15.2
5697,freegame,0.0,609.8
5698,freegame,0.0,157.9
5699,wincap,0.0,5000.0
5700,freegame,219.0,1821.1
5701,freegame,0.0,98.7
5702,freegame,1.0,40.5
5703,freegame,25.0,557.3
5704,freegame,0.0,160.4
5705,freegame,30.5,76.8
5706,freegame,0.0,65.5
5707,freegame,0.0,87.4
5708,freegame,0.0,168.3
5709,freegame,0.0,218.4
5710,freegame,23.4,27.3
5711,freegame,2.0,76.4
5712,freegame,0.0,124.1
5713,freegame,50.0,4.6
5714,freegame,0.0,176.9
5715,freegame,0.0,248.0
5716,freegame,0.0,1068.9
5717,freegame,10.2,1036.2
5718,freegame,0.0,359.9
5719,freegame,0.0,27.2
5720,freegame,0.0,100.4
5721,freegame,0.0,70.9
5722,freegame,0.0,151.6
5723,freegame,0.0,3.5
5724,freegame,0.0,59.3
5725,freegame,0.6,536.8
5726,freegame,0.0,340.5
5727,freegame,0.0,354.8
5728,freegame,0.0,1.5
5729,freegame,0.0,99.5
5730,freegame,0.0,32.3
5731,freegame,0.0,127.0
5732,freegame,16.0,82.7
5733,freegame,0.0,306.4
5734,freegame,19.5,106.7
5735,freegame,6.4,57.7
5736,freegame,0.0,66.3
5737,freegame,0.0,137.2
5738,freegame,0.0,282.1
5739,freegame,0.0,262.5
5740,freegame,39.3,132.6
5741,freegame,62.0,159.9
5742,freegame,0.0,139.5
5743,freegame,7.2,164.0
5744,freegame,0.0,169.5
5745,freegame,50.0,540.1
5746,freegame,25.2,182.4
5747,freegame,108.0,304.1
5748,freegame,9.2,34.6
5749,freegame,0.0,33.6
5750,freegame,15.0,318.5
5751,freegame,12.5,199.1
5752,freegame,0.0,143.3
5753,freegame,0.0,619.8
5754,freegame,0.0,30.6
5755,freegame,0.0,245.9
5756,freegame,10.4,134.9
5757,freegame,0.0,179.6
5758,freegame,0.0,136.9
5759,freegame,40.0,31.0
5760,freegame,0.0,33.5
5761,freegame,0.0,43.3
5762,freegame,0.0,499.7
5763,freegame,29.0,50.8
5764,freegame,0.0,258.6
5765,freegame,0.0,321.2
5766,freegame,0.0,50.5
5767,freegame,0.0,102.0
5768,freegame,0.0,445.3
5769,freegame,0.0,185.0
5770,freegame,2.0,39.4
5771,freegame,0.0,443.7
5772,freegame,80.0,74.4
5773,freegame,0.0,14.8
5774,freegame,1.3,34.0
5775,freegame,0.0,67.1
5776,freegame,0.0,200.0
5777,freegame,28.0,223.0
5778,freegame,0.0,186.8
5779,freegame,32.5,16.6
5780,freegame,2.8,49.0
5781,freegame,7.2,554.1
5782,freegame,0.0,61.5
5783,freegame,0.0,164.1
5784,freegame,0.0,676.3
5785,freegame,0.0,189.4
5786,freegame,0.0,333.3
5787,freegame,109.0,241.0
5788,freegame,0.0,129.7
5789,freegame,24.0,218.5
5790,freegame,1.6,9.0
5791,freegame,0.0,397.9
5792,freegame,49.8,89.1
5793,freegame,37.5,263.2
5794,freegame,0.0,122.4
5795,freegame,0.0,104.2
5796,freegame,0.0,377.4
5797,wincap,23.4,5000.0
5798,freegame,105.0,41.8
5799,freegame,0.0,429.5
5800,freegame,0.0,58.9
5801,freegame,0.0,77.7
5802,freegame,0.0,421.5
5803,freegame,0.0,537.9
5804,freegame,0.0,62.4
5805,freegame,2.2,315.3
5806,freegame,0.0,311.9
5807,freegame,0.0,46.3
5808,freegame,0.0,443.9
5809,freegame,0.0,124.9
5810,freegame,1.8,5.5
5811,freegame,0.0,432.1
5812,freegame,0.0,86.6
5813,freegame,0.0,55.3
5814,freegame,0.0,24.4
5815,freegame,6.5,221.7
5816,freegame,0.0,63.8
5817,freegame,0.0,211.0
5818,freegame,0.0,507.4
5819,freegame,0.0,40.8
5820,freegame,0.0,360.4
5821,freegame,0.0,318.7
5822,freegame,0.0,84.3
5823,freegame,0.0,394.8
5824,freegame,0.0,38.5
5825,freegame,0.0,451.7
5826,freegame,0.0,308.5
5827,freegame,16.9,38.8
5828,freegame,22.5,109.9
5829,freegame,0.0,48.2
5830,freegame,0.0,232.4
5831,freegame,0.0,1225.5
5832,freegame,0.0,1066.1
5833,freegame,14.4,65.1
5834,freegame,10.4,180.4
5835,freegame,2.0,43.1
5836,freegame,0.0,35.0
5837,freegame,0.0,497.7
5838,freegame,0.0,27.8
5839,freegame,12.8,430.5
5840,freegame,7.2,250.0
5841,freegame,0.0,139.2
5842,freegame,48.8,99.6
5843,freegame,0.0,367.3
5844,freegame,0.0,255.5
5845,freegame,0.0,189.8
5846,freegame,0.0,1754.7
5847,freegame,5.0,182.2
5848,freegame,21.0,211.0
5849,freegame,18.0,159.4
5850,freegame,0.0,1880.2
5851,freegame,0.0,46.1
5852,freegame,0.0,40.6
5853,freegame,0.0,1094.8
5854,freegame,4.0,113.0
5855,freegame,16.4,245.7
5856,freegame,9.6,61.3
5857,freegame,0.0,111.3
5858,freegame,0.0,189.7
5859,freegame,0.0,704.2
5860,freegame,4.0,23.5
5861,freegame,0.0,78.1
5862,freegame,0.0,59.2
5863,freegame,0.0,255.8
5864,freegame,0.0,3.8
5865,freegame,10.5,8.5
5866,freegame,0.0,342.2
5867,freegame,0.0,14.1
5868,freegame,0.0,73.2
5869,freegame,0.0,262.0
5870,freegame,5.6,94.0
5871,freegame,1.2,378.0
5872,freegame,0.0,44.5
5873,freegame,0.0,157.5
5874,freegame,0.0,345.7
5875,freegame,42.4,427.5
5876,freegame,0.0,98.0
5877,freegame,0.0,82.6
5878,freegame,0.0,888.2
5879,freegame,0.0,202.2
5880,freegame,0.0,390.9
5881,freegame,28.8,52.0
5882,freegame,0.0,140.2
5883,wincap,0.0,5000.0
5884,freegame,0.0,99.5
5885,freegame,125.0,131.5
5886,freegame,0.0,161.2
5887,freegame,0.0,31.6
5888,freegame,0.6,6.8
5889,freegame,0.0,29.3
5890,freegame,25.0,142.0
5891,freegame,0.0,62.0
5892,freegame,0.0,39.0
5893,freegame,0.0,37.5
5894,freegame,0.0,71.8
5895,freegame,64.8,91.8
5896,freegame,18.0,44.4
5897,freegame,1.0,115.0
5898,freegame,0.0,606.9
5899,freegame,0.0,291.9
5900,freegame,35.7,52.8
5901,freegame,0.0,392.4
5902,freegame,0.0,84.9
5903,freegame,0.0,179.6
5904,freegame,0.0,151.3
5905,freegame,0.0,60.7
5906,freegame,0.0,58.7
5907,freegame,0.0,58.8
5908,freegame,0.0,75.0
5909,freegame,0.0,470.1
5910,freegame,0.0,164.8
5911,freegame,0.0,122.9
5912,freegame,0.0,368.2
5913,freegame,30.0,792.6
5914,freegame,0.0,91.7
5915,freegame,0.0,261.1
5916,freegame,57.2,458.9
5917,freegame,47.5,1831.0
5918,freegame,0.0,108.6
5919,freegame,0.0,83.1
5920,freegame,0.0,189.8
5921,freegame,0.0,121.7
5922,freegame,0.0,127.9
5923,freegame,0.0,265.1
5924,freegame,0.0,108.2
5925,freegame,0.0,346.3
5926,freegame,0.0,333.5
5927,freegame,0.0,109.0
5928,freegame,0.0,665.2
5929,freegame,7.6,301.0
5930,freegame,0.0,177.3
5931,freegame,0.0,191.2
5932,freegame,0.0,367.2
5933,freegame,0.0,36.8
5934,freegame,0.0,314.7
5935,freegame,0.0,102.3
5936,freegame,0.0,297.2
5937,freegame,16.0,29.1
5938,wincap,0.0,5000.0
5939,freegame,0.0,239.5
5940,freegame,0.0,76.2
5941,freegame,55.0,50.4
5942,freegame,10.0,320.7
5943,freegame,0.0,94.9
5944,freegame,0.0,261.1
5945,freegame,0.0,16.7
5946,freegame,0.0,75.8
5947,freegame,1.2,214.1
5948,freegame,0.0,179.9
5949,freegame,2.0,235.2
5950,freegame,24.0,429.7
5951,freegame,0.0,35.1
5952,freegame,0.0,186.0
5953,freegame,0.0,189.2
5954,freegame,0.0,28.5
5955,freegame,2.4,146.3
5956,freegame,0.0,348.3
5957,freegame,0.0,17.8
5958,freegame,3.9,142.4
5959,freegame,0.0,239.0
5960,freegame,0.0,97.2
5961,freegame,0.0,964.4
5962,wincap,0.0,5000.0
5963,freegame,0.0,295.5
5964,freegame,0.0,94.7
5965,freegame,0.0,37.2
5966,freegame,0.0,434.2
5967,freegame,6.0,82.1
5968,freegame,0.0,325.8
5969,freegame,22.5,19.7
5970,freegame,0.0,83.9
5971,freegame,11.7,39.8
5972,freegame,9.6,68.8
5973,freegame,0.0,51.0
5974,freegame,0.0,182.7
5975,freegame,0.0,301.9
5976,freegame,2.6,402.6
5977,freegame,0.0,168.2
5978,freegame,0.0,273.2
5979,freegame,0.0,34.4
5980,freegame,0.0,23.3
5981,freegame,0.0,194.9
5982,freegame,22.4,263.1
5983,freegame,0.0,344.3
5984,freegame,0.0,310.2
5985,freegame,21.0,61.7
5986,freegame,0.0,247.1
5987,freegame,0.0,294.7
5988,freegame,0.0,360.6
5989,freegame,0.0,189.8
5990,freegame,40.0,9.7
5991,freegame,0.0,164.8
5992,freegame,0.0,460.2
5993,freegame,32.4,114.4
5994,freegame,0.0,394.7
5995,freegame,0.0,341.9
5996,freegame,42.0,507.6
5997,freegame,24.0,152.6
5998,freegame,8.4,1222.1
5999,freegame,0.0,69.9
6000,freegame,0.0,169.4
6001,freegame,0.0,70.0
6002,freegame,0.0,223.9
6003,freegame,7.8,93.6
6004,freegame,0.0,239.7
6005,freegame,0.0,97.2
6006,freegame,0.0,13.8
6007,freegame,5.4,173.7
6008,freegame,23.2,393.9
6009,freegame,0.0,142.8
6010,freegame,0.0,761.8
6011,freegame,0.0,52.9
6012,freegame,0.0,101.1
6013,freegame,8.0,130.8
6014,freegame,0.0,211.5
6015,freegame,0.0,99.4
6016,freegame,0.0,743.8
6017,freegame,11.4,160.4
6018,freegame,0.0,101.7
6019,freegame,0.0,22.1
6020,freegame,0.0,124.6
6021,freegame,0.0,233.3
6022,freegame,0.0,85.6
6023,freegame,27.9,109.5
6024,freegame,31.6,12.8
6025,freegame,0.6,128.3
6026,freegame,10.0,138.2
6027,freegame,0.0,1502.3
6028,freegame,0.0,575.2
6029,freegame,0.0,11.8
6030,freegame,1.8,46.3
6031,freegame,0.0,60.5
6032,freegame,11.7,19.5
6033,freegame,0.0,319.3
6034,freegame,82.4,89.8
6035,freegame,0.0,48.2
6036,freegame,0.0,448.8
6037,freegame,11.6,946.1
6038,freegame,0.0,82.5
6039,freegame,3.2,28.8
6040,freegame,0.0,239.2
6041,freegame,0.0,573.2
6042,freegame,0.0,59.0
6043,freegame,35.4,138.4
6044,freegame,0.0,31.7
6045,freegame,0.0,137.6
6046,freegame,0.0,176.0
6047,freegame,0.0,197.1
6048,freegame,12.0,103.0
6049,freegame,16.0,207.5
6050,freegame,0.0,50.9
6051,freegame,38.4,281.3
6052,freegame,0.0,378.6
6053,freegame,0.0,175.4
6054,freegame,0.0,76.2
6055,freegame,0.0,133.6
6056,freegame,0.0,15.1
6057,freegame,0.0,176.7
6058,freegame,6.0,335.0
6059,freegame,32.5,424.5
6060,freegame,0.0,89.8
6061,freegame,6.8,235.3
6062,freegame,0.0,293.7
6063,freegame,4.0,192.6
6064,freegame,0.0,136.2
6065,freegame,0.0,239.9
6066,freegame,0.0,145.7
6067,freegame,0.0,247.6
6068,freegame,0.0,338.1
6069,freegame,0.0,106.3
6070,freegame,5.6,6.0
6071,freegame,0.0,78.3
6072,freegame,0.0,78.1
6073,freegame,0.0,74.7
6074,freegame,8.0,777.3
6075,freegame,0.0,576.7
6076,freegame,0.0,33.2
6077,freegame,0.0,14.6
6078,freegame,4.0,87.6
6079,freegame,0.0,457.8
6080,freegame,0.0,302.8
6081,freegame,10.8,9.5
6082,freegame,0.0,340.4
6083,freegame,0.0,48.3
6084,freegame,0.0,26.1
6085,freegame,0.0,96.9
6086,freegame,18.6,103.1
6087,freegame,0.0,23.6
6088,freegame,0.0,85.7
6089,freegame,0.0,25.3
6090,freegame,0.6,35.0
6091,freegame,0.0,101.6
6092,freegame,8.0,127.0
6093,freegame,0.0,115.0
6094,freegame,0.0,334.5
6095,freegame,0.0,70.6
6096,freegame,53.0,4.1
6097,freegame,12.5,388.9
6098,freegame,9.1,1346.1
6099,freegame,0.0,109.7
6100,freegame,38.0,1136.2
6101,freegame,6.4,437.8
6102,freegame,0.0,137.1
6103,freegame,0.0,257.2
6104,freegame,0.0,102.6
6105,freegame,0.0,152.1
6106,freegame,47.5,271.8
6107,freegame,0.0,80.1
6108,freegame,0.0,714.5
6109,freegame,0.0,84.6
6110,freegame,0.0,194.2
6111,freegame,27.5,242.4
6112,freegame,0.0,104.9
6113,freegame,0.0,199.5
6114,freegame,0.0,1035.9
6115,freegame,0.0,125.2
6116,freegame,15.0,92.4
6117,freegame,0.0,206.5
6118,freegame,10.4,39.9
6119,freegame,0.0,301.4
6120,freegame,0.0,10.4
6121,freegame,35.0,272.2
6122,freegame,38.4,145.6
6123,freegame,0.0,313.3
6124,freegame,0.0,508.8
6125,freegame,0.0,385.0
6126,freegame,0.0,189.3
6127,freegame,0.0,43.0
6128,freegame,0.0,42.9
6129,freegame,0.0,554.2
6130,freegame,18.0,192.3
6131,freegame,0.0,157.9
6132,freegame,6.6,607.9
6133,freegame,0.0,99.1
6134,freegame,0.0,124.0
6135,freegame,0.0,46.3
6136,freegame,0.0,261.7
6137,freegame,0.0,28.9
6138,freegame,5.0,266.8
6139,freegame,0.0,178.7
6140,freegame,0.0,431.4
6141,freegame,0.0,130.5
6142,freegame,0.0,435.1
6143,freegame,0.0,200.0
6144,freegame,0.0,88.2
6145,freegame,0.0,845.8
6146,freegame,2.6,126.7
6147,freegame,0.0,150.7
6148,freegame,0.0,253.2
6149,freegame,0.0,278.6
6150,freegame,0.0,190.5
6151,freegame,0.0,99.9
6152,freegame,1.6,20.6
6153,freegame,0.0,221.3
6154,freegame,110.0,123.7
6155,freegame,0.0,63.9
6156,freegame,10.0,236.8
6157,freegame,0.0,99.6
6158,wincap,0.0,5000.0
6159,freegame,0.0,322.7
6160,freegame,0.0,158.8
6161,freegame,0.0,58.1
6162,freegame,0.0,44.9
6163,freegame,0.0,263.0
6164,freegame,0.0,56.5
6165,freegame,18.0,399.6
6166,freegame,0.0,10.4
6167,freegame,0.0,32.2
6168,freegame,0.0,43.9
6169,freegame,10.0,191.7
6170,wincap,0.0,5000.0
6171,freegame,0.0,301.6
6172,freegame,0.0,101.5
6173,freegame,0.0,9.9
6174,freegame,0.0,147.0
6175,freegame,0.0,245.7
6176,freegame,0.0,68.2
6177,freegame,0.0,98.4
6178,freegame,0.0,46.5
6179,freegame,0.0,10.1
6180,freegame,0.0,831.7
6181,freegame,225.0,56.3
6182,freegame,0.0,144.9
6183,freegame,0.0,373.0
6184,freegame,0.0,131.0
6185,freegame,0.0,72.5
6186,freegame,10.0,148.7
6187,freegame,51.2,393.1
6188,freegame,0.0,191.3
6189,freegame,0.0,4.4
6190,freegame,0.0,246.1
6191,freegame,1.2,76.3
6192,freegame,1.8,68.9
6193,freegame,3.9,143.9
6194,freegame,0.0,38.5
6195,freegame,0.0,6.0
6196,freegame,0.0,79.8
6197,freegame,0.0,42.5
6198,freegame,5.4,14.6
6199,freegame,0.0,20.4
6200,freegame,0.0,189.1
6201,freegame,0.0,316.5
6202,freegame,0.0,299.3
6203,freegame,0.0,123.8
6204,freegame,16.5,249.7
6205,freegame,0.0,60.3
6206,freegame,0.0,106.9
6207,freegame,0.0,111.9
6208,freegame,9.0,186.2
6209,freegame,16.8,393.7
6210,freegame,0.0,28.1
6211,freegame,10.0,212.4
6212,freegame,0.0,13.9
6213,freegame,0.0,3.9
6214,freegame,0.0,342.8
6215,freegame,0.0,187.7
6216,freegame,0.0,73.9
6217,freegame,5.6,102.3
6218,freegame,30.8,237.2
6219,freegame,0.0,295.3
6220,freegame,7.0,23.1
6221,freegame,0.0,187.9
6222,freegame,0.0,155.4
6223,freegame,0.0,448.4
6224,freegame,0.0,97.7
6225,freegame,0.0,309.1
6226,freegame,0.0,34.2
6227,freegame,0.0,252.7
6228,freegame,0.0,49.2
6229,freegame,0.0,212.7
6230,freegame,28.8,133.5
6231,freegame,0.0,47.9
6232,freegame,0.0,91.6
6233,freegame,4.0,53.5
6234,freegame,18.0,70.9
6235,freegame,1.5,125.9
6236,freegame,47.5,451.9
6237,freegame,0.0,226.5
6238,freegame,0.0,103.2
6239,freegame,0.0,183.3
6240,freegame,0.0,37.0
6241,freegame,1.2,198.9
6242,freegame,4.4,249.5
6243,freegame,0.0,111.3
6244,freegame,10.0,348.6
6245,freegame,0.0,27.1
6246,freegame,0.0,208.8
6247,freegame,0.0,12.1
6248,freegame,0.0,51.0
6249,freegame,0.0,51.3
6250,freegame,3.2,37.6
6251,freegame,0.0,3.1
6252,freegame,0.0,297.6
6253,freegame,0.0,97.8
6254,freegame,0.0,637.8
6255,wincap,25.0,5000.0
6256,freegame,0.0,69.5
6257,freegame,18.2,342.4
6258,freegame,0.0,70.0
6259,freegame,0.0,23.8
6260,freegame,0.0,37.1
6261,freegame,0.0,44.0
6262,freegame,0.0,914.9
6263,freegame,0.0,235.8
6264,freegame,0.0,47.2
6265,freegame,0.0,240.6
6266,freegame,0.0,196.8
6267,freegame,0.0,46.8
6268,wincap,0.0,5000.0
6269,freegame,380.0,168.0
6270,freegame,0.0,36.6
6271,freegame,0.0,148.4
6272,freegame,47.1,518.8
6273,freegame,0.0,295.4
6274,freegame,4.0,227.7
6275,freegame,0.0,89.1
6276,freegame,0.0,161.1
6277,freegame,0.0,462.0
6278,freegame,27.3,172.9
6279,freegame,0.0,40.8
6280,freegame,0.0,91.9
6281,freegame,0.0,1542.4
6282,freegame,0.0,98.2
6283,freegame,35.0,162.1
6284,freegame,2.0,437.8
6285,freegame,0.0,31.8
6286,freegame,0.0,118.5
6287,freegame,23.4,549.6
6288,freegame,0.0,636.2
6289,freegame,40.0,54.0
6290,freegame,0.0,51.8
6291,freegame,0.0,160.6
6292,freegame,0.0,38.2
6293,freegame,7.5,117.3
6294,freegame,0.0,25.8
6295,freegame,1.0,634.8
6296,freegame,19.5,289.9
6297,freegame,0.0,495.5
6298,freegame,0.0,130.2
6299,freegame,26.0,230.9
6300,freegame,0.0,17.8
6301,freegame,2.4,607.4
6302,freegame,0.0,37.0
6303,freegame,0.0,60.8
6304,freegame,0.0,378.8
6305,freegame,7.5,156.9
6306,freegame,0.0,559.7
6307,freegame,21.0,148.0
6308,freegame,0.0,305.5
6309,freegame,3.4,22.0
6310,freegame,0.0,110.2
6311,freegame,0.0,897.0
6312,freegame,100.0,276.9
6313,freegame,0.0,13.1
6314,freegame,0.0,210.8
6315,freegame,2.8,249.4
6316,freegame,0.0,98.0
6317,wincap,0.0,5000.0
6318,wincap,0.0,5000.0
6319,freegame,0.0,201.9
6320,freegame,4.8,106.0
6321,freegame,0.0,52.3
6322,freegame,0.0,125.5
6323,freegame,0.0,659.2
6324,freegame,0.0,171.7
6325,freegame,0.0,7.7
6326,freegame,0.0,311.4
6327,freegame,0.0,9.1
6328,freegame,0.0,157.3
6329,freegame,0.0,48.1
6330,freegame,0.0,47.0
6331,freegame,0.0,9.2
6332,freegame,0.0,619.6
6333,freegame,0.0,199.4
6334,freegame,0.0,222.2
6335,freegame,0.0,298.9
6336,freegame,0.0,188.1
6337,freegame,0.0,266.0
6338,freegame,28.5,351.8
6339,freegame,0.0,190.4
6340,freegame,0.0,28.7
6341,freegame,0.0,69.2
6342,freegame,0.0,48.7
6343,freegame,0.0,480.2
6344,freegame,0.0,27.8
6345,freegame,0.0,55.6
6346,freegame,0.0,88.9
6347,freegame,0.0,79.7
6348,freegame,2.7,1351.4
6349,freegame,0.0,216.9
6350,freegame,0.0,130.8
6351,freegame,0.0,26.0
6352,freegame,2.8,158.4
6353,freegame,0.0,315.5
6354,freegame,0.0,117.8
6355,freegame,0.0,2.7
6356,freegame,4.4,174.3
6357,freegame,0.0,366.8
6358,freegame,0.0,193.4
6359,freegame,186.0,262.2
6360,freegame,0.0,21.2
6361,freegame,0.0,535.2
6362,freegame,69.0,282.7
6363,freegame,0.0,181.4
6364,freegame,0.0,20.9
6365,freegame,1.2,1302.2
6366,freegame,0.0,145.4
6367,freegame,45.0,79.0
6368,freegame,0.0,554.5
6369,freegame,0.0,79.4
6370,freegame,0.0,250.5
6371,freegame,0.0,206.1
6372,freegame,0.0,606.1
6373,freegame,0.0,92.4
6374,freegame,0.0,213.8
6375,freegame,0.0,76.9
6376,freegame,0.0,192.0
6377,freegame,0.0,175.8
6378,freegame,0.0,28.3
6379,freegame,0.0,129.9
6380,freegame,25.8,56.1
6381,freegame,35.2,661.7
6382,freegame,67.2,162.2
6383,freegame,0.0,339.4
6384,freegame,95.7,122.6
6385,freegame,0.0,65.1
6386,freegame,0.0,352.9
6387,freegame,0.0,26.4
6388,freegame,228.0,1987.4
6389,freegame,0.0,73.5
6390,freegame,0.0,237.3
6391,freegame,0.0,469.8
6392,freegame,0.0,385.3
6393,freegame,0.0,37.9
6394,freegame,0.0,4.7
6395,freegame,0.0,473.5
6396,freegame,0.0,43.6
6397,freegame,0.0,40.9
6398,freegame,0.0,468.4
6399,freegame,0.0,94.3
6400,freegame,3.2,74.7
6401,freegame,0.0,323.6
6402,freegame,40.0,483.9
6403,freegame,0.0,112.0
6404,freegame,0.0,139.6
6405,freegame,0.0,420.9
6406,freegame,0.0,388.6
6407,freegame,0.0,211.9
6408,freegame,0.0,245.3
6409,freegame,50.0,567.7
6410,freegame,0.0,22.0
6411,freegame,0.0,130.7
6412,freegame,0.0,93.5
6413,freegame,50.0,290.7
6414,freegame,0.0,20.9
6415,freegame,0.0,92.1
6416,freegame,0.0,397.5
6417,freegame,0.0,349.1
6418,freegame,0.0,234.0
6419,freegame,11.0,213.7
6420,freegame,0.0,598.0
6421,freegame,0.0,394.4
6422,freegame,255.5,24.5
6423,freegame,0.0,111.3
6424,freegame,0.0,108.3
6425,freegame,35.0,99.3
6426,freegame,22.1,28.5
6427,freegame,3.9,52.4
6428,freegame,0.0,78.8
6429,freegame,0.0,94.0
6430,freegame,0.0,752.7
6431,freegame,0.0,31.6
6432,freegame,6.4,228.0
6433,freegame,0.0,252.7
6434,freegame,2.4,458.3
6435,freegame,26.6,133.9
6436,freegame,0.0,13.8
6437,freegame,0.0,138.9
6438,freegame,0.0,1159.8
6439,freegame,400.0,62.8
6440,freegame,0.0,14.4
6441,freegame,0.0,204.4
6442,freegame,18.8,225.7
6443,freegame,0.0,77.8
6444,freegame,0.0,56.8
6445,freegame,0.0,171.2
6446,freegame,3.8,140.9
6447,freegame,0.0,123.8
6448,freegame,33.0,686.8
6449,freegame,0.0,12.1
6450,freegame,10.4,138.0
6451,freegame,0.0,215.0
6452,freegame,6.8,7.1
6453,wincap,115.7,5000.0
6454,freegame,360.0,42.8
6455,freegame,0.0,304.0
6456,freegame,0.0,345.1
6457,freegame,0.0,83.3
6458,freegame,30.8,716.4
6459,freegame,0.0,36.9
6460,freegame,0.0,69.7
6461,freegame,11.8,514.1
6462,freegame,2.8,31.2
6463,freegame,0.0,27.0
6464,freegame,0.0,100.8
6465,freegame,0.0,85.9
6466,freegame,9.0,105.4
6467,freegame,0.0,727.7
6468,freegame,16.0,297.4
6469,freegame,0.0,242.1
6470,freegame,0.0,82.9
6471,freegame,0.0,5.6
6472,freegame,0.0,575.2
6473,freegame,0.0,20.4
6474,freegame,0.0,55.5
6475,freegame,0.0,84.1
6476,freegame,0.0,44.9
6477,freegame,2.4,160.8
6478,freegame,0.0,29.4
6479,freegame,0.0,53.8
6480,freegame,0.0,61.1
6481,freegame,0.0,326.1
6482,freegame,5.4,337.8
6483,freegame,0.0,494.5
6484,freegame,0.0,353.1
6485,freegame,2.6,30.4
6486,freegame,7.0,565.7
6487,freegame,0.0,40.6
6488,freegame,0.0,246.4
6489,freegame,6.8,89.3
6490,freegame,3.0,3.9
6491,freegame,0.0,159.3
6492,freegame,0.0,1464.9
6493,freegame,3.2,188.7
6494,freegame,0.0,34.2
6495,freegame,4.8,27.9
6496,freegame,0.0,183.2
6497,freegame,0.0,133.9
6498,freegame,0.0,25.6
6499,freegame,0.0,1357.8
6500,freegame,0.0,32.5
6501,freegame,0.0,546.5
6502,freegame,0.0,63.1
6503,freegame,0.0,241.8
6504,freegame,25.0,128.2
6505,freegame,105.0,905.9
6506,freegame,0.0,251.7
6507,freegame,0.0,243.8
6508,freegame,0.0,140.8
6509,freegame,1.8,218.1
6510,freegame,0.0,95.4
6511,freegame,44.0,27.9
6512,freegame,0.0,242.1
6513,freegame,0.0,137.0
6514,freegame,0.0,149.9
6515,freegame,0.0,159.1
6516,freegame,1.6,181.9
6517,freegame,10.0,44.6
6518,freegame,0.0,101.3
6519,freegame,0.0,50.5
6520,freegame,2.4,623.9
6521,freegame,0.0,69.4
6522,freegame,0.0,30.6
6523,freegame,33.1,158.0
6524,freegame,0.0,158.6
6525,freegame,100.4,51.0
6526,freegame,0.0,45.0
6527,freegame,0.0,411.4
6528,freegame,4.0,128.4
6529,freegame,0.0,265.6
6530,freegame,0.0,278.4
6531,freegame,0.0,222.6
6532,freegame,0.0,263.4
6533,freegame,9.6,51.6
6534,freegame,0.0,228.5
6535,freegame,8.4,22.2
6536,freegame,0.0,569.5
6537,freegame,21.6,791.3
6538,freegame,0.0,114.2
6539,wincap,0.0,5000.0
6540,freegame,0.0,168.1
6541,freegame,3.9,39.8
6542,freegame,0.0,723.9
6543,freegame,0.0,161.5
6544,freegame,0.0,7.0
6545,freegame,2.4,26.5
6546,freegame,0.0,236.0
6547,freegame,7.6,445.6
6548,freegame,0.0,302.0
6549,freegame,4.8,112.3
6550,freegame,0.0,55.9
6551,freegame,2.6,133.0
6552,freegame,4.8,147.4
6553,freegame,0.0,57.7
6554,freegame,0.0,24.5
6555,freegame,0.0,119.0
6556,freegame,0.0,44.5
6557,freegame,0.0,283.6
6558,freegame,2.4,390.1
6559,freegame,0.0,21.1
6560,freegame,8.6,123.8
6561,freegame,28.0,13.1
6562,freegame,0.0,58.1
6563,freegame,56.9,434.0
6564,freegame,0.0,153.1
6565,freegame,37.5,306.5
6566,freegame,26.4,136.5
6567,freegame,0.0,24.7
6568,freegame,0.0,56.6
6569,wincap,3.6,5000.0
6570,freegame,0.0,1145.4
6571,freegame,0.0,553.3
6572,freegame,0.0,72.6
6573,freegame,0.8,221.7
6574,freegame,0.0,72.7
6575,freegame,0.0,968.4
6576,freegame,0.0,13.3
6577,freegame,0.0,1689.8
6578,freegame,34.5,51.4
6579,freegame,14.4,74.1
6580,freegame,0.0,80.4
6581,freegame,0.0,49.7
6582,freegame,0.0,60.8
6583,freegame,12.4,112.1
6584,freegame,0.0,23.5
6585,freegame,16.0,177.5
6586,freegame,62.8,63.0
6587,freegame,0.0,236.1
6588,freegame,0.0,130.8
6589,freegame,0.0,126.3
6590,freegame,0.0,230.8
6591,freegame,0.0,247.1
6592,freegame,0.0,103.4
6593,freegame,7.2,60.7
6594,freegame,0.0,121.6
6595,freegame,0.0,135.2
6596,freegame,1.6,178.5
6597,freegame,25.0,250.6
6598,freegame,0.0,282.0
6599,freegame,0.0,20.1
6600,freegame,0.6,36.8
6601,freegame,0.0,185.8
6602,freegame,0.0,340.8
6603,freegame,0.0,218.9
6604,freegame,0.0,386.8
6605,freegame,0.0,404.9
6606,freegame,0.0,74.8
6607,wincap,0.0,5000.0
6608,freegame,0.0,239.9
6609,freegame,6.0,559.5
6610,freegame,0.0,225.0
6611,freegame,0.0,95.9
6612,freegame,0.0,144.8
6613,freegame,24.5,230.6
6614,freegame,69.6,37.6
6615,freegame,0.0,132.7
6616,freegame,0.0,13.9
6617,freegame,4.8,166.3
6618,freegame,0.0,731.5
6619,freegame,0.4,128.8
6620,freegame,0.0,66.3
6621,freegame,0.0,178.3
6622,freegame,0.0,76.5
6623,freegame,0.0,245.1
6624,freegame,19.2,113.2
6625,freegame,0.0,77.1
6626,freegame,0.0,659.4
6627,freegame,0.0,47.9
6628,freegame,0.0,329.7
6629,freegame,0.0,23.8
6630,freegame,0.0,80.7
6631,freegame,0.0,124.4
6632,freegame,0.0,213.3
6633,freegame,0.0,451.9
6634,freegame,0.0,72.8
6635,freegame,3.6,57.5
6636,freegame,0.0,16.2
6637,freegame,0.0,88.9
6638,freegame,0.0,5.8
6639,freegame,0.0,192.3
6640,freegame,0.0,234.9
6641,freegame,55.0,113.6
6642,freegame,25.0,150.8
6643,freegame,8.4,480.8
6644,freegame,1.2,637.5
6645,freegame,55.9,286.6
6646,freegame,0.0,308.9
6647,freegame,0.0,352.7
6648,freegame,0.0,277.5
6649,freegame,5.0,531.7
6650,freegame,14.0,21.3
6651,freegame,2.0,101.5
6652,freegame,0.0,27.4
6653,freegame,0.0,23.0
6654,freegame,0.0,48.4
6655,freegame,0.0,389.1
6656,freegame,20.0,142.0
6657,freegame,0.0,236.2
6658,freegame,0.0,44.0
6659,freegame,6.0,299.7
6660,freegame,0.0,19.3
6661,freegame,0.0,147.7
6662,freegame,0.0,753.7
6663,freegame,0.0,105.0
6664,freegame,0.0,253.6
6665,freegame,0.0,112.8
6666,freegame,16.8,377.3
6667,freegame,13.4,399.4
6668,freegame,0.0,43.8
6669,freegame,0.0,278.3
6670,freegame,0.0,226.3
6671,freegame,0.0,55.2
6672,freegame,0.0,267.1
6673,freegame,0.0,62.6
6674,freegame,0.0,434.7
6675,freegame,70.4,7.9
6676,freegame,0.0,228.0
6677,freegame,0.0,252.1
6678,freegame,0.0,80.6
6679,freegame,0.0,128.6
6680,freegame,6.5,278.1
6681,freegame,3.4,98.0
6682,freegame,0.0,250.7
6683,freegame,0.0,262.3
6684,freegame,0.0,111.0
6685,freegame,0.0,593.6
6686,freegame,0.0,461.4
6687,freegame,0.0,294.5
6688,freegame,0.0,33.9
6689,freegame,0.0,57.1
6690,freegame,0.0,59.8
6691,freegame,0.0,84.9
6692,freegame,0.0,211.4
6693,freegame,0.0,436.8
6694,freegame,0.0,143.3
6695,freegame,0.0,770.5
6696,freegame,0.0,33.4
6697,freegame,0.0,462.2
6698,freegame,0.0,128.9
6699,freegame,0.0,27.5
6700,freegame,25.0,373.7
6701,freegame,0.0,9.7
6702,freegame,0.0,21.5
6703,freegame,0.0,361.7
6704,freegame,0.0,239.7
6705,freegame,0.0,132.3
6706,freegame,4.8,65.0
6707,freegame,0.0,1175.0
6708,freegame,12.8,70.4
6709,freegame,6.5,50.6
6710,freegame,0.0,416.6
6711,freegame,55.0,38.4
6712,freegame,0.0,23.0
6713,freegame,0.0,507.9
6714,freegame,0.0,2.5
6715,freegame,0.0,895.2
6716,freegame,0.0,904.9
6717,freegame,0.0,28.6
6718,freegame,0.0,33.1
6719,freegame,0.0,42.2
6720,freegame,0.0,24.6
6721,freegame,0.0,1753.2
6722,freegame,162.5,88.0
6723,wincap,0.0,5000.0
6724,freegame,196.7,436.4
6725,freegame,0.0,89.4
6726,freegame,0.0,306.6
6727,freegame,0.0,6.9
6728,freegame,0.0,89.6
6729,freegame,0.0,43.1
6730,freegame,0.0,175.0
6731,freegame,0.0,52.1
6732,freegame,0.0,430.8
6733,freegame,0.0,60.9
6734,freegame,0.0,59.8
6735,freegame,0.0,374.3
6736,freegame,16.0,236.7
6737,freegame,0.0,26.5
6738,freegame,0.0,1224.0
6739,freegame,0.0,108.1
6740,freegame,28.0,251.9
6741,freegame,0.0,55.1
6742,freegame,0.0,23.3
6743,freegame,0.0,116.8
6744,freegame,65.0,340.8
6745,freegame,0.0,417.3
6746,freegame,6.0,254.3
6747,freegame,0.0,82.5
6748,freegame,0.0,121.0
6749,freegame,0.0,54.6
6750,freegame,0.0,81.9
6751,freegame,0.0,356.4
6752,freegame,0.0,26.5
6753,freegame,0.8,77.1
6754,freegame,6.4,118.7
6755,freegame,0.0,19.1
6756,freegame,6.3,192.5
6757,freegame,104.0,18.3
6758,freegame,0.0,150.4
6759,freegame,0.0,111.6
6760,freegame,0.0,59.4
6761,freegame,0.0,289.3
6762,freegame,0.0,312.7
6763,freegame,0.0,90.6
6764,freegame,1.6,67.9
6765,freegame,0.0,119.9
6766,freegame,55.0,227.5
6767,freegame,0.0,20.8
6768,freegame,0.0,238.7
6769,freegame,24.0,323.0
6770,freegame,0.0,146.1
6771,freegame,0.0,162.5
6772,freegame,0.0,49.6
6773,freegame,0.0,112.6
6774,freegame,0.0,155.5
6775,freegame,0.0,278.7
6776,freegame,0.0,33.6
6777,freegame,0.0,42.7
6778,freegame,0.0,87.5
6779,freegame,0.0,221.0
6780,freegame,1.2,45.0
6781,freegame,33.4,186.7
6782,freegame,0.0,65.9
6783,freegame,0.6,347.2
6784,freegame,0.0,144.0
6785,freegame,4.2,239.3
6786,freegame,0.0,247.3
6787,freegame,0.0,77.2
6788,freegame,6.0,31.1
6789,freegame,50.0,168.2
6790,freegame,0.0,293.2
6791,freegame,0.0,11.8
6792,freegame,0.0,46.7
6793,freegame,1.2,28.8
6794,freegame,0.0,176.1
6795,freegame,8.0,68.9
6796,freegame,0.0,176.2
6797,freegame,0.0,222.9
6798,freegame,5.2,114.4
6799,freegame,44.0,270.2
6800,freegame,0.0,380.0
6801,freegame,135.6,393.3
6802,freegame,108.2,137.6
6803,freegame,0.0,26.8
6804,freegame,0.0,273.7
6805,freegame,52.5,176.3
6806,freegame,0.0,196.0
6807,freegame,0.0,96.9
6808,freegame,0.0,152.1
6809,freegame,0.0,106.0
6810,freegame,0.0,118.2
6811,freegame,0.0,247.7
6812,freegame,0.0,293.3
6813,freegame,16.0,158.7
6814,freegame,12.0,22.0
6815,freegame,0.0,63.8
6816,freegame,0.0,426.1
6817,freegame,95.0,141.0
6818,freegame,13.0,11.7
6819,freegame,0.0,32.1
6820,freegame,18.0,15.0
6821,freegame,0.0,210.2
6822,freegame,10.2,157.1
6823,freegame,0.0,11.8
6824,freegame,0.0,275.1
6825,freegame,0.0,300.2
6826,freegame,18.0,172.3
6827,freegame,0.0,47.5
6828,wincap,0.0,5000.0
6829,freegame,0.0,41.7
6830,freegame,0.0,33.2
6831,freegame,0.0,30.4
6832,freegame,0.0,137.8
6833,freegame,20.8,47.5
6834,freegame,0.0,10.7
6835,freegame,3.0,201.0
6836,freegame,0.0,71.4
6837,freegame,0.0,355.1
6838,freegame,0.0,92.1
6839,freegame,0.0,78.4
6840,freegame,1.0,451.0
6841,freegame,0.0,16.3
6842,freegame,0.0,314.7
6843,freegame,0.0,253.3
6844,freegame,0.0,216.6
6845,freegame,0.0,183.0
6846,freegame,0.0,8.6
6847,freegame,0.0,380.4
6848,freegame,14.0,342.7
6849,freegame,0.0,144.3
6850,freegame,0.0,51.3
6851,freegame,0.0,54.9
6852,freegame,0.0,397.0
6853,freegame,0.0,285.8
6854,freegame,0.0,424.9
6855,freegame,0.0,32.9
6856,freegame,0.0,260.4
6857,freegame,0.0,117.3
6858,freegame,0.0,74.9
6859,freegame,52.8,31.3
6860,freegame,23.0,448.6
6861,freegame,13.0,55.6
6862,freegame,0.0,4.6
6863,freegame,9.4,26.9
6864,freegame,0.0,957.0
6865,freegame,21.6,234.5
6866,freegame,65.0,85.3
6867,freegame,0.0,869.3
6868,freegame,0.0,82.4
6869,freegame,2.4,252.8
6870,freegame,0.0,134.7
6871,freegame,0.0,50.7
6872,freegame,0.0,357.8
6873,freegame,0.0,273.0
6874,freegame,0.0,472.7
6875,freegame,0.0,45.4
6876,freegame,0.0,200.8
6877,freegame,4.0,128.3
6878,freegame,21.0,392.6
6879,freegame,0.0,1029.7
6880,freegame,0.0,193.5
6881,freegame,0.0,203.6
6882,freegame,0.0,35.9
6883,freegame,0.0,421.3
6884,freegame,0.0,50.6
6885,freegame,1.2,14.8
6886,freegame,0.0,26.5
6887,freegame,0.0,393.2
6888,freegame,0.0,156.8
6889,freegame,0.0,896.4
6890,freegame,0.0,508.6
6891,freegame,53.0,78.9
6892,freegame,0.0,267.0
6893,freegame,0.0,37.0
6894,freegame,6.0,103.3
6895,freegame,0.0,118.6
6896,freegame,0.0,21.5
6897,freegame,0.0,451.5
6898,freegame,0.0,1.6
6899,freegame,0.0,45.7
6900,freegame,0.0,107.5
6901,freegame,0.0,60.1
6902,freegame,0.0,25.0
6903,freegame,7.8,162.8
6904,freegame,0.0,448.6
6905,freegame,0.0,270.6
6906,freegame,0.0,168.5
6907,freegame,0.0,156.1
6908,freegame,0.0,827.4
6909,freegame,0.0,90.3
6910,freegame,0.0,166.7
6911,freegame,0.0,74.2
6912,freegame,0.0,31.6
6913,freegame,0.0,16.0
6914,freegame,2.6,115.8
6915,freegame,21.3,33.1
6916,freegame,0.0,147.1
6917,freegame,0.0,628.8
6918,freegame,0.0,100.7
6919,freegame,0.0,14.0
6920,freegame,0.0,176.9
6921,freegame,20.0,178.7
6922,freegame,0.0,48.8
6923,freegame,51.2,1076.3
6924,freegame,0.0,229.0
6925,freegame,0.0,93.2
6926,freegame,0.0,248.1
6927,freegame,4.8,267.4
6928,freegame,0.0,24.9
6929,freegame,0.0,60.7
6930,freegame,0.0,210.7
6931,freegame,9.0,171.0
6932,freegame,1.2,37.2
6933,freegame,0.0,79.8
6934,wincap,0.0,5000.0
6935,freegame,0.0,355.1
6936,freegame,19.5,36.6
6937,freegame,0.0,86.4
6938,freegame,0.0,74.0
6939,freegame,0.0,92.4
6940,freegame,4.8,365.8
6941,freegame,49.6,79.0
6942,freegame,0.0,103.7
6943,freegame,41.0,23.9
6944,freegame,0.0,306.9
6945,freegame,0.0,166.2
6946,freegame,0.0,174.9
6947,freegame,8.4,63.1
6948,freegame,8.8,239.9
6949,freegame,0.0,91.9
6950,freegame,4.2,96.1
6951,freegame,0.0,478.8
6952,freegame,0.0,56.3
6953,freegame,0.0,112.2
6954,freegame,0.0,40.8
6955,freegame,0.8,49.3
6956,freegame,0.0,1034.7
6957,freegame,0.0,807.0
6958,freegame,6.0,103.0
6959,freegame,34.2,213.5
6960,freegame,0.0,17.9
6961,freegame,0.0,28.4
6962,freegame,0.0,157.5
6963,freegame,0.0,75.1
6964,freegame,26.0,155.2
6965,freegame,0.0,329.1
6966,freegame,0.0,359.2
6967,freegame,0.0,195.0
6968,freegame,0.0,68.3
6969,freegame,4.5,1042.9
6970,freegame,52.0,206.7
6971,freegame,0.0,196.2
6972,freegame,0.0,11.6
6973,freegame,0.0,156.1
6974,freegame,0.0,196.0
6975,freegame,3.0,70.0
6976,freegame,0.0,87.9
6977,freegame,0.0,390.2
6978,freegame,0.0,100.1
6979,freegame,0.0,270.7
6980,freegame,23.0,36.7
6981,freegame,0.0,859.0
6982,freegame,0.0,853.4
6983,freegame,0.0,394.1
6984,freegame,0.0,40.0
6985,freegame,0.0,190.2
6986,freegame,9.0,56.3
6987,freegame,0.0,65.7
6988,freegame,0.0,8.5
6989,freegame,0.0,13.1
6990,freegame,0.0,56.5
6991,freegame,0.0,82.4
6992,freegame,49.6,52.0
6993,freegame,9.0,256.3
6994,freegame,0.0,270.2
6995,freegame,40.0,60.0
6996,freegame,0.0,42.1
6997,freegame,0.0,16.5
6998,freegame,0.0,89.6
6999,freegame,0.0,187.0
7000,freegame,1.5,64.6
7001,freegame,0.0,294.7
7002,freegame,0.0,1928.5
7003,freegame,0.0,608.9
7004,freegame,0.0,366.9
7005,freegame,0.0,27.0
7006,freegame,18.0,281.8
7007,freegame,0.0,18.8
7008,freegame,0.0,49.0
7009,freegame,0.0,71.0
7010,freegame,24.0,44.6
7011,freegame,0.0,1310.7
7012,freegame,54.0,377.1
7013,freegame,0.0,1791.1
7014,freegame,0.0,60.6
7015,freegame,45.0,37.0
7016,freegame,0.0,87.1
7017,freegame,0.0,678.3
7018,freegame,0.0,80.7
7019,freegame,0.0,12.6
7020,freegame,3.6,401.1
7021,freegame,13.0,32.2
7022,freegame,22.0,201.5
7023,freegame,0.0,19.6
7024,freegame,0.0,45.2
7025,freegame,54.4,658.6
7026,freegame,93.5,167.4
7027,freegame,0.0,461.9
7028,freegame,0.0,66.8
7029,freegame,0.0,133.6
7030,freegame,26.0,88.4
7031,freegame,0.8,139.5
7032,freegame,13.7,136.0
7033,freegame,0.0,47.0
7034,freegame,0.0,297.2
7035,freegame,12.5,260.7
7036,freegame,22.5,88.9
7037,freegame,0.0,122.6
7038,freegame,0.0,229.2
7039,freegame,0.0,29.8
7040,freegame,20.0,57.2
7041,freegame,3.0,97.4
7042,freegame,16.8,15.9
7043,freegame,0.0,53.2
7044,freegame,0.0,75.9
7045,freegame,0.0,49.6
7046,freegame,0.0,288.4
7047,freegame,0.0,222.9
7048,freegame,0.0,133.5
7049,freegame,0.0,84.7
7050,freegame,1.4,198.8
7051,freegame,0.0,377.5
7052,freegame,0.0,26.8
7053,freegame,0.0,33.0
7054,freegame,0.0,41.9
7055,freegame,0.0,216.7
7056,freegame,0.0,312.2
7057,freegame,0.0,11.5
7058,freegame,3.0,214.4
7059,freegame,0.0,667.8
7060,freegame,0.0,20.8
7061,freegame,0.0,627.3
7062,freegame,0.0,219.4
7063,freegame,8.4,24.1
7064,freegame,0.0,1666.3
7065,freegame,0.0,231.0
7066,freegame,0.0,76.6
7067,freegame,0.0,221.2
7068,freegame,0.0,91.7
7069,freegame,0.0,831.7
7070,freegame,0.0,140.8
7071,freegame,0.0,45.8
7072,freegame,0.0,255.2
7073,freegame,0.0,127.8
7074,freegame,20.3,83.3
7075,freegame,22.0,117.6
7076,freegame,0.0,320.4
7077,freegame,0.0,7.6
7078,freegame,0.0,181.9
7079,freegame,0.0,191.8
7080,freegame,0.0,334.4
7081,freegame,42.6,80.2
7082,freegame,0.8,497.9
7083,freegame,9.0,212.5
7084,freegame,0.0,59.5
7085,freegame,0.0,90.3
7086,freegame,0.0,130.5
7087,freegame,1.4,61.7
7088,freegame,7.0,146.4
7089,freegame,35.0,205.9
7090,freegame,0.0,8.6
7091,freegame,0.0,493.9
7092,freegame,0.0,218.9
7093,freegame,0.0,29.4
7094,freegame,0.0,191.9
7095,freegame,2.0,378.5
7096,freegame,0.0,97.4
7097,freegame,0.0,226.9
7098,freegame,4.2,60.2
7099,freegame,2.0,201.4
7100,freegame,0.0,50.6
7101,freegame,0.0,35.7
7102,freegame,0.0,40.5
7103,freegame,0.0,347.7
7104,freegame,0.0,324.2
7105,freegame,0.0,21.6
7106,freegame,9.6,623.4
7107,freegame,64.0,106.2
7108,freegame,0.0,156.7
7109,freegame,38.4,55.1
7110,freegame,0.0,310.5
7111,freegame,0.0,61.2
7112,freegame,0.0,63.5
7113,freegame,0.0,250.3
7114,freegame,63.0,158.5
7115,freegame,15.0,625.1
7116,freegame,28.0,114.4
7117,freegame,32.0,183.2
7118,freegame,7.8,166.6
7119,wincap,0.0,5000.0
7120,freegame,70.2,427.1
7121,freegame,0.0,70.3
7122,freegame,0.0,14.1
7123,freegame,0.0,900.0
7124,freegame,48.3,368.6
7125,freegame,0.0,152.8
7126,freegame,0.0,115.0
7127,freegame,35.0,62.5
7128,freegame,0.0,65.7
7129,freegame,24.0,24.4
7130,freegame,0.0,89.1
7131,freegame,0.0,175.8
7132,freegame,0.0,26.1
7133,freegame,2.5,113.6
7134,freegame,0.0,135.0
7135,freegame,0.0,296.2
7136,freegame,0.0,102.5
7137,freegame,75.8,251.8
7138,freegame,20.8,48.0
7139,freegame,0.0,202.4
7140,freegame,0.0,100.5
7141,freegame,0.0,342.3
7142,freegame,145.0,1.6
7143,freegame,0.0,244.4
7144,freegame,0.0,113.4
7145,freegame,51.0,66.8
7146,freegame,21.6,175.4
7147,freegame,0.0,209.0
7148,freegame,0.0,20.3
7149,freegame,0.0,201.9
7150,freegame,51.2,364.9
7151,freegame,0.0,396.8
7152,freegame,0.0,69.5
7153,freegame,14.4,422.2
7154,freegame,9.6,587.2
7155,freegame,0.0,152.0
7156,freegame,0.0,56.0
7157,freegame,3.2,188.7
7158,freegame,7.8,50.3
7159,freegame,30.2,258.9
7160,freegame,0.0,290.3
7161,freegame,0.0,900.9
7162,freegame,0.0,329.9
7163,freegame,0.0,27.2
7164,freegame,2.6,566.9
7165,freegame,0.0,121.0
7166,freegame,0.0,103.7
7167,freegame,0.0,45.3
7168,freegame,0.0,169.1
7169,freegame,0.0,392.0
7170,freegame,0.0,45.2
7171,freegame,0.0,285.6
7172,freegame,0.0,58.3
7173,freegame,0.0,54.6
7174,freegame,48.5,97.1
7175,freegame,0.0,139.5
7176,freegame,0.0,29.7
7177,freegame,1.2,42.8
7178,freegame,0.0,282.7
7179,freegame,12.0,733.1
7180,freegame,0.0,59.9
7181,freegame,19.5,165.4
7182,freegame,0.0,51.9
7183,freegame,20.0,202.6
7184,freegame,0.0,24.7
7185,freegame,0.4,203.2
7186,freegame,0.0,68.6
7187,freegame,0.0,341.0
7188,freegame,6.4,302.3
7189,wincap,192.0,5000.0
7190,freegame,0.0,309.6
7191,freegame,60.0,204.5
7192,freegame,0.0,401.6
7193,freegame,0.0,11.6
7194,freegame,0.0,174.0
7195,freegame,36.4,91.9
7196,wincap,0.0,5000.0
7197,freegame,0.0,721.6
7198,freegame,31.8,189.6
7199,freegame,0.0,314.3
7200,freegame,6.4,14.3
7201,freegame,0.0,214.2
7202,freegame,0.0,160.6
7203,freegame,0.0,9.2
7204,freegame,4.0,918.2
7205,freegame,0.0,133.2
7206,freegame,0.0,153.3
7207,freegame,0.0,140.0
7208,freegame,0.0,558.7
7209,freegame,0.0,117.3
7210,freegame,44.6,978.7
7211,freegame,6.8,19.3
7212,freegame,0.0,117.8
7213,freegame,0.0,156.2
7214,freegame,19.2,34.8
7215,freegame,0.0,54.6
7216,freegame,10.5,147.2
7217,freegame,0.0,146.3
7218,freegame,10.2,196.6
7219,freegame,0.0,61.3
7220,freegame,27.0,523.5
7221,freegame,0.0,210.0
7222,freegame,0.0,18.8
7223,freegame,0.0,14.8
7224,freegame,0.0,127.4
7225,freegame,0.0,142.3
7226,freegame,0.0,38.7
7227,freegame,10.0,31.4
7228,freegame,2.4,79.3
7229,freegame,24.4,541.8
7230,freegame,100.5,335.9
7231,freegame,0.0,505.8
7232,freegame,0.0,985.9
7233,freegame,0.0,175.3
7234,freegame,0.0,179.1
7235,freegame,0.0,1126.0
7236,freegame,0.0,601.8
7237,freegame,0.0,624.7
7238,freegame,0.0,93.8
7239,freegame,0.0,476.7
7240,freegame,6.0,83.8
7241,freegame,0.0,893.0
7242,freegame,78.0,154.3
7243,freegame,7.6,35.6
7244,freegame,0.0,35.0
7245,freegame,0.0,62.7
7246,freegame,0.0,131.8
7247,freegame,0.0,905.2
7248,freegame,0.0,329.5
7249,freegame,0.0,411.7
7250,wincap,0.0,5000.0
7251,freegame,5.6,202.4
7252,freegame,100.0,63.5
7253,freegame,30.2,67.7
7254,freegame,0.0,159.7
7255,wincap,0.0,5000.0
7256,freegame,0.0,800.1
7257,freegame,75.0,93.4
7258,freegame,0.0,3.7
7259,freegame,0.0,25.0
7260,freegame,0.0,195.4
7261,freegame,0.0,22.9
7262,freegame,2.0,248.9
7263,freegame,0.0,79.6
7264,freegame,8.6,18.4
7265,freegame,0.0,94.0
7266,freegame,0.0,296.4
7267,freegame,0.0,47.5
7268,freegame,0.0,82.5
7269,freegame,2.6,522.7
7270,freegame,0.0,219.8
7271,freegame,0.0,216.0
7272,freegame,0.0,209.6
7273,freegame,0.0,36.0
7274,freegame,1.2,897.8
7275,freegame,0.0,786.2
7276,freegame,0.0,130.0
7277,freegame,18.0,56.5
7278,freegame,0.0,104.5
7279,freegame,5.2,88.6
7280,freegame,0.0,134.0
7281,freegame,6.8,17.9
7282,freegame,0.0,732.8
7283,freegame,54.0,107.8
7284,freegame,10.4,229.1
7285,freegame,7.0,287.4
7286,freegame,0.0,106.4
7287,freegame,0.0,38.3
7288,freegame,59.6,503.3
7289,freegame,26.4,47.0
7290,freegame,0.0,121.8
7291,freegame,3.6,71.8
7292,freegame,0.0,645.2
7293,freegame,0.0,208.1
7294,freegame,0.0,125.3
7295,freegame,0.0,71.1
7296,freegame,0.0,23.1
7297,freegame,0.0,40.5
7298,freegame,0.0,17.0
7299,freegame,2.0,177.1
7300,freegame,0.0,336.9
7301,freegame,0.0,572.5
7302,freegame,0.0,132.1
7303,freegame,0.0,641.6
7304,freegame,17.5,67.6
7305,freegame,0.0,155.3
7306,freegame,0.0,78.0
7307,freegame,0.0,95.9
7308,freegame,2.4,76.9
7309,freegame,0.0,77.8
7310,freegame,10.0,338.1
7311,freegame,0.0,261.3
7312,freegame,123.6,153.2
7313,freegame,0.0,774.3
7314,freegame,0.0,932.1
7315,freegame,6.4,313.9
7316,freegame,12.2,159.0
7317,freegame,0.0,116.4
7318,freegame,47.5,943.5
7319,freegame,0.0,566.8
7320,freegame,16.5,242.9
7321,freegame,0.0,52.6
7322,freegame,21.6,39.4
7323,freegame,9.6,275.5
7324,freegame,0.0,208.4
7325,wincap,0.0,5000.0
7326,freegame,0.0,231.9
7327,freegame,0.0,115.4
7328,freegame,1.2,59.6
7329,freegame,0.0,85.1
7330,freegame,0.0,320.1
7331,freegame,0.0,164.3
7332,freegame,0.0,32.1
7333,freegame,0.0,97.9
7334,freegame,11.6,153.9
7335,freegame,0.0,62.4
7336,freegame,3.4,79.9
7337,freegame,7.8,136.9
7338,freegame,0.0,59.4
7339,freegame,0.0,31.8
7340,freegame,0.0,261.6
7341,freegame,0.0,190.5
7342,freegame,0.0,172.6
7343,freegame,0.0,109.0
7344,freegame,0.0,530.3
7345,freegame,55.9,27.3
7346,freegame,0.0,95.2
7347,freegame,0.0,148.7
7348,freegame,0.0,496.7
7349,freegame,49.2,25.1
7350,freegame,0.0,70.5
7351,freegame,0.0,22.9
7352,freegame,24.1,178.1
7353,freegame,0.0,448.5
7354,freegame,0.0,361.7
7355,freegame,0.0,138.5
7356,freegame,0.0,120.8
7357,freegame,0.0,162.3
7358,freegame,0.0,42.8
7359,freegame,27.6,88.5
7360,freegame,0.0,13.7
7361,freegame,27.7,440.9
7362,freegame,100.3,48.5
7363,freegame,0.0,138.4
7364,freegame,0.0,49.9
7365,freegame,15.6,105.8
7366,freegame,0.0,43.5
7367,freegame,0.0,38.2
7368,freegame,0.0,193.8
7369,freegame,0.0,59.2
7370,freegame,0.0,49.4
7371,freegame,0.0,114.8
7372,freegame,0.0,157.6
7373,freegame,45.2,437.8
7374,freegame,0.0,208.4
7375,freegame,0.0,154.4
7376,freegame,0.0,614.1
7377,freegame,80.0,164.2
7378,freegame,0.0,521.9
7379,freegame,3.6,726.2
7380,freegame,0.0,85.8
7381,freegame,0.0,62.5
7382,freegame,0.0,962.4
7383,freegame,42.0,516.6
7384,freegame,0.0,1142.3
7385,freegame,8.0,128.9
7386,freegame,0.0,64.0
7387,freegame,7.2,214.1
7388,freegame,0.0,199.8
7389,freegame,10.2,726.8
7390,freegame,0.0,184.4
7391,freegame,0.0,188.4
7392,freegame,31.2,163.7
7393,freegame,0.0,85.9
7394,freegame,0.0,257.1
7395,freegame,0.0,304.5
7396,freegame,0.0,605.1
7397,freegame,0.0,31.7
7398,freegame,0.0,171.9
7399,freegame,10.0,62.5
7400,freegame,0.0,55.0
7401,freegame,40.0,191.9
7402,freegame,6.0,917.4
7403,freegame,280.0,53.2
7404,freegame,0.0,164.7
7405,freegame,0.0,75.5
7406,freegame,0.0,116.7
7407,freegame,0.0,518.1
7408,freegame,0.0,269.7
7409,freegame,2.2,15.3
7410,freegame,1.2,71.4
7411,freegame,2.8,52.5
7412,freegame,0.0,41.2
7413,freegame,0.0,328.1
7414,freegame,0.0,180.4
7415,freegame,27.4,627.0
7416,freegame,150.0,180.4
7417,freegame,0.0,58.8
7418,freegame,0.0,33.4
7419,freegame,0.0,309.7
7420,freegame,18.4,50.0
7421,freegame,87.5,92.5
7422,freegame,0.0,1620.4
7423,freegame,97.5,62.8
7424,freegame,0.0,311.3
7425,freegame,7.2,61.2
7426,freegame,18.2,271.9
7427,freegame,0.0,22.6
7428,freegame,0.0,97.9
7429,freegame,0.0,26.4
7430,freegame,9.0,7.4
7431,freegame,5.0,306.2
7432,freegame,0.0,207.9
7433,freegame,0.0,168.1
7434,freegame,0.0,36.5
7435,freegame,33.5,266.0
7436,freegame,0.0,205.9
7437,freegame,1.2,189.2
7438,freegame,7.0,45.3
7439,freegame,0.0,122.1
7440,freegame,0.0,72.0
7441,freegame,0.0,96.2
7442,freegame,0.0,267.2
7443,freegame,0.0,503.2
7444,freegame,0.0,54.6
7445,freegame,3.6,931.8
7446,freegame,12.0,30.5
7447,freegame,0.0,111.7
7448,freegame,0.0,386.0
7449,freegame,8.0,159.7
7450,freegame,21.0,11.6
7451,freegame,0.0,31.9
7452,freegame,0.0,279.1
7453,freegame,4.2,755.2
7454,freegame,0.0,1233.7
7455,freegame,0.0,261.3
7456,freegame,0.0,632.0
7457,freegame,0.0,117.9
7458,freegame,0.0,87.2
7459,freegame,6.0,74.0
7460,freegame,7.8,26.6
7461,freegame,0.0,1373.1
7462,freegame,0.0,45.6
7463,freegame,0.0,14.3
7464,freegame,3.0,51.2
7465,freegame,0.0,192.0
7466,freegame,0.0,222.9
7467,freegame,18.0,52.4
7468,freegame,0.0,44.4
7469,freegame,10.0,94.2
7470,freegame,0.0,132.5
7471,freegame,0.0,9.9
7472,freegame,3.2,144.1
7473,freegame,0.0,225.5
7474,freegame,0.0,10.7
7475,freegame,0.0,45.0
7476,freegame,0.0,232.7
7477,freegame,0.0,132.7
7478,wincap,0.0,5000.0
7479,freegame,0.0,81.7
7480,freegame,0.0,236.3
7481,freegame,11.0,130.3
7482,freegame,0.0,25.2
7483,freegame,0.0,686.7
7484,freegame,86.4,278.1
7485,freegame,0.0,33.3
7486,freegame,0.6,618.4
7487,freegame,0.0,41.1
7488,freegame,18.6,318.1
7489,freegame,0.0,67.2
7490,freegame,37.5,89.1
7491,freegame,0.0,285.9
7492,freegame,27.5,379.1
7493,freegame,0.0,467.8
7494,freegame,14.0,74.0
7495,freegame,0.0,142.2
7496,freegame,0.0,28.1
7497,freegame,0.0,173.5
7498,freegame,10.0,233.6
7499,freegame,0.0,15.8
7500,freegame,0.0,35.1
7501,freegame,0.0,36.9
7502,freegame,0.0,50.3
7503,freegame,0.0,253.1
7504,freegame,0.0,40.2
7505,freegame,0.0,44.7
7506,freegame,0.0,29.8
7507,freegame,0.0,20.2
7508,freegame,0.0,813.5
7509,freegame,37.2,57.0
7510,freegame,124.1,89.4
7511,freegame,0.0,190.8
7512,freegame,0.0,39.0
7513,freegame,0.0,81.7
7514,freegame,1.8,16.6
7515,freegame,12.8,103.7
7516,freegame,13.3,55.2
7517,freegame,0.0,73.4
7518,freegame,0.0,121.3
7519,freegame,27.9,242.5
7520,freegame,0.0,221.0
7521,freegame,0.0,126.2
7522,freegame,0.0,26.0
7523,freegame,15.0,121.0
7524,freegame,18.0,48.5
7525,freegame,0.0,21.3
7526,freegame,0.0,116.8
7527,freegame,4.8,34.3
7528,freegame,0.0,78.1
7529,freegame,75.0,156.6
7530,freegame,0.0,87.8
7531,freegame,0.0,356.6
7532,freegame,0.0,152.2
7533,freegame,0.0,217.1
7534,freegame,0.0,510.0
7535,freegame,65.0,311.0
7536,freegame,0.0,46.3
7537,freegame,0.0,3486.1
7538,freegame,0.0,315.6
7539,freegame,0.0,332.7
7540,freegame,0.0,38.1
7541,freegame,2.8,514.6
7542,freegame,0.0,254.8
7543,freegame,0.0,134.5
7544,freegame,0.0,61.1
7545,freegame,0.0,83.7
7546,freegame,0.0,31.6
7547,freegame,5.2,16.4
7548,freegame,0.0,882.5
7549,freegame,0.0,129.2
7550,freegame,0.0,71.1
7551,freegame,4.5,70.2
7552,freegame,6.0,34.8
7553,freegame,0.0,132.8
7554,freegame,0.0,111.1
7555,freegame,0.0,11.3
7556,freegame,0.0,17.0
7557,freegame,0.0,155.1
7558,freegame,25.5,46.8
7559,freegame,0.0,50.2
7560,freegame,0.0,138.2
7561,freegame,0.0,486.6
7562,freegame,0.0,242.5
7563,freegame,0.0,163.3
7564,freegame,0.0,805.1
7565,freegame,0.0,143.6
7566,freegame,0.0,23.4
7567,freegame,0.0,34.2
7568,freegame,0.0,47.7
7569,freegame,0.0,17.3
7570,freegame,0.0,254.1
7571,freegame,0.0,61.0
7572,freegame,4.0,162.8
7573,freegame,0.0,223.8
7574,freegame,0.0,124.9
7575,freegame,2.0,534.8
7576,freegame,0.0,144.0
7577,freegame,0.0,48.3
7578,freegame,0.0,135.1
7579,freegame,3.0,91.8
7580,freegame,0.0,80.0
7581,freegame,0.0,213.4
7582,freegame,0.0,120.5
7583,freegame,10.8,148.0
7584,freegame,0.0,170.1
7585,freegame,0.0,568.8
7586,freegame,4.2,37.7
7587,freegame,0.0,718.0
7588,freegame,6.6,238.3
7589,freegame,0.0,114.4
7590,freegame,0.0,34.3
7591,freegame,0.0,46.8
7592,freegame,0.0,88.6
7593,freegame,4.8,36.6
7594,freegame,1.0,68.6
7595,freegame,26.0,366.4
7596,freegame,2.4,169.4
7597,freegame,0.0,186.0
7598,freegame,0.0,195.0
7599,freegame,0.0,258.3
7600,freegame,0.0,787.2
7601,freegame,0.0,112.1
7602,freegame,0.0,215.7
7603,freegame,24.3,343.9
7604,freegame,0.0,245.3
7605,freegame,65.0,48.4
7606,freegame,0.0,162.4
7607,freegame,0.0,7.6
7608,freegame,0.0,227.7
7609,freegame,37.2,15.9
7610,freegame,0.0,134.8
7611,freegame,0.0,376.3
7612,freegame,0.0,877.8
7613,freegame,2.4,791.4
7614,freegame,0.0,141.7
7615,freegame,0.0,19.0
7616,freegame,5.0,191.0
7617,freegame,0.0,217.3
7618,freegame,0.0,144.9
7619,freegame,0.0,274.7
7620,freegame,0.0,340.9
7621,freegame,0.0,408.1
7622,freegame,0.0,407.9
7623,freegame,0.0,44.4
7624,freegame,0.0,1143.5
7625,freegame,0.0,573.2
7626,freegame,0.0,24.8
7627,freegame,10.8,53.1
7628,freegame,0.0,17.5
7629,freegame,5.0,255.1
7630,freegame,0.0,186.7
7631,freegame,3.6,276.5
7632,freegame,67.5,339.3
7633,freegame,0.0,187.8
7634,freegame,24.5,48.8
7635,freegame,0.0,277.4
7636,freegame,0.0,55.0
7637,freegame,0.0,70.2
7638,freegame,20.4,198.7
7639,freegame,0.0,420.4
7640,freegame,52.0,101.3
7641,freegame,17.7,117.8
7642,freegame,0.0,65.2
7643,freegame,0.0,101.7
7644,freegame,1.2,381.5
7645,freegame,0.0,174.6
7646,freegame,4.0,66.9
7647,freegame,3.6,375.0
7648,freegame,0.0,292.8
7649,freegame,0.0,340.8
7650,freegame,0.0,229.7
7651,freegame,62.0,51.3
7652,freegame,0.0,96.2
7653,freegame,0.0,197.2
7654,freegame,40.0,262.3
7655,freegame,21.0,219.3
7656,freegame,0.0,200.5
7657,freegame,23.4,244.0
7658,freegame,145.0,368.1
7659,freegame,112.0,165.5
7660,freegame,0.0,76.8
7661,freegame,0.0,49.0
7662,freegame,0.0,117.8
7663,freegame,23.7,95.4
7664,freegame,0.0,210.4
7665,freegame,67.2,99.1
7666,freegame,0.0,75.4
7667,freegame,5.4,97.9
7668,freegame,0.0,152.2
7669,freegame,60.0,542.6
7670,freegame,0.0,50.0
7671,freegame,6.0,25.4
7672,freegame,0.0,21.0
7673,freegame,0.0,1098.6
7674,freegame,0.0,178.1
7675,freegame,11.0,295.9
7676,freegame,0.0,308.7
7677,freegame,2.0,301.2
7678,freegame,52.0,55.0
7679,freegame,0.0,14.2
7680,freegame,0.0,34.1
7681,freegame,14.0,980.4
7682,freegame,0.0,111.2
7683,freegame,0.0,105.3
7684,freegame,70.0,10.0
7685,freegame,5.6,51.2
7686,freegame,3.6,348.7
7687,freegame,23.0,170.2
7688,freegame,150.8,339.5
7689,freegame,0.0,254.3
7690,freegame,31.2,108.9
7691,freegame,0.0,162.7
7692,freegame,0.0,48.6
7693,freegame,0.0,50.9
7694,freegame,0.0,83.1
7695,freegame,17.6,204.7
7696,freegame,0.0,191.3
7697,freegame,0.0,327.6
7698,freegame,0.0,625.6
7699,wincap,18.4,5000.0
7700,freegame,0.0,44.8
7701,freegame,12.8,23.7
7702,freegame,0.0,33.7
7703,freegame,0.0,157.8
7704,freegame,0.0,209.8
7705,freegame,58.0,281.5
7706,freegame,0.0,194.8
7707,freegame,0.0,269.8
7708,freegame,13.7,225.5
7709,freegame,0.0,31.7
7710,freegame,35.0,285.9
7711,freegame,0.0,228.2
7712,freegame,0.0,240.1
7713,freegame,0.0,279.3
7714,freegame,0.0,131.7
7715,freegame,0.0,64.3
7716,freegame,0.0,130.0
7717,freegame,0.0,347.9
7718,freegame,0.0,303.4
7719,freegame,165.0,115.8
7720,freegame,0.0,139.9
7721,freegame,0.0,75.9
7722,freegame,0.0,30.8
7723,freegame,7.0,47.2
7724,freegame,6.0,178.2
7725,freegame,0.0,158.7
7726,freegame,6.8,14.8
7727,freegame,0.0,403.1
7728,freegame,0.0,281.4
7729,freegame,0.0,132.5
7730,freegame,0.0,56.9
7731,freegame,8.0,16.8
7732,freegame,0.0,158.3
7733,freegame,0.0,105.8
7734,freegame,0.0,248.8
7735,freegame,14.3,91.1
7736,freegame,0.0,304.0
7737,freegame,0.0,51.5
7738,freegame,1.2,28.2
7739,freegame,0.0,65.3
7740,freegame,3.6,132.4
7741,freegame,0.0,133.6
7742,freegame,3.0,204.3
7743,freegame,55.0,14.4
7744,freegame,0.0,23.1
7745,freegame,0.0,46.3
7746,freegame,13.2,323.6
7747,freegame,95.0,138.5
7748,freegame,0.0,880.8
7749,freegame,0.0,61.8
7750,freegame,0.0,259.1
7751,freegame,0.0,30.2
7752,freegame,0.0,29.6
7753,freegame,0.0,446.6
7754,freegame,0.0,182.0
7755,freegame,0.0,82.5
7756,freegame,0.0,90.9
7757,freegame,0.0,438.3
7758,freegame,0.0,499.7
7759,freegame,0.0,51.4
7760,freegame,0.0,101.1
7761,freegame,6.0,227.4
7762,freegame,0.0,539.1
7763,freegame,0.0,248.5
7764,freegame,0.0,61.3
7765,freegame,0.0,2.2
7766,freegame,0.0,87.0
7767,freegame,0.0,262.0
7768,freegame,0.0,53.9
7769,freegame,0.0,129.5
7770,freegame,45.3,146.5
7771,freegame,0.0,45.0
7772,freegame,0.0,6.3
7773,freegame,0.0,701.6
7774,freegame,0.0,54.4
7775,freegame,0.0,57.0
7776,freegame,3.6,269.3
7777,freegame,0.0,40.4
7778,freegame,0.0,145.7
7779,freegame,0.0,175.8
7780,freegame,0.0,605.7
7781,freegame,0.0,215.2
7782,freegame,0.0,505.9
7783,freegame,0.0,276.5
7784,freegame,0.0,191.5
7785,freegame,15.6,39.7
7786,freegame,0.0,284.8
7787,freegame,23.0,13.4
7788,freegame,0.0,35.4
7789,freegame,0.0,673.2
7790,freegame,0.0,55.0
7791,freegame,12.0,264.2
7792,freegame,69.6,92.2
7793,freegame,24.0,217.8
7794,freegame,0.0,120.7
7795,freegame,0.0,236.7
7796,freegame,2.8,22.0
7797,freegame,9.1,58.7
7798,freegame,0.0,61.3
7799,freegame,5.2,118.0
7800,freegame,0.0,238.5
7801,freegame,0.0,309.2
7802,freegame,0.0,245.1
7803,freegame,60.0,12.4
7804,freegame,0.0,139.8
7805,freegame,1.6,611.0
7806,freegame,0.0,19.7
7807,freegame,0.0,239.1
7808,freegame,35.1,182.7
7809,freegame,2.8,347.4
7810,freegame,156.2,105.7
7811,freegame,150.0,316.2
7812,freegame,5.0,890.2
7813,freegame,16.2,53.9
7814,freegame,0.0,93.7
7815,freegame,0.0,493.9
7816,freegame,0.0,690.7
7817,freegame,0.0,88.7
7818,freegame,0.0,432.8
7819,freegame,56.0,675.6
7820,freegame,0.0,281.3
7821,freegame,0.0,781.5
7822,freegame,0.0,87.8
7823,freegame,0.0,114.9
7824,freegame,0.0,341.5
7825,freegame,34.4,340.3
7826,freegame,0.8,708.5
7827,freegame,0.0,323.0
7828,freegame,0.0,439.5
7829,freegame,0.0,173.3
7830,freegame,0.0,220.3
7831,freegame,6.0,146.5
7832,freegame,0.0,45.8
7833,freegame,14.4,132.1
7834,freegame,0.0,95.6
7835,freegame,22.4,366.1
7836,freegame,0.0,305.4
7837,freegame,0.0,182.3
7838,freegame,0.0,9.5
7839,freegame,1.2,75.0
7840,freegame,0.0,14.2
7841,freegame,0.0,48.9
7842,freegame,0.0,258.6
7843,freegame,0.0,53.0
7844,freegame,0.0,117.1
7845,freegame,0.0,36.5
7846,freegame,23.2,48.1
7847,freegame,6.4,52.2
7848,freegame,0.0,11.2
7849,freegame,0.0,165.5
7850,freegame,0.0,229.1
7851,freegame,0.0,351.5
7852,freegame,0.0,123.4
7853,freegame,40.8,171.8
7854,freegame,0.0,89.0
7855,freegame,0.0,157.4
7856,freegame,0.0,42.1
7857,freegame,0.0,288.5
7858,freegame,0.0,79.0
7859,freegame,0.0,97.0
7860,freegame,0.0,183.3
7861,freegame,9.0,55.6
7862,freegame,0.0,39.8
7863,freegame,9.6,338.3
7864,freegame,2.8,430.4
7865,freegame,11.0,58.7
7866,freegame,0.0,34.8
7867,freegame,14.3,817.1
7868,freegame,0.0,177.2
7869,freegame,0.0,279.1
7870,freegame,0.0,44.6
7871,freegame,0.0,158.0
7872,freegame,0.0,75.6
7873,freegame,0.2,204.9
7874,freegame,0.0,39.4
7875,freegame,16.1,123.0
7876,freegame,0.0,339.0
7877,freegame,16.0,192.1
7878,freegame,0.0,222.8
7879,freegame,0.0,121.3
7880,freegame,0.0,120.4
7881,freegame,0.0,527.3
7882,freegame,24.6,79.4
7883,freegame,0.0,210.6
7884,freegame,0.0,714.4
7885,freegame,0.0,44.3
7886,freegame,45.0,169.2
7887,freegame,0.0,213.2
7888,freegame,3.2,121.5
7889,freegame,0.4,12.5
7890,freegame,4.0,33.8
7891,freegame,49.0,184.0
7892,freegame,8.0,1505.7
7893,freegame,0.0,419.8
7894,freegame,3.6,414.2
7895,freegame,0.0,9.7
7896,freegame,3.2,86.3
7897,freegame,75.0,219.7
7898,freegame,0.0,27.3
7899,freegame,0.0,105.8
7900,freegame,0.0,13.3
7901,freegame,12.5,259.3
7902,freegame,0.0,36.7
7903,freegame,0.0,165.9
7904,freegame,33.2,358.5
7905,freegame,36.3,187.7
7906,freegame,0.0,7.4
7907,freegame,0.0,130.4
7908,freegame,0.0,91.3
7909,freegame,0.0,227.9
7910,freegame,0.0,35.3
7911,freegame,0.0,1081.9
7912,freegame,0.0,57.9
7913,freegame,0.0,149.9
7914,freegame,0.0,304.4
7915,freegame,0.0,343.9
7916,freegame,0.0,197.6
7917,freegame,49.5,677.5
7918,freegame,0.0,352.1
7919,freegame,17.6,310.4
7920,freegame,138.5,109.3
7921,freegame,10.0,198.6
7922,freegame,0.0,77.5
7923,freegame,38.0,31.0
7924,freegame,3.2,44.2
7925,freegame,3.6,206.4
7926,freegame,0.0,115.7
7927,freegame,0.0,343.8
7928,freegame,0.0,90.6
7929,freegame,60.0,153.0
7930,freegame,0.0,47.7
7931,freegame,8.4,79.1
7932,freegame,0.0,20.1
7933,freegame,0.0,176.4
7934,freegame,0.0,305.8
7935,freegame,0.0,215.5
7936,freegame,0.0,216.6
7937,freegame,0.0,100.9
7938,freegame,0.0,78.6
7939,freegame,0.0,147.1
7940,freegame,0.0,183.2
7941,freegame,7.2,7.9
7942,freegame,0.0,230.3
7943,freegame,0.0,210.7
7944,freegame,0.0,185.7
7945,freegame,0.0,60.7
7946,freegame,28.0,277.4
7947,freegame,0.0,509.9
7948,freegame,0.0,119.5
7949,freegame,0.0,187.0
7950,freegame,0.0,393.5
7951,freegame,0.0,310.2
7952,freegame,0.0,100.2
7953,freegame,43.7,163.9
7954,freegame,0.0,277.9
7955,freegame,0.0,188.5
7956,freegame,13.2,207.1
7957,freegame,0.0,163.2
7958,freegame,0.0,251.6
7959,freegame,0.0,72.6
7960,freegame,1.2,19.8
7961,freegame,0.0,43.8
7962,freegame,75.0,115.5
7963,freegame,0.0,118.6
7964,freegame,0.0,60.9
7965,freegame,0.0,509.5
7966,freegame,0.0,28.0
7967,freegame,0.0,17.3
7968,freegame,8.8,617.9
7969,freegame,82.5,271.9
7970,freegame,0.0,75.6
7971,freegame,10.0,57.4
7972,freegame,0.0,179.7
7973,freegame,0.0,170.4
7974,freegame,0.0,19.2
7975,freegame,0.0,238.7
7976,freegame,0.0,237.9
7977,freegame,0.0,219.6
7978,freegame,0.0,428.9
7979,freegame,0.0,103.5
7980,freegame,0.0,9.7
7981,freegame,0.8,38.7
7982,freegame,0.0,59.7
7983,freegame,0.0,49.1
7984,freegame,0.0,1286.8
7985,freegame,36.2,521.3
7986,freegame,57.5,53.8
7987,freegame,4.8,135.8
7988,freegame,0.0,147.1
7989,freegame,0.0,150.9
7990,freegame,0.0,238.4
7991,freegame,0.0,37.7
7992,freegame,0.0,524.1
7993,freegame,0.0,139.6
7994,freegame,0.0,125.8
7995,freegame,0.0,197.6
7996,freegame,32.0,24.0
7997,freegame,0.0,117.3
7998,freegame,0.0,24.9
7999,freegame,19.0,24.8
8000,freegame,0.0,536.3
8001,freegame,0.0,111.0
8002,freegame,0.0,18.2
8003,freegame,0.0,210.7
8004,freegame,0.0,63.0
8005,freegame,0.0,8.3
8006,freegame,0.0,411.3
8007,freegame,0.0,190.8
8008,freegame,0.0,111.5
8009,freegame,6.0,93.9
8010,freegame,0.0,18.5
8011,freegame,0.0,459.6
8012,freegame,220.8,712.4
8013,freegame,0.0,95.3
8014,freegame,0.0,41.3
8015,freegame,0.0,61.2
8016,freegame,0.0,80.6
8017,freegame,0.0,461.5
8018,freegame,0.0,120.8
8019,freegame,0.0,420.8
8020,freegame,0.0,64.8
8021,freegame,10.0,29.8
8022,freegame,0.0,616.1
8023,freegame,0.0,167.1
8024,freegame,54.4,175.9
8025,freegame,17.0,120.2
8026,freegame,6.0,36.3
8027,freegame,2.4,44.3
8028,freegame,0.0,1348.3
8029,freegame,0.0,121.1
8030,freegame,0.0,50.3
8031,freegame,0.0,85.1
8032,freegame,0.0,166.0
8033,freegame,0.0,163.4
8034,freegame,0.0,136.8
8035,freegame,0.0,60.2
8036,freegame,3.2,655.9
8037,freegame,0.0,47.3
8038,freegame,1.6,37.5
8039,freegame,0.0,42.5
8040,freegame,0.0,178.5
8041,freegame,8.0,59.0
8042,freegame,0.0,63.0
8043,freegame,0.0,537.3
8044,freegame,0.0,91.9
8045,freegame,0.0,273.6
8046,freegame,12.6,40.4
8047,freegame,10.8,142.3
8048,freegame,18.0,184.1
8049,freegame,22.0,74.6
8050,freegame,0.0,265.6
8051,freegame,26.4,618.3
8052,freegame,3.6,92.9
8053,freegame,0.0,123.8
8054,freegame,0.0,246.6
8055,freegame,0.0,888.9
8056,freegame,0.0,44.9
8057,freegame,75.0,66.6
8058,freegame,0.0,419.0
8059,freegame,12.0,84.1
8060,freegame,0.0,514.1
8061,freegame,0.0,591.8
8062,freegame,0.0,391.0
8063,freegame,0.0,177.0
8064,freegame,0.0,298.7
8065,freegame,5.2,326.6
8066,freegame,0.0,184.5
8067,freegame,0.0,319.3
8068,freegame,10.0,48.0
8069,freegame,10.0,58.2
8070,freegame,12.0,290.4
8071,freegame,0.0,64.0
8072,freegame,0.0,68.1
8073,freegame,0.0,243.8
8074,freegame,0.0,154.9
8075,freegame,2.2,98.1
8076,freegame,24.3,234.8
8077,freegame,0.0,294.7
8078,freegame,0.0,954.6
8079,freegame,0.0,256.0
8080,freegame,0.0,32.6
8081,freegame,0.0,437.5
8082,freegame,0.0,73.7
8083,freegame,0.0,834.0
8084,freegame,0.0,112.4
8085,freegame,0.0,708.1
8086,wincap,0.0,5000.0
8087,freegame,10.0,518.9
8088,freegame,0.0,163.9
8089,freegame,0.0,175.9
8090,freegame,0.0,93.5
8091,freegame,0.0,28.8
8092,freegame,35.0,22.1
8093,freegame,0.8,32.8
8094,freegame,0.0,124.5
8095,freegame,0.0,27.1
8096,freegame,0.0,176.8
8097,freegame,0.0,279.5
8098,freegame,0.0,71.0
8099,freegame,0.0,35.1
8100,freegame,0.0,29.6
8101,freegame,0.0,105.7
8102,freegame,0.0,160.4
8103,freegame,0.0,282.1
8104,freegame,0.0,40.2
8105,freegame,0.0,109.7
8106,freegame,0.0,720.1
8107,freegame,55.2,9.1
8108,freegame,0.0,45.9
8109,freegame,0.0,127.3
8110,freegame,16.0,166.5
8111,freegame,0.0,808.9
8112,freegame,0.0,54.9
8113,freegame,4.4,518.4
8114,freegame,0.0,74.4
8115,freegame,0.0,354.8
8116,freegame,26.0,198.9
8117,freegame,0.0,25.2
8118,freegame,0.0,120.1
8119,freegame,30.0,189.0
8120,freegame,33.8,30.2
8121,freegame,0.0,759.5
8122,freegame,5.0,26.6
8123,freegame,0.0,53.1
8124,freegame,0.0,78.7
8125,freegame,10.0,53.9
8126,freegame,0.0,541.9
8127,freegame,0.0,24.7
8128,freegame,0.0,130.7
8129,freegame,3.0,63.8
8130,freegame,0.0,38.0
8131,freegame,34.3,174.9
8132,freegame,0.0,669.3
8133,freegame,13.2,20.0
8134,freegame,0.6,359.1
8135,freegame,0.0,151.8
8136,freegame,23.0,129.6
8137,freegame,0.0,175.9
8138,freegame,0.0,440.6
8139,freegame,139.2,89.0
8140,freegame,0.0,44.2
8141,freegame,0.0,106.3
8142,freegame,0.0,104.7
8143,freegame,10.0,106.5
8144,freegame,0.0,127.5
8145,freegame,6.0,701.8
8146,freegame,0.0,66.0
8147,freegame,0.0,713.4
8148,freegame,0.0,200.0
8149,freegame,0.0,230.4
8150,freegame,3.0,49.2
8151,freegame,0.0,32.3
8152,freegame,0.0,120.8
8153,freegame,0.0,107.0
8154,freegame,0.0,175.9
8155,freegame,1.2,460.0
8156,freegame,30.0,345.6
8157,freegame,1.8,472.1
8158,freegame,0.0,45.8
8159,freegame,10.5,36.7
8160,freegame,8.5,10.1
8161,freegame,0.0,209.5
8162,freegame,0.0,25.8
8163,freegame,0.0,192.2
8164,freegame,16.0,52.0
8165,freegame,0.0,185.8
8166,freegame,9.2,361.0
8167,freegame,0.0,52.2
8168,freegame,1.4,460.0
8169,freegame,0.0,157.8
8170,freegame,2.0,40.6
8171,freegame,5.2,149.3
8172,freegame,20.4,385.7
8173,freegame,0.0,567.6
8174,freegame,0.0,16.0
8175,freegame,1.5,433.1
8176,freegame,2.4,479.8
8177,freegame,0.0,91.9
8178,freegame,175.0,248.1
8179,freegame,2.4,307.0
8180,freegame,0.0,4.7
8181,freegame,0.0,86.4
8182,freegame,0.0,1002.1
8183,freegame,0.0,31.7
8184,freegame,0.0,40.8
8185,freegame,0.0,140.1
8186,freegame,70.0,96.5
8187,freegame,6.8,131.2
8188,freegame,27.5,154.5
8189,freegame,23.4,269.7
8190,freegame,0.0,134.3
8191,freegame,0.0,379.0
8192,freegame,0.0,77.6
8193,freegame,0.0,121.2
8194,freegame,0.0,117.4
8195,freegame,4.8,28.8
8196,freegame,0.0,83.7
8197,freegame,0.0,143.9
8198,freegame,65.0,300.3
8199,freegame,0.0,377.7
8200,freegame,33.0,14.8
8201,freegame,0.0,62.8
8202,freegame,0.0,318.0
8203,freegame,12.9,365.9
8204,freegame,0.0,248.2
8205,freegame,0.0,309.0
8206,freegame,15.0,102.0
8207,freegame,0.0,266.5
8208,freegame,0.0,34.7
8209,freegame,0.0,179.8
8210,freegame,10.0,80.9
8211,freegame,0.0,8.6
8212,wincap,0.0,5000.0
8213,freegame,76.0,56.4
8214,freegame,10.0,260.9
8215,freegame,0.0,183.5
8216,freegame,0.0,146.6
8217,freegame,14.0,56.5
8218,freegame,0.0,115.6
8219,freegame,0.0,150.9
8220,freegame,0.0,267.4
8221,freegame,0.0,213.4
8222,freegame,0.0,12.4
8223,freegame,0.0,116.1
8224,freegame,0.0,284.5
8225,freegame,0.0,75.0
8226,freegame,0.0,298.8
8227,freegame,0.0,59.7
8228,freegame,11.8,62.5
8229,freegame,31.5,1170.2
8230,freegame,0.0,463.3
8231,freegame,4.4,51.1
8232,freegame,0.0,1333.6
8233,freegame,0.0,7.0
8234,freegame,0.0,267.9
8235,freegame,0.0,119.8
8236,freegame,0.6,217.3
8237,freegame,0.0,221.9
8238,freegame,0.0,430.4
8239,freegame,0.0,327.9
8240,freegame,0.0,582.0
8241,freegame,0.0,209.7
8242,freegame,0.0,56.4
8243,freegame,5.4,85.7
8244,freegame,0.0,296.1
8245,freegame,34.3,83.3
8246,freegame,5.7,214.5
8247,freegame,27.6,66.6
8248,freegame,6.8,45.2
8249,freegame,0.0,18.8
8250,freegame,0.0,1259.4
8251,freegame,22.8,91.5
8252,freegame,0.0,98.3
8253,freegame,10.4,6.2
8254,freegame,0.0,43.1
8255,freegame,0.0,115.3
8256,freegame,19.5,194.2
8257,freegame,0.0,52.7
8258,freegame,20.4,316.7
8259,freegame,3.0,34.6
8260,freegame,0.0,386.2
8261,freegame,0.0,417.4
8262,freegame,12.0,80.0
8263,freegame,45.0,927.4
8264,freegame,0.0,583.0
8265,freegame,19.4,85.4
8266,freegame,36.0,51.9
8267,freegame,0.0,11.2
8268,freegame,0.0,311.7
8269,freegame,0.0,227.9
8270,freegame,0.0,504.5
8271,freegame,0.0,83.4
8272,freegame,0.0,38.0
8273,freegame,0.0,103.4
8274,freegame,0.0,224.1
8275,freegame,0.0,57.8
8276,freegame,0.0,84.1
8277,freegame,0.0,8.3
8278,freegame,6.0,19.8
8279,freegame,1.6,34.8
8280,freegame,25.0,74.7
8281,freegame,0.0,112.1
8282,freegame,0.0,27.9
8283,freegame,0.0,457.0
8284,freegame,0.0,79.2
8285,freegame,0.0,83.4
8286,freegame,10.0,170.8
8287,freegame,0.0,70.6
8288,freegame,0.0,84.0
8289,freegame,32.0,68.5
8290,freegame,51.0,197.4
8291,freegame,0.0,281.4
8292,freegame,112.5,455.6
8293,freegame,0.0,145.8
8294,freegame,0.0,618.1
8295,freegame,0.0,267.3
8296,freegame,0.0,535.2
8297,freegame,34.0,60.8
8298,freegame,0.0,228.2
8299,freegame,0.0,311.8
8300,freegame,0.0,96.4
8301,wincap,0.0,5000.0
8302,freegame,31.8,186.5
8303,freegame,0.0,711.3
8304,freegame,16.0,78.2
8305,freegame,0.0,38.1
8306,freegame,0.0,0.4
8307,freegame,0.8,42.6
8308,freegame,2.4,684.1
8309,freegame,0.0,26.0
8310,freegame,0.0,124.2
8311,freegame,0.0,40.2
8312,freegame,0.0,24.1
8313,freegame,4.8,23.0
8314,freegame,0.0,402.1
8315,freegame,0.0,358.4
8316,freegame,56.0,54.4
8317,freegame,30.0,604.5
8318,freegame,5.0,414.5
8319,freegame,0.0,472.4
8320,freegame,5.0,144.0
8321,freegame,0.0,68.7
8322,freegame,0.0,71.1
8323,freegame,0.0,172.0
8324,freegame,6.2,570.4
8325,freegame,5.0,667.8
8326,freegame,0.0,147.6
8327,freegame,25.0,81.4
8328,freegame,0.0,79.5
8329,freegame,18.1,31.1
8330,freegame,0.0,252.5
8331,freegame,0.0,45.6
8332,freegame,0.0,576.0
8333,freegame,0.0,109.9
8334,freegame,0.0,169.1
8335,freegame,30.2,60.7
8336,freegame,0.0,9.7
8337,freegame,0.0,8.6
8338,freegame,0.0,74.6
8339,freegame,0.0,406.8
8340,freegame,28.0,30.2
8341,freegame,0.0,66.0
8342,freegame,4.8,142.2
8343,freegame,0.0,51.3
8344,freegame,0.0,22.4
8345,freegame,0.0,45.8
8346,freegame,0.0,32.4
8347,freegame,0.0,71.7
8348,freegame,0.0,15.8
8349,freegame,0.0,49.3
8350,freegame,0.0,122.1
8351,freegame,0.0,124.9
8352,freegame,1.8,129.3
8353,freegame,106.8,474.8
8354,freegame,0.0,17.8
8355,freegame,16.0,356.9
8356,freegame,2.6,61.7
8357,freegame,3.6,674.2
8358,freegame,39.1,144.9
8359,freegame,0.0,273.0
8360,freegame,2.4,446.8
8361,freegame,0.0,570.9
8362,freegame,0.0,151.0
8363,freegame,0.0,105.2
8364,freegame,0.0,176.4
8365,freegame,0.0,49.9
8366,freegame,0.0,75.4
8367,freegame,11.7,298.3
8368,freegame,36.0,173.4
8369,freegame,25.0,409.1
8370,freegame,0.0,105.8
8371,freegame,41.6,20.1
8372,freegame,0.0,82.0
8373,freegame,12.0,293.9
8374,freegame,0.0,197.3
8375,freegame,0.0,21.6
8376,freegame,0.0,68.3
8377,freegame,0.0,138.3
8378,freegame,0.0,687.9
8379,freegame,12.0,87.6
8380,freegame,0.0,407.7
8381,freegame,0.0,298.0
8382,freegame,15.0,489.5
8383,freegame,0.0,131.5
8384,freegame,0.0,65.6
8385,freegame,3.0,183.1
8386,freegame,8.0,314.8
8387,freegame,0.0,558.2
8388,freegame,14.0,337.0
8389,wincap,0.0,5000.0
8390,freegame,0.0,118.3
8391,freegame,0.0,21.3
8392,freegame,1.8,368.0
8393,freegame,0.0,286.9
8394,freegame,0.0,75.3
8395,freegame,0.0,260.1
8396,freegame,29.2,86.0
8397,freegame,0.0,66.9
8398,freegame,0.0,122.8
8399,freegame,14.6,119.0
8400,freegame,0.0,242.4
8401,freegame,0.0,49.9
8402,freegame,0.0,305.5
8403,freegame,0.0,177.1
8404,freegame,0.0,287.6
8405,freegame,74.0,90.5
8406,freegame,0.0,101.1
8407,freegame,40.0,1423.5
8408,freegame,0.0,134.9
8409,freegame,7.0,180.5
8410,freegame,0.0,129.4
8411,freegame,0.0,193.3
8412,freegame,0.0,10.7
8413,freegame,0.0,136.0
8414,freegame,14.0,110.9
8415,freegame,42.5,389.8
8416,freegame,0.0,32.3
8417,freegame,1.8,25.0
8418,freegame,0.0,133.3
8419,freegame,0.0,134.9
8420,freegame,2.4,249.3
8421,freegame,0.0,116.6
8422,freegame,0.0,10.2
8423,freegame,2.0,19.0
8424,freegame,0.0,152.9
8425,freegame,0.0,101.2
8426,freegame,0.0,44.3
8427,freegame,0.0,567.6
8428,freegame,4.8,144.0
8429,freegame,0.0,101.4
8430,freegame,0.0,27.6
8431,freegame,0.0,53.0
8432,freegame,15.0,54.8
8433,freegame,0.0,262.7
8434,freegame,0.0,172.5
8435,freegame,0.0,823.0
8436,freegame,0.0,155.8
8437,freegame,9.0,47.8
8438,freegame,21.2,205.6
8439,freegame,0.0,302.4
8440,freegame,0.0,135.4
8441,freegame,0.0,175.3
8442,freegame,0.0,294.6
8443,freegame,1.0,72.4
8444,freegame,59.1,136.0
8445,freegame,0.0,13.2
8446,freegame,0.0,13.4
8447,freegame,0.0,365.1
8448,freegame,9.0,81.4
8449,freegame,16.0,167.5
8450,freegame,0.0,1105.1
8451,freegame,122.0,397.4
8452,freegame,22.5,74.7
8453,freegame,0.0,91.0
8454,freegame,248.6,409.9
8455,freegame,0.0,400.4
8456,freegame,168.0,239.6
8457,freegame,0.0,113.4
8458,freegame,0.0,64.6
8459,freegame,41.6,206.1
8460,freegame,0.0,46.7
8461,freegame,0.0,174.5
8462,freegame,0.0,174.0
8463,freegame,0.0,113.2
8464,wincap,22.0,5000.0
8465,freegame,141.0,329.1
8466,freegame,0.0,137.8
8467,freegame,0.2,345.5
8468,freegame,0.0,460.3
8469,freegame,31.2,41.4
8470,freegame,0.0,433.1
8471,freegame,155.0,251.6
8472,freegame,0.0,185.6
8473,freegame,0.0,271.6
8474,freegame,0.0,61.0
8475,freegame,0.0,100.9
8476,freegame,0.0,420.3
8477,freegame,0.0,29.0
8478,freegame,0.0,96.9
8479,freegame,0.0,66.7
8480,freegame,0.0,62.4
8481,freegame,0.0,2655.0
8482,freegame,0.0,631.9
8483,freegame,0.0,18.7
8484,freegame,0.0,75.6
8485,freegame,0.0,38.2
8486,freegame,0.0,223.3
8487,freegame,0.0,62.0
8488,freegame,0.0,981.8
8489,freegame,11.4,29.7
8490,freegame,0.0,70.1
8491,freegame,0.0,167.2
8492,freegame,0.0,320.1
8493,freegame,0.0,65.2
8494,freegame,0.0,84.9
8495,freegame,33.5,44.8
8496,freegame,1.8,579.3
8497,freegame,0.0,167.7
8498,freegame,0.0,28.0
8499,freegame,0.0,214.3
8500,freegame,0.0,109.7
8501,freegame,9.0,401.7
8502,freegame,5.4,409.0
8503,freegame,0.0,89.6
8504,freegame,0.0,157.0
8505,freegame,0.0,218.1
8506,freegame,16.0,180.1
8507,freegame,0.0,176.9
8508,freegame,42.5,270.6
8509,freegame,7.2,966.2
8510,freegame,0.0,64.2
8511,freegame,0.0,101.4
8512,freegame,10.0,91.3
8513,freegame,0.0,171.6
8514,freegame,0.0,149.1
8515,freegame,8.0,100.3
8516,freegame,14.4,86.4
8517,freegame,0.0,34.0
8518,freegame,3.2,227.1
8519,freegame,0.0,151.6
8520,freegame,0.0,100.8
8521,freegame,0.6,17.3
8522,freegame,0.0,64.7
8523,freegame,0.4,11.5
8524,freegame,0.0,237.9
8525,freegame,0.0,36.8
8526,freegame,8.4,454.3
8527,freegame,0.0,31.0
8528,freegame,0.0,38.2
8529,freegame,0.0,162.6
8530,freegame,0.0,121.0
8531,freegame,0.0,22.1
8532,freegame,0.0,136.5
8533,freegame,0.0,54.2
8534,freegame,0.0,141.9
8535,freegame,0.0,133.4
8536,freegame,0.0,105.0
8537,freegame,0.0,422.3
8538,freegame,0.0,29.9
8539,freegame,0.0,449.7
8540,freegame,106.0,325.1
8541,freegame,0.0,268.1
8542,freegame,0.0,66.0
8543,freegame,0.0,108.2
8544,freegame,0.0,131.7
8545,freegame,0.0,167.6
8546,freegame,0.0,85.5
8547,freegame,0.0,290.3
8548,freegame,0.0,108.8
8549,freegame,0.0,98.2
8550,freegame,0.0,61.2
8551,freegame,0.0,45.0
8552,freegame,0.0,150.3
8553,freegame,0.0,66.1
8554,freegame,0.0,313.0
8555,freegame,5.0,53.7
8556,freegame,0.0,31.2
8557,freegame,5.2,644.0
8558,freegame,0.0,492.6
8559,freegame,0.0,221.1
8560,freegame,7.6,62.7
8561,freegame,0.0,34.3
8562,freegame,0.0,988.6
8563,freegame,0.0,20.9
8564,freegame,0.0,203.8
8565,freegame,0.0,51.5
8566,freegame,0.0,188.5
8567,freegame,0.0,91.8
8568,freegame,4.2,48.2
8569,freegame,40.0,24.9
8570,freegame,0.0,7.3
8571,freegame,3.6,243.5
8572,freegame,0.0,64.8
8573,freegame,0.0,191.6
8574,freegame,0.0,152.8
8575,freegame,0.0,471.4
8576,freegame,0.0,209.0
8577,freegame,0.0,109.9
8578,freegame,3.6,2285.6
8579,freegame,0.0,89.5
8580,freegame,0.0,386.0
8581,freegame,29.9,226.9
8582,freegame,0.0,274.1
8583,freegame,0.0,138.6
8584,freegame,0.0,51.2
8585,freegame,0.0,195.9
8586,freegame,0.0,139.6
8587,freegame,2.0,109.8
8588,freegame,0.0,11.0
8589,freegame,0.0,188.9
8590,freegame,12.0,61.0
8591,wincap,0.0,5000.0
8592,freegame,11.6,72.2
8593,freegame,0.0,1316.0
8594,freegame,0.0,239.8
8595,freegame,0.0,133.9
8596,freegame,0.0,14.5
8597,freegame,0.0,58.7
8598,freegame,0.0,36.3
8599,freegame,0.0,97.3
8600,freegame,0.0,47.1
8601,freegame,0.0,380.3
8602,freegame,0.0,89.7
8603,freegame,0.0,22.4
8604,freegame,0.0,85.6
8605,freegame,0.0,23.0
8606,freegame,8.0,373.9
8607,freegame,0.0,314.5
8608,freegame,0.0,648.9
8609,freegame,0.0,7.4
8610,freegame,1.6,602.9
8611,freegame,52.0,254.3
8612,freegame,0.0,244.5
8613,freegame,0.0,178.5
8614,freegame,0.0,448.7
8615,freegame,0.0,7.1
8616,freegame,0.0,368.4
8617,freegame,0.0,243.9
8618,freegame,0.0,109.7
8619,wincap,0.0,5000.0
8620,freegame,0.0,230.4
8621,freegame,28.8,39.6
8622,freegame,0.0,17.3
8623,freegame,1.6,180.2
8624,freegame,0.0,351.6
8625,freegame,0.0,64.6
8626,freegame,5.2,282.8
8627,freegame,0.0,103.9
8628,freegame,0.0,173.3
8629,freegame,0.0,35.1
8630,freegame,3.6,62.1
8631,freegame,0.0,301.5
8632,freegame,0.0,287.9
8633,freegame,6.0,89.3
8634,freegame,0.0,423.3
8635,freegame,0.0,45.4
8636,freegame,0.0,36.9
8637,freegame,73.0,384.2
8638,freegame,0.0,358.9
8639,freegame,0.0,301.8
8640,freegame,0.0,20.9
8641,freegame,0.4,110.7
8642,freegame,0.0,117.5
8643,freegame,10.0,81.6
8644,freegame,0.0,375.3
8645,freegame,0.0,73.3
8646,freegame,0.0,445.0
8647,freegame,0.0,68.9
8648,freegame,14.3,232.1
8649,freegame,31.6,106.3
8650,freegame,0.0,194.4
8651,freegame,0.0,371.2
8652,freegame,5.6,95.6
8653,freegame,0.0,150.7
8654,freegame,60.0,82.6
8655,freegame,0.0,212.5
8656,freegame,0.0,113.8
8657,freegame,33.2,30.8
8658,freegame,3.9,274.0
8659,freegame,16.0,32.8
8660,freegame,0.0,53.4
8661,freegame,0.0,628.2
8662,freegame,0.0,32.5
8663,freegame,0.0,76.8
8664,freegame,0.0,268.7
8665,freegame,0.0,134.2
8666,freegame,0.0,330.9
8667,freegame,0.0,234.2
8668,freegame,20.8,139.5
8669,freegame,3.0,10.7
8670,freegame,0.0,336.6
8671,wincap,0.0,5000.0
8672,freegame,0.0,15.3
8673,freegame,0.0,232.4
8674,freegame,0.0,217.3
8675,freegame,39.0,79.6
8676,freegame,0.0,458.3
8677,freegame,0.0,53.6
8678,freegame,0.0,11.1
8679,freegame,0.0,139.9
8680,freegame,0.0,131.1
8681,freegame,2.0,63.5
8682,freegame,2.0,201.6
8683,freegame,0.0,162.6
8684,freegame,0.0,292.2
8685,freegame,5.4,70.7
8686,freegame,0.0,140.5
8687,freegame,0.0,35.5
8688,freegame,0.0,142.1
8689,freegame,0.0,164.7
8690,freegame,0.0,34.4
8691,freegame,48.2,95.9
8692,freegame,0.0,79.1
8693,freegame,0.0,17.5
8694,freegame,0.0,393.0
8695,freegame,0.0,27.4
8696,freegame,0.0,30.6
8697,freegame,0.0,224.5
8698,freegame,0.0,44.0
8699,freegame,0.0,103.0
8700,freegame,10.0,545.6
8701,freegame,0.0,62.6
8702,freegame,0.0,178.8
8703,freegame,0.0,24.9
8704,freegame,10.0,28.3
8705,freegame,0.0,187.3
8706,freegame,0.4,136.6
8707,freegame,5.0,41.7
8708,freegame,0.0,625.0
8709,freegame,0.0,48.1
8710,freegame,0.0,45.7
8711,freegame,21.0,110.4
8712,freegame,0.0,400.0
8713,freegame,0.0,324.2
8714,freegame,11.6,1090.9
8715,freegame,0.0,2804.1
8716,freegame,0.0,253.2
8717,freegame,0.0,25.3
8718,freegame,0.0,42.6
8719,freegame,0.0,329.7
8720,freegame,30.0,640.8
8721,freegame,6.4,148.6
8722,freegame,0.0,118.1
8723,freegame,3.6,57.4
8724,freegame,0.0,361.2
8725,freegame,40.3,157.1
8726,freegame,0.0,110.1
8727,freegame,2.4,279.6
8728,freegame,7.8,135.1
8729,freegame,5.6,131.2
8730,freegame,0.0,887.3
8731,wincap,127.7,5000.0
8732,freegame,0.0,524.9
8733,freegame,0.0,48.6
8734,freegame,0.0,164.6
8735,freegame,0.0,278.7
8736,freegame,0.0,499.5
8737,freegame,0.0,156.9
8738,freegame,0.0,281.3
8739,freegame,0.0,953.8
8740,freegame,94.5,279.5
8741,freegame,0.0,298.6
8742,freegame,0.0,153.8
8743,freegame,0.0,75.4
8744,freegame,18.0,532.2
8745,freegame,6.4,414.5
8746,freegame,0.0,121.7
8747,freegame,0.0,241.8
8748,wincap,0.0,5000.0
8749,freegame,0.0,71.3
8750,freegame,0.0,20.2
8751,freegame,0.0,191.7
8752,freegame,0.0,455.6
8753,freegame,0.0,178.0
8754,freegame,0.0,62.6
8755,freegame,0.0,85.8
8756,freegame,0.0,112.2
8757,freegame,4.8,101.7
8758,freegame,0.0,166.4
8759,freegame,0.0,40.9
8760,freegame,0.0,35.1
8761,freegame,0.0,165.8
8762,freegame,28.6,283.0
8763,freegame,34.5,112.3
8764,freegame,0.0,8.7
8765,freegame,0.4,36.1
8766,freegame,5.0,69.7
8767,freegame,0.0,561.9
8768,freegame,0.0,30.2
8769,freegame,0.4,228.4
8770,freegame,0.0,175.0
8771,freegame,0.0,27.4
8772,freegame,0.0,60.4
8773,freegame,0.0,84.9
8774,freegame,0.0,200.2
8775,freegame,0.0,259.9
8776,freegame,0.0,131.0
8777,freegame,0.0,9.0
8778,freegame,0.8,61.2
8779,freegame,0.0,5.9
8780,freegame,7.0,28.3
8781,freegame,0.0,506.9
8782,freegame,46.0,84.9
8783,freegame,0.0,296.7
8784,freegame,5.0,20.4
8785,freegame,11.9,105.0
8786,freegame,0.0,62.4
8787,freegame,0.0,157.8
8788,freegame,9.0,194.8
8789,freegame,0.0,127.7
8790,freegame,0.0,710.5
8791,freegame,0.0,32.4
8792,freegame,0.0,93.4
8793,freegame,0.0,165.4
8794,freegame,0.0,154.8
8795,freegame,0.0,3.6
8796,freegame,0.0,177.8
8797,freegame,6.4,577.6
8798,freegame,0.0,100.9
8799,freegame,0.0,242.1
8800,freegame,0.0,80.2
8801,freegame,6.9,51.5
8802,freegame,0.0,232.4
8803,freegame,0.0,359.3
8804,freegame,0.0,167.3
8805,freegame,0.0,17.2
8806,freegame,0.0,67.6
8807,freegame,57.5,237.5
8808,freegame,0.0,158.3
8809,freegame,0.0,58.2
8810,freegame,0.0,74.6
8811,freegame,0.0,154.1
8812,freegame,0.0,277.6
8813,freegame,0.0,231.2
8814,freegame,0.0,308.8
8815,freegame,0.0,64.5
8816,freegame,0.0,709.5
8817,freegame,22.0,152.7
8818,wincap,0.0,5000.0
8819,freegame,59.2,270.4
8820,freegame,0.0,77.3
8821,freegame,0.0,287.3
8822,freegame,0.0,247.7
8823,freegame,0.0,95.6
8824,freegame,0.0,112.8
8825,freegame,0.0,232.1
8826,freegame,0.0,55.0
8827,freegame,0.0,61.4
8828,freegame,0.0,495.4
8829,freegame,18.0,261.6
8830,freegame,0.0,56.8
8831,freegame,0.0,170.2
8832,freegame,0.0,167.3
8833,freegame,0.0,239.0
8834,freegame,0.0,198.1
8835,freegame,0.0,46.4
8836,freegame,0.0,80.7
8837,freegame,0.0,118.4
8838,freegame,0.0,468.9
8839,freegame,20.0,282.2
8840,freegame,18.0,158.7
8841,freegame,0.6,356.0
8842,freegame,0.0,567.5
8843,freegame,0.0,243.1
8844,freegame,0.0,22.7
8845,freegame,3.0,177.7
8846,freegame,0.0,82.5
8847,freegame,0.0,364.5
8848,freegame,27.6,970.1
8849,freegame,0.0,100.4
8850,freegame,0.0,89.9
8851,freegame,0.0,127.6
8852,freegame,0.0,570.8
8853,freegame,0.0,77.4
8854,freegame,0.0,224.8
8855,freegame,32.6,203.6
8856,freegame,22.1,343.5
8857,freegame,0.0,40.7
8858,freegame,10.4,40.4
8859,freegame,0.0,288.2
8860,freegame,0.0,121.4
8861,freegame,0.0,69.6
8862,freegame,0.0,181.0
8863,freegame,0.0,404.8
8864,freegame,0.0,349.6
8865,freegame,36.0,108.8
8866,freegame,0.0,11.0
8867,freegame,0.0,126.5
8868,freegame,0.0,202.7
8869,freegame,0.0,250.1
8870,freegame,0.0,54.9
8871,freegame,42.5,1158.4
8872,freegame,16.2,182.2
8873,freegame,0.0,189.9
8874,freegame,1.8,166.2
8875,freegame,120.0,43.5
8876,freegame,2.0,209.3
8877,freegame,0.0,231.5
8878,freegame,26.4,107.9
8879,freegame,0.0,164.0
8880,freegame,44.8,61.3
8881,freegame,0.0,436.9
8882,freegame,0.0,392.1
8883,freegame,0.0,242.8
8884,freegame,0.0,231.9
8885,freegame,10.4,133.8
8886,freegame,11.0,29.0
8887,freegame,0.0,121.9
8888,freegame,19.5,14.9
8889,freegame,105.8,11.8
8890,freegame,0.0,203.8
8891,freegame,0.0,26.4
8892,freegame,0.0,128.1
8893,freegame,0.0,1122.8
8894,freegame,0.0,466.7
8895,freegame,0.0,345.7
8896,freegame,0.0,37.6
8897,freegame,10.0,385.6
8898,freegame,0.0,138.4
8899,freegame,0.0,104.2
8900,freegame,6.0,144.4
8901,freegame,0.0,35.4
8902,freegame,0.4,46.8
8903,freegame,0.0,230.7
8904,freegame,0.0,64.6
8905,freegame,5.2,17.7
8906,freegame,0.0,86.6
8907,freegame,0.0,63.2
8908,freegame,0.0,226.8
8909,freegame,0.0,87.4
8910,freegame,0.0,951.6
8911,freegame,0.0,93.4
8912,freegame,0.0,546.2
8913,freegame,0.0,120.5
8914,freegame,0.0,879.7
8915,freegame,0.0,290.1
8916,freegame,37.5,7.8
8917,freegame,100.0,413.1
8918,freegame,44.0,158.2
8919,freegame,28.6,150.3
8920,freegame,2.8,254.5
8921,freegame,11.0,68.1
8922,freegame,2.8,115.3
8923,freegame,0.0,404.0
8924,freegame,15.6,192.4
8925,freegame,0.0,63.8
8926,freegame,0.0,259.6
8927,freegame,6.0,68.0
8928,freegame,0.0,116.2
8929,freegame,0.0,129.3
8930,freegame,9.0,70.4
8931,freegame,38.0,188.0
8932,freegame,79.0,311.7
8933,freegame,0.0,89.9
8934,freegame,0.0,477.6
8935,freegame,285.5,235.7
8936,freegame,0.0,360.1
8937,freegame,0.0,48.3
8938,freegame,2.4,255.7
8939,freegame,0.0,72.8
8940,freegame,0.0,60.0
8941,freegame,0.0,36.2
8942,freegame,0.0,94.4
8943,freegame,0.0,155.2
8944,freegame,11.0,462.8
8945,freegame,35.0,122.4
8946,freegame,39.0,290.2
8947,freegame,0.0,33.9
8948,freegame,17.0,180.5
8949,wincap,0.0,5000.0
8950,freegame,0.0,185.7
8951,freegame,0.0,41.0
8952,freegame,0.0,116.6
8953,freegame,0.0,132.6
8954,freegame,56.0,54.7
8955,freegame,0.0,358.3
8956,freegame,0.0,12.3
8957,freegame,0.0,80.0
8958,freegame,10.0,387.4
8959,freegame,0.0,143.8
8960,freegame,6.0,30.3
8961,freegame,0.0,8.1
8962,freegame,0.0,469.8
8963,freegame,0.0,162.7
8964,freegame,0.0,157.1
8965,freegame,3.2,104.7
8966,freegame,0.0,98.3
8967,freegame,0.0,600.8
8968,freegame,0.0,66.1
8969,freegame,0.0,155.1
8970,freegame,30.0,540.6
8971,freegame,0.0,25.4
8972,freegame,3.0,100.8
8973,freegame,0.0,1124.4
8974,freegame,0.0,61.5
8975,freegame,0.0,147.5
8976,freegame,0.0,35.1
8977,wincap,0.0,5000.0
8978,freegame,0.0,281.6
8979,freegame,67.5,38.3
8980,freegame,0.0,212.7
8981,freegame,0.0,148.9
8982,freegame,0.0,85.1
8983,freegame,32.0,565.0
8984,freegame,0.0,312.0
8985,freegame,19.2,174.7
8986,freegame,0.0,93.3
8987,freegame,0.0,90.3
8988,freegame,0.0,47.7
8989,freegame,0.0,423.5
8990,freegame,0.0,144.0
8991,freegame,0.0,191.3
8992,freegame,0.0,303.6
8993,freegame,0.0,37.1
8994,freegame,0.0,107.3
8995,freegame,0.0,405.0
8996,freegame,0.0,7.7
8997,freegame,0.0,8.4
8998,freegame,0.0,254.3
8999,freegame,0.0,38.0
9000,freegame,2.6,97.2
9001,freegame,0.0,115.6
9002,freegame,70.0,2031.9
9003,freegame,0.0,39.1
9004,freegame,0.0,42.5
9005,freegame,1.6,136.7
9006,freegame,24.5,641.0
9007,freegame,0.0,601.2
9008,freegame,12.0,190.1
9009,freegame,0.0,38.4
9010,freegame,0.0,3.2
9011,freegame,0.0,106.4
9012,freegame,0.0,480.1
9013,freegame,0.0,180.4
9014,freegame,27.3,400.5
9015,freegame,0.0,68.5
9016,freegame,0.0,444.5
9017,freegame,0.0,42.5
9018,freegame,60.0,737.2
9019,freegame,0.0,226.2
9020,freegame,56.8,96.0
9021,freegame,10.0,57.1
9022,freegame,0.0,1580.1
9023,freegame,0.0,90.8
9024,freegame,14.3,45.5
9025,freegame,0.0,20.2
9026,freegame,0.0,508.4
9027,freegame,0.0,188.3
9028,freegame,0.0,92.0
9029,freegame,0.0,58.8
9030,freegame,0.0,1030.9
9031,freegame,0.0,718.6
9032,freegame,0.0,506.9
9033,freegame,14.0,313.0
9034,freegame,26.0,215.2
9035,freegame,1.0,280.2
9036,freegame,0.0,381.6
9037,freegame,0.0,144.5
9038,freegame,2.8,505.0
9039,freegame,0.0,23.2
9040,freegame,0.0,270.3
9041,freegame,0.0,27.8
9042,freegame,4.0,27.8
9043,freegame,0.0,157.2
9044,freegame,2.8,275.8
9045,freegame,0.0,331.3
9046,freegame,0.0,22.6
9047,freegame,0.0,54.6
9048,freegame,7.2,335.6
9049,freegame,30.0,56.4
9050,wincap,24.0,5000.0
9051,freegame,0.0,531.0
9052,freegame,0.0,130.8
9053,freegame,0.0,623.1
9054,freegame,0.0,226.2
9055,freegame,0.0,118.9
9056,freegame,0.0,114.1
9057,freegame,0.0,20.6
9058,freegame,48.4,113.7
9059,freegame,0.0,343.0
9060,freegame,20.8,160.0
9061,freegame,0.0,95.1
9062,freegame,0.0,47.1
9063,freegame,0.0,252.2
9064,freegame,0.0,98.5
9065,freegame,0.0,513.5
9066,freegame,11.7,364.5
9067,freegame,0.0,27.2
9068,freegame,0.0,55.1
9069,freegame,0.0,79.7
9070,freegame,0.0,372.0
9071,freegame,0.0,416.8
9072,freegame,61.1,91.2
9073,freegame,0.0,836.2
9074,freegame,0.0,12.3
9075,freegame,0.0,12.0
9076,freegame,1.0,539.6
9077,freegame,0.0,384.8
9078,freegame,0.0,87.1
9079,freegame,0.0,70.4
9080,freegame,9.1,31.8
9081,freegame,24.0,208.6
9082,freegame,1.8,459.3
9083,freegame,12.8,127.7
9084,freegame,0.0,91.4
9085,freegame,37.9,149.4
9086,freegame,0.0,254.4
9087,freegame,0.0,383.9
9088,freegame,0.0,81.5
9089,freegame,4.0,174.0
9090,freegame,0.0,384.9
9091,freegame,36.0,125.7
9092,freegame,0.0,335.2
9093,freegame,0.0,398.8
9094,freegame,2.4,101.9
9095,freegame,0.0,14.4
9096,freegame,0.0,528.1
9097,freegame,0.0,261.3
9098,freegame,16.2,578.7
9099,freegame,0.0,172.8
9100,freegame,0.0,46.5
9101,freegame,0.0,109.7
9102,freegame,2.4,236.9
9103,freegame,20.0,277.6
9104,freegame,0.0,268.1
9105,freegame,0.0,80.7
9106,freegame,60.8,128.1
9107,freegame,34.3,100.3
9108,freegame,0.0,106.5
9109,freegame,0.0,49.0
9110,freegame,0.0,364.6
9111,freegame,0.0,284.9
9112,freegame,0.0,118.2
9113,freegame,0.0,55.0
9114,freegame,0.0,130.3
9115,freegame,0.0,36.1
9116,freegame,0.0,2158.9
9117,freegame,12.8,33.5
9118,freegame,3.6,116.4
9119,freegame,0.0,84.0
9120,freegame,0.0,146.4
9121,freegame,0.0,29.0
9122,freegame,6.0,417.8
9123,freegame,0.0,35.9
9124,freegame,0.0,136.1
9125,freegame,20.0,137.1
9126,freegame,0.0,176.0
9127,freegame,0.0,633.6
9128,freegame,0.0,40.8
9129,freegame,0.0,342.3
9130,freegame,0.0,132.2
9131,freegame,0.0,161.2
9132,freegame,0.0,133.1
9133,freegame,0.0,140.0
9134,freegame,0.0,92.2
9135,freegame,0.0,61.9
9136,freegame,9.0,1043.6
9137,freegame,0.0,134.1
9138,freegame,41.6,596.2
9139,freegame,0.0,223.8
9140,freegame,0.0,80.2
9141,freegame,5.0,356.0
9142,freegame,0.0,471.2
9143,freegame,195.0,99.3
9144,freegame,14.8,101.3
9145,freegame,0.0,228.3
9146,freegame,0.0,67.6
9147,freegame,0.0,145.9
9148,freegame,0.0,376.0
9149,freegame,0.0,197.8
9150,freegame,0.0,53.0
9151,freegame,0.0,503.9
9152,freegame,0.0,173.7
9153,freegame,5.6,102.1
9154,freegame,0.0,47.0
9155,freegame,0.0,275.1
9156,freegame,0.0,312.9
9157,freegame,27.0,497.1
9158,freegame,0.0,106.3
9159,freegame,0.0,68.8
9160,freegame,0.0,120.7
9161,freegame,0.0,96.0
9162,freegame,0.0,328.0
9163,freegame,18.4,87.1
9164,freegame,0.0,153.0
9165,freegame,0.0,140.1
9166,freegame,2.8,39.2
9167,freegame,0.0,22.1
9168,freegame,0.0,268.7
9169,freegame,0.0,1234.2
9170,freegame,0.0,23.7
9171,freegame,0.0,241.5
9172,freegame,0.0,14.6
9173,freegame,0.0,453.6
9174,freegame,52.5,30.3
9175,freegame,0.0,111.0
9176,freegame,0.0,139.5
9177,freegame,0.0,84.1
9178,freegame,0.0,72.1
9179,freegame,0.0,444.2
9180,freegame,140.0,74.9
9181,freegame,0.0,55.3
9182,freegame,0.0,80.6
9183,freegame,0.0,284.0
9184,freegame,0.0,228.9
9185,freegame,0.0,1836.3
9186,freegame,0.0,123.6
9187,freegame,0.0,52.3
9188,freegame,0.0,114.3
9189,freegame,0.0,517.9
9190,freegame,0.0,221.0
9191,freegame,0.0,425.8
9192,freegame,0.0,150.8
9193,freegame,50.0,175.4
9194,freegame,1.2,257.4
9195,freegame,0.0,64.3
9196,freegame,0.0,128.8
9197,freegame,1.8,61.8
9198,freegame,0.0,92.6
9199,freegame,0.0,107.4
9200,freegame,0.0,81.6
9201,freegame,0.0,195.2
9202,freegame,0.0,181.8
9203,freegame,0.0,302.6
9204,freegame,13.0,160.7
9205,freegame,79.2,44.0
9206,freegame,16.8,82.3
9207,freegame,1.8,381.7
9208,freegame,0.0,182.6
9209,freegame,0.0,205.5
9210,freegame,0.0,19.8
9211,freegame,0.0,6.9
9212,freegame,0.0,121.4
9213,freegame,1.6,5.2
9214,freegame,0.0,256.7
9215,freegame,0.0,1264.6
9216,freegame,0.0,401.3
9217,freegame,0.0,590.0
9218,freegame,0.0,100.1
9219,freegame,0.0,43.1
9220,freegame,0.0,53.6
9221,freegame,35.0,19.9
9222,freegame,0.0,504.1
9223,freegame,8.8,29.6
9224,freegame,74.0,14.2
9225,freegame,0.0,271.1
9226,freegame,0.0,890.4
9227,freegame,45.6,351.6
9228,freegame,11.0,152.7
9229,freegame,0.0,85.6
9230,freegame,0.0,48.7
9231,freegame,0.0,446.7
9232,freegame,0.0,21.1
9233,freegame,21.8,407.9
9234,freegame,0.0,128.4
9235,freegame,0.0,15.6
9236,freegame,0.0,108.2
9237,freegame,1.0,272.1
9238,freegame,0.0,51.2
9239,freegame,0.0,55.2
9240,freegame,0.0,104.9
9241,freegame,0.0,141.7
9242,freegame,0.0,8.9
9243,freegame,0.0,167.5
9244,freegame,0.0,113.7
9245,freegame,71.2,77.7
9246,freegame,0.0,76.6
9247,freegame,0.0,28.3
9248,freegame,0.0,102.2
9249,freegame,0.0,104.8
9250,freegame,0.0,153.8
9251,freegame,0.0,563.3
9252,freegame,0.0,25.0
9253,freegame,14.4,86.0
9254,freegame,0.0,595.1
9255,freegame,0.0,69.3
9256,freegame,0.0,30.7
9257,freegame,0.0,41.1
9258,freegame,0.0,110.7
9259,freegame,0.0,317.6
9260,freegame,0.0,113.7
9261,freegame,0.0,232.4
9262,freegame,0.0,146.6
9263,freegame,0.0,15.2
9264,freegame,0.0,71.5
9265,freegame,0.0,92.9
9266,freegame,22.5,27.9
9267,freegame,0.0,305.7
9268,wincap,0.0,5000.0
9269,freegame,0.0,552.2
9270,freegame,0.0,427.3
9271,freegame,3.6,153.4
9272,freegame,0.0,205.3
9273,freegame,0.0,345.5
9274,freegame,0.0,19.2
9275,freegame,8.6,291.4
9276,freegame,0.0,1240.6
9277,freegame,13.8,413.1
9278,freegame,0.0,99.6
9279,freegame,0.0,524.1
9280,freegame,0.0,4.1
9281,freegame,0.0,181.4
9282,freegame,2.4,17.4
9283,freegame,8.0,209.8
9284,freegame,0.0,443.1
9285,freegame,22.5,28.0
9286,freegame,13.2,155.1
9287,freegame,0.0,300.5
9288,freegame,0.0,378.5
9289,freegame,0.0,253.4
9290,freegame,0.0,145.4
9291,freegame,0.0,115.5
9292,freegame,11.7,25.4
9293,freegame,0.0,87.0
9294,freegame,22.0,418.2
9295,freegame,0.0,110.5
9296,freegame,0.0,160.9
9297,freegame,0.0,246.7
9298,freegame,5.6,133.9
9299,freegame,36.1,11.1
9300,freegame,0.0,67.0
9301,freegame,12.0,276.2
9302,freegame,106.1,25.6
9303,freegame,0.0,327.7
9304,freegame,0.0,51.9
9305,freegame,0.0,101.2
9306,freegame,0.0,179.2
9307,freegame,89.8,34.9
9308,freegame,0.0,73.5
9309,freegame,0.0,368.3
9310,freegame,78.0,103.1
9311,freegame,0.0,237.2
9312,freegame,3.0,432.0
9313,freegame,0.0,172.3
9314,freegame,0.0,1093.9
9315,freegame,0.0,6.8
9316,freegame,49.6,169.0
9317,freegame,0.0,57.8
9318,freegame,0.0,140.9
9319,freegame,0.0,257.8
9320,freegame,0.0,98.6
9321,freegame,0.0,38.6
9322,freegame,0.0,59.0
9323,freegame,0.0,399.0
9324,freegame,10.2,256.6
9325,freegame,0.0,475.4
9326,freegame,0.0,402.4
9327,freegame,0.0,19.1
9328,freegame,0.0,61.1
9329,freegame,0.0,258.6
9330,freegame,0.0,91.7
9331,freegame,0.0,229.1
9332,freegame,0.0,166.8
9333,freegame,0.0,328.0
9334,freegame,0.0,11.8
9335,freegame,9.0,420.8
9336,freegame,45.0,33.3
9337,freegame,0.0,272.3
9338,freegame,35.0,129.7
9339,freegame,0.0,55.6
9340,freegame,0.0,29.2
9341,freegame,20.0,494.3
9342,freegame,0.0,80.1
9343,freegame,48.0,27.4
9344,freegame,1.6,374.1
9345,freegame,0.0,8.4
9346,freegame,0.0,258.1
9347,freegame,0.0,99.6
9348,freegame,0.0,69.4
9349,freegame,0.0,88.0
9350,freegame,3.2,64.4
9351,freegame,22.4,1019.8
9352,freegame,0.0,176.8
9353,freegame,0.0,9.9
9354,freegame,2.5,176.7
9355,freegame,126.1,159.6
9356,freegame,12.0,92.1
9357,freegame,7.8,181.9
9358,freegame,27.0,40.1
9359,freegame,0.0,264.7
9360,freegame,36.5,135.2
9361,freegame,0.0,46.1
9362,freegame,0.0,217.2
9363,freegame,0.0,63.4
9364,freegame,30.0,38.9
9365,freegame,0.0,86.2
9366,freegame,0.0,43.7
9367,freegame,0.0,19.8
9368,freegame,16.0,7.3
9369,freegame,0.4,108.3
9370,freegame,0.0,353.1
9371,freegame,0.0,18.1
9372,freegame,0.0,60.2
9373,freegame,0.0,101.6
9374,freegame,14.0,188.8
9375,freegame,0.0,399.8
9376,freegame,24.8,71.2
9377,freegame,0.0,744.2
9378,freegame,0.0,103.4
9379,freegame,0.0,77.7
9380,freegame,26.0,61.1
9381,freegame,21.6,81.1
9382,freegame,46.4,236.4
9383,freegame,14.3,457.3
9384,freegame,0.0,16.3
9385,freegame,0.0,109.4
9386,freegame,0.0,138.9
9387,freegame,7.2,19.4
9388,freegame,1.6,163.4
9389,freegame,0.0,403.9
9390,wincap,2.0,5000.0
9391,freegame,36.8,162.2
9392,freegame,0.0,66.1
9393,freegame,0.0,84.3
9394,freegame,0.0,1228.3
9395,freegame,0.0,125.6
9396,freegame,0.0,175.3
9397,freegame,0.0,494.6
9398,freegame,50.2,64.6
9399,freegame,2.8,1123.2
9400,freegame,12.0,733.9
9401,freegame,0.0,826.0
9402,freegame,2.0,204.8
9403,freegame,0.0,112.0
9404,freegame,0.0,191.8
9405,freegame,0.0,53.6
9406,freegame,0.0,38.8
9407,freegame,5.2,233.6
9408,freegame,25.6,142.9
9409,freegame,0.0,164.4
9410,freegame,18.2,110.1
9411,freegame,0.0,472.7
9412,freegame,0.0,694.0
9413,freegame,0.0,65.6
9414,freegame,11.7,59.1
9415,freegame,0.0,57.7
9416,freegame,0.0,6.4
9417,freegame,0.0,507.2
9418,freegame,0.0,266.7
9419,freegame,43.5,290.4
9420,freegame,0.0,185.9
9421,freegame,0.0,18.6
9422,freegame,0.0,67.6
9423,freegame,0.0,143.9
9424,freegame,0.0,841.9
9425,freegame,0.0,164.4
9426,freegame,0.0,274.5
9427,freegame,0.0,156.1
9428,freegame,0.0,681.5
9429,freegame,0.0,27.1
9430,freegame,0.0,78.2
9431,freegame,0.0,32.1
9432,freegame,0.0,72.7
9433,freegame,3.0,46.0
9434,freegame,0.0,136.5
9435,freegame,0.0,101.0
9436,freegame,0.0,1199.0
9437,freegame,74.0,225.0
9438,freegame,0.0,264.1
9439,freegame,0.0,71.3
9440,freegame,0.0,174.7
9441,freegame,37.2,1198.2
9442,freegame,0.0,176.6
9443,freegame,20.0,15.4
9444,freegame,20.0,353.3
9445,freegame,41.6,726.5
9446,freegame,0.0,324.6
9447,wincap,16.8,5000.0
9448,freegame,0.0,141.1
9449,freegame,0.0,27.6
9450,freegame,3.0,367.9
9451,freegame,0.0,97.2
9452,freegame,0.0,190.8
9453,freegame,11.2,249.6
9454,freegame,0.0,45.6
9455,freegame,16.5,90.2
9456,freegame,0.0,21.0
9457,freegame,0.0,231.1
9458,freegame,0.0,78.0
9459,freegame,0.0,55.1
9460,freegame,0.0,144.5
9461,freegame,0.0,53.5
9462,freegame,0.0,83.7
9463,freegame,0.0,77.8
9464,freegame,6.0,42.3
9465,freegame,0.0,1340.6
9466,freegame,0.0,399.2
9467,freegame,256.2,92.8
9468,freegame,0.0,132.8
9469,freegame,0.0,152.7
9470,freegame,56.5,136.4
9471,freegame,0.0,48.5
9472,freegame,5.0,313.0
9473,freegame,3.6,166.8
9474,freegame,0.0,260.5
9475,freegame,0.0,68.3
9476,freegame,0.0,376.3
9477,freegame,0.0,108.0
9478,freegame,0.0,198.3
9479,freegame,0.0,116.8
9480,freegame,0.0,216.3
9481,freegame,0.0,67.5
9482,freegame,0.0,30.9
9483,freegame,5.2,130.1
9484,freegame,0.0,411.9
9485,freegame,0.0,169.4
9486,freegame,0.0,861.6
9487,freegame,0.0,139.8
9488,freegame,0.0,663.1
9489,freegame,0.0,17.1
9490,freegame,0.0,37.0
9491,freegame,0.0,70.6
9492,freegame,3.2,20.9
9493,freegame,4.0,234.8
9494,freegame,0.0,131.5
9495,freegame,0.0,183.8
9496,freegame,0.0,356.9
9497,freegame,4.0,79.7
9498,freegame,7.8,172.4
9499,freegame,0.0,43.3
9500,freegame,40.4,505.2
9501,freegame,65.0,79.4
9502,freegame,4.0,218.3
9503,freegame,0.0,74.2
9504,freegame,0.0,73.9
9505,wincap,0.0,5000.0
9506,freegame,0.0,44.1
9507,freegame,0.0,141.2
9508,freegame,0.0,378.2
9509,freegame,4.0,43.0
9510,freegame,0.0,87.0
9511,freegame,0.0,170.5
9512,freegame,4.8,317.8
9513,freegame,0.0,1242.5
9514,freegame,0.0,171.1
9515,freegame,22.0,37.7
9516,freegame,0.0,107.4
9517,freegame,0.0,108.7
9518,freegame,0.0,312.5
9519,freegame,0.0,227.0
9520,freegame,0.0,85.6
9521,freegame,0.0,80.0
9522,freegame,0.0,62.9
9523,freegame,0.8,257.4
9524,freegame,0.0,364.3
9525,freegame,0.0,485.5
9526,freegame,0.0,32.3
9527,freegame,0.0,22.8
9528,freegame,0.0,133.1
9529,freegame,0.0,112.2
9530,freegame,0.0,109.2
9531,freegame,65.8,748.4
9532,freegame,0.0,108.7
9533,freegame,21.0,110.6
9534,freegame,2.4,238.4
9535,freegame,0.0,85.5
9536,freegame,0.0,70.6
9537,freegame,0.0,35.1
9538,freegame,0.0,117.6
9539,freegame,0.0,459.9
9540,freegame,82.0,84.8
9541,freegame,0.0,37.1
9542,freegame,0.0,99.2
9543,freegame,0.0,7.6
9544,freegame,0.0,171.8
9545,freegame,0.0,137.2
9546,freegame,0.0,677.0
9547,freegame,4.8,114.1
9548,freegame,0.0,99.0
9549,freegame,0.0,84.4
9550,freegame,0.0,156.3
9551,freegame,0.2,145.1
9552,freegame,0.0,164.8
9553,freegame,100.0,103.5
9554,freegame,5.2,22.0
9555,freegame,49.0,108.3
9556,freegame,4.8,26.0
9557,freegame,14.1,54.7
9558,freegame,2.4,70.0
9559,freegame,0.0,111.6
9560,freegame,0.0,251.0
9561,freegame,1.4,92.3
9562,wincap,0.0,5000.0
9563,freegame,430.5,655.9
9564,freegame,33.8,130.7
9565,freegame,16.8,236.0
9566,freegame,0.0,304.6
9567,freegame,0.0,191.8
9568,freegame,0.0,32.2
9569,freegame,2.4,662.0
9570,freegame,34.0,405.3
9571,freegame,0.0,229.7
9572,freegame,0.0,394.1
9573,freegame,0.0,159.9
9574,freegame,9.6,199.4
9575,freegame,0.0,30.7
9576,freegame,20.0,27.2
9577,freegame,0.0,756.9
9578,freegame,0.0,98.5
9579,freegame,0.0,14.9
9580,freegame,0.0,560.6
9581,freegame,0.0,55.7
9582,freegame,0.0,1484.0
9583,freegame,0.0,113.6
9584,freegame,0.0,303.2
9585,freegame,0.0,137.1
9586,freegame,0.0,240.3
9587,freegame,0.0,479.1
9588,freegame,0.0,709.7
9589,freegame,0.0,268.1
9590,freegame,1.6,224.8
9591,freegame,0.0,395.8
9592,freegame,0.0,72.6
9593,freegame,0.0,234.3
9594,freegame,0.0,62.5
9595,freegame,44.9,37.2
9596,freegame,0.0,118.5
9597,freegame,0.0,254.9
9598,freegame,0.0,232.2
9599,freegame,0.0,321.1
9600,freegame,0.0,298.7
9601,freegame,0.0,68.8
9602,freegame,0.0,21.2
9603,freegame,0.0,381.2
9604,freegame,0.0,118.4
9605,freegame,0.0,36.8
9606,freegame,0.0,31.2
9607,freegame,0.0,177.5
9608,freegame,0.0,459.2
9609,freegame,0.0,201.1
9610,freegame,0.0,344.6
9611,freegame,40.2,60.7
9612,freegame,0.0,176.7
9613,freegame,7.2,463.7
9614,freegame,28.8,7.4
9615,freegame,0.0,125.1
9616,freegame,11.6,91.9
9617,freegame,0.0,44.6
9618,freegame,0.0,19.4
9619,freegame,0.0,63.1
9620,freegame,0.0,368.6
9621,freegame,0.0,9.1
9622,freegame,25.0,191.4
9623,freegame,0.0,125.1
9624,freegame,0.0,51.8
9625,freegame,16.4,443.3
9626,wincap,0.0,5000.0
9627,freegame,0.0,80.0
9628,freegame,0.0,15.2
9629,freegame,0.0,58.7
9630,freegame,0.0,112.3
9631,freegame,0.0,218.3
9632,freegame,0.0,45.4
9633,freegame,0.0,157.0
9634,freegame,0.0,63.7
9635,freegame,2.8,62.2
9636,freegame,0.0,60.8
9637,freegame,21.0,254.7
9638,freegame,0.0,218.9
9639,freegame,6.6,433.7
9640,freegame,0.0,111.3
9641,wincap,0.0,5000.0
9642,freegame,0.0,35.6
9643,freegame,4.0,445.5
9644,freegame,25.0,184.0
9645,wincap,0.0,5000.0
9646,freegame,0.0,129.0
9647,freegame,25.0,108.5
9648,freegame,0.0,284.7
9649,freegame,13.8,343.6
9650,freegame,0.0,321.0
9651,freegame,0.0,70.8
9652,freegame,0.0,10.0
9653,freegame,0.0,128.6
9654,freegame,0.0,51.3
9655,freegame,0.0,143.7
9656,freegame,0.0,86.6
9657,freegame,0.0,35.6
9658,freegame,0.0,267.0
9659,freegame,13.0,201.3
9660,freegame,18.2,226.5
9661,freegame,112.0,121.7
9662,freegame,0.0,178.0
9663,freegame,11.0,44.8
9664,freegame,2.0,433.9
9665,freegame,0.0,13.8
9666,freegame,9.8,188.3
9667,freegame,37.6,96.3
9668,freegame,0.0,10.3
9669,freegame,0.0,140.7
9670,freegame,50.0,112.2
9671,freegame,0.0,4.2
9672,freegame,0.0,704.9
9673,freegame,0.0,137.8
9674,freegame,0.0,57.8
9675,freegame,0.0,181.7
9676,freegame,5.4,205.0
9677,freegame,0.0,200.7
9678,freegame,0.0,92.6
9679,freegame,0.0,708.5
9680,freegame,0.0,8.8
9681,freegame,0.0,240.8
9682,freegame,5.0,112.6
9683,freegame,0.0,124.2
9684,freegame,30.4,95.1
9685,freegame,0.0,162.2
9686,freegame,0.0,156.1
9687,freegame,0.0,265.2
9688,freegame,0.0,114.3
9689,freegame,16.0,346.3
9690,freegame,0.0,85.9
9691,freegame,0.0,93.9
9692,freegame,22.5,116.8
9693,freegame,0.0,97.4
9694,freegame,0.0,42.5
9695,freegame,0.0,336.2
9696,freegame,0.0,253.4
9697,freegame,0.0,119.2
9698,freegame,66.8,9.4
9699,freegame,0.0,48.9
9700,freegame,0.0,258.5
9701,freegame,0.0,884.0
9702,freegame,13.0,250.3
9703,freegame,3.6,77.6
9704,freegame,0.0,316.3
9705,freegame,0.0,168.9
9706,freegame,1.6,264.6
9707,freegame,23.4,150.5
9708,freegame,0.0,339.7
9709,freegame,0.0,443.5
9710,freegame,0.0,76.2
9711,freegame,0.0,68.1
9712,freegame,0.0,95.4
9713,freegame,0.0,162.4
9714,freegame,0.0,86.3
9715,freegame,16.0,243.4
9716,freegame,0.0,75.5
9717,freegame,0.0,61.1
9718,freegame,0.0,19.9
9719,freegame,0.0,208.1
9720,freegame,0.0,71.9
9721,freegame,0.0,182.8
9722,freegame,4.8,170.2
9723,freegame,0.8,113.1
9724,freegame,0.0,115.7
9725,freegame,0.0,28.8
9726,freegame,0.0,4.9
9727,freegame,0.4,405.2
9728,freegame,0.0,460.1
9729,freegame,0.0,56.5
9730,freegame,0.0,27.5
9731,freegame,0.0,378.8
9732,freegame,21.0,41.6
9733,freegame,0.0,110.1
9734,freegame,46.3,374.1
9735,freegame,52.0,107.0
9736,freegame,0.0,164.9
9737,freegame,0.0,168.3
9738,freegame,0.0,95.0
9739,freegame,0.0,30.5
9740,freegame,0.0,347.5
9741,freegame,0.0,10.9
9742,freegame,0.0,199.6
9743,freegame,0.0,354.8
9744,freegame,0.0,208.1
9745,freegame,0.0,47.2
9746,freegame,0.0,144.0
9747,freegame,0.0,145.3
9748,freegame,0.0,18.0
9749,freegame,0.0,45.9
9750,freegame,0.0,729.5
9751,freegame,0.0,609.3
9752,freegame,0.0,100.8
9753,freegame,0.0,95.0
9754,freegame,0.0,19.2
9755,freegame,56.3,285.8
9756,freegame,0.0,6.0
9757,freegame,0.0,264.8
9758,freegame,0.0,2.5
9759,freegame,0.0,1435.6
9760,freegame,66.0,107.7
9761,freegame,0.0,135.0
9762,freegame,0.0,71.4
9763,freegame,0.0,550.6
9764,freegame,58.5,45.4
9765,freegame,4.8,247.5
9766,freegame,6.0,6.7
9767,freegame,7.6,268.8
9768,freegame,0.0,279.8
9769,freegame,0.0,272.8
9770,freegame,0.0,30.5
9771,freegame,0.0,42.9
9772,freegame,0.0,172.5
9773,freegame,3.2,67.5
9774,freegame,0.0,42.5
9775,freegame,0.0,33.6
9776,freegame,0.0,37.1
9777,freegame,40.0,580.6
9778,freegame,0.0,39.9
9779,freegame,6.6,46.4
9780,freegame,5.4,50.2
9781,freegame,0.0,118.8
9782,freegame,1.4,165.7
9783,freegame,0.0,268.1
9784,freegame,14.0,174.5
9785,freegame,29.4,71.7
9786,freegame,44.8,79.2
9787,freegame,5.0,51.3
9788,freegame,0.0,252.6
9789,freegame,0.0,48.2
9790,freegame,27.5,5.6
9791,freegame,2.0,67.9
9792,freegame,0.0,81.0
9793,freegame,0.0,98.0
9794,freegame,33.0,385.8
9795,freegame,0.0,210.6
9796,freegame,16.9,26.7
9797,freegame,0.0,165.7
9798,freegame,0.0,12.5
9799,freegame,3.2,155.8
9800,freegame,0.0,77.9
9801,freegame,0.0,19.0
9802,freegame,0.0,18.5
9803,freegame,7.5,144.7
9804,freegame,0.0,12.1
9805,freegame,0.0,47.2
9806,freegame,0.0,555.7
9807,freegame,0.0,432.4
9808,freegame,0.0,133.7
9809,freegame,0.0,107.0
9810,freegame,11.0,231.3
9811,freegame,0.0,23.1
9812,freegame,0.0,19.5
9813,freegame,0.0,193.8
9814,freegame,3.6,90.5
9815,freegame,0.0,180.6
9816,freegame,5.6,433.3
9817,freegame,0.0,206.6
9818,freegame,6.0,143.7
9819,freegame,0.0,53.0
9820,freegame,0.0,261.9
9821,freegame,0.0,112.5
9822,freegame,0.0,60.2
9823,freegame,0.0,95.8
9824,freegame,0.0,284.1
9825,freegame,0.0,93.8
9826,freegame,0.0,110.1
9827,freegame,0.0,570.4
9828,freegame,51.5,225.9
9829,freegame,0.0,158.3
9830,freegame,0.0,127.2
9831,freegame,6.0,12.5
9832,freegame,0.0,381.5
9833,freegame,0.0,582.4
9834,freegame,0.0,24.7
9835,freegame,0.0,16.4
9836,freegame,0.0,70.2
9837,freegame,0.0,83.1
9838,freegame,27.2,163.8
9839,freegame,0.0,251.5
9840,freegame,160.0,1340.0
9841,freegame,0.0,283.8
9842,freegame,0.0,611.0
9843,freegame,0.0,63.8
9844,freegame,0.0,72.8
9845,freegame,85.0,247.4
9846,freegame,0.0,298.8
9847,freegame,0.0,202.2
9848,freegame,0.0,106.4
9849,freegame,0.0,435.9
9850,freegame,0.0,176.5
9851,freegame,15.0,119.9
9852,freegame,0.0,90.9
9853,freegame,0.0,39.5
9854,freegame,0.0,190.0
9855,freegame,0.0,39.3
9856,freegame,3.6,86.5
9857,freegame,0.0,224.5
9858,freegame,20.0,132.9
9859,freegame,0.0,235.0
9860,freegame,0.0,135.4
9861,freegame,0.0,395.6
9862,freegame,0.0,18.8
9863,freegame,0.0,117.1
9864,freegame,0.0,11.5
9865,freegame,0.0,273.6
9866,freegame,0.0,298.8
9867,freegame,6.0,955.1
9868,freegame,15.0,67.7
9869,freegame,0.0,345.6
9870,freegame,0.0,313.9
9871,freegame,0.0,1063.1
9872,freegame,18.0,409.4
9873,freegame,0.0,207.8
9874,freegame,0.0,102.8
9875,freegame,0.0,272.2
9876,freegame,5.0,473.8
9877,freegame,0.0,118.2
9878,freegame,0.0,204.2
9879,freegame,0.0,18.2
9880,freegame,0.0,5.4
9881,freegame,0.0,139.5
9882,freegame,0.0,103.9
9883,freegame,7.2,3.7
9884,freegame,3.9,377.3
9885,freegame,130.0,85.0
9886,freegame,0.0,375.6
9887,freegame,0.0,1275.4
9888,freegame,0.0,247.3
9889,freegame,0.0,65.9
9890,freegame,0.0,99.6
9891,freegame,0.0,22.6
9892,freegame,0.0,152.1
9893,freegame,0.0,111.6
9894,freegame,0.0,28.5
9895,freegame,0.0,292.6
9896,freegame,12.0,189.5
9897,freegame,0.0,137.0
9898,freegame,90.0,62.1
9899,freegame,0.0,30.7
9900,freegame,0.0,153.3
9901,freegame,0.0,198.9
9902,freegame,0.0,36.8
9903,freegame,0.0,129.8
9904,freegame,0.0,236.5
9905,freegame,0.0,812.5
9906,freegame,0.0,52.6
9907,freegame,0.0,204.5
9908,freegame,0.0,239.0
9909,freegame,0.0,458.8
9910,freegame,18.6,421.2
9911,freegame,18.0,15.3
9912,freegame,0.0,145.5
9913,freegame,0.0,10.1
9914,freegame,0.0,200.7
9915,freegame,0.0,229.3
9916,freegame,0.0,401.8
9917,freegame,0.0,14.3
9918,freegame,0.4,55.7
9919,freegame,9.2,91.8
9920,freegame,0.0,337.0
9921,freegame,0.0,136.8
9922,freegame,0.0,491.8
9923,freegame,0.0,80.8
9924,freegame,6.0,107.4
9925,freegame,6.0,11.0
9926,freegame,2.4,29.5
9927,freegame,6.5,23.4
9928,freegame,0.0,33.5
9929,freegame,0.0,90.9
9930,freegame,0.0,88.4
9931,freegame,0.0,277.2
9932,freegame,0.0,114.1
9933,freegame,0.0,218.5
9934,freegame,85.0,56.6
9935,freegame,0.0,662.9
9936,freegame,26.0,99.9
9937,freegame,7.2,344.3
9938,freegame,22.0,140.1
9939,freegame,0.0,188.6
9940,freegame,0.0,304.3
9941,freegame,0.0,46.7
9942,freegame,0.0,53.9
9943,freegame,0.0,318.5
9944,freegame,0.0,43.8
9945,freegame,0.0,50.4
9946,freegame,0.0,423.9
9947,freegame,0.0,234.7
9948,freegame,0.0,302.2
9949,freegame,0.0,60.8
9950,freegame,0.0,1316.5
9951,freegame,0.0,208.6
9952,freegame,0.0,56.6
9953,freegame,8.0,188.8
9954,freegame,0.0,19.6
9955,freegame,0.0,208.5
9956,freegame,3.6,26.2
9957,freegame,6.0,138.6
9958,freegame,0.0,258.2
9959,freegame,70.4,3.6
9960,freegame,1.0,224.1
9961,freegame,0.0,41.6
9962,freegame,0.0,41.3
9963,freegame,85.2,56.9
9964,freegame,0.0,633.3
9965,freegame,0.0,13.1
9966,freegame,10.4,72.8
9967,freegame,0.0,203.0
9968,freegame,0.0,133.9
9969,freegame,2.0,91.6
9970,freegame,0.0,47.3
9971,freegame,0.0,177.0
9972,freegame,25.0,16.7
9973,freegame,0.0,77.9
9974,freegame,0.0,66.0
9975,freegame,11.4,460.9
9976,freegame,0.0,181.8
9977,freegame,0.0,70.7
9978,freegame,0.0,107.3
9979,freegame,0.0,79.1
9980,freegame,0.0,571.7
9981,freegame,19.0,286.2
9982,freegame,0.0,86.8
9983,freegame,0.0,203.4
9984,freegame,0.0,398.4
9985,freegame,0.0,92.5
9986,freegame,9.6,73.7
9987,freegame,0.0,23.8
9988,freegame,0.0,38.0
9989,freegame,1.3,191.8
9990,freegame,0.0,23.6
9991,freegame,0.0,748.6
9992,freegame,122.7,52.7
9993,freegame,0.0,113.3
9994,freegame,11.0,20.5
9995,freegame,0.0,233.3
9996,freegame,0.0,87.4
9997,freegame,0.0,47.0
9998,freegame,0.0,293.5
9999,freegame,0.0,86.6
