0,freegame,0.0,83.3
1,freegame,0.0,94.1
2,freegame,0.0,1.4
3,freegame,0.3,23.4
4,freegame,3.0,2.6
5,freegame,0.0,0.4
6,freegame,0.0,11.7
7,freegame,0.0,13.6
8,freegame,0.0,26.1
9,freegame,0.0,5.9
10,freegame,0.3,1.0
11,freegame,0.0,0.9
12,freegame,0.0,41.7
13,freegame,0.0,117.7
14,freegame,0.0,15.2
15,freegame,0.0,96.1
16,freegame,0.0,18.1
17,freegame,0.0,1.5
18,freegame,0.2,6.7
19,freegame,0.0,31.4
20,freegame,0.0,57.3
21,freegame,0.0,94.0
22,freegame,0.1,0.5
23,freegame,0.0,473.2
24,freegame,0.0,37.4
25,freegame,0.0,297.0
26,freegame,0.0,10.5
27,freegame,0.0,0.6
28,freegame,0.0,1.0
29,freegame,0.0,45.1
30,freegame,0.0,118.2
31,freegame,0.0,4.2
32,freegame,0.0,74.5
33,freegame,0.0,0.6
34,freegame,0.0,14.1
35,freegame,0.7,1.5
36,freegame,0.0,14.9
37,freegame,0.0,17.1
38,freegame,0.0,40.0
39,freegame,0.0,48.0
40,freegame,0.0,4.0
41,freegame,0.0,20.7
42,freegame,0.0,161.7
43,freegame,0.0,0.7
44,freegame,0.0,6.1
45,freegame,0.0,28.9
46,freegame,0.2,5.4
47,freegame,0.0,175.1
48,freegame,0.3,44.9
49,freegame,0.0,2.5
50,freegame,4.0,0.9
51,freegame,0.0,9.3
52,freegame,0.0,48.2
53,freegame,0.0,443.2
54,freegame,0.0,26.1
55,freegame,0.0,113.9
56,freegame,0.0,9.2
57,freegame,0.0,49.3
58,freegame,0.2,10.8
59,freegame,0.0,2.6
60,freegame,0.0,2.2
61,freegame,0.0,50.6
62,freegame,0.0,198.1
63,freegame,0.0,5.5
64,freegame,0.0,3.5
65,freegame,0.0,6.7
66,freegame,0.0,1.3
67,freegame,0.0,2.7
68,freegame,0.0,12.9
69,freegame,0.0,14.5
70,freegame,0.0,1.2
71,freegame,0.0,21.0
72,freegame,0.0,21.0
73,freegame,0.0,33.6
74,freegame,0.0,61.3
75,freegame,0.0,0.5
76,freegame,0.0,10.8
77,freegame,0.0,69.2
78,freegame,0.0,83.3
79,freegame,0.0,1.3
80,freegame,0.0,0.7
81,freegame,0.0,11.5
82,freegame,0.0,7.3
83,freegame,0.0,21.5
84,freegame,0.0,48.3
85,freegame,0.0,109.4
86,freegame,0.0,197.1
87,freegame,0.1,8.5
88,freegame,0.0,5.0
89,freegame,0.0,4.8
90,freegame,0.0,156.1
91,freegame,0.0,10.8
92,freegame,0.1,70.1
93,freegame,0.0,13.4
94,freegame,0.0,23.4
95,freegame,0.0,402.1
96,freegame,0.1,4.0
97,freegame,0.0,0.2
98,freegame,0.0,3.7
99,freegame,0.0,105.5
100,freegame,0.0,253.3
101,freegame,0.0,275.0
102,freegame,0.1,6.8
103,freegame,0.0,454.5
104,freegame,0.0,42.7
105,freegame,0.3,7.7
106,freegame,0.0,12.7
107,freegame,0.0,542.1
108,freegame,0.0,141.1
109,freegame,0.0,871.1
110,freegame,0.0,34.8
111,freegame,0.0,0.3
112,freegame,0.0,198.9
113,freegame,0.0,122.8
114,freegame,0.0,35.9
115,freegame,0.0,154.0
116,freegame,0.0,0.4
117,freegame,0.0,62.2
118,freegame,0.0,23.7
119,freegame,0.0,422.4
120,freegame,0.0,7.0
121,freegame,0.0,5000.0
122,freegame,0.0,15.9
123,freegame,0.0,138.0
124,freegame,0.7,75.2
125,freegame,0.0,44.2
126,freegame,0.0,465.4
127,freegame,0.0,58.8
128,freegame,0.0,351.2
129,freegame,0.0,18.1
130,freegame,0.0,0.9
131,freegame,0.0,36.5
132,freegame,0.0,258.0
133,freegame,0.0,454.6
134,freegame,0.0,100.5
135,freegame,0.0,12.4
136,freegame,0.0,0.9
137,freegame,0.0,161.7
138,freegame,0.0,8.7
139,freegame,0.0,11.5
140,freegame,0.0,1.9
141,freegame,0.0,574.3
142,freegame,0.0,5.7
143,freegame,0.0,31.5
144,freegame,0.0,141.1
145,freegame,0.0,0.2
146,freegame,0.0,5.6
147,freegame,0.0,82.3
148,freegame,0.1,6.5
149,freegame,0.0,36.7
150,freegame,0.2,82.0
151,freegame,0.0,73.9
152,freegame,0.0,379.7
153,freegame,0.0,206.9
154,freegame,0.0,25.5
155,freegame,0.0,27.3
156,freegame,0.0,2.0
157,freegame,0.0,159.3
158,freegame,0.0,5.9
159,freegame,0.0,41.9
160,freegame,0.0,16.0
161,freegame,0.0,0.5
162,freegame,0.0,451.1
163,freegame,0.0,6.0
164,freegame,0.0,8.1
165,freegame,0.0,8.9
166,freegame,0.0,11.7
167,freegame,0.0,13.6
168,freegame,1.2,39.8
169,freegame,0.1,659.3
170,freegame,0.0,43.9
171,freegame,0.3,71.2
172,freegame,0.1,215.5
173,freegame,0.0,63.4
174,freegame,0.0,1.5
175,freegame,0.0,19.5
176,freegame,0.0,19.6
177,freegame,0.0,22.5
178,freegame,0.0,6.4
179,freegame,0.0,90.2
180,freegame,0.0,8.3
181,freegame,0.0,21.0
182,freegame,0.0,7.6
183,freegame,1.4,114.5
184,freegame,0.0,48.4
185,freegame,0.0,25.9
186,freegame,0.0,35.0
187,freegame,0.1,8.8
188,freegame,0.0,8.4
189,freegame,0.0,252.5
190,freegame,0.0,56.2
191,freegame,0.0,6.6
192,freegame,0.0,129.6
193,freegame,0.0,203.4
194,freegame,0.0,0.5
195,freegame,0.0,24.1
196,freegame,0.0,5.1
197,freegame,0.0,43.8
198,freegame,0.0,109.9
199,freegame,0.1,1.5
200,freegame,0.0,1.4
201,freegame,0.0,5.1
202,freegame,0.0,40.2
203,freegame,0.0,2.0
204,freegame,0.0,5.2
205,freegame,0.0,33.0
206,freegame,0.0,746.3
207,freegame,0.0,74.1
208,freegame,0.0,0.6
209,freegame,0.0,42.9
210,freegame,0.0,10.5
211,freegame,0.0,164.6
212,freegame,10.0,1082.7
213,freegame,0.0,1.5
214,freegame,0.0,5.0
215,freegame,0.0,8.9
216,freegame,0.0,49.2
217,freegame,0.0,14.7
218,freegame,0.0,51.8
219,freegame,0.0,18.8
220,freegame,0.0,31.7
221,freegame,0.0,7.4
222,freegame,0.0,1.5
223,freegame,0.0,11.7
224,freegame,0.0,200.2
225,freegame,0.0,96.0
226,freegame,0.0,75.3
227,freegame,0.0,13.3
228,freegame,0.0,4.5
229,freegame,0.0,15.8
230,freegame,0.0,23.8
231,freegame,0.0,59.0
232,freegame,0.0,8.3
233,freegame,0.0,0.9
234,freegame,0.0,60.4
235,freegame,0.0,164.3
236,freegame,0.0,3.2
237,freegame,0.0,6.9
238,freegame,0.0,1.1
239,freegame,0.0,270.3
240,freegame,0.0,105.0
241,freegame,0.0,366.8
242,freegame,0.0,25.3
243,freegame,0.0,79.7
244,freegame,0.0,188.0
245,freegame,0.0,214.7
246,freegame,0.0,37.9
247,freegame,0.0,10.4
248,freegame,0.0,12.4
249,freegame,0.0,111.8
250,freegame,0.0,255.7
251,freegame,0.0,991.9
252,freegame,0.0,9.0
253,freegame,0.0,294.1
254,freegame,0.0,12.6
255,freegame,0.0,1.0
256,freegame,0.0,8.8
257,freegame,0.0,12.4
258,freegame,0.0,60.7
259,freegame,0.0,414.5
260,freegame,0.0,0.1
261,freegame,0.0,22.1
262,freegame,0.3,10.5
263,freegame,0.0,0.6
264,freegame,0.1,34.8
265,freegame,0.0,148.3
266,freegame,0.0,17.0
267,freegame,0.3,24.7
268,freegame,0.0,126.8
269,freegame,0.0,13.3
270,freegame,0.0,48.4
271,freegame,0.3,667.4
272,freegame,0.0,3.0
273,freegame,0.1,49.0
274,freegame,0.0,2.9
275,freegame,0.0,76.4
276,freegame,0.0,2.0
277,freegame,0.0,719.2
278,freegame,0.0,745.8
279,freegame,0.0,4.9
280,freegame,0.0,7.4
281,freegame,0.0,8.1
282,freegame,0.0,6.9
283,freegame,0.2,32.7
284,freegame,0.0,0.6
285,freegame,0.0,31.2
286,freegame,0.0,0.2
287,freegame,0.0,291.9
288,freegame,0.0,6.9
289,freegame,0.1,2.8
290,freegame,0.0,1000.2
291,freegame,0.0,377.1
292,freegame,0.0,76.4
293,freegame,0.0,7.0
294,freegame,0.0,5.4
295,freegame,0.1,50.0
296,freegame,0.0,40.8
297,freegame,0.0,8.8
298,freegame,0.0,6.9
299,freegame,0.0,60.5
300,freegame,0.0,2.1
301,freegame,0.0,855.3
302,freegame,0.0,3.2
303,freegame,0.0,71.8
304,freegame,0.0,80.0
305,freegame,0.0,183.8
306,freegame,0.0,12.7
307,freegame,0.0,7.3
308,freegame,0.0,113.0
309,freegame,0.0,3.1
310,freegame,0.0,53.5
311,freegame,0.0,8.1
312,freegame,0.0,118.7
313,freegame,0.0,10.2
314,freegame,0.0,8.8
315,freegame,0.0,5.4
316,freegame,0.0,3562.5
317,freegame,0.0,1.2
318,freegame,0.0,10.7
319,freegame,0.0,14.9
320,freegame,0.0,34.8
321,freegame,0.0,36.6
322,freegame,0.0,2.0
323,freegame,0.2,68.3
324,freegame,0.0,6.0
325,freegame,0.0,11.9
326,freegame,0.0,1.8
327,freegame,0.0,4.6
328,freegame,0.0,23.1
329,freegame,0.1,9.7
330,freegame,0.0,476.7
331,freegame,0.0,88.6
332,freegame,0.0,1.1
333,freegame,0.0,41.5
334,freegame,0.0,189.4
335,freegame,0.0,253.0
336,freegame,0.2,0.5
337,freegame,0.0,0.9
338,freegame,0.0,6.7
339,freegame,0.0,19.9
340,freegame,0.0,3.2
341,freegame,0.0,0.5
342,freegame,0.0,44.1
343,freegame,0.0,8.6
344,freegame,0.1,33.1
345,freegame,0.0,1.2
346,freegame,0.0,3.7
347,freegame,0.0,2.3
348,freegame,0.0,185.0
349,freegame,0.0,258.3
350,freegame,0.0,30.5
351,freegame,0.0,44.0
352,freegame,0.0,14.9
353,freegame,0.0,27.1
354,freegame,1.0,327.7
355,freegame,0.0,32.7
356,freegame,0.0,0.6
357,freegame,0.0,8.7
358,freegame,0.0,2.7
359,freegame,0.1,239.4
360,freegame,0.0,13.1
361,freegame,0.0,16.9
362,freegame,0.0,542.7
363,freegame,0.0,17.8
364,freegame,0.2,132.1
365,freegame,0.0,135.2
366,freegame,0.2,7.1
367,wincap,0.0,5000.0
368,freegame,0.0,4.2
369,freegame,0.0,0.3
370,freegame,0.3,10.0
371,freegame,0.0,15.3
372,freegame,0.0,39.3
373,freegame,0.0,18.8
374,freegame,0.0,21.1
375,freegame,0.0,343.1
376,freegame,0.0,7.7
377,freegame,0.0,88.5
378,freegame,0.0,273.3
379,freegame,0.0,61.7
380,freegame,0.0,71.9
381,freegame,0.0,1.5
382,freegame,0.2,22.5
383,freegame,0.0,16.0
384,freegame,0.0,9.1
385,freegame,0.0,12.8
386,freegame,0.0,26.7
387,freegame,0.0,17.0
388,freegame,0.0,118.7
389,freegame,0.0,70.2
390,freegame,0.0,74.2
391,freegame,0.1,125.1
392,freegame,0.0,67.5
393,freegame,0.0,242.2
394,freegame,0.0,19.2
395,freegame,0.0,109.2
396,freegame,0.0,30.6
397,freegame,0.0,3.9
398,freegame,0.0,0.3
399,freegame,0.0,0.8
400,freegame,0.0,40.0
401,freegame,0.0,15.6
402,freegame,0.0,1.1
403,freegame,0.0,90.4
404,freegame,0.0,3.9
405,freegame,0.0,20.7
406,freegame,0.0,70.4
407,freegame,0.0,34.0
408,freegame,0.2,67.7
409,freegame,0.0,182.8
410,freegame,0.0,106.1
411,freegame,0.0,24.4
412,freegame,0.0,3.0
413,freegame,0.0,18.6
414,freegame,0.0,26.5
415,freegame,0.0,1.0
416,freegame,0.0,352.1
417,freegame,0.0,37.2
418,freegame,0.0,21.6
419,freegame,0.0,31.6
420,freegame,0.2,5.2
421,freegame,0.0,24.5
422,freegame,0.0,3.1
423,freegame,0.0,4.3
424,freegame,0.0,2.0
425,freegame,0.0,315.9
426,freegame,0.0,255.9
427,freegame,0.1,69.7
428,freegame,0.0,71.6
429,freegame,0.0,240.8
430,freegame,0.0,23.5
431,freegame,0.0,75.0
432,freegame,0.5,131.4
433,freegame,0.0,17.6
434,freegame,0.0,2.7
435,freegame,0.0,42.7
436,freegame,0.0,1.3
437,freegame,0.0,11.6
438,freegame,0.0,15.9
439,freegame,0.0,18.9
440,freegame,0.0,4.8
441,freegame,3.0,0.5
442,freegame,0.0,45.3
443,freegame,0.0,14.5
444,freegame,0.0,67.4
445,freegame,0.0,19.7
446,freegame,0.0,55.6
447,freegame,0.0,10.8
448,freegame,0.0,121.0
449,freegame,0.0,25.1
450,freegame,0.5,89.4
451,freegame,0.0,95.0
452,freegame,0.3,0.1
453,freegame,0.0,2.8
454,freegame,0.0,34.0
455,freegame,0.3,1.8
456,freegame,0.0,40.2
457,freegame,0.0,21.4
458,freegame,0.0,297.0
459,freegame,0.0,1.4
460,freegame,0.0,9.2
461,freegame,0.7,16.9
462,freegame,0.1,8.8
463,freegame,0.0,90.7
464,freegame,0.0,67.1
465,freegame,0.0,4.6
466,freegame,0.0,35.6
467,freegame,0.3,41.4
468,freegame,0.0,2.6
469,freegame,0.2,51.8
470,freegame,0.0,85.5
471,freegame,0.1,403.6
472,freegame,0.0,1.7
473,freegame,0.0,74.7
474,freegame,0.0,790.0
475,freegame,0.0,18.5
476,freegame,0.0,3.0
477,freegame,0.0,148.8
478,freegame,0.0,266.0
479,freegame,0.0,12.1
480,freegame,0.0,605.3
481,freegame,0.0,58.3
482,freegame,0.0,53.7
483,freegame,0.0,0.3
484,freegame,0.5,7.1
485,freegame,0.0,90.0
486,freegame,0.0,84.8
487,freegame,3.0,2.2
488,freegame,0.1,86.8
489,freegame,0.0,454.4
490,freegame,0.0,234.3
491,freegame,0.0,264.1
492,freegame,0.0,657.4
493,freegame,0.0,12.0
494,freegame,0.0,60.9
495,freegame,0.0,214.0
496,freegame,0.3,18.1
497,freegame,0.0,0.7
498,freegame,0.0,9.2
499,freegame,0.0,6.5
500,freegame,0.0,146.2
501,freegame,0.0,51.9
502,freegame,0.0,100.7
503,freegame,0.0,90.9
504,freegame,0.0,445.3
505,freegame,0.0,192.6
506,freegame,0.0,5.3
507,freegame,0.0,0.6
508,freegame,0.0,65.0
509,freegame,0.3,4.0
510,freegame,0.0,336.6
511,freegame,0.1,7.6
512,freegame,0.0,51.6
513,freegame,0.2,126.2
514,freegame,0.0,43.0
515,freegame,0.0,30.0
516,freegame,0.0,174.0
517,freegame,0.0,304.1
518,freegame,0.0,8.7
519,freegame,0.0,3.7
520,freegame,0.0,136.8
521,freegame,0.0,61.2
522,freegame,0.0,125.9
523,freegame,0.0,29.0
524,freegame,0.0,1.8
525,freegame,0.0,15.7
526,freegame,0.0,23.1
527,freegame,0.0,35.0
528,freegame,0.0,1.0
529,freegame,0.0,62.8
530,freegame,0.0,20.8
531,freegame,0.0,2.5
532,freegame,0.0,30.0
533,freegame,0.0,257.6
534,freegame,0.3,17.5
535,freegame,0.0,13.2
536,freegame,0.0,255.0
537,freegame,0.0,0.1
538,freegame,0.0,0.1
539,freegame,0.0,19.6
540,freegame,0.0,41.8
541,freegame,0.0,13.4
542,freegame,0.0,1.4
543,freegame,0.0,4.0
544,freegame,0.0,0.6
545,freegame,0.1,13.6
546,freegame,0.1,1.4
547,freegame,0.0,34.8
548,freegame,0.0,26.7
549,freegame,0.0,99.8
550,freegame,0.0,7.9
551,freegame,0.0,5.9
552,freegame,0.0,3.3
553,freegame,0.3,36.0
554,freegame,0.0,17.7
555,freegame,0.0,43.4
556,freegame,0.0,3.0
557,freegame,0.0,48.5
558,freegame,0.0,83.7
559,freegame,0.0,246.6
560,freegame,0.0,51.8
561,freegame,0.0,94.2
562,freegame,0.0,39.0
563,freegame,0.0,654.4
564,freegame,0.0,125.2
565,freegame,0.0,630.8
566,freegame,0.0,0.6
567,freegame,0.0,78.0
568,freegame,0.0,2.0
569,freegame,0.1,0.8
570,freegame,0.0,0.8
571,freegame,0.0,14.1
572,freegame,0.0,154.2
573,freegame,0.0,42.2
574,freegame,0.0,6.7
575,freegame,0.0,779.2
576,freegame,0.3,7.5
577,freegame,0.0,9.9
578,freegame,0.0,553.9
579,freegame,0.0,20.8
580,freegame,0.0,130.5
581,freegame,0.0,20.8
582,freegame,0.0,5.6
583,freegame,0.0,5.8
584,freegame,0.0,2.9
585,freegame,0.0,18.9
586,freegame,0.0,799.6
587,freegame,0.0,36.1
588,freegame,0.0,8.4
589,freegame,0.0,308.7
590,freegame,0.0,43.3
591,wincap,0.0,5000.0
592,freegame,0.0,79.5
593,freegame,0.0,13.1
594,freegame,0.0,32.9
595,freegame,0.1,10.0
596,freegame,0.0,66.5
597,freegame,0.1,102.3
598,freegame,0.0,292.0
599,freegame,0.0,69.8
600,freegame,0.0,63.6
601,freegame,0.0,87.6
602,freegame,0.0,1.5
603,freegame,0.0,31.3
604,freegame,0.0,533.0
605,freegame,0.0,35.7
606,freegame,0.0,50.3
607,freegame,0.0,0.7
608,freegame,0.0,261.0
609,freegame,0.0,8.5
610,freegame,0.0,26.2
611,freegame,0.0,19.3
612,freegame,0.4,144.4
613,freegame,0.0,6.6
614,freegame,0.0,13.6
615,freegame,0.0,1.4
616,freegame,0.0,10.7
617,freegame,0.0,45.0
618,freegame,0.0,31.9
619,freegame,0.0,9.4
620,freegame,0.5,27.3
621,freegame,0.0,9.6
622,freegame,0.0,2.1
623,freegame,0.0,7.1
624,freegame,0.0,47.2
625,freegame,0.0,10.3
626,freegame,0.0,8.0
627,freegame,0.0,1.0
628,freegame,0.0,15.6
629,freegame,0.0,5.7
630,freegame,0.0,33.2
631,freegame,0.0,132.6
632,freegame,0.0,30.6
633,freegame,0.0,36.4
634,freegame,0.0,67.7
635,freegame,0.0,15.6
636,freegame,0.0,17.0
637,freegame,0.0,83.6
638,freegame,0.0,16.2
639,freegame,0.0,12.3
640,freegame,0.0,1.0
641,freegame,0.0,25.9
642,freegame,0.0,18.0
643,freegame,0.0,6.0
644,freegame,0.0,50.8
645,freegame,0.0,12.0
646,freegame,0.3,10.7
647,freegame,0.0,761.2
648,freegame,0.1,68.0
649,freegame,0.0,66.6
650,freegame,0.0,5.2
651,freegame,0.0,15.2
652,freegame,0.0,186.7
653,freegame,0.0,7.7
654,freegame,0.3,8.4
655,freegame,0.0,12.0
656,freegame,0.0,12.7
657,freegame,0.0,12.6
658,freegame,0.0,192.3
659,freegame,0.0,21.2
660,freegame,0.0,0.5
661,freegame,0.0,1.7
662,freegame,0.0,2.3
663,freegame,0.0,76.7
664,freegame,0.0,2.8
665,freegame,0.0,2.6
666,freegame,0.0,17.3
667,freegame,0.1,25.8
668,freegame,0.0,220.6
669,freegame,0.0,0.5
670,freegame,0.0,18.5
671,freegame,0.0,1.5
672,freegame,0.0,2.6
673,freegame,0.0,127.2
674,freegame,3.0,1.1
675,freegame,0.0,91.2
676,freegame,0.3,10.7
677,freegame,0.0,322.3
678,freegame,0.0,10.0
679,freegame,0.0,2.3
680,freegame,0.5,0.4
681,freegame,0.0,56.3
682,freegame,0.0,26.0
683,freegame,0.0,121.4
684,freegame,0.0,120.6
685,freegame,0.0,39.2
686,freegame,0.0,6.6
687,freegame,0.0,22.6
688,freegame,0.0,6.1
689,freegame,0.0,1.3
690,freegame,0.0,61.3
691,wincap,0.0,5000.0
692,freegame,0.0,0.9
693,freegame,0.0,41.1
694,freegame,0.0,132.1
695,freegame,0.0,8.3
696,freegame,0.0,4.1
697,freegame,0.0,0.3
698,freegame,0.0,15.5
699,freegame,0.0,18.6
700,freegame,0.0,3.0
701,freegame,0.0,21.0
702,freegame,0.0,0.5
703,freegame,0.0,643.8
704,freegame,0.0,18.4
705,freegame,0.0,0.3
706,freegame,0.0,1.1
707,freegame,0.0,15.0
708,freegame,0.0,2.2
709,freegame,0.0,0.3
710,freegame,0.0,1.0
711,freegame,1.0,6.2
712,freegame,0.0,9.2
713,freegame,0.0,277.0
714,freegame,0.0,5.0
715,freegame,0.0,1.5
716,freegame,0.0,20.1
717,freegame,0.0,17.7
718,freegame,0.0,33.1
719,freegame,0.0,22.2
720,freegame,0.0,296.4
721,freegame,0.0,5.4
722,freegame,0.0,5.2
723,freegame,0.0,35.3
724,freegame,0.0,45.2
725,freegame,0.7,0.0
726,freegame,0.0,36.2
727,freegame,0.0,5.1
728,freegame,0.0,11.7
729,freegame,0.0,1.1
730,freegame,0.0,23.7
731,freegame,0.0,23.9
732,freegame,0.0,122.8
733,freegame,0.0,2.0
734,freegame,0.0,0.3
735,freegame,0.0,20.3
736,freegame,0.0,4.3
737,freegame,0.0,13.8
738,freegame,0.0,16.7
739,freegame,0.3,176.0
740,freegame,0.0,4233.5
741,freegame,0.0,16.1
742,freegame,0.0,11.2
743,freegame,0.2,307.3
744,freegame,0.0,721.7
745,freegame,0.0,5.3
746,freegame,0.0,3.0
747,freegame,0.0,6.0
748,freegame,0.2,9.4
749,freegame,0.0,16.8
750,freegame,0.0,78.1
751,freegame,0.1,1.5
752,freegame,0.0,102.1
753,freegame,0.0,12.2
754,freegame,0.0,1.2
755,freegame,0.0,3.1
756,freegame,0.0,6.7
757,freegame,0.0,14.9
758,freegame,0.0,359.0
759,freegame,0.0,37.6
760,freegame,0.0,9.0
761,freegame,0.0,6.7
762,freegame,0.0,4.1
763,freegame,0.0,4.8
764,freegame,0.0,5.8
765,freegame,0.0,642.8
766,freegame,5.0,3.0
767,wincap,0.0,5000.0
768,freegame,0.0,30.1
769,freegame,0.0,32.8
770,freegame,0.0,22.6
771,freegame,0.0,11.4
772,freegame,0.0,2.3
773,freegame,0.0,6.4
774,freegame,0.0,20.3
775,freegame,0.0,3.2
776,freegame,0.0,243.8
777,freegame,3.0,80.0
778,freegame,0.0,1004.0
779,freegame,0.0,1.5
780,freegame,0.1,17.8
781,freegame,0.0,42.3
782,freegame,0.0,500.8
783,freegame,0.0,113.6
784,freegame,0.0,0.9
785,freegame,0.0,6.4
786,freegame,0.0,254.3
787,freegame,0.0,14.3
788,freegame,0.0,3.8
789,freegame,0.1,51.8
790,freegame,0.0,24.5
791,freegame,0.0,18.9
792,freegame,0.0,90.0
793,freegame,0.0,1.5
794,freegame,0.0,106.9
795,freegame,0.0,17.0
796,freegame,0.0,76.7
797,freegame,0.0,11.8
798,wincap,0.0,5000.0
799,freegame,0.0,0.4
800,freegame,0.0,72.0
801,freegame,0.0,7.6
802,freegame,0.0,1.8
803,freegame,0.0,8.9
804,freegame,0.0,14.0
805,freegame,0.0,34.9
806,freegame,0.0,63.7
807,freegame,0.3,22.8
808,freegame,0.2,38.3
809,freegame,0.0,7.3
810,freegame,0.0,12.8
811,freegame,0.0,97.8
812,freegame,0.0,84.4
813,freegame,0.0,30.7
814,freegame,0.0,22.5
815,freegame,0.0,0.5
816,freegame,0.0,70.5
817,freegame,0.0,2.7
818,freegame,0.0,137.8
819,freegame,0.0,0.3
820,freegame,0.0,0.6
821,freegame,0.0,141.2
822,freegame,0.0,2.8
823,freegame,0.0,1.8
824,freegame,0.0,4.3
825,freegame,0.7,64.3
826,freegame,0.0,119.3
827,freegame,0.0,228.9
828,freegame,0.0,95.8
829,freegame,0.0,6.0
830,freegame,0.1,1.2
831,freegame,0.0,322.3
832,freegame,0.0,48.0
833,freegame,0.0,84.3
834,freegame,0.0,4.2
835,freegame,0.0,0.9
836,freegame,0.0,1.0
837,freegame,0.0,13.3
838,freegame,0.0,10.5
839,freegame,0.0,342.8
840,freegame,0.6,86.0
841,freegame,0.0,30.0
842,freegame,0.0,26.7
843,freegame,0.0,8.3
844,freegame,0.0,55.7
845,freegame,0.0,1966.6
846,freegame,0.0,80.9
847,freegame,0.0,117.8
848,freegame,0.0,15.4
849,freegame,0.0,43.2
850,freegame,0.0,62.1
851,freegame,0.0,63.6
852,freegame,0.0,36.7
853,freegame,0.0,4.0
854,freegame,0.0,6.2
855,freegame,0.0,51.6
856,freegame,0.0,22.9
857,freegame,0.0,1.1
858,freegame,0.0,31.1
859,freegame,0.0,51.7
860,freegame,0.0,44.9
861,freegame,0.0,56.4
862,freegame,0.0,104.4
863,freegame,0.0,59.5
864,freegame,0.0,4.2
865,freegame,0.0,62.4
866,freegame,0.0,394.1
867,freegame,0.1,7.0
868,freegame,0.0,4.5
869,freegame,0.0,5.6
870,freegame,0.5,9.3
871,freegame,0.0,4.1
872,freegame,0.0,0.6
873,freegame,0.0,1.7
874,freegame,0.0,32.4
875,freegame,0.0,48.9
876,freegame,0.0,7.3
877,freegame,0.0,10.7
878,freegame,0.0,8.3
879,freegame,0.0,243.2
880,freegame,0.0,15.1
881,freegame,0.0,15.9
882,freegame,0.0,33.1
883,freegame,0.0,42.4
884,freegame,0.0,130.8
885,freegame,0.0,2.2
886,freegame,0.0,4.3
887,freegame,0.0,403.0
888,freegame,0.0,5.2
889,freegame,0.0,174.6
890,freegame,0.3,34.1
891,freegame,0.0,95.9
892,freegame,0.0,0.7
893,freegame,0.0,21.1
894,freegame,0.0,0.8
895,freegame,0.1,12.4
896,freegame,1.0,44.6
897,freegame,0.0,63.0
898,freegame,0.0,4.6
899,freegame,0.0,15.5
900,freegame,0.0,2.0
901,freegame,0.0,740.6
902,freegame,0.0,108.6
903,freegame,0.0,38.3
904,freegame,0.0,4.8
905,freegame,0.0,1.1
906,freegame,0.3,69.0
907,freegame,0.0,740.5
908,freegame,0.0,15.2
909,freegame,0.7,45.6
910,freegame,0.0,81.5
911,freegame,0.0,82.6
912,freegame,0.0,21.7
913,freegame,0.0,1.5
914,freegame,0.0,5.0
915,freegame,0.0,39.4
916,freegame,0.0,58.2
917,freegame,0.0,208.8
918,freegame,0.0,48.7
919,freegame,0.0,208.0
920,freegame,0.0,142.9
921,freegame,0.6,0.0
922,freegame,0.0,45.1
923,freegame,0.0,1.3
924,freegame,0.0,20.3
925,freegame,0.3,64.0
926,freegame,0.0,2.7
927,freegame,0.0,844.4
928,freegame,0.0,6.7
929,freegame,0.0,1116.3
930,freegame,0.0,344.9
931,freegame,0.0,849.2
932,freegame,0.0,3.2
933,freegame,0.0,20.0
934,freegame,0.0,491.2
935,freegame,0.0,9.5
936,freegame,0.0,9.5
937,freegame,0.0,50.4
938,freegame,0.0,23.3
939,freegame,0.5,12.6
940,freegame,0.0,112.8
941,freegame,0.0,2.4
942,freegame,0.0,13.0
943,freegame,0.0,10.8
944,freegame,0.0,911.8
945,freegame,0.0,172.3
946,freegame,0.2,18.3
947,freegame,0.0,54.4
948,freegame,0.0,201.0
949,freegame,0.0,22.7
950,freegame,0.0,414.3
951,freegame,0.0,2.3
952,freegame,0.2,7.7
953,freegame,0.0,825.6
954,freegame,0.0,21.1
955,freegame,0.0,25.4
956,freegame,0.0,62.6
957,freegame,0.0,6.6
958,freegame,0.6,12.0
959,freegame,0.0,120.0
960,freegame,0.0,17.4
961,freegame,0.1,93.0
962,freegame,0.0,62.0
963,freegame,0.0,23.6
964,freegame,0.0,4.2
965,freegame,0.0,5.3
966,freegame,0.0,35.4
967,freegame,0.2,0.7
968,freegame,0.0,135.5
969,freegame,0.0,5.1
970,freegame,0.0,134.6
971,freegame,0.0,88.6
972,freegame,0.0,29.8
973,freegame,0.0,67.1
974,freegame,0.0,13.0
975,freegame,0.0,108.9
976,freegame,0.0,162.6
977,freegame,0.0,8.4
978,freegame,0.0,0.2
979,freegame,0.0,5.4
980,freegame,0.0,12.5
981,freegame,0.0,34.3
982,freegame,0.0,398.5
983,freegame,0.0,82.2
984,freegame,0.0,10.1
985,freegame,0.1,10.6
986,freegame,0.0,32.7
987,freegame,0.0,37.6
988,freegame,0.0,28.6
989,freegame,0.0,991.2
990,freegame,0.0,43.6
991,freegame,0.0,31.7
992,freegame,0.0,6.0
993,freegame,0.0,123.9
994,freegame,0.0,37.3
995,freegame,0.0,23.0
996,freegame,0.2,286.3
997,freegame,0.0,92.7
998,freegame,0.0,71.0
999,freegame,0.0,21.7
1000,freegame,0.0,1.9
1001,freegame,0.0,15.1
1002,freegame,0.0,155.5
1003,freegame,0.0,50.5
1004,freegame,0.0,2.8
1005,freegame,0.0,20.4
1006,freegame,0.0,129.6
1007,freegame,0.0,0.3
1008,freegame,0.0,145.6
1009,freegame,0.0,417.6
1010,freegame,0.0,10.6
1011,freegame,0.0,258.5
1012,freegame,0.0,66.7
1013,freegame,0.0,51.4
1014,freegame,0.0,60.0
1015,freegame,0.0,31.0
1016,freegame,0.0,20.0
1017,freegame,0.0,1.4
1018,freegame,0.0,11.1
1019,freegame,0.1,1.5
1020,freegame,0.0,129.5
1021,freegame,0.0,32.8
1022,freegame,0.0,65.7
1023,freegame,0.0,16.3
1024,freegame,0.0,2600.0
1025,freegame,0.2,5.7
1026,freegame,0.0,66.8
1027,freegame,0.6,233.9
1028,freegame,0.0,24.4
1029,freegame,0.0,10.2
1030,freegame,0.0,85.8
1031,freegame,0.0,18.2
1032,freegame,0.0,46.5
1033,freegame,0.0,66.8
1034,freegame,0.0,77.3
1035,freegame,0.0,4.5
1036,freegame,0.0,16.0
1037,freegame,0.0,5.0
1038,freegame,0.0,203.8
1039,freegame,0.0,2.2
1040,freegame,0.1,262.0
1041,freegame,0.0,7.3
1042,freegame,0.0,176.6
1043,freegame,0.0,243.6
1044,freegame,0.0,13.9
1045,freegame,0.0,43.2
1046,freegame,0.0,2.9
1047,freegame,0.0,3.8
1048,freegame,0.1,401.5
1049,freegame,0.0,0.6
1050,freegame,0.0,20.9
1051,freegame,0.0,98.4
1052,freegame,0.0,56.1
1053,freegame,0.0,9.9
1054,freegame,0.0,456.6
1055,freegame,0.0,13.0
1056,freegame,0.0,58.4
1057,freegame,0.0,0.5
1058,freegame,0.0,1.1
1059,freegame,0.0,434.2
1060,freegame,0.3,34.6
1061,freegame,0.0,5.4
1062,wincap,0.0,5000.0
1063,freegame,0.0,3.4
1064,freegame,0.0,33.6
1065,freegame,0.0,9.5
1066,freegame,0.0,362.5
1067,freegame,0.0,0.6
1068,freegame,0.0,25.5
1069,freegame,0.0,199.0
1070,freegame,0.0,767.8
1071,freegame,0.0,149.5
1072,freegame,0.3,36.6
1073,freegame,0.1,5.5
1074,freegame,0.0,1.6
1075,freegame,0.0,47.9
1076,freegame,0.0,10.8
1077,freegame,0.0,130.3
1078,freegame,0.0,175.0
1079,freegame,0.0,71.7
1080,freegame,0.2,11.4
1081,freegame,0.0,0.7
1082,freegame,0.0,50.3
1083,freegame,0.0,53.7
1084,freegame,0.0,46.0
1085,freegame,0.0,8.1
1086,freegame,0.3,283.9
1087,freegame,0.0,1.5
1088,freegame,0.0,19.1
1089,freegame,0.1,30.0
1090,freegame,0.0,11.6
1091,freegame,0.0,1099.3
1092,freegame,0.0,5.4
1093,freegame,0.0,17.2
1094,freegame,0.0,2.8
1095,freegame,3.0,0.4
1096,freegame,0.0,22.9
1097,freegame,0.0,46.4
1098,freegame,0.0,10.0
1099,freegame,0.7,22.1
1100,freegame,0.0,87.1
1101,freegame,0.1,30.9
1102,freegame,0.3,1.4
1103,freegame,0.0,76.9
1104,freegame,0.0,33.0
1105,freegame,0.0,17.3
1106,freegame,0.0,2.3
1107,freegame,0.0,28.8
1108,freegame,0.0,11.0
1109,freegame,0.0,116.7
1110,freegame,0.0,35.0
1111,freegame,0.0,161.4
1112,freegame,0.1,2.1
1113,freegame,0.0,268.2
1114,freegame,0.0,5.8
1115,freegame,0.0,56.5
1116,freegame,0.0,50.6
1117,freegame,0.0,16.4
1118,freegame,0.0,4.4
1119,freegame,0.3,160.1
1120,freegame,0.0,89.3
1121,freegame,0.0,5.0
1122,freegame,0.0,0.3
1123,freegame,0.1,25.4
1124,freegame,0.0,63.5
1125,freegame,0.0,1357.8
1126,freegame,0.0,27.7
1127,freegame,0.0,445.9
1128,freegame,0.0,59.6
1129,freegame,0.0,5.2
1130,freegame,0.0,61.1
1131,freegame,0.1,29.4
1132,freegame,0.0,17.5
1133,freegame,0.0,5.4
1134,freegame,0.0,0.2
1135,freegame,0.0,41.2
1136,freegame,0.0,35.5
1137,freegame,0.0,30.0
1138,freegame,0.0,164.4
1139,wincap,0.0,5000.0
1140,freegame,0.0,18.8
1141,freegame,0.0,7.3
1142,freegame,0.0,0.7
1143,freegame,0.0,2.0
1144,freegame,0.0,44.3
1145,freegame,0.0,720.0
1146,freegame,0.0,7.4
1147,freegame,0.0,49.1
1148,freegame,0.0,0.2
1149,freegame,0.0,2.3
1150,freegame,0.0,8.3
1151,freegame,0.0,4.8
1152,freegame,0.0,22.3
1153,freegame,0.0,1.0
1154,freegame,0.0,5.1
1155,freegame,0.0,124.6
1156,freegame,0.0,20.6
1157,freegame,0.0,159.0
1158,freegame,0.0,3.7
1159,freegame,0.0,1.5
1160,freegame,0.0,690.9
1161,freegame,0.0,172.4
1162,freegame,0.0,101.9
1163,freegame,0.0,4.6
1164,freegame,0.0,818.4
1165,freegame,0.0,188.7
1166,freegame,0.0,257.7
1167,freegame,0.0,0.2
1168,freegame,0.0,12.4
1169,freegame,0.0,25.3
1170,freegame,0.0,77.1
1171,freegame,0.0,212.4
1172,freegame,0.0,10.7
1173,freegame,0.0,18.1
1174,freegame,0.0,20.5
1175,freegame,0.0,250.5
1176,freegame,0.2,26.2
1177,freegame,0.0,77.4
1178,freegame,0.0,14.1
1179,freegame,0.0,0.3
1180,freegame,0.0,84.8
1181,freegame,0.0,81.8
1182,freegame,0.0,17.1
1183,freegame,0.0,2.1
1184,freegame,0.0,46.9
1185,freegame,0.0,139.9
1186,freegame,0.0,2.2
1187,freegame,0.0,7.4
1188,freegame,0.0,26.1
1189,freegame,0.0,31.4
1190,freegame,0.0,51.8
1191,freegame,0.0,22.7
1192,freegame,0.0,292.5
1193,freegame,0.0,10.0
1194,freegame,0.1,16.0
1195,freegame,0.0,124.8
1196,freegame,0.0,55.4
1197,freegame,0.0,88.1
1198,freegame,0.0,11.9
1199,freegame,0.0,31.9
1200,freegame,0.0,1.5
1201,freegame,0.0,23.7
1202,freegame,0.0,123.0
1203,freegame,0.0,7.9
1204,freegame,0.5,15.4
1205,freegame,0.0,128.8
1206,freegame,0.0,49.0
1207,freegame,0.0,19.0
1208,freegame,0.0,159.2
1209,freegame,0.3,5.1
1210,freegame,0.0,15.3
1211,freegame,0.0,1.4
1212,freegame,0.0,7.0
1213,freegame,0.0,330.8
1214,freegame,0.0,3.5
1215,freegame,0.3,2205.6
1216,freegame,0.0,628.8
1217,freegame,0.0,2.0
1218,freegame,0.0,8.2
1219,freegame,0.1,32.8
1220,freegame,0.0,4.8
1221,freegame,0.0,4.8
1222,freegame,0.0,17.3
1223,freegame,0.0,16.1
1224,freegame,0.1,60.3
1225,freegame,0.0,11.7
1226,freegame,0.0,94.7
1227,freegame,0.0,0.6
1228,freegame,0.0,3.1
1229,freegame,0.0,5.9
1230,freegame,0.0,36.2
1231,freegame,0.0,0.2
1232,freegame,0.0,0.9
1233,freegame,0.0,7.2
1234,freegame,0.0,334.4
1235,freegame,0.0,18.0
1236,freegame,0.0,4.4
1237,freegame,0.0,10.6
1238,freegame,0.0,220.0
1239,freegame,0.0,41.9
1240,freegame,0.0,0.8
1241,freegame,0.0,2.4
1242,wincap,0.0,5000.0
1243,freegame,0.0,0.7
1244,freegame,0.0,7.8
1245,freegame,0.0,6.5
1246,freegame,0.0,33.2
1247,freegame,0.0,113.6
1248,freegame,0.0,1.7
1249,freegame,0.2,0.0
1250,freegame,0.0,733.4
1251,freegame,0.0,13.4
1252,freegame,0.0,138.0
1253,freegame,0.0,514.1
1254,freegame,0.0,15.5
1255,freegame,0.0,1.0
1256,freegame,0.5,106.0
1257,freegame,0.0,47.5
1258,freegame,0.0,3.4
1259,freegame,0.3,3.8
1260,freegame,0.2,0.3
1261,freegame,0.0,0.9
1262,freegame,0.0,50.5
1263,freegame,0.0,173.0
1264,freegame,0.0,80.4
1265,freegame,0.0,203.5
1266,freegame,0.3,28.9
1267,freegame,0.0,0.9
1268,freegame,0.0,4.7
1269,freegame,0.0,78.4
1270,freegame,0.0,7.6
1271,freegame,0.0,26.8
1272,freegame,0.0,32.6
1273,freegame,0.0,0.5
1274,freegame,0.5,163.6
1275,freegame,0.0,13.5
1276,freegame,0.0,45.4
1277,freegame,0.0,4.0
1278,freegame,0.0,149.8
1279,freegame,0.0,355.6
1280,freegame,0.0,1.0
1281,freegame,0.0,173.0
1282,freegame,0.0,103.3
1283,freegame,0.0,32.7
1284,freegame,0.0,14.0
1285,freegame,0.0,49.2
1286,freegame,0.1,25.3
1287,freegame,0.0,132.5
1288,freegame,0.0,16.6
1289,freegame,0.0,192.6
1290,freegame,0.0,2469.2
1291,freegame,0.0,1.2
1292,freegame,0.0,9.2
1293,freegame,0.3,3331.5
1294,freegame,0.0,14.4
1295,freegame,0.0,133.9
1296,freegame,0.0,22.3
1297,freegame,0.0,2.1
1298,wincap,0.0,5000.0
1299,freegame,0.0,20.3
1300,freegame,0.0,15.2
1301,freegame,0.0,54.4
1302,freegame,0.0,111.7
1303,freegame,0.0,94.7
1304,freegame,0.0,9.4
1305,freegame,0.0,197.5
1306,freegame,0.0,165.2
1307,freegame,0.0,9.9
1308,freegame,0.0,3.3
1309,freegame,0.0,7.4
1310,freegame,0.0,0.6
1311,freegame,0.0,387.6
1312,freegame,0.0,10.6
1313,freegame,0.0,102.4
1314,freegame,0.0,5.6
1315,freegame,0.0,9.8
1316,freegame,0.0,1.1
1317,freegame,0.0,4.8
1318,freegame,0.0,160.1
1319,freegame,0.0,15.6
1320,freegame,0.0,25.5
1321,freegame,0.0,121.0
1322,freegame,0.0,51.9
1323,freegame,0.0,6.1
1324,freegame,0.0,31.6
1325,freegame,0.3,29.8
1326,freegame,0.0,6.9
1327,freegame,0.0,6.0
1328,freegame,0.0,3.0
1329,freegame,0.0,198.1
1330,freegame,0.0,20.6
1331,freegame,0.0,5.0
1332,freegame,0.0,63.0
1333,freegame,0.0,71.0
1334,freegame,0.1,70.2
1335,freegame,0.0,17.2
1336,freegame,0.0,0.2
1337,freegame,0.0,325.9
1338,freegame,0.0,243.4
1339,freegame,0.0,3.4
1340,freegame,0.0,59.4
1341,freegame,0.0,9.1
1342,freegame,1.0,261.2
1343,freegame,0.0,9.9
1344,freegame,0.2,1.6
1345,freegame,0.0,30.7
1346,freegame,0.0,20.6
1347,freegame,0.0,118.2
1348,freegame,0.0,2.2
1349,freegame,0.0,2.7
1350,freegame,0.0,181.8
1351,freegame,0.0,31.0
1352,freegame,0.0,0.1
1353,freegame,0.0,8.8
1354,freegame,0.0,10.3
1355,freegame,0.0,422.0
1356,freegame,0.0,571.8
1357,freegame,0.0,276.2
1358,freegame,0.0,10.4
1359,freegame,0.7,123.7
1360,freegame,0.0,39.0
1361,freegame,0.0,47.9
1362,freegame,0.2,8.2
1363,freegame,0.0,13.9
1364,freegame,0.0,404.7
1365,freegame,0.0,1.6
1366,freegame,0.0,2.7
1367,freegame,0.4,28.2
1368,freegame,0.0,224.0
1369,freegame,0.0,293.5
1370,freegame,0.0,74.2
1371,freegame,0.0,244.6
1372,freegame,0.0,1.8
1373,freegame,0.0,10.7
1374,freegame,0.1,33.5
1375,freegame,0.1,69.7
1376,freegame,6.0,17.6
1377,wincap,0.0,5000.0
1378,freegame,0.0,0.3
1379,freegame,0.0,65.6
1380,freegame,0.0,3.7
1381,freegame,0.0,35.9
1382,freegame,0.0,12.7
1383,freegame,0.0,147.3
1384,freegame,0.0,14.4
1385,freegame,0.0,66.0
1386,freegame,0.0,28.7
1387,freegame,0.0,66.1
1388,freegame,0.0,11.1
1389,freegame,0.0,13.2
1390,freegame,0.0,68.4
1391,freegame,0.3,59.7
1392,freegame,0.0,72.2
1393,freegame,0.0,0.9
1394,freegame,0.3,0.0
1395,freegame,0.0,3.6
1396,freegame,0.0,91.5
1397,freegame,0.0,339.7
1398,freegame,0.0,432.7
1399,freegame,0.0,36.0
1400,freegame,0.0,18.1
1401,freegame,0.0,40.0
1402,freegame,0.0,109.1
1403,freegame,0.0,14.0
1404,freegame,0.0,20.9
1405,freegame,0.0,4.1
1406,freegame,0.0,0.2
1407,freegame,0.0,31.9
1408,freegame,0.0,0.1
1409,freegame,0.0,211.5
1410,freegame,0.0,81.2
1411,freegame,0.0,114.5
1412,freegame,0.0,134.6
1413,freegame,0.0,35.3
1414,freegame,0.3,0.3
1415,freegame,0.0,2.7
1416,freegame,0.0,0.1
1417,freegame,0.0,136.0
1418,freegame,0.0,5.6
1419,freegame,0.0,108.9
1420,freegame,0.0,3.7
1421,freegame,0.1,102.3
1422,freegame,0.0,200.6
1423,freegame,0.0,13.6
1424,freegame,0.0,4.7
1425,freegame,0.0,4.4
1426,freegame,0.0,86.4
1427,freegame,0.0,11.7
1428,freegame,0.0,82.4
1429,freegame,0.0,0.7
1430,freegame,0.0,6.5
1431,freegame,0.0,0.7
1432,freegame,0.0,3.0
1433,freegame,0.0,3.1
1434,freegame,0.0,134.5
1435,freegame,0.0,5.0
1436,freegame,0.0,20.8
1437,freegame,0.3,204.2
1438,freegame,0.0,0.3
1439,freegame,0.0,1.0
1440,freegame,0.0,113.7
1441,freegame,0.0,0.2
1442,freegame,0.0,59.7
1443,freegame,0.0,102.3
1444,freegame,0.0,1.5
1445,freegame,0.2,1.8
1446,freegame,0.0,14.0
1447,freegame,0.0,85.1
1448,freegame,0.3,9.4
1449,freegame,0.0,0.1
1450,freegame,0.0,1.0
1451,freegame,0.0,81.0
1452,freegame,0.0,28.7
1453,freegame,0.0,200.1
1454,freegame,0.0,10.0
1455,freegame,0.3,24.6
1456,freegame,0.0,42.3
1457,freegame,0.0,4.0
1458,freegame,0.3,71.6
1459,freegame,0.1,11.6
1460,freegame,0.0,10.3
1461,freegame,0.0,3402.9
1462,freegame,0.0,20.4
1463,freegame,0.0,20.0
1464,freegame,0.0,9.5
1465,freegame,0.0,215.4
1466,freegame,0.0,71.4
1467,freegame,0.0,1380.2
1468,freegame,0.0,644.2
1469,freegame,0.0,22.9
1470,freegame,0.0,102.2
1471,freegame,0.1,1.0
1472,freegame,0.0,0.5
1473,freegame,0.0,15.9
1474,freegame,0.0,24.4
1475,freegame,0.2,3.2
1476,freegame,0.0,47.0
1477,freegame,0.0,60.6
1478,freegame,0.0,14.7
1479,freegame,0.0,604.0
1480,freegame,0.0,60.1
1481,freegame,0.0,59.2
1482,freegame,0.0,9.0
1483,freegame,0.0,405.3
1484,freegame,0.0,1.0
1485,freegame,0.0,26.0
1486,freegame,0.0,45.4
1487,freegame,0.0,31.1
1488,freegame,0.0,1.0
1489,freegame,0.0,4.5
1490,freegame,0.0,16.2
1491,freegame,0.0,43.2
1492,freegame,0.0,1.3
1493,freegame,0.0,403.6
1494,freegame,0.0,4.8
1495,freegame,0.0,160.6
1496,freegame,0.0,1.4
1497,freegame,0.0,186.7
1498,freegame,0.0,69.6
1499,freegame,0.0,3.0
1500,freegame,0.0,72.7
1501,freegame,0.2,16.5
1502,freegame,0.1,6.1
1503,freegame,0.0,483.9
1504,freegame,0.0,12.1
1505,freegame,0.0,315.0
1506,freegame,0.0,1.0
1507,freegame,0.0,0.3
1508,freegame,0.3,18.2
1509,freegame,0.0,13.0
1510,freegame,0.0,20.9
1511,freegame,0.1,9.3
1512,freegame,0.0,5.7
1513,freegame,0.0,15.8
1514,freegame,0.0,252.2
1515,freegame,0.0,414.2
1516,freegame,0.0,4.0
1517,freegame,0.0,1214.2
1518,freegame,0.0,20.2
1519,freegame,0.0,13.3
1520,freegame,0.0,77.0
1521,freegame,0.0,38.2
1522,freegame,0.0,4.3
1523,freegame,0.0,0.8
1524,freegame,0.0,27.1
1525,freegame,0.0,2.7
1526,freegame,0.0,3.2
1527,freegame,0.3,3.0
1528,freegame,0.0,2.7
1529,freegame,0.0,142.0
1530,freegame,0.2,50.1
1531,freegame,0.0,15.2
1532,freegame,0.0,153.4
1533,freegame,0.0,159.2
1534,freegame,0.0,48.8
1535,freegame,0.0,30.4
1536,freegame,0.0,3.4
1537,freegame,0.0,12.3
1538,freegame,0.0,106.0
1539,freegame,0.0,21.0
1540,freegame,0.0,10.0
1541,freegame,0.1,4.0
1542,freegame,0.0,1.2
1543,freegame,0.0,148.5
1544,freegame,0.0,1.2
1545,freegame,0.0,42.2
1546,freegame,0.0,2.9
1547,freegame,0.0,3.9
1548,freegame,0.0,35.2
1549,freegame,0.0,35.7
1550,freegame,0.2,6.4
1551,freegame,0.0,25.6
1552,freegame,0.0,41.4
1553,freegame,0.0,0.4
1554,freegame,0.0,6.3
1555,freegame,0.0,0.6
1556,freegame,0.0,23.4
1557,freegame,0.0,61.8
1558,freegame,0.0,3.6
1559,freegame,0.0,185.0
1560,freegame,0.0,571.2
1561,freegame,0.0,1.8
1562,freegame,0.0,46.1
1563,freegame,0.0,5000.0
1564,freegame,0.0,25.5
1565,freegame,0.0,41.8
1566,freegame,0.0,354.8
1567,freegame,0.0,29.5
1568,freegame,0.0,40.6
1569,freegame,0.0,3.5
1570,freegame,0.0,14.5
1571,freegame,0.0,34.6
1572,freegame,0.0,220.8
1573,freegame,0.0,0.9
1574,freegame,0.3,67.8
1575,freegame,0.0,37.8
1576,freegame,0.0,28.3
1577,freegame,0.0,3.0
1578,freegame,0.0,183.8
1579,freegame,0.0,61.4
1580,freegame,0.0,95.1
1581,freegame,0.0,24.2
1582,freegame,0.0,0.5
1583,freegame,0.0,394.2
1584,freegame,0.0,4.4
1585,freegame,0.1,4.0
1586,freegame,0.0,26.3
1587,freegame,0.0,13.3
1588,freegame,0.0,26.1
1589,freegame,0.0,0.3
1590,freegame,0.0,752.3
1591,freegame,0.0,3.2
1592,freegame,0.0,2.1
1593,freegame,0.0,42.8
1594,freegame,0.0,43.3
1595,freegame,0.0,47.1
1596,freegame,0.3,44.5
1597,freegame,0.0,194.0
1598,freegame,0.0,12.0
1599,freegame,0.0,2.4
1600,freegame,0.0,68.2
1601,freegame,0.0,83.1
1602,freegame,0.0,10.9
1603,freegame,0.0,3.8
1604,freegame,0.0,314.5
1605,freegame,0.0,33.8
1606,freegame,0.0,135.4
1607,freegame,0.0,3.3
1608,freegame,0.0,93.0
1609,freegame,0.0,17.1
1610,freegame,0.0,405.8
1611,freegame,0.0,101.7
1612,freegame,0.1,1.2
1613,freegame,0.0,9.1
1614,freegame,0.0,19.2
1615,freegame,0.0,6.6
1616,freegame,0.0,27.7
1617,freegame,0.0,0.3
1618,freegame,0.0,1.7
1619,freegame,0.0,60.1
1620,freegame,0.0,39.7
1621,freegame,0.0,16.3
1622,freegame,0.0,41.6
1623,freegame,0.3,31.0
1624,freegame,0.0,0.9
1625,freegame,0.0,217.0
1626,freegame,0.0,20.2
1627,freegame,0.0,0.8
1628,freegame,0.0,23.9
1629,freegame,0.0,202.1
1630,freegame,0.0,236.7
1631,freegame,0.0,3.2
1632,freegame,0.0,0.4
1633,freegame,0.0,4.5
1634,freegame,0.0,8.7
1635,freegame,0.1,7.3
1636,freegame,1.4,9.0
1637,freegame,0.0,145.4
1638,freegame,0.0,303.5
1639,freegame,0.0,41.3
1640,freegame,0.0,636.5
1641,freegame,0.0,12.2
1642,freegame,0.0,154.3
1643,freegame,0.0,3.0
1644,freegame,0.0,5.3
1645,freegame,0.0,6.0
1646,freegame,0.0,22.5
1647,freegame,0.0,23.2
1648,freegame,0.0,22.7
1649,freegame,0.0,7.2
1650,freegame,0.0,428.1
1651,freegame,0.0,6.9
1652,freegame,0.0,46.5
1653,freegame,0.0,0.2
1654,freegame,0.0,29.8
1655,freegame,0.0,74.7
1656,freegame,0.0,23.5
1657,freegame,0.0,22.4
1658,freegame,0.0,10.9
1659,freegame,0.3,16.0
1660,freegame,0.0,9.4
1661,freegame,0.0,23.4
1662,freegame,0.0,64.7
1663,freegame,0.0,113.0
1664,freegame,0.0,16.6
1665,freegame,0.0,6.2
1666,freegame,0.0,18.8
1667,freegame,0.0,1.0
1668,freegame,0.0,93.3
1669,freegame,0.0,95.7
1670,freegame,0.0,469.8
1671,freegame,0.0,2.4
1672,freegame,0.0,22.7
1673,freegame,0.0,857.5
1674,freegame,0.0,6.0
1675,freegame,0.0,29.2
1676,freegame,0.0,51.0
1677,freegame,0.1,0.2
1678,freegame,0.0,127.4
1679,freegame,0.0,11.0
1680,freegame,0.0,0.4
1681,freegame,0.0,227.4
1682,freegame,0.0,5.7
1683,freegame,0.0,71.2
1684,freegame,0.0,30.0
1685,freegame,0.0,153.2
1686,freegame,0.0,21.9
1687,freegame,0.0,45.3
1688,freegame,0.0,252.4
1689,freegame,0.2,543.6
1690,freegame,0.0,5.0
1691,freegame,0.0,2.8
1692,freegame,0.0,257.1
1693,freegame,0.0,3.0
1694,freegame,0.0,100.2
1695,freegame,0.0,10.0
1696,freegame,0.0,31.9
1697,freegame,0.0,1.2
1698,freegame,0.0,17.4
1699,freegame,0.1,87.5
1700,freegame,0.0,44.5
1701,freegame,0.0,7.3
1702,freegame,0.0,38.5
1703,freegame,0.3,2.6
1704,freegame,0.0,12.3
1705,freegame,0.0,6.9
1706,freegame,0.0,19.2
1707,freegame,0.0,277.0
1708,freegame,0.0,12.8
1709,freegame,0.0,77.0
1710,freegame,0.0,97.0
1711,freegame,0.0,24.5
1712,freegame,0.0,228.6
1713,freegame,0.0,142.2
1714,freegame,0.1,68.2
1715,freegame,0.0,3.1
1716,freegame,0.0,14.9
1717,freegame,0.0,105.6
1718,freegame,0.0,3.5
1719,freegame,1.0,6.7
1720,freegame,0.0,45.7
1721,freegame,0.0,38.4
1722,freegame,0.2,34.3
1723,freegame,0.0,9.8
1724,freegame,0.0,1.2
1725,freegame,0.0,1.9
1726,freegame,0.0,146.7
1727,freegame,1.0,325.9
1728,freegame,0.0,118.4
1729,freegame,0.0,58.3
1730,freegame,0.0,10.0
1731,freegame,0.0,0.8
1732,freegame,0.0,62.5
1733,freegame,0.0,13.8
1734,freegame,0.0,31.3
1735,freegame,0.0,12.3
1736,freegame,0.0,116.2
1737,freegame,0.0,9.3
1738,freegame,0.0,1.0
1739,freegame,0.0,23.4
1740,freegame,0.0,43.7
1741,freegame,0.0,40.5
1742,freegame,0.0,6.3
1743,freegame,0.0,60.0
1744,freegame,0.0,91.8
1745,freegame,0.3,84.3
1746,freegame,0.0,9.0
1747,freegame,0.0,1.4
1748,freegame,0.0,32.1
1749,freegame,0.0,46.0
1750,freegame,0.0,7.7
1751,freegame,0.0,81.0
1752,freegame,0.1,5.6
1753,freegame,0.0,7.8
1754,freegame,0.0,26.9
1755,freegame,0.0,76.8
1756,freegame,0.0,47.9
1757,freegame,0.1,2.7
1758,freegame,0.0,9.3
1759,freegame,0.0,16.0
1760,freegame,0.0,7.5
1761,freegame,0.0,1.8
1762,freegame,0.0,111.8
1763,freegame,0.0,20.2
1764,freegame,0.0,7.0
1765,freegame,0.0,40.3
1766,freegame,0.3,5.2
1767,freegame,0.0,28.5
1768,freegame,0.0,1079.1
1769,freegame,0.0,6.2
1770,freegame,0.0,6.8
1771,freegame,3.0,72.6
1772,freegame,0.0,198.8
1773,freegame,0.0,271.5
1774,freegame,0.0,10.1
1775,wincap,0.0,5000.0
1776,freegame,0.7,3.8
1777,freegame,0.1,103.5
1778,freegame,0.0,60.7
1779,freegame,0.0,42.7
1780,freegame,0.0,1.2
1781,freegame,0.0,22.7
1782,freegame,0.0,41.6
1783,freegame,0.0,1.9
1784,freegame,0.0,245.1
1785,freegame,0.0,7.5
1786,freegame,0.0,0.6
1787,freegame,0.0,45.0
1788,freegame,0.0,5.4
1789,freegame,0.0,0.4
1790,freegame,0.0,216.3
1791,freegame,0.0,69.4
1792,freegame,0.1,63.2
1793,freegame,0.0,182.0
1794,freegame,0.0,0.7
1795,freegame,0.0,102.2
1796,freegame,0.0,25.3
1797,freegame,0.0,12.3
1798,freegame,0.1,5.0
1799,freegame,0.3,8.8
1800,freegame,0.0,27.2
1801,freegame,0.0,19.7
1802,freegame,0.0,19.3
1803,freegame,0.0,3.4
1804,freegame,0.0,53.3
1805,freegame,0.0,1.6
1806,freegame,0.0,31.2
1807,freegame,0.0,1.2
1808,freegame,0.0,61.2
1809,freegame,0.0,38.2
1810,freegame,0.0,0.4
1811,freegame,0.0,17.0
1812,freegame,0.1,92.1
1813,freegame,0.0,42.2
1814,freegame,0.0,2.3
1815,freegame,0.0,52.1
1816,freegame,0.0,5.2
1817,freegame,0.0,0.6
1818,freegame,0.0,12.1
1819,freegame,0.0,100.1
1820,freegame,0.0,7.2
1821,freegame,0.0,49.2
1822,freegame,0.0,92.4
1823,freegame,0.0,26.9
1824,freegame,0.0,181.0
1825,freegame,0.0,217.6
1826,freegame,0.0,0.5
1827,freegame,0.0,2367.8
1828,freegame,0.0,0.4
1829,freegame,0.2,92.2
1830,freegame,0.0,18.2
1831,freegame,0.0,35.1
1832,freegame,0.0,8.8
1833,freegame,0.0,21.8
1834,freegame,0.0,123.3
1835,freegame,0.0,18.8
1836,freegame,0.0,12.7
1837,freegame,0.0,3.0
1838,freegame,0.0,437.2
1839,freegame,0.0,2736.7
1840,freegame,0.0,3.5
1841,freegame,0.0,164.3
1842,freegame,0.2,12.4
1843,freegame,0.0,30.0
1844,freegame,0.3,4.0
1845,freegame,0.0,10.4
1846,freegame,0.0,2.7
1847,freegame,0.0,1.7
1848,freegame,0.0,7.7
1849,freegame,0.0,21.9
1850,freegame,0.1,150.7
1851,freegame,0.0,5.7
1852,freegame,0.0,0.6
1853,freegame,0.0,11.5
1854,freegame,0.0,4.8
1855,freegame,0.0,22.1
1856,freegame,0.0,125.5
1857,freegame,0.0,40.7
1858,freegame,0.0,13.9
1859,freegame,0.0,22.2
1860,freegame,0.0,220.6
1861,freegame,0.0,75.9
1862,freegame,0.0,10.8
1863,freegame,0.0,84.7
1864,freegame,0.0,13.5
1865,freegame,0.0,11.0
1866,freegame,0.0,17.7
1867,freegame,0.0,1.0
1868,freegame,0.0,192.3
1869,freegame,0.0,23.2
1870,freegame,0.0,250.0
1871,freegame,0.0,34.9
1872,freegame,0.0,67.6
1873,freegame,0.0,437.0
1874,freegame,0.3,0.1
1875,freegame,0.0,8.2
1876,freegame,0.0,251.3
1877,freegame,0.0,1.5
1878,freegame,0.0,7.5
1879,freegame,0.0,55.5
1880,freegame,0.0,72.7
1881,freegame,0.0,7.5
1882,freegame,0.0,29.3
1883,freegame,0.0,17.9
1884,freegame,0.0,426.2
1885,freegame,0.0,3.3
1886,freegame,0.0,8.0
1887,freegame,2.1,33.2
1888,freegame,0.0,58.5
1889,freegame,0.0,629.2
1890,freegame,0.0,56.8
1891,freegame,0.0,14.4
1892,freegame,0.0,69.4
1893,freegame,0.0,1.6
1894,freegame,0.0,15.5
1895,freegame,0.3,5.7
1896,freegame,0.0,33.1
1897,freegame,0.0,11.6
1898,freegame,0.0,2.8
1899,freegame,0.0,5.1
1900,freegame,0.0,1.2
1901,freegame,0.0,263.0
1902,freegame,0.0,180.1
1903,freegame,0.0,20.6
1904,freegame,0.0,143.0
1905,freegame,0.0,0.5
1906,freegame,0.0,31.1
1907,freegame,0.0,16.7
1908,freegame,0.3,11.5
1909,freegame,0.0,12.6
1910,freegame,0.0,20.0
1911,freegame,0.0,9.0
1912,freegame,0.0,16.6
1913,freegame,0.0,14.0
1914,freegame,0.0,0.9
1915,freegame,0.0,179.1
1916,freegame,0.0,12.0
1917,freegame,0.0,5.4
1918,freegame,0.0,43.5
1919,freegame,0.0,3.3
1920,freegame,0.0,131.4
1921,freegame,0.1,594.3
1922,freegame,0.0,14.3
1923,freegame,0.0,10.5
1924,freegame,0.0,12.6
1925,freegame,0.0,59.3
1926,freegame,0.0,375.3
1927,freegame,0.0,260.8
1928,freegame,0.0,138.6
1929,freegame,0.0,55.2
1930,freegame,0.1,200.6
1931,freegame,0.0,1.0
1932,freegame,0.0,158.9
1933,freegame,0.0,2.2
1934,freegame,0.0,26.7
1935,freegame,0.0,30.0
1936,freegame,0.0,3.1
1937,freegame,0.0,314.2
1938,freegame,0.0,4.2
1939,freegame,3.0,9.2
1940,freegame,0.0,4.6
1941,freegame,0.0,36.3
1942,freegame,0.0,5.6
1943,freegame,0.3,3.8
1944,freegame,0.0,75.3
1945,freegame,0.0,436.1
1946,freegame,0.0,109.7
1947,freegame,0.1,4.5
1948,freegame,0.0,45.6
1949,freegame,0.0,14.4
1950,freegame,0.0,2.6
1951,freegame,0.0,669.7
1952,freegame,0.0,118.5
1953,freegame,0.0,33.0
1954,freegame,0.0,53.4
1955,freegame,0.0,231.2
1956,freegame,0.0,36.4
1957,freegame,0.0,113.5
1958,freegame,0.0,191.4
1959,freegame,0.0,15.9
1960,freegame,0.0,77.0
1961,freegame,0.0,46.8
1962,freegame,0.0,160.8
1963,freegame,0.2,25.7
1964,freegame,0.0,156.6
1965,freegame,0.0,30.2
1966,freegame,0.0,12.4
1967,freegame,0.0,49.3
1968,freegame,0.0,25.6
1969,freegame,0.1,5.0
1970,freegame,0.0,33.9
1971,freegame,0.1,6.1
1972,freegame,0.0,334.1
1973,freegame,0.3,252.0
1974,freegame,0.0,32.9
1975,freegame,0.0,5.7
1976,freegame,0.1,52.1
1977,freegame,0.0,144.1
1978,freegame,0.0,3.2
1979,freegame,0.0,1.8
1980,freegame,0.0,58.8
1981,freegame,0.0,7.5
1982,freegame,0.0,183.8
1983,freegame,0.0,12.4
1984,freegame,0.0,36.6
1985,freegame,0.0,25.9
1986,freegame,0.0,47.3
1987,freegame,0.0,46.2
1988,freegame,0.0,20.2
1989,freegame,0.0,35.6
1990,freegame,0.0,13.5
1991,freegame,0.0,13.6
1992,freegame,0.0,6.0
1993,freegame,0.0,131.4
1994,freegame,0.0,4.6
1995,freegame,0.0,25.7
1996,freegame,0.0,247.6
1997,freegame,0.0,27.8
1998,freegame,0.0,76.2
1999,freegame,0.0,305.4
2000,freegame,0.0,4098.0
2001,freegame,0.0,6.0
2002,freegame,0.0,388.6
2003,freegame,0.0,36.9
2004,freegame,0.0,74.2
2005,freegame,0.3,80.1
2006,freegame,0.0,1.2
2007,freegame,0.0,14.0
2008,freegame,0.0,6.5
2009,freegame,0.0,0.8
2010,freegame,0.0,301.3
2011,freegame,0.0,0.6
2012,freegame,0.0,2.4
2013,freegame,0.0,6.1
2014,freegame,0.0,45.5
2015,freegame,0.0,11.4
2016,freegame,0.0,103.3
2017,freegame,0.0,7.7
2018,freegame,0.1,31.1
2019,freegame,0.0,0.9
2020,freegame,0.0,47.0
2021,freegame,2.0,19.0
2022,freegame,0.0,18.3
2023,freegame,0.0,276.0
2024,freegame,0.3,4.9
2025,freegame,0.0,48.3
2026,freegame,0.0,5.8
2027,freegame,0.0,4.7
2028,freegame,0.0,1161.1
2029,freegame,0.0,235.5
2030,freegame,0.0,101.3
2031,freegame,0.0,195.0
2032,freegame,0.0,21.8
2033,freegame,0.0,106.3
2034,freegame,0.0,1096.3
2035,freegame,0.0,579.4
2036,freegame,0.0,19.7
2037,freegame,0.0,3.7
2038,freegame,0.0,25.0
2039,freegame,0.0,1.5
2040,freegame,0.0,45.9
2041,freegame,0.0,16.6
2042,freegame,0.0,1.0
2043,freegame,0.0,51.0
2044,freegame,0.0,64.3
2045,freegame,0.0,36.5
2046,freegame,0.0,32.4
2047,freegame,0.0,150.7
2048,freegame,0.0,40.5
2049,freegame,0.0,2.8
2050,freegame,0.0,10.0
2051,freegame,0.0,22.6
2052,freegame,0.0,88.0
2053,freegame,0.0,8.4
2054,freegame,0.3,22.9
2055,freegame,0.0,61.1
2056,freegame,0.0,198.4
2057,freegame,0.0,36.0
2058,freegame,0.0,9.0
2059,freegame,0.0,8.5
2060,freegame,0.0,85.3
2061,freegame,0.0,171.6
2062,freegame,0.5,6.6
2063,freegame,0.0,2.6
2064,freegame,0.0,5.0
2065,freegame,0.0,3.9
2066,freegame,0.0,21.9
2067,freegame,0.0,3.5
2068,freegame,0.0,2.6
2069,freegame,0.0,61.8
2070,freegame,0.0,2.3
2071,freegame,0.0,4.8
2072,freegame,0.0,10.3
2073,freegame,0.0,9.8
2074,freegame,0.0,22.8
2075,freegame,0.5,30.6
2076,freegame,0.0,113.8
2077,freegame,0.0,336.7
2078,freegame,0.0,81.0
2079,freegame,0.0,4.0
2080,freegame,0.0,3.2
2081,freegame,0.0,275.5
2082,freegame,0.0,18.5
2083,freegame,0.0,1.5
2084,freegame,0.3,60.2
2085,freegame,0.0,315.0
2086,freegame,0.0,112.2
2087,freegame,0.0,22.0
2088,freegame,0.1,182.1
2089,freegame,0.0,0.6
2090,freegame,0.1,0.0
2091,freegame,0.0,66.0
2092,freegame,0.0,9.0
2093,freegame,0.0,885.4
2094,freegame,0.0,23.5
2095,freegame,0.0,1.2
2096,freegame,0.0,272.4
2097,freegame,0.2,19.0
2098,freegame,0.0,15.2
2099,freegame,0.0,35.2
2100,freegame,0.3,39.2
2101,wincap,0.0,5000.0
2102,freegame,0.0,8.4
2103,freegame,0.3,142.7
2104,freegame,0.0,42.4
2105,freegame,0.0,32.5
2106,freegame,0.0,1.4
2107,freegame,0.0,2.6
2108,freegame,3.2,74.2
2109,freegame,0.0,26.8
2110,freegame,0.0,55.0
2111,freegame,0.0,2.4
2112,freegame,0.0,5.4
2113,freegame,0.0,55.2
2114,freegame,0.0,5.7
2115,freegame,0.0,96.0
2116,freegame,0.0,2.3
2117,freegame,0.0,0.4
2118,wincap,0.0,5000.0
2119,freegame,0.0,242.3
2120,freegame,0.0,6.5
2121,freegame,0.2,35.4
2122,freegame,0.0,26.2
2123,freegame,0.0,5.6
2124,freegame,0.0,10.2
2125,freegame,0.0,178.0
2126,freegame,0.0,15.2
2127,freegame,0.0,997.4
2128,freegame,0.0,1503.0
2129,freegame,0.2,302.5
2130,freegame,0.0,9.3
2131,freegame,0.1,34.2
2132,freegame,0.0,6.3
2133,freegame,0.0,117.2
2134,freegame,0.0,1.6
2135,freegame,0.0,2.3
2136,freegame,0.0,53.8
2137,freegame,0.0,14.5
2138,freegame,0.0,2.8
2139,freegame,0.0,6.0
2140,freegame,0.0,1484.2
2141,freegame,0.0,120.4
2142,freegame,0.0,61.5
2143,freegame,0.0,18.0
2144,freegame,0.0,17.4
2145,freegame,0.1,131.3
2146,freegame,0.0,18.5
2147,freegame,0.0,5.3
2148,freegame,0.0,53.9
2149,freegame,0.0,1.8
2150,freegame,0.0,2.2
2151,freegame,0.0,92.4
2152,freegame,0.0,73.4
2153,freegame,0.0,471.0
2154,freegame,0.3,4.5
2155,freegame,0.0,6.2
2156,freegame,0.0,107.1
2157,freegame,0.0,17.2
2158,freegame,0.0,180.5
2159,freegame,0.0,140.5
2160,freegame,0.0,3018.3
2161,freegame,0.1,15.0
2162,freegame,0.0,21.0
2163,freegame,0.0,23.1
2164,freegame,0.3,25.2
2165,freegame,0.0,14.1
2166,freegame,0.0,3.3
2167,freegame,0.0,144.1
2168,freegame,0.0,19.3
2169,freegame,0.0,220.2
2170,freegame,0.0,29.6
2171,freegame,0.0,63.0
2172,freegame,0.0,5.3
2173,freegame,0.0,210.2
2174,freegame,0.0,6.4
2175,freegame,0.0,7.4
2176,freegame,0.0,2.5
2177,freegame,0.0,5.6
2178,freegame,0.0,141.0
2179,freegame,0.0,2.5
2180,freegame,0.0,147.3
2181,freegame,0.0,61.8
2182,freegame,0.0,138.3
2183,freegame,0.0,0.7
2184,freegame,0.3,655.1
2185,freegame,0.7,14.1
2186,freegame,0.0,136.0
2187,freegame,0.0,2.6
2188,freegame,0.0,0.9
2189,freegame,0.0,2.1
2190,freegame,0.0,0.6
2191,freegame,0.0,20.2
2192,freegame,0.0,236.6
2193,freegame,0.0,12.5
2194,freegame,0.0,15.9
2195,freegame,0.0,10.9
2196,freegame,0.0,32.6
2197,freegame,0.0,323.3
2198,freegame,0.1,442.6
2199,freegame,0.0,26.4
2200,freegame,0.0,145.1
2201,freegame,0.0,7.8
2202,freegame,0.0,20.5
2203,freegame,0.0,173.5
2204,freegame,0.0,10.7
2205,freegame,0.0,24.3
2206,freegame,0.0,176.1
2207,freegame,0.0,16.9
2208,freegame,0.0,41.0
2209,freegame,0.0,11.6
2210,freegame,0.0,0.2
2211,freegame,0.0,6.3
2212,freegame,0.0,2.5
2213,freegame,0.0,173.7
2214,freegame,0.0,27.0
2215,freegame,0.0,0.6
2216,freegame,0.0,0.6
2217,freegame,0.0,1.5
2218,freegame,0.0,22.1
2219,freegame,0.0,34.4
2220,freegame,0.0,310.3
2221,freegame,0.0,3.6
2222,freegame,0.0,67.7
2223,freegame,0.0,308.6
2224,freegame,0.0,41.9
2225,freegame,0.0,31.4
2226,freegame,0.0,432.2
2227,freegame,0.0,1478.1
2228,freegame,0.0,10.5
2229,freegame,0.0,0.5
2230,freegame,0.0,151.7
2231,freegame,0.2,4.8
2232,freegame,0.0,1.1
2233,freegame,0.0,0.4
2234,freegame,0.0,25.3
2235,freegame,0.0,62.0
2236,freegame,0.0,336.6
2237,freegame,0.0,61.1
2238,freegame,0.0,255.2
2239,freegame,0.0,3.0
2240,freegame,0.0,5.8
2241,freegame,2.0,6.4
2242,freegame,0.0,110.0
2243,freegame,0.0,52.2
2244,wincap,0.0,5000.0
2245,freegame,0.0,154.7
2246,freegame,0.1,33.2
2247,freegame,0.0,29.2
2248,freegame,0.1,0.4
2249,freegame,0.0,2.4
2250,freegame,0.5,252.0
2251,freegame,0.0,1.1
2252,freegame,0.2,0.4
2253,freegame,0.0,85.6
2254,freegame,0.0,0.1
2255,freegame,0.0,62.7
2256,freegame,0.0,1.7
2257,freegame,0.0,41.7
2258,freegame,0.0,227.1
2259,freegame,0.0,1.1
2260,freegame,0.0,22.8
2261,freegame,0.0,181.2
2262,freegame,0.0,6.7
2263,freegame,0.0,189.7
2264,freegame,0.0,23.3
2265,freegame,0.0,1063.7
2266,freegame,0.0,86.1
2267,freegame,0.0,2.4
2268,freegame,0.0,33.6
2269,freegame,0.0,7.8
2270,freegame,0.0,28.4
2271,freegame,0.0,4.5
2272,freegame,0.1,29.3
2273,freegame,0.0,52.9
2274,freegame,0.0,235.5
2275,freegame,0.0,59.0
2276,freegame,0.0,683.3
2277,freegame,0.0,352.4
2278,freegame,0.0,2.8
2279,freegame,0.0,42.4
2280,freegame,0.0,15.8
2281,freegame,0.0,38.3
2282,freegame,0.0,3.0
2283,freegame,0.0,104.6
2284,freegame,0.0,23.8
2285,freegame,0.0,64.8
2286,freegame,0.0,102.9
2287,freegame,0.2,10.1
2288,freegame,0.0,7.9
2289,freegame,0.0,39.4
2290,freegame,0.0,1.1
2291,freegame,0.3,6.3
2292,freegame,0.0,7.8
2293,freegame,0.0,1.4
2294,freegame,0.0,64.2
2295,freegame,0.0,7.1
2296,freegame,0.0,2.5
2297,freegame,0.0,3.4
2298,freegame,0.0,489.0
2299,freegame,0.0,11.1
2300,freegame,0.0,150.2
2301,freegame,0.0,7.9
2302,freegame,0.0,1.7
2303,wincap,0.0,5000.0
2304,freegame,0.0,18.4
2305,freegame,0.0,87.9
2306,freegame,0.0,4.0
2307,freegame,0.0,0.4
2308,freegame,0.0,193.1
2309,freegame,0.0,7.5
2310,freegame,0.0,84.1
2311,freegame,0.0,88.5
2312,freegame,0.2,85.4
2313,freegame,0.0,41.8
2314,freegame,0.0,145.0
2315,freegame,0.0,7.0
2316,freegame,0.3,0.0
2317,freegame,0.0,27.4
2318,freegame,0.0,22.0
2319,freegame,0.3,10.3
2320,freegame,0.0,67.7
2321,freegame,0.0,82.0
2322,freegame,0.0,66.3
2323,freegame,0.0,1139.0
2324,freegame,0.0,1.8
2325,freegame,0.0,0.2
2326,freegame,0.0,44.1
2327,freegame,0.0,28.6
2328,freegame,0.0,21.4
2329,freegame,0.0,3.0
2330,freegame,0.0,203.7
2331,freegame,0.0,31.9
2332,freegame,0.0,255.0
2333,freegame,0.0,4.3
2334,freegame,0.1,0.6
2335,freegame,0.0,1.7
2336,freegame,0.0,17.0
2337,freegame,0.0,205.5
2338,freegame,0.0,596.0
2339,freegame,0.0,50.2
2340,wincap,0.0,5000.0
2341,freegame,0.5,0.1
2342,freegame,0.0,10.4
2343,freegame,0.0,63.4
2344,freegame,0.2,30.3
2345,freegame,0.0,82.3
2346,freegame,1.0,2949.6
2347,freegame,0.0,17.7
2348,freegame,0.0,48.9
2349,freegame,0.0,1.2
2350,freegame,0.0,0.5
2351,freegame,0.0,9.4
2352,freegame,0.0,80.2
2353,freegame,0.0,1.2
2354,freegame,0.0,0.1
2355,freegame,0.0,17.5
2356,freegame,0.0,1758.5
2357,freegame,0.0,11.6
2358,freegame,0.0,46.5
2359,freegame,0.0,2.4
2360,freegame,0.0,51.0
2361,freegame,0.0,33.3
2362,freegame,0.0,353.5
2363,freegame,0.2,93.4
2364,freegame,0.0,18.0
2365,freegame,0.0,44.4
2366,freegame,0.0,30.0
2367,freegame,0.0,71.2
2368,freegame,0.0,20.8
2369,freegame,0.0,92.5
2370,freegame,0.0,3.4
2371,freegame,0.0,9.4
2372,freegame,0.0,42.8
2373,freegame,0.0,12.8
2374,freegame,0.0,18.4
2375,freegame,0.0,23.1
2376,freegame,0.0,1.9
2377,freegame,0.0,39.1
2378,freegame,0.0,7.0
2379,freegame,0.0,34.3
2380,freegame,0.0,130.8
2381,freegame,0.0,0.6
2382,freegame,0.0,52.7
2383,freegame,0.0,51.7
2384,freegame,0.0,46.8
2385,freegame,0.0,4.5
2386,freegame,0.0,19.2
2387,freegame,0.0,21.1
2388,freegame,0.0,41.2
2389,freegame,0.0,351.0
2390,freegame,0.0,3.2
2391,freegame,0.0,5.2
2392,freegame,0.0,228.0
2393,freegame,0.0,12.0
2394,freegame,0.0,105.5
2395,freegame,0.0,0.6
2396,freegame,0.0,357.6
2397,freegame,0.0,216.7
2398,freegame,0.0,687.6
2399,freegame,0.0,142.5
2400,freegame,0.0,87.4
2401,freegame,0.0,106.4
2402,freegame,0.0,38.4
2403,freegame,0.0,10.1
2404,freegame,0.0,6.4
2405,freegame,0.0,4.3
2406,freegame,0.0,190.0
2407,freegame,0.0,11.5
2408,freegame,0.0,3.0
2409,wincap,0.0,5000.0
2410,freegame,0.1,17.8
2411,freegame,0.0,10.0
2412,freegame,0.0,9.8
2413,freegame,0.0,9.2
2414,freegame,0.0,144.3
2415,freegame,0.0,287.4
2416,freegame,0.0,0.6
2417,freegame,0.0,35.4
2418,freegame,0.2,67.5
2419,freegame,0.3,448.4
2420,freegame,0.0,6.9
2421,freegame,0.0,0.3
2422,freegame,0.0,20.8
2423,freegame,0.0,8.2
2424,freegame,0.0,247.6
2425,wincap,0.0,5000.0
2426,freegame,0.0,40.7
2427,freegame,0.0,7.0
2428,freegame,0.1,144.3
2429,freegame,0.0,3.8
2430,freegame,0.0,37.7
2431,freegame,0.0,40.9
2432,freegame,0.0,431.2
2433,freegame,0.0,3.7
2434,freegame,0.0,0.3
2435,freegame,0.0,44.0
2436,freegame,0.0,13.7
2437,freegame,0.3,4.2
2438,freegame,0.0,351.1
2439,freegame,3.0,7.1
2440,freegame,0.0,24.3
2441,freegame,0.0,63.6
2442,freegame,0.0,23.0
2443,freegame,0.0,15.5
2444,freegame,0.0,9.3
2445,freegame,0.0,526.4
2446,freegame,0.0,41.6
2447,freegame,0.0,27.6
2448,freegame,0.0,1740.7
2449,freegame,0.0,190.2
2450,freegame,0.0,16.0
2451,freegame,0.0,11.7
2452,freegame,0.0,78.3
2453,freegame,0.0,15.0
2454,freegame,0.0,14.0
2455,freegame,0.0,490.1
2456,freegame,0.1,52.2
2457,freegame,0.0,130.2
2458,freegame,0.0,2.0
2459,freegame,0.0,20.5
2460,freegame,3.0,11.0
2461,freegame,0.0,8.6
2462,wincap,0.0,5000.0
2463,freegame,0.0,17.6
2464,freegame,0.0,110.5
2465,freegame,0.0,42.4
2466,freegame,0.0,3.0
2467,freegame,0.0,45.0
2468,freegame,0.0,1.3
2469,freegame,0.0,48.2
2470,freegame,0.0,1.8
2471,freegame,0.0,87.7
2472,freegame,0.0,20.6
2473,freegame,0.0,86.9
2474,freegame,0.0,2.3
2475,freegame,0.0,10.0
2476,freegame,0.0,4.2
2477,freegame,0.0,1.1
2478,freegame,0.0,2.8
2479,freegame,0.0,0.9
2480,freegame,0.0,8.8
2481,freegame,0.0,5.5
2482,freegame,0.3,177.0
2483,freegame,0.0,544.0
2484,freegame,0.0,34.7
2485,freegame,0.3,10.5
2486,freegame,0.0,74.7
2487,freegame,0.0,36.5
2488,freegame,0.0,2.0
2489,freegame,0.0,12.3
2490,freegame,0.0,7.9
2491,freegame,0.3,78.7
2492,freegame,0.0,160.2
2493,freegame,0.0,2.1
2494,freegame,0.0,5.1
2495,freegame,0.0,51.0
2496,freegame,0.0,0.3
2497,freegame,0.0,547.8
2498,freegame,0.0,2.8
2499,freegame,0.0,9.0
2500,freegame,0.0,68.9
2501,freegame,0.0,333.7
2502,freegame,0.0,70.0
2503,freegame,0.3,41.1
2504,freegame,0.3,178.7
2505,freegame,0.0,1740.4
2506,freegame,0.0,2.8
2507,freegame,0.1,46.0
2508,freegame,0.0,85.7
2509,freegame,0.0,0.3
2510,freegame,0.3,9.2
2511,freegame,0.0,76.2
2512,freegame,0.0,0.5
2513,freegame,0.0,27.1
2514,freegame,0.0,3.9
2515,freegame,0.0,203.1
2516,freegame,0.0,4.5
2517,freegame,0.0,25.6
2518,freegame,0.0,161.7
2519,freegame,0.0,46.9
2520,freegame,0.0,36.6
2521,freegame,0.0,19.2
2522,freegame,0.0,1.1
2523,freegame,0.0,140.6
2524,freegame,0.0,10.7
2525,freegame,0.0,30.8
2526,freegame,0.0,57.0
2527,freegame,0.0,18.4
2528,freegame,0.3,367.6
2529,freegame,0.0,8.5
2530,freegame,0.0,2.0
2531,freegame,0.0,13.7
2532,freegame,0.0,1.1
2533,freegame,0.7,69.7
2534,freegame,0.0,20.3
2535,freegame,0.0,100.7
2536,freegame,0.0,53.1
2537,freegame,0.0,3.7
2538,freegame,0.0,161.9
2539,freegame,0.0,7.3
2540,freegame,0.5,29.0
2541,wincap,0.0,5000.0
2542,freegame,0.0,152.6
2543,freegame,0.1,102.0
2544,freegame,0.0,121.6
2545,freegame,0.0,159.0
2546,freegame,0.0,4.7
2547,freegame,0.0,90.6
2548,freegame,0.3,105.8
2549,freegame,0.0,391.9
2550,freegame,0.0,5.0
2551,freegame,0.0,13.4
2552,freegame,0.1,237.4
2553,freegame,0.0,2.6
2554,freegame,0.2,47.7
2555,freegame,0.0,11.7
2556,freegame,0.0,21.6
2557,freegame,0.2,4.5
2558,freegame,0.0,29.7
2559,freegame,0.0,6.1
2560,freegame,0.0,301.0
2561,freegame,0.0,130.6
2562,freegame,0.0,14.7
2563,freegame,0.0,36.2
2564,freegame,0.0,28.5
2565,freegame,0.0,31.6
2566,freegame,0.0,54.1
2567,freegame,0.0,22.3
2568,freegame,0.0,9.4
2569,freegame,0.0,8.0
2570,freegame,0.0,7.4
2571,freegame,0.0,32.0
2572,freegame,0.0,9.4
2573,freegame,0.0,12.7
2574,freegame,0.0,3.0
2575,freegame,0.0,15.2
2576,freegame,0.0,5.3
2577,freegame,0.0,74.8
2578,freegame,0.0,47.6
2579,freegame,0.0,81.2
2580,freegame,0.0,3.5
2581,freegame,0.0,195.6
2582,freegame,0.0,5.8
2583,freegame,0.0,9.3
2584,freegame,0.0,0.1
2585,freegame,0.0,186.7
2586,freegame,0.0,1.6
2587,freegame,0.0,5.7
2588,freegame,0.3,465.6
2589,freegame,0.0,0.5
2590,freegame,0.0,78.9
2591,freegame,0.0,10.0
2592,freegame,0.0,100.3
2593,freegame,0.0,2.8
2594,freegame,0.0,76.2
2595,freegame,0.0,6.9
2596,freegame,0.0,5.0
2597,freegame,0.0,51.2
2598,freegame,0.4,68.5
2599,freegame,0.0,14.6
2600,freegame,0.0,18.5
2601,freegame,0.0,2.7
2602,freegame,0.0,325.6
2603,freegame,0.0,5.3
2604,freegame,0.0,72.3
2605,freegame,0.0,187.8
2606,freegame,0.0,2.5
2607,freegame,0.0,93.0
2608,freegame,0.0,26.2
2609,freegame,0.0,621.5
2610,freegame,0.0,7.3
2611,freegame,0.0,31.6
2612,freegame,0.0,121.8
2613,freegame,0.0,15.4
2614,freegame,0.0,1.0
2615,freegame,0.0,102.0
2616,freegame,0.0,10.0
2617,freegame,0.0,93.5
2618,freegame,0.0,24.4
2619,freegame,0.0,420.0
2620,freegame,0.0,946.2
2621,freegame,0.7,60.6
2622,freegame,0.0,0.1
2623,freegame,0.0,501.2
2624,freegame,0.0,10.0
2625,freegame,0.2,14.8
2626,freegame,0.0,63.0
2627,freegame,0.0,11.8
2628,freegame,0.0,13.4
2629,freegame,0.0,205.2
2630,freegame,0.0,3.9
2631,freegame,0.0,0.7
2632,freegame,0.0,6.4
2633,freegame,0.0,31.6
2634,freegame,0.0,875.9
2635,freegame,0.0,163.7
2636,freegame,0.0,2.3
2637,freegame,0.1,227.6
2638,freegame,1.0,258.8
2639,freegame,0.0,98.8
2640,freegame,0.0,5.7
2641,freegame,0.0,3.0
2642,freegame,0.0,945.4
2643,freegame,0.0,50.5
2644,freegame,0.0,11.5
2645,freegame,0.0,2.1
2646,freegame,0.0,65.3
2647,freegame,0.0,52.4
2648,freegame,0.0,25.1
2649,freegame,0.0,131.7
2650,freegame,0.0,1206.4
2651,freegame,3.0,0.0
2652,freegame,0.0,237.5
2653,freegame,0.0,19.9
2654,freegame,0.0,20.5
2655,freegame,0.0,276.6
2656,freegame,0.0,12.5
2657,freegame,0.0,41.1
2658,freegame,0.1,5.1
2659,freegame,0.0,0.1
2660,freegame,0.0,739.5
2661,freegame,0.0,2.3
2662,freegame,0.0,3.2
2663,freegame,0.0,19.0
2664,freegame,1.0,56.2
2665,freegame,0.0,65.7
2666,freegame,0.0,6.4
2667,freegame,0.0,67.8
2668,freegame,0.0,56.0
2669,freegame,0.0,73.5
2670,freegame,0.0,36.1
2671,freegame,0.0,73.3
2672,freegame,0.0,6.5
2673,freegame,0.0,3.2
2674,freegame,0.0,11.6
2675,freegame,0.0,131.8
2676,freegame,0.0,176.3
2677,wincap,0.0,5000.0
2678,freegame,0.3,106.2
2679,freegame,0.0,30.0
2680,freegame,0.0,125.7
2681,freegame,0.0,22.8
2682,freegame,0.0,686.5
2683,freegame,0.0,3.2
2684,freegame,0.0,48.9
2685,freegame,0.0,0.5
2686,freegame,0.0,1.0
2687,freegame,0.0,2.8
2688,freegame,0.1,6.8
2689,freegame,0.0,28.6
2690,freegame,0.0,63.0
2691,freegame,0.0,21.3
2692,freegame,0.0,270.0
2693,freegame,0.0,3.2
2694,freegame,0.0,3.6
2695,freegame,0.0,613.4
2696,freegame,0.0,374.8
2697,freegame,0.0,1.2
2698,freegame,0.0,106.2
2699,freegame,0.0,23.0
2700,freegame,0.0,4.8
2701,freegame,0.0,20.5
2702,freegame,0.0,36.5
2703,freegame,0.0,16.9
2704,freegame,0.0,27.5
2705,freegame,0.0,0.6
2706,freegame,0.0,0.4
2707,freegame,0.0,16.0
2708,freegame,0.0,32.9
2709,freegame,0.0,3.3
2710,freegame,1.0,2.2
2711,freegame,0.0,66.3
2712,freegame,0.0,0.3
2713,freegame,0.0,1.2
2714,freegame,0.0,22.5
2715,freegame,0.0,29.0
2716,freegame,0.0,118.6
2717,freegame,0.0,38.6
2718,freegame,0.0,420.0
2719,freegame,0.0,0.6
2720,freegame,0.2,1.7
2721,freegame,0.0,3.0
2722,freegame,0.0,5.0
2723,freegame,0.0,12.3
2724,freegame,0.0,1.0
2725,freegame,0.0,1.4
2726,freegame,0.0,5.1
2727,freegame,0.0,3.3
2728,freegame,0.1,66.4
2729,freegame,2.0,403.3
2730,freegame,0.0,1.0
2731,freegame,0.1,17.1
2732,freegame,0.0,18.0
2733,freegame,0.0,10.8
2734,freegame,0.3,53.3
2735,freegame,0.0,192.0
2736,freegame,0.0,1.2
2737,freegame,0.0,301.0
2738,freegame,0.0,7.4
2739,freegame,0.3,0.8
2740,freegame,0.0,119.7
2741,freegame,0.3,98.6
2742,freegame,0.0,17.3
2743,freegame,0.0,1.1
2744,wincap,0.0,5000.0
2745,freegame,0.0,33.5
2746,freegame,0.0,295.7
2747,freegame,0.0,25.9
2748,freegame,0.0,0.2
2749,freegame,0.0,13.5
2750,freegame,0.0,7.9
2751,freegame,0.0,1.6
2752,freegame,0.0,16.8
2753,freegame,0.0,196.4
2754,freegame,0.0,1.8
2755,freegame,0.0,28.8
2756,freegame,0.0,2.2
2757,freegame,0.0,4.4
2758,freegame,0.0,0.5
2759,freegame,0.0,130.8
2760,freegame,0.3,83.3
2761,freegame,0.2,7.0
2762,freegame,0.3,208.2
2763,freegame,0.0,146.6
2764,freegame,0.0,43.1
2765,wincap,0.0,5000.0
2766,freegame,0.0,34.6
2767,freegame,0.1,6.5
2768,freegame,0.0,18.9
2769,freegame,0.0,38.2
2770,freegame,0.0,7.0
2771,freegame,0.0,161.2
2772,freegame,0.0,114.5
2773,freegame,0.0,62.2
2774,freegame,0.0,10.0
2775,freegame,0.0,60.0
2776,freegame,0.0,1.2
2777,freegame,0.0,50.5
2778,freegame,0.0,63.0
2779,freegame,0.0,2.1
2780,freegame,0.0,61.2
2781,freegame,0.0,87.8
2782,freegame,0.0,22.9
2783,freegame,0.0,2.7
2784,freegame,0.0,0.4
2785,freegame,0.0,15.9
2786,freegame,0.7,32.4
2787,freegame,0.0,220.7
2788,freegame,0.0,29.0
2789,freegame,0.0,2.9
2790,freegame,0.0,15.6
2791,freegame,0.0,26.2
2792,freegame,0.0,31.5
2793,freegame,0.0,23.7
2794,freegame,0.0,6.6
2795,wincap,0.0,5000.0
2796,freegame,0.2,4.0
2797,freegame,0.0,30.1
2798,freegame,0.0,15.4
2799,freegame,0.0,47.1
2800,freegame,0.0,710.7
2801,freegame,0.0,1950.5
2802,freegame,0.0,32.1
2803,freegame,0.1,1.1
2804,freegame,0.0,86.0
2805,freegame,0.0,2.6
2806,freegame,0.0,0.3
2807,freegame,0.0,65.8
2808,freegame,0.0,70.4
2809,freegame,0.0,20.4
2810,freegame,0.0,103.6
2811,freegame,0.0,1.6
2812,freegame,0.0,0.3
2813,freegame,0.0,0.8
2814,freegame,0.0,7.7
2815,freegame,0.0,3.0
2816,freegame,0.0,336.5
2817,freegame,0.0,27.7
2818,freegame,0.0,497.8
2819,freegame,0.1,2.1
2820,freegame,0.0,80.7
2821,freegame,0.0,6.3
2822,freegame,0.0,50.6
2823,freegame,0.0,26.8
2824,freegame,0.0,85.9
2825,freegame,0.0,142.0
2826,freegame,0.0,5.9
2827,freegame,0.0,27.8
2828,freegame,0.3,0.0
2829,freegame,0.0,2.0
2830,freegame,0.0,3.0
2831,freegame,0.0,14.5
2832,freegame,0.0,49.6
2833,freegame,0.0,6.2
2834,freegame,0.0,2.6
2835,freegame,0.0,134.7
2836,freegame,0.1,89.3
2837,freegame,0.0,53.7
2838,freegame,0.0,11.0
2839,freegame,0.0,14.2
2840,freegame,0.0,382.7
2841,freegame,0.0,62.7
2842,freegame,0.3,4.3
2843,freegame,0.0,132.2
2844,freegame,0.0,6.6
2845,freegame,0.0,17.8
2846,freegame,0.0,26.2
2847,freegame,0.0,3.0
2848,freegame,0.0,5.2
2849,freegame,0.0,6.3
2850,freegame,0.3,0.3
2851,freegame,0.3,678.3
2852,freegame,0.0,547.0
2853,freegame,0.0,24.1
2854,freegame,0.0,67.1
2855,freegame,0.0,3490.8
2856,freegame,0.0,22.6
2857,freegame,0.0,74.3
2858,freegame,0.0,12.6
2859,freegame,0.1,481.5
2860,freegame,0.0,10.8
2861,freegame,0.0,117.7
2862,freegame,0.0,6.6
2863,freegame,0.0,3.5
2864,freegame,0.0,5.2
2865,freegame,0.0,151.2
2866,freegame,0.0,2.7
2867,freegame,0.0,119.9
2868,freegame,0.0,2.0
2869,freegame,0.0,2.1
2870,freegame,0.1,99.5
2871,freegame,0.0,13.0
2872,freegame,0.0,151.2
2873,freegame,0.0,8.0
2874,freegame,0.0,6.1
2875,freegame,0.0,13.5
2876,wincap,0.0,5000.0
2877,freegame,0.0,10.5
2878,freegame,0.0,3.1
2879,freegame,0.0,1.5
2880,freegame,0.0,351.4
2881,freegame,0.1,290.6
2882,freegame,0.0,1485.1
2883,freegame,0.5,12.7
2884,freegame,0.0,40.6
2885,freegame,0.0,3.0
2886,freegame,0.0,22.4
2887,freegame,0.0,3.0
2888,freegame,0.0,20.5
2889,freegame,0.0,12.0
2890,freegame,0.0,49.8
2891,freegame,0.5,10.8
2892,freegame,0.0,24.2
2893,freegame,0.0,220.7
2894,freegame,0.0,107.1
2895,freegame,0.0,6.4
2896,freegame,0.0,2.0
2897,freegame,0.0,74.9
2898,freegame,1.0,0.4
2899,freegame,0.0,46.9
2900,freegame,0.0,18.8
2901,freegame,0.0,4.0
2902,freegame,0.0,88.2
2903,freegame,0.0,4.3
2904,freegame,0.0,147.2
2905,freegame,0.0,14.0
2906,freegame,0.0,142.6
2907,freegame,0.0,5.6
2908,freegame,0.0,17.1
2909,freegame,0.0,271.9
2910,freegame,0.0,1.3
2911,freegame,0.0,48.2
2912,freegame,0.0,3.3
2913,freegame,0.0,49.1
2914,freegame,3.0,72.9
2915,freegame,0.0,757.6
2916,freegame,0.0,27.2
2917,freegame,0.0,12.7
2918,freegame,0.0,4.0
2919,freegame,0.0,1.0
2920,freegame,0.0,16.0
2921,freegame,0.1,792.6
2922,freegame,0.0,38.7
2923,freegame,0.0,61.5
2924,freegame,0.0,23.5
2925,freegame,0.0,57.0
2926,freegame,0.0,0.7
2927,freegame,0.0,53.9
2928,freegame,0.0,18.6
2929,freegame,0.0,22.4
2930,freegame,0.0,6.6
2931,freegame,0.0,11.4
2932,freegame,0.0,16.9
2933,freegame,0.0,31.2
2934,freegame,0.0,20.4
2935,freegame,0.1,14.8
2936,freegame,0.0,224.4
2937,freegame,0.1,18.7
2938,freegame,0.0,104.9
2939,freegame,0.0,2.1
2940,freegame,0.0,46.9
2941,freegame,0.0,4.2
2942,freegame,0.0,879.9
2943,freegame,0.0,1.8
2944,wincap,0.0,5000.0
2945,freegame,0.0,3.2
2946,freegame,0.0,458.3
2947,freegame,0.0,51.1
2948,freegame,0.0,83.5
2949,freegame,0.0,93.5
2950,freegame,0.0,13.8
2951,freegame,0.0,6.9
2952,freegame,0.0,20.5
2953,freegame,0.0,9.0
2954,freegame,0.0,32.7
2955,freegame,0.3,2.0
2956,freegame,0.0,20.4
2957,freegame,0.0,221.0
2958,freegame,0.0,17.4
2959,freegame,0.0,29.2
2960,freegame,0.0,10.1
2961,freegame,0.2,23.5
2962,freegame,0.0,51.1
2963,freegame,0.0,58.7
2964,freegame,0.0,596.4
2965,freegame,0.0,57.4
2966,freegame,0.0,21.0
2967,freegame,0.0,11.8
2968,freegame,0.0,25.4
2969,freegame,0.0,33.5
2970,freegame,0.0,360.9
2971,freegame,0.0,89.1
2972,freegame,0.0,2.3
2973,freegame,0.0,23.0
2974,freegame,0.0,52.2
2975,freegame,0.0,1.2
2976,freegame,0.0,261.6
2977,freegame,0.0,0.3
2978,freegame,0.0,361.6
2979,freegame,0.0,2.4
2980,freegame,0.0,4.8
2981,freegame,0.0,30.5
2982,freegame,0.0,120.8
2983,freegame,0.0,15.8
2984,freegame,0.0,41.4
2985,freegame,0.0,14.8
2986,freegame,0.1,39.8
2987,freegame,0.0,41.8
2988,freegame,0.0,21.6
2989,freegame,0.1,173.2
2990,freegame,0.0,11.6
2991,freegame,0.0,32.5
2992,freegame,0.0,6.0
2993,wincap,0.0,5000.0
2994,freegame,0.0,303.0
2995,freegame,0.0,34.4
2996,wincap,0.0,5000.0
2997,freegame,0.0,9.8
2998,freegame,0.0,6.5
2999,freegame,0.0,1.2
3000,freegame,0.0,633.3
3001,freegame,0.0,316.7
3002,freegame,0.0,232.6
3003,freegame,0.0,0.7
3004,freegame,0.0,12.4
3005,freegame,0.0,7.4
3006,freegame,0.0,6.4
3007,freegame,0.0,0.6
3008,freegame,0.0,7.0
3009,freegame,5.0,15.2
3010,freegame,0.0,55.7
3011,freegame,0.1,172.5
3012,freegame,0.0,16.8
3013,freegame,0.0,10.1
3014,freegame,0.0,32.2
3015,freegame,0.0,26.9
3016,freegame,0.0,1.0
3017,freegame,0.0,1.7
3018,freegame,0.0,98.9
3019,freegame,0.0,31.3
3020,freegame,0.0,77.7
3021,freegame,0.0,103.1
3022,freegame,0.0,12.6
3023,freegame,0.0,31.5
3024,freegame,0.0,4.0
3025,freegame,0.0,13.6
3026,freegame,0.0,5.0
3027,freegame,0.0,99.2
3028,freegame,0.0,5.8
3029,freegame,0.0,40.2
3030,freegame,0.0,69.0
3031,freegame,0.0,51.1
3032,freegame,1.0,3.3
3033,freegame,0.0,0.6
3034,freegame,0.0,15.9
3035,freegame,0.0,0.4
3036,freegame,0.0,113.9
3037,freegame,0.0,10.8
3038,freegame,0.3,25.9
3039,freegame,0.1,41.1
3040,freegame,0.0,40.0
3041,freegame,0.0,65.0
3042,freegame,0.0,5.9
3043,freegame,0.0,243.2
3044,freegame,0.0,25.5
3045,freegame,0.0,19.4
3046,freegame,0.0,14.5
3047,freegame,0.0,18.6
3048,freegame,0.0,34.1
3049,freegame,0.0,14.0
3050,freegame,0.0,6.4
3051,freegame,0.0,26.3
3052,freegame,0.0,3.2
3053,freegame,0.0,51.0
3054,freegame,0.0,221.9
3055,freegame,0.0,2.5
3056,freegame,0.1,32.5
3057,freegame,0.0,4.2
3058,freegame,0.0,22.0
3059,freegame,0.0,11.8
3060,freegame,0.0,43.1
3061,freegame,0.0,36.7
3062,freegame,0.0,7.6
3063,freegame,0.0,0.2
3064,freegame,0.0,2.3
3065,freegame,0.0,23.9
3066,freegame,0.0,8.9
3067,freegame,0.2,6.2
3068,freegame,0.0,120.6
3069,freegame,0.0,0.3
3070,freegame,0.0,3.4
3071,freegame,0.0,15.1
3072,freegame,0.0,8.0
3073,freegame,0.0,4.3
3074,freegame,0.0,20.1
3075,freegame,0.0,9.4
3076,freegame,0.0,6.2
3077,freegame,0.0,22.3
3078,freegame,0.0,245.7
3079,freegame,0.0,11.4
3080,freegame,0.0,4.0
3081,freegame,0.0,97.3
3082,freegame,0.0,4.0
3083,freegame,0.0,106.8
3084,freegame,0.0,3.0
3085,wincap,0.1,5000.0
3086,freegame,0.1,29.3
3087,freegame,0.0,11.5
3088,freegame,0.0,1.4
3089,freegame,0.0,101.7
3090,freegame,0.0,2.6
3091,freegame,0.0,2.3
3092,freegame,0.0,1.7
3093,freegame,0.0,1.0
3094,freegame,0.0,7.8
3095,freegame,0.0,13.7
3096,freegame,0.0,0.5
3097,freegame,0.0,11.5
3098,freegame,0.0,27.6
3099,freegame,0.0,126.0
3100,freegame,0.0,74.3
3101,freegame,0.0,2.3
3102,freegame,0.0,10.2
3103,freegame,0.0,22.0
3104,freegame,0.1,1.6
3105,freegame,0.0,42.0
3106,freegame,0.0,11.5
3107,freegame,1.0,1.1
3108,freegame,0.0,26.5
3109,freegame,0.0,201.6
3110,freegame,0.0,392.1
3111,freegame,0.0,4.0
3112,freegame,0.0,21.9
3113,freegame,0.8,0.3
3114,freegame,0.0,218.9
3115,freegame,0.0,715.2
3116,freegame,0.0,2.7
3117,freegame,0.0,1246.9
3118,freegame,0.1,61.4
3119,freegame,0.0,66.6
3120,freegame,0.0,10.7
3121,freegame,0.2,4.0
3122,freegame,0.0,526.1
3123,freegame,0.0,5.5
3124,freegame,0.0,5.0
3125,freegame,0.4,12.0
3126,freegame,0.0,3.9
3127,freegame,0.0,6.0
3128,freegame,0.3,3.0
3129,freegame,0.0,16.9
3130,freegame,0.0,2.8
3131,freegame,0.0,96.4
3132,freegame,0.1,9.8
3133,freegame,0.0,198.1
3134,freegame,0.0,25.6
3135,freegame,0.0,157.8
3136,freegame,0.0,28.7
3137,freegame,0.0,193.8
3138,freegame,0.0,9.0
3139,freegame,0.0,7.0
3140,freegame,0.0,28.2
3141,freegame,0.0,102.5
3142,freegame,0.0,231.3
3143,freegame,0.0,11.2
3144,freegame,0.0,112.0
3145,freegame,0.0,9.2
3146,freegame,0.0,8.2
3147,freegame,0.0,4.9
3148,freegame,0.3,314.2
3149,freegame,0.0,223.4
3150,freegame,0.0,185.3
3151,freegame,0.0,20.0
3152,freegame,0.0,3.0
3153,freegame,0.0,2.4
3154,freegame,0.0,145.7
3155,freegame,0.0,27.8
3156,freegame,0.0,6.7
3157,freegame,0.0,76.2
3158,freegame,0.4,19.0
3159,freegame,0.0,194.9
3160,freegame,0.0,40.6
3161,freegame,0.0,280.0
3162,freegame,0.0,5.6
3163,freegame,0.0,7.4
3164,wincap,0.0,5000.0
3165,freegame,0.2,30.1
3166,freegame,0.0,10.7
3167,freegame,0.0,10.6
3168,freegame,0.0,7.5
3169,freegame,0.0,23.2
3170,freegame,3.2,4.8
3171,freegame,3.0,599.6
3172,freegame,0.0,4.2
3173,freegame,0.0,57.9
3174,freegame,0.0,32.2
3175,freegame,0.0,16.3
3176,freegame,0.0,13.5
3177,freegame,0.0,21.7
3178,freegame,0.0,124.3
3179,freegame,0.0,103.2
3180,freegame,0.0,31.3
3181,freegame,0.0,1.1
3182,freegame,0.0,24.6
3183,freegame,0.0,4.0
3184,freegame,0.0,44.0
3185,freegame,0.0,3.4
3186,freegame,0.0,55.8
3187,freegame,0.0,9.6
3188,freegame,0.0,70.1
3189,freegame,0.0,99.6
3190,freegame,6.0,26.3
3191,freegame,0.0,0.9
3192,freegame,0.0,20.6
3193,freegame,0.0,34.4
3194,freegame,0.0,23.0
3195,freegame,0.0,17.8
3196,freegame,0.0,25.2
3197,freegame,0.0,36.4
3198,freegame,0.0,86.2
3199,freegame,0.0,296.1
3200,freegame,0.0,107.1
3201,freegame,0.0,111.6
3202,freegame,0.1,12.4
3203,freegame,0.0,18.5
3204,freegame,0.0,117.4
3205,freegame,0.0,515.4
3206,freegame,0.0,16.3
3207,freegame,0.0,95.3
3208,freegame,0.0,67.2
3209,freegame,0.0,16.9
3210,freegame,0.0,15.4
3211,freegame,0.0,168.3
3212,freegame,0.0,0.9
3213,freegame,3.0,8.8
3214,freegame,0.0,20.9
3215,freegame,0.3,7.7
3216,freegame,0.0,79.2
3217,freegame,0.0,3.3
3218,freegame,0.0,1389.8
3219,freegame,0.2,23.6
3220,freegame,0.0,176.5
3221,freegame,0.0,416.0
3222,freegame,0.0,123.4
3223,freegame,0.0,54.3
3224,freegame,0.0,119.3
3225,freegame,0.1,7.6
3226,freegame,0.0,22.2
3227,freegame,0.0,2.8
3228,freegame,0.0,113.4
3229,freegame,0.0,68.6
3230,freegame,0.0,38.6
3231,freegame,0.0,63.8
3232,freegame,0.0,29.2
3233,freegame,0.0,35.8
3234,freegame,0.0,2.8
3235,freegame,0.0,30.9
3236,freegame,0.0,69.9
3237,freegame,0.0,165.5
3238,freegame,0.0,511.8
3239,freegame,0.0,42.2
3240,freegame,0.0,71.9
3241,freegame,0.5,95.5
3242,freegame,0.0,20.9
3243,freegame,0.0,46.8
3244,freegame,0.0,0.6
3245,freegame,0.1,61.5
3246,freegame,0.0,19.4
3247,freegame,0.0,47.6
3248,freegame,0.1,22.2
3249,freegame,0.0,4.8
3250,freegame,0.0,397.2
3251,freegame,0.0,76.6
3252,freegame,0.3,7.3
3253,freegame,0.0,133.9
3254,freegame,0.0,1.3
3255,freegame,0.0,11.8
3256,freegame,0.0,52.7
3257,freegame,0.0,132.9
3258,freegame,0.0,7.0
3259,freegame,0.0,133.3
3260,freegame,0.0,6.5
3261,freegame,0.0,8.5
3262,freegame,0.1,83.3
3263,freegame,0.0,28.5
3264,freegame,0.0,71.5
3265,freegame,0.0,272.2
3266,freegame,0.0,191.1
3267,freegame,0.0,240.9
3268,freegame,0.0,15.1
3269,freegame,0.0,8.1
3270,freegame,0.0,102.4
3271,freegame,0.0,200.0
3272,freegame,0.0,687.3
3273,freegame,0.0,202.4
3274,freegame,0.0,9.0
3275,freegame,0.0,25.8
3276,freegame,0.0,8.2
3277,freegame,0.0,28.5
3278,freegame,0.0,97.4
3279,freegame,0.0,70.0
3280,freegame,0.0,5.3
3281,freegame,0.5,78.5
3282,freegame,0.1,58.6
3283,freegame,0.0,2.4
3284,freegame,0.0,3.7
3285,freegame,0.0,292.8
3286,freegame,0.3,275.3
3287,freegame,0.0,21.8
3288,freegame,0.0,11.6
3289,freegame,0.0,55.6
3290,freegame,0.0,94.8
3291,freegame,0.0,78.3
3292,freegame,0.0,22.4
3293,freegame,0.3,0.0
3294,freegame,0.3,2.2
3295,freegame,0.0,66.0
3296,freegame,0.0,5.1
3297,freegame,0.0,4.4
3298,freegame,0.0,20.2
3299,freegame,0.0,13.8
3300,freegame,0.0,21.3
3301,freegame,0.0,33.7
3302,freegame,0.0,8.9
3303,freegame,0.0,23.5
3304,freegame,0.0,2.7
3305,freegame,0.0,73.4
3306,freegame,0.0,67.6
3307,freegame,0.0,13.9
3308,freegame,0.0,45.8
3309,freegame,0.0,32.3
3310,freegame,0.1,75.6
3311,freegame,0.0,41.7
3312,freegame,0.0,4.4
3313,freegame,0.0,15.7
3314,freegame,0.0,43.8
3315,freegame,0.0,210.0
3316,freegame,0.0,174.2
3317,freegame,0.0,252.1
3318,freegame,0.0,8.3
3319,freegame,0.0,110.6
3320,wincap,0.0,5000.0
3321,freegame,0.0,2.2
3322,freegame,0.3,27.3
3323,freegame,0.0,75.8
3324,freegame,0.0,69.8
3325,freegame,0.0,4.5
3326,freegame,0.0,581.0
3327,freegame,0.0,14.2
3328,freegame,0.1,101.1
3329,freegame,0.4,2.5
3330,freegame,0.0,1471.1
3331,freegame,0.0,5.3
3332,freegame,0.0,12.3
3333,freegame,0.0,52.9
3334,freegame,0.0,0.1
3335,freegame,0.0,1.0
3336,freegame,0.1,255.8
3337,freegame,0.0,245.9
3338,freegame,0.0,6.0
3339,freegame,0.0,44.7
3340,freegame,0.0,0.6
3341,freegame,0.0,11.4
3342,freegame,0.0,22.1
3343,freegame,0.0,83.6
3344,freegame,0.0,19.7
3345,freegame,0.0,3.1
3346,freegame,0.0,6.9
3347,freegame,0.0,51.2
3348,freegame,0.0,11.3
3349,freegame,0.0,130.0
3350,freegame,0.0,12.0
3351,freegame,0.0,48.6
3352,freegame,0.0,36.7
3353,freegame,0.0,1.2
3354,freegame,0.0,14.4
3355,freegame,0.0,0.8
3356,freegame,0.0,49.1
3357,freegame,0.0,126.0
3358,freegame,0.5,81.3
3359,wincap,0.0,5000.0
3360,freegame,0.0,3.6
3361,freegame,0.1,1.6
3362,freegame,0.0,114.0
3363,freegame,0.0,4.6
3364,freegame,0.0,123.8
3365,freegame,0.2,192.6
3366,freegame,0.0,11.8
3367,freegame,0.0,16.3
3368,freegame,0.3,1246.1
3369,freegame,0.0,4.5
3370,freegame,0.0,88.2
3371,freegame,0.0,27.9
3372,freegame,0.1,296.0
3373,freegame,0.0,0.3
3374,freegame,0.3,5.1
3375,freegame,0.0,196.3
3376,freegame,0.0,40.0
3377,freegame,0.1,71.6
3378,freegame,0.0,118.1
3379,freegame,0.0,9.2
3380,freegame,0.2,160.4
3381,freegame,0.0,3.5
3382,freegame,0.0,24.1
3383,freegame,0.0,1.1
3384,freegame,0.0,18.3
3385,freegame,0.0,13.7
3386,freegame,0.0,406.0
3387,freegame,0.0,33.9
3388,freegame,0.0,25.0
3389,freegame,0.3,11.6
3390,freegame,0.0,4.2
3391,wincap,0.0,5000.0
3392,freegame,0.0,9.9
3393,freegame,0.0,52.8
3394,freegame,0.0,7.5
3395,freegame,0.0,75.8
3396,freegame,0.0,37.8
3397,freegame,0.1,15.8
3398,freegame,0.0,35.3
3399,freegame,0.0,30.6
3400,freegame,0.0,24.1
3401,freegame,0.0,26.3
3402,freegame,0.0,1.7
3403,freegame,0.0,130.0
3404,freegame,0.5,178.8
3405,freegame,20.0,3.2
3406,freegame,0.0,94.6
3407,freegame,0.0,25.0
3408,freegame,0.0,76.0
3409,freegame,0.0,14.6
3410,freegame,0.0,14.6
3411,freegame,0.0,1.9
3412,freegame,0.0,13.5
3413,freegame,0.0,1.3
3414,freegame,0.0,71.1
3415,freegame,0.0,53.7
3416,freegame,0.3,12.0
3417,freegame,0.0,75.4
3418,freegame,1.0,0.0
3419,freegame,0.0,54.3
3420,freegame,0.3,4.4
3421,freegame,0.0,11.9
3422,freegame,0.0,23.5
3423,freegame,0.0,30.3
3424,freegame,0.1,0.0
3425,freegame,0.0,21.2
3426,freegame,0.0,148.7
3427,freegame,0.0,446.1
3428,freegame,0.0,23.4
3429,freegame,0.0,5.4
3430,freegame,0.2,3.8
3431,freegame,0.0,7.6
3432,freegame,0.0,55.5
3433,freegame,0.0,0.5
3434,freegame,0.0,150.3
3435,freegame,0.0,33.2
3436,freegame,0.0,34.1
3437,freegame,0.0,8.6
3438,freegame,0.0,61.7
3439,freegame,0.0,197.6
3440,freegame,0.0,0.5
3441,freegame,0.0,83.8
3442,freegame,0.0,13.6
3443,freegame,0.0,24.0
3444,freegame,0.0,206.5
3445,freegame,0.0,31.7
3446,freegame,0.0,2.2
3447,freegame,0.0,211.6
3448,freegame,0.0,158.0
3449,freegame,0.0,3.6
3450,freegame,0.0,6.0
3451,freegame,0.0,127.1
3452,freegame,0.5,19.9
3453,freegame,0.0,24.5
3454,freegame,0.0,62.0
3455,freegame,0.0,96.8
3456,freegame,0.0,10.9
3457,freegame,0.0,29.4
3458,freegame,0.0,1.4
3459,freegame,0.0,1.9
3460,freegame,0.0,10.8
3461,freegame,0.0,28.3
3462,freegame,0.0,175.7
3463,freegame,0.0,54.7
3464,freegame,0.0,50.2
3465,freegame,0.0,6.5
3466,freegame,0.0,143.1
3467,freegame,0.0,14.5
3468,freegame,0.0,43.1
3469,freegame,0.1,3.9
3470,freegame,0.0,0.5
3471,freegame,0.0,186.2
3472,freegame,0.0,26.6
3473,freegame,0.0,101.2
3474,freegame,0.0,1.6
3475,freegame,0.0,143.4
3476,freegame,0.2,1107.4
3477,freegame,0.0,9.7
3478,freegame,0.0,152.8
3479,freegame,0.0,0.6
3480,freegame,0.0,14.6
3481,freegame,0.0,10.6
3482,freegame,0.0,12.9
3483,freegame,0.0,0.1
3484,freegame,0.0,1.2
3485,freegame,0.0,5.6
3486,freegame,0.0,20.7
3487,freegame,0.0,15.0
3488,freegame,0.0,94.7
3489,freegame,0.0,14.7
3490,freegame,0.0,18.0
3491,freegame,0.0,16.4
3492,freegame,0.2,2.3
3493,freegame,0.0,180.0
3494,freegame,0.0,13.2
3495,freegame,0.0,100.6
3496,freegame,0.0,5.0
3497,freegame,0.0,217.8
3498,freegame,0.0,466.0
3499,freegame,0.0,21.7
3500,freegame,0.2,32.0
3501,freegame,0.0,26.1
3502,freegame,0.0,14.5
3503,freegame,0.0,626.3
3504,freegame,0.2,77.3
3505,freegame,0.0,6.1
3506,freegame,0.0,14.0
3507,freegame,0.0,485.0
3508,freegame,0.0,2.9
3509,freegame,0.0,0.7
3510,freegame,0.0,118.3
3511,freegame,0.0,4.5
3512,freegame,0.0,13.4
3513,freegame,0.1,97.3
3514,freegame,0.0,7.5
3515,freegame,0.0,15.4
3516,freegame,0.0,4.8
3517,freegame,0.2,1.6
3518,freegame,0.0,4.6
3519,freegame,0.0,13.1
3520,freegame,0.0,159.9
3521,freegame,0.0,110.4
3522,wincap,0.0,5000.0
3523,freegame,0.0,0.6
3524,freegame,0.0,18.1
3525,freegame,0.0,3.2
3526,freegame,0.0,8.5
3527,freegame,0.0,12.0
3528,freegame,0.0,6.0
3529,freegame,0.0,167.2
3530,freegame,0.0,1.5
3531,freegame,0.0,120.2
3532,freegame,0.0,26.8
3533,wincap,0.0,5000.0
3534,freegame,0.0,40.9
3535,freegame,0.0,21.9
3536,freegame,0.0,77.5
3537,freegame,0.0,6.2
3538,freegame,0.0,69.1
3539,freegame,0.0,105.4
3540,freegame,0.0,18.6
3541,freegame,0.0,2.2
3542,freegame,0.0,0.3
3543,freegame,0.0,46.6
3544,freegame,0.0,1.2
3545,freegame,0.0,6.9
3546,freegame,0.0,17.6
3547,freegame,0.0,0.5
3548,freegame,0.0,6.9
3549,freegame,0.0,10.0
3550,freegame,0.0,480.2
3551,freegame,0.0,2.1
3552,freegame,0.0,310.2
3553,freegame,0.0,293.1
3554,freegame,0.0,74.2
3555,freegame,0.0,39.7
3556,freegame,0.0,19.7
3557,freegame,0.0,106.2
3558,freegame,0.0,44.8
3559,freegame,0.0,83.4
3560,freegame,0.0,12.0
3561,freegame,0.0,56.0
3562,freegame,0.0,1.5
3563,freegame,0.0,28.6
3564,freegame,0.0,8.2
3565,freegame,0.0,1.5
3566,freegame,0.0,118.1
3567,freegame,0.2,12.7
3568,freegame,0.0,26.7
3569,freegame,0.0,20.9
3570,freegame,0.0,305.3
3571,freegame,0.0,38.2
3572,freegame,0.0,29.9
3573,freegame,0.0,64.0
3574,freegame,0.0,186.6
3575,freegame,0.0,29.1
3576,freegame,0.0,56.3
3577,freegame,0.0,6.6
3578,freegame,0.0,12.8
3579,freegame,0.0,7.7
3580,freegame,0.0,4.5
3581,freegame,0.0,155.2
3582,freegame,0.0,4.3
3583,freegame,0.0,107.2
3584,freegame,0.0,31.6
3585,freegame,0.0,202.0
3586,freegame,0.0,347.4
3587,freegame,0.0,17.9
3588,freegame,0.0,6.3
3589,freegame,0.0,536.9
3590,freegame,0.3,181.7
3591,freegame,0.0,1969.1
3592,freegame,0.0,27.7
3593,freegame,0.0,10.2
3594,freegame,0.0,0.7
3595,freegame,0.0,3.0
3596,freegame,0.0,6.1
3597,freegame,0.2,11.0
3598,freegame,0.3,92.1
3599,freegame,0.2,1087.3
3600,freegame,0.0,40.0
3601,freegame,0.0,144.3
3602,freegame,0.0,0.2
3603,freegame,0.0,388.3
3604,freegame,0.0,13.4
3605,freegame,0.0,0.4
3606,freegame,0.0,3.8
3607,freegame,0.0,23.0
3608,freegame,0.0,4.9
3609,freegame,0.0,36.2
3610,freegame,0.0,6.2
3611,freegame,0.0,11.9
3612,freegame,0.0,6.5
3613,freegame,0.2,13.5
3614,freegame,0.0,3.5
3615,freegame,0.0,54.0
3616,freegame,0.0,45.4
3617,freegame,0.0,1.6
3618,freegame,0.0,12.6
3619,freegame,0.0,489.8
3620,freegame,0.0,0.7
3621,freegame,0.0,122.4
3622,freegame,0.0,23.4
3623,freegame,0.0,220.0
3624,freegame,0.0,60.6
3625,freegame,0.2,1.4
3626,freegame,0.0,461.9
3627,freegame,0.0,25.5
3628,freegame,0.0,719.6
3629,freegame,0.0,106.7
3630,freegame,0.0,236.4
3631,freegame,0.0,6.7
3632,freegame,0.0,47.1
3633,freegame,0.0,9.4
3634,wincap,0.0,5000.0
3635,freegame,0.0,1.3
3636,freegame,0.0,48.3
3637,freegame,0.0,44.0
3638,freegame,0.0,23.4
3639,freegame,0.0,0.6
3640,freegame,0.0,28.9
3641,freegame,0.0,0.8
3642,freegame,0.0,276.8
3643,freegame,0.0,2.0
3644,freegame,0.0,4.8
3645,freegame,0.0,0.9
3646,freegame,0.0,520.3
3647,freegame,0.0,10.4
3648,wincap,0.3,5000.0
3649,freegame,0.0,9.0
3650,freegame,0.0,89.7
3651,freegame,0.0,468.1
3652,freegame,0.0,222.7
3653,freegame,0.0,83.9
3654,freegame,0.0,39.7
3655,freegame,0.0,2.7
3656,freegame,0.0,24.9
3657,freegame,0.0,10.0
3658,freegame,0.0,1.5
3659,freegame,0.0,22.5
3660,freegame,0.0,451.9
3661,freegame,0.0,4.9
3662,freegame,0.0,22.5
3663,freegame,0.0,13.4
3664,freegame,0.2,4.5
3665,freegame,0.0,5.1
3666,freegame,0.0,247.5
3667,freegame,0.0,20.0
3668,freegame,2.0,3.6
3669,freegame,0.0,0.6
3670,freegame,0.1,5.4
3671,freegame,0.0,21.7
3672,freegame,0.0,120.7
3673,freegame,0.0,29.8
3674,freegame,0.0,41.5
3675,freegame,0.0,10.1
3676,freegame,0.1,2.6
3677,freegame,0.0,12.3
3678,freegame,0.0,58.4
3679,freegame,0.0,44.6
3680,freegame,0.0,10.6
3681,freegame,0.0,189.4
3682,freegame,0.0,60.0
3683,freegame,0.0,11.3
3684,freegame,0.0,1.4
3685,freegame,0.0,26.9
3686,freegame,0.0,242.0
3687,freegame,0.0,140.0
3688,freegame,0.0,1.1
3689,freegame,0.0,0.7
3690,freegame,0.0,25.7
3691,freegame,0.0,65.8
3692,freegame,0.0,256.6
3693,freegame,0.0,0.3
3694,freegame,0.0,51.7
3695,freegame,0.0,203.5
3696,freegame,0.0,0.5
3697,freegame,0.3,76.6
3698,freegame,0.0,0.2
3699,freegame,0.0,10.5
3700,freegame,0.0,66.1
3701,freegame,0.3,309.3
3702,freegame,0.0,39.5
3703,freegame,0.3,83.7
3704,freegame,0.0,33.7
3705,freegame,0.0,10.0
3706,freegame,0.0,1.3
3707,freegame,0.0,1312.3
3708,freegame,0.0,61.5
3709,wincap,0.0,5000.0
3710,freegame,0.1,796.7
3711,freegame,0.0,0.7
3712,freegame,0.0,4.0
3713,freegame,0.0,306.7
3714,freegame,0.0,47.0
3715,freegame,0.0,3.2
3716,freegame,0.0,1.8
3717,freegame,0.0,408.2
3718,freegame,0.0,20.0
3719,freegame,0.0,52.6
3720,freegame,0.3,87.6
3721,freegame,0.0,2.2
3722,freegame,0.0,735.2
3723,freegame,0.0,65.8
3724,freegame,0.0,8.8
3725,freegame,0.0,544.6
3726,freegame,0.0,24.7
3727,freegame,0.0,12.7
3728,freegame,0.0,4.3
3729,freegame,0.0,112.0
3730,freegame,0.0,2.1
3731,freegame,0.0,79.8
3732,freegame,0.0,26.7
3733,freegame,0.0,2052.0
3734,freegame,0.0,24.5
3735,freegame,0.0,5.2
3736,freegame,0.0,21.6
3737,freegame,0.3,184.5
3738,freegame,0.0,1.2
3739,freegame,0.0,69.6
3740,freegame,0.0,7.6
3741,freegame,0.0,4.8
3742,freegame,0.0,4.4
3743,freegame,0.0,148.3
3744,wincap,0.0,5000.0
3745,freegame,0.0,1449.7
3746,freegame,0.0,17.3
3747,freegame,0.0,17.5
3748,freegame,0.1,10.1
3749,freegame,0.0,0.7
3750,freegame,0.0,197.3
3751,freegame,0.0,2.5
3752,freegame,0.0,16.8
3753,freegame,0.0,235.5
3754,freegame,0.0,60.6
3755,freegame,0.0,257.8
3756,freegame,0.0,215.9
3757,freegame,0.0,578.5
3758,freegame,0.0,350.6
3759,freegame,0.0,20.0
3760,freegame,0.0,5.6
3761,freegame,0.0,83.0
3762,freegame,0.0,6.3
3763,freegame,0.0,150.9
3764,freegame,0.0,3.5
3765,freegame,0.0,805.5
3766,freegame,0.0,3.0
3767,freegame,0.0,55.0
3768,freegame,0.0,31.3
3769,freegame,0.2,4.4
3770,freegame,0.0,28.0
3771,freegame,0.0,50.6
3772,freegame,0.0,13.3
3773,freegame,0.0,10.4
3774,wincap,0.0,5000.0
3775,freegame,0.0,45.5
3776,freegame,5.0,5.7
3777,freegame,0.0,9.8
3778,freegame,0.0,8.6
3779,freegame,0.0,134.7
3780,freegame,0.0,41.3
3781,freegame,0.0,107.0
3782,freegame,0.0,34.9
3783,freegame,0.0,21.2
3784,freegame,0.0,90.0
3785,freegame,0.0,26.4
3786,freegame,0.0,52.0
3787,freegame,0.0,29.4
3788,freegame,0.0,113.3
3789,freegame,0.0,36.3
3790,freegame,0.0,243.3
3791,freegame,0.0,4.2
3792,freegame,0.0,33.5
3793,freegame,0.0,24.2
3794,freegame,0.0,20.9
3795,freegame,0.0,55.6
3796,freegame,0.0,35.9
3797,freegame,0.0,129.7
3798,freegame,0.0,121.0
3799,freegame,0.0,1.0
3800,freegame,0.2,0.6
3801,freegame,0.0,100.0
3802,freegame,0.0,37.0
3803,freegame,0.0,218.6
3804,freegame,0.0,60.7
3805,freegame,0.0,16.2
3806,freegame,0.0,19.6
3807,freegame,0.3,85.2
3808,freegame,0.0,132.1
3809,freegame,0.0,106.5
3810,freegame,0.1,100.6
3811,freegame,0.0,1.2
3812,freegame,0.0,24.0
3813,freegame,0.0,396.0
3814,freegame,0.0,514.0
3815,freegame,0.0,10.4
3816,freegame,0.0,3.4
3817,freegame,0.0,130.5
3818,wincap,0.0,5000.0
3819,freegame,0.0,9.5
3820,freegame,0.0,64.9
3821,freegame,0.0,6.6
3822,freegame,0.3,4.0
3823,freegame,0.5,201.2
3824,freegame,0.7,224.7
3825,freegame,0.0,32.1
3826,freegame,0.0,22.4
3827,freegame,0.0,65.5
3828,freegame,0.0,250.3
3829,freegame,0.0,39.1
3830,freegame,0.0,4.5
3831,freegame,0.0,23.6
3832,freegame,0.0,12.0
3833,freegame,0.3,154.6
3834,freegame,0.0,11.8
3835,freegame,0.0,451.9
3836,freegame,0.0,1.8
3837,freegame,0.0,1.4
3838,freegame,0.0,1.4
3839,freegame,0.0,21.9
3840,freegame,0.0,45.7
3841,freegame,0.0,9.5
3842,freegame,0.3,13.1
3843,freegame,0.7,3.1
3844,freegame,0.0,161.3
3845,freegame,0.0,166.9
3846,freegame,0.0,7.5
3847,freegame,0.0,241.9
3848,freegame,0.0,6.9
3849,freegame,0.0,9.8
3850,freegame,0.0,203.9
3851,freegame,0.0,115.5
3852,freegame,0.0,16.5
3853,freegame,0.0,11.4
3854,freegame,0.0,67.1
3855,freegame,0.0,1.3
3856,freegame,0.0,9.0
3857,freegame,0.0,14.7
3858,freegame,0.0,97.4
3859,freegame,0.0,203.4
3860,freegame,0.0,0.2
3861,freegame,0.0,473.6
3862,freegame,0.0,151.0
3863,freegame,0.0,30.1
3864,freegame,0.0,1.8
3865,freegame,0.0,24.3
3866,freegame,0.0,10.3
3867,freegame,0.0,1.2
3868,freegame,0.0,110.2
3869,freegame,0.4,27.6
3870,freegame,0.0,5.1
3871,freegame,0.0,3.0
3872,freegame,0.0,0.5
3873,freegame,0.2,120.5
3874,freegame,0.0,349.3
3875,freegame,0.0,12.4
3876,freegame,0.0,59.8
3877,freegame,0.2,8.6
3878,freegame,0.0,40.8
3879,freegame,0.0,28.6
3880,freegame,0.0,28.3
3881,freegame,0.0,268.8
3882,freegame,0.0,8.8
3883,freegame,0.0,46.8
3884,freegame,0.3,13.1
3885,freegame,0.0,9.8
3886,freegame,0.0,36.5
3887,freegame,0.0,112.1
3888,freegame,0.0,4.3
3889,freegame,0.0,212.0
3890,freegame,0.3,2.2
3891,freegame,0.0,35.7
3892,freegame,0.0,147.2
3893,freegame,0.0,2.3
3894,freegame,0.0,33.0
3895,freegame,0.0,76.1
3896,freegame,0.0,2.7
3897,wincap,0.0,5000.0
3898,freegame,0.0,12.8
3899,freegame,0.0,25.5
3900,freegame,0.3,224.4
3901,freegame,0.0,3.5
3902,freegame,0.0,11.9
3903,wincap,0.0,5000.0
3904,freegame,0.0,0.7
3905,freegame,0.5,3.5
3906,freegame,0.0,412.3
3907,freegame,0.0,90.8
3908,freegame,0.0,9.3
3909,freegame,0.0,35.1
3910,freegame,0.0,6.6
3911,freegame,0.7,7.9
3912,freegame,0.0,6.7
3913,freegame,0.0,23.5
3914,freegame,0.0,516.6
3915,freegame,0.0,239.5
3916,freegame,0.0,51.9
3917,freegame,0.0,4.1
3918,freegame,0.0,0.7
3919,freegame,0.0,57.2
3920,freegame,0.0,3.2
3921,freegame,0.1,16.9
3922,freegame,0.0,34.7
3923,wincap,0.1,5000.0
3924,freegame,0.0,216.1
3925,freegame,0.0,74.3
3926,freegame,0.0,14.9
3927,freegame,0.0,22.2
3928,freegame,0.0,1221.9
3929,freegame,0.0,2.4
3930,freegame,0.0,67.8
3931,freegame,0.0,1.0
3932,freegame,0.0,11.6
3933,freegame,0.0,1163.6
3934,freegame,0.0,102.7
3935,freegame,0.0,168.7
3936,freegame,0.0,57.6
3937,freegame,0.0,12.1
3938,freegame,0.0,2.4
3939,freegame,0.1,36.2
3940,freegame,0.0,0.2
3941,freegame,0.0,246.1
3942,freegame,0.0,74.0
3943,freegame,0.0,172.5
3944,freegame,0.0,4.8
3945,freegame,0.0,499.8
3946,freegame,0.0,55.0
3947,freegame,0.0,86.6
3948,freegame,0.0,1253.9
3949,freegame,0.0,22.0
3950,freegame,0.0,15.9
3951,freegame,0.0,6.6
3952,freegame,0.0,285.7
3953,freegame,0.0,10.3
3954,freegame,0.0,25.5
3955,freegame,0.0,3.4
3956,freegame,0.0,21.1
3957,freegame,0.0,0.4
3958,freegame,0.0,127.9
3959,freegame,0.0,21.3
3960,freegame,0.0,6.5
3961,freegame,0.0,2.2
3962,freegame,0.1,7.5
3963,freegame,0.0,53.7
3964,freegame,0.0,869.6
3965,freegame,0.0,9.8
3966,freegame,0.0,49.4
3967,freegame,0.0,62.9
3968,freegame,0.1,0.2
3969,freegame,0.0,74.5
3970,freegame,0.0,7.1
3971,freegame,0.0,304.4
3972,freegame,0.0,33.5
3973,freegame,0.0,168.0
3974,freegame,0.0,40.7
3975,freegame,0.0,19.1
3976,freegame,0.0,7.5
3977,freegame,0.0,151.3
3978,freegame,0.0,121.2
3979,freegame,0.0,24.3
3980,freegame,0.0,45.7
3981,freegame,0.0,25.1
3982,freegame,0.3,4.4
3983,freegame,0.0,5.3
3984,freegame,0.0,4.4
3985,freegame,0.0,0.7
3986,freegame,0.0,1.5
3987,freegame,0.0,11.2
3988,freegame,0.0,14.4
3989,freegame,0.0,1.0
3990,freegame,0.0,34.0
3991,freegame,0.0,55.2
3992,freegame,0.0,370.5
3993,freegame,0.0,14.7
3994,freegame,0.0,27.9
3995,freegame,0.0,83.2
3996,freegame,0.1,97.9
3997,freegame,0.0,1.4
3998,freegame,0.0,2.1
3999,freegame,0.0,223.8
4000,freegame,0.0,1025.2
4001,freegame,0.0,352.6
4002,freegame,0.0,29.2
4003,freegame,0.0,198.2
4004,freegame,0.7,588.3
4005,freegame,0.0,120.8
4006,freegame,0.3,28.1
4007,freegame,0.0,0.9
4008,freegame,0.0,212.4
4009,freegame,0.0,208.9
4010,freegame,0.0,24.7
4011,freegame,0.0,120.4
4012,freegame,0.0,28.2
4013,freegame,0.0,14.2
4014,freegame,0.0,59.6
4015,freegame,0.0,272.4
4016,freegame,0.0,11.7
4017,freegame,0.2,40.2
4018,freegame,0.5,104.4
4019,freegame,0.0,260.6
4020,freegame,0.0,3.0
4021,freegame,0.1,13.4
4022,freegame,0.0,84.5
4023,freegame,0.0,57.0
4024,freegame,0.0,229.7
4025,freegame,0.0,82.2
4026,freegame,0.1,46.3
4027,freegame,0.0,9.2
4028,freegame,0.0,1.1
4029,freegame,0.0,10.8
4030,freegame,0.0,18.1
4031,freegame,0.0,303.9
4032,freegame,0.0,266.0
4033,freegame,0.2,8.7
4034,freegame,0.0,414.4
4035,freegame,0.0,866.0
4036,freegame,0.0,9.1
4037,freegame,0.0,3.6
4038,wincap,0.0,5000.0
4039,freegame,0.0,6.2
4040,freegame,0.0,1990.3
4041,freegame,0.0,136.1
4042,freegame,0.2,13.0
4043,freegame,0.0,92.6
4044,freegame,0.0,182.5
4045,freegame,0.0,60.7
4046,freegame,0.0,0.3
4047,freegame,0.0,2.7
4048,freegame,0.0,2425.0
4049,freegame,0.0,3.1
4050,wincap,0.0,5000.0
4051,freegame,0.1,71.6
4052,freegame,0.0,30.1
4053,freegame,0.0,123.5
4054,freegame,0.1,14.0
4055,freegame,0.0,20.7
4056,freegame,0.0,3.7
4057,freegame,0.0,5.4
4058,freegame,0.0,4.6
4059,freegame,0.0,39.4
4060,freegame,0.0,50.4
4061,freegame,0.0,23.7
4062,freegame,0.0,3.2
4063,freegame,0.0,31.6
4064,freegame,0.1,4.6
4065,freegame,0.0,11.1
4066,freegame,0.0,60.9
4067,freegame,0.0,27.4
4068,freegame,0.0,33.7
4069,freegame,0.0,14.5
4070,freegame,0.0,7.9
4071,freegame,0.0,151.7
4072,freegame,0.0,4.3
4073,freegame,0.0,33.1
4074,freegame,0.0,9.4
4075,freegame,0.1,4.9
4076,freegame,0.0,196.6
4077,freegame,0.0,60.3
4078,freegame,0.0,185.7
4079,freegame,0.0,23.5
4080,freegame,0.0,2.9
4081,freegame,0.0,5.1
4082,freegame,0.0,157.8
4083,freegame,0.0,54.4
4084,freegame,0.0,14.5
4085,freegame,0.2,2.0
4086,freegame,0.0,1.3
4087,freegame,0.0,1.2
4088,freegame,0.0,368.3
4089,freegame,0.0,120.0
4090,freegame,0.0,10.6
4091,freegame,0.0,19.7
4092,freegame,0.0,500.9
4093,freegame,0.0,52.0
4094,freegame,0.0,43.5
4095,freegame,0.0,10.3
4096,freegame,0.3,1.9
4097,freegame,0.0,155.0
4098,freegame,0.0,11.8
4099,freegame,0.0,123.5
4100,freegame,0.1,4.7
4101,freegame,0.0,80.2
4102,freegame,0.0,1.8
4103,freegame,0.0,578.3
4104,freegame,0.0,128.5
4105,freegame,0.0,1.5
4106,freegame,0.0,183.7
4107,freegame,0.0,5.4
4108,freegame,0.0,1299.9
4109,freegame,0.0,12.5
4110,freegame,0.0,223.6
4111,freegame,0.0,23.8
4112,freegame,0.0,0.1
4113,freegame,0.0,2.0
4114,freegame,0.0,142.1
4115,freegame,0.0,34.7
4116,freegame,0.0,725.1
4117,freegame,0.0,5.2
4118,freegame,0.0,11.1
4119,freegame,0.0,103.2
4120,freegame,0.0,70.3
4121,freegame,0.0,7.8
4122,freegame,0.7,34.6
4123,freegame,0.0,2.0
4124,freegame,5.0,373.2
4125,freegame,0.0,39.8
4126,freegame,0.0,6.2
4127,freegame,0.0,72.2
4128,freegame,0.0,57.7
4129,freegame,0.0,200.6
4130,freegame,0.0,200.7
4131,freegame,0.0,0.3
4132,freegame,0.0,2.4
4133,freegame,0.0,2.0
4134,freegame,0.0,0.1
4135,freegame,0.0,251.0
4136,freegame,0.0,9.8
4137,freegame,0.0,32.9
4138,freegame,0.0,6.0
4139,freegame,0.0,16.7
4140,freegame,0.0,1.4
4141,freegame,0.0,211.4
4142,freegame,0.0,45.5
4143,freegame,0.0,33.7
4144,freegame,0.0,547.9
4145,freegame,0.0,8.0
4146,freegame,0.0,33.1
4147,freegame,0.0,6.3
4148,freegame,0.0,68.3
4149,freegame,0.0,3.5
4150,freegame,0.0,40.0
4151,freegame,0.0,14.6
4152,freegame,0.0,13.5
4153,freegame,0.0,132.6
4154,freegame,0.0,39.0
4155,freegame,0.0,85.3
4156,freegame,0.0,56.8
4157,freegame,0.0,8.3
4158,freegame,0.0,52.7
4159,freegame,0.0,3.0
4160,freegame,0.5,18.4
4161,freegame,0.0,61.4
4162,freegame,0.3,63.1
4163,freegame,0.2,2.7
4164,freegame,0.0,14.3
4165,freegame,0.0,69.5
4166,freegame,0.1,156.3
4167,freegame,0.0,69.8
4168,freegame,0.0,13.5
4169,freegame,0.0,40.4
4170,freegame,0.0,3.8
4171,freegame,0.0,15.1
4172,freegame,0.0,90.1
4173,freegame,0.0,12.7
4174,freegame,5.0,100.5
4175,freegame,0.0,35.4
4176,freegame,0.0,30.0
4177,freegame,0.0,167.1
4178,freegame,0.0,7.2
4179,freegame,0.0,33.3
4180,freegame,0.0,820.5
4181,freegame,0.0,46.9
4182,freegame,0.0,1.0
4183,freegame,0.0,0.6
4184,freegame,0.0,0.3
4185,freegame,0.0,24.2
4186,freegame,0.0,26.1
4187,freegame,0.0,155.8
4188,freegame,0.0,130.2
4189,freegame,0.1,3.5
4190,freegame,0.0,44.4
4191,freegame,0.0,0.4
4192,freegame,0.0,37.8
4193,freegame,0.0,226.5
4194,freegame,0.0,360.9
4195,freegame,0.0,2.5
4196,freegame,0.0,10.3
4197,freegame,0.0,28.6
4198,freegame,0.0,65.8
4199,freegame,0.0,484.6
4200,freegame,0.0,4.6
4201,freegame,0.0,37.3
4202,freegame,0.0,40.6
4203,freegame,0.1,9.6
4204,freegame,0.0,26.4
4205,freegame,0.0,11.3
4206,freegame,0.0,269.3
4207,freegame,0.0,0.3
4208,freegame,0.0,86.2
4209,freegame,0.0,2.2
4210,freegame,0.0,21.2
4211,freegame,0.0,145.6
4212,freegame,0.0,21.6
4213,freegame,0.0,1.4
4214,freegame,0.0,1.0
4215,freegame,0.0,1547.1
4216,freegame,0.0,166.8
4217,freegame,0.6,0.3
4218,freegame,1.4,0.6
4219,freegame,0.0,9.6
4220,freegame,0.2,28.0
4221,freegame,0.0,6.9
4222,freegame,0.0,3.4
4223,freegame,0.0,1.5
4224,freegame,0.0,25.6
4225,freegame,0.0,176.5
4226,freegame,0.0,29.7
4227,freegame,0.0,665.7
4228,freegame,0.0,3.6
4229,freegame,0.0,64.2
4230,freegame,0.0,8.1
4231,freegame,0.0,16.8
4232,freegame,0.0,1.6
4233,freegame,3.0,64.4
4234,freegame,0.0,6.2
4235,freegame,0.0,155.8
4236,freegame,0.0,41.0
4237,freegame,0.0,39.3
4238,freegame,0.0,41.9
4239,freegame,0.0,2.4
4240,freegame,0.0,9.0
4241,freegame,0.0,153.9
4242,freegame,0.0,1.4
4243,freegame,0.0,3.9
4244,freegame,0.1,3.1
4245,freegame,0.0,0.8
4246,freegame,0.0,18.4
4247,freegame,0.0,21.0
4248,freegame,0.0,4.9
4249,freegame,0.0,1082.3
4250,freegame,0.0,10.1
4251,freegame,0.0,338.7
4252,freegame,0.0,232.8
4253,freegame,0.0,71.7
4254,freegame,0.0,21.3
4255,freegame,0.0,14.5
4256,freegame,0.0,43.0
4257,freegame,0.0,17.4
4258,freegame,0.0,22.0
4259,freegame,0.0,4.4
4260,freegame,0.0,8.7
4261,freegame,0.0,0.5
4262,freegame,0.0,33.7
4263,freegame,0.0,140.2
4264,freegame,0.0,0.1
4265,freegame,0.0,12.1
4266,freegame,0.0,166.0
4267,wincap,0.0,5000.0
4268,freegame,0.0,12.0
4269,freegame,0.0,10.7
4270,freegame,0.0,21.0
4271,freegame,0.0,206.8
4272,freegame,0.0,168.7
4273,freegame,0.0,83.0
4274,freegame,0.0,7.1
4275,freegame,0.0,40.1
4276,freegame,0.0,11.4
4277,freegame,0.7,1.8
4278,freegame,0.0,26.2
4279,freegame,0.0,307.3
4280,freegame,0.0,70.0
4281,freegame,0.0,155.5
4282,freegame,0.0,229.8
4283,freegame,0.5,0.2
4284,freegame,0.0,3.0
4285,freegame,0.0,0.6
4286,freegame,0.0,4.1
4287,freegame,0.0,300.0
4288,freegame,0.3,16.7
4289,freegame,0.0,4.5
4290,freegame,0.0,80.0
4291,freegame,0.0,227.9
4292,freegame,0.0,163.8
4293,freegame,0.0,0.9
4294,freegame,0.0,46.0
4295,freegame,0.0,10.6
4296,freegame,0.0,20.1
4297,freegame,0.0,0.3
4298,freegame,0.0,107.5
4299,freegame,0.0,7.4
4300,freegame,0.0,4.0
4301,freegame,0.0,35.2
4302,freegame,0.0,84.0
4303,freegame,0.0,3.0
4304,freegame,0.0,71.1
4305,freegame,0.0,1.5
4306,freegame,0.0,300.4
4307,freegame,0.0,52.1
4308,freegame,0.0,2.2
4309,freegame,0.2,103.6
4310,freegame,0.0,28.2
4311,freegame,0.0,3.7
4312,freegame,0.0,106.4
4313,freegame,0.0,159.4
4314,freegame,0.0,13.8
4315,freegame,0.0,5.2
4316,freegame,0.0,28.1
4317,freegame,0.0,35.0
4318,freegame,0.0,1.5
4319,wincap,0.0,5000.0
4320,freegame,0.0,21.7
4321,freegame,0.0,56.6
4322,freegame,0.0,1.7
4323,freegame,0.0,7.7
4324,freegame,0.3,12.7
4325,freegame,0.0,97.3
4326,freegame,0.0,36.6
4327,freegame,0.0,18.7
4328,freegame,0.0,0.6
4329,freegame,0.0,20.2
4330,freegame,0.0,30.3
4331,freegame,0.0,14.0
4332,freegame,0.0,829.5
4333,freegame,0.0,54.5
4334,freegame,6.0,0.5
4335,freegame,0.0,1.5
4336,freegame,3.0,18.9
4337,freegame,0.0,70.2
4338,freegame,0.2,0.0
4339,freegame,0.0,58.0
4340,freegame,0.1,251.1
4341,freegame,0.0,68.5
4342,freegame,0.0,3.6
4343,freegame,0.0,95.2
4344,freegame,0.0,2.0
4345,freegame,0.0,16.5
4346,freegame,0.0,3.0
4347,freegame,0.0,2.9
4348,freegame,0.0,0.3
4349,freegame,0.0,3.4
4350,freegame,0.0,67.0
4351,freegame,0.0,44.7
4352,freegame,0.0,4.7
4353,freegame,0.0,15.0
4354,freegame,0.0,6.0
4355,freegame,0.0,115.4
4356,freegame,0.0,240.4
4357,freegame,0.6,35.4
4358,freegame,0.0,31.5
4359,freegame,0.0,251.8
4360,freegame,0.0,1.2
4361,freegame,0.0,30.5
4362,freegame,0.0,0.5
4363,freegame,0.0,1275.1
4364,freegame,0.0,1.2
4365,freegame,0.0,27.1
4366,freegame,0.0,1600.2
4367,freegame,0.0,29.8
4368,freegame,0.0,14.2
4369,freegame,0.0,4.5
4370,freegame,0.0,32.3
4371,freegame,0.0,34.2
4372,freegame,0.0,0.3
4373,freegame,0.0,0.3
4374,freegame,0.0,104.6
4375,freegame,0.0,9.5
4376,freegame,0.0,10.7
4377,freegame,0.0,4.7
4378,freegame,0.0,4.9
4379,freegame,0.0,17.6
4380,freegame,0.0,2.5
4381,freegame,0.0,1.7
4382,freegame,0.0,76.8
4383,freegame,0.0,19.7
4384,freegame,0.0,96.4
4385,freegame,0.0,2.1
4386,freegame,0.0,137.1
4387,freegame,0.2,9.1
4388,freegame,0.0,309.3
4389,freegame,0.0,2.3
4390,freegame,0.1,39.1
4391,freegame,0.0,11.7
4392,freegame,0.0,67.7
4393,freegame,0.0,100.4
4394,freegame,0.0,0.3
4395,freegame,0.0,75.3
4396,freegame,0.0,3.4
4397,freegame,0.0,540.0
4398,freegame,0.0,9.0
4399,freegame,0.0,45.4
4400,freegame,0.2,173.0
4401,freegame,0.0,24.1
4402,freegame,0.0,141.1
4403,freegame,0.0,210.7
4404,freegame,0.0,5.8
4405,freegame,0.0,28.3
4406,freegame,0.0,102.1
4407,freegame,0.0,80.3
4408,freegame,0.0,107.5
4409,freegame,0.0,14.7
4410,freegame,0.0,6.0
4411,freegame,0.0,500.3
4412,freegame,0.0,5.0
4413,freegame,0.3,46.2
4414,freegame,0.1,3.5
4415,freegame,0.0,21.0
4416,freegame,0.0,10.1
4417,freegame,0.0,27.7
4418,freegame,0.0,4.2
4419,freegame,0.0,2.6
4420,freegame,0.0,58.4
4421,freegame,0.0,1.7
4422,freegame,0.0,243.4
4423,freegame,0.0,6.2
4424,freegame,0.0,47.8
4425,freegame,0.0,8.8
4426,freegame,0.0,75.2
4427,freegame,0.0,82.5
4428,freegame,0.0,39.0
4429,freegame,0.0,56.2
4430,freegame,0.0,22.2
4431,freegame,0.0,24.4
4432,freegame,0.0,129.0
4433,freegame,0.0,8.0
4434,freegame,0.0,36.9
4435,freegame,0.0,22.4
4436,freegame,0.0,97.5
4437,freegame,0.0,0.9
4438,freegame,0.0,1.0
4439,freegame,0.0,35.0
4440,freegame,0.2,27.0
4441,freegame,0.0,110.4
4442,freegame,0.0,7.7
4443,freegame,0.0,30.0
4444,freegame,0.0,314.2
4445,freegame,3.0,17.4
4446,freegame,0.0,73.0
4447,freegame,0.0,16.1
4448,freegame,0.0,0.5
4449,freegame,0.0,100.9
4450,freegame,0.0,75.0
4451,freegame,0.0,6.0
4452,freegame,0.0,60.6
4453,freegame,0.0,63.4
4454,freegame,0.0,25.3
4455,freegame,0.0,21.8
4456,freegame,0.0,127.6
4457,freegame,0.0,10.3
4458,freegame,0.0,37.0
4459,freegame,0.0,31.2
4460,freegame,0.0,8.8
4461,freegame,0.0,128.0
4462,freegame,0.0,180.3
4463,freegame,0.0,143.4
4464,freegame,0.0,54.7
4465,freegame,0.0,0.8
4466,freegame,0.0,2.7
4467,freegame,0.0,118.9
4468,freegame,0.0,624.2
4469,freegame,0.0,6.4
4470,freegame,0.0,137.1
4471,freegame,0.0,162.5
4472,freegame,0.2,73.6
4473,freegame,0.0,6.8
4474,freegame,0.0,46.2
4475,freegame,0.0,1.1
4476,freegame,0.0,57.8
4477,freegame,0.0,29.5
4478,freegame,0.0,15.8
4479,freegame,0.0,72.5
4480,freegame,0.0,49.1
4481,freegame,0.0,11.5
4482,freegame,0.0,2.0
4483,freegame,0.0,73.1
4484,freegame,0.4,14.1
4485,freegame,0.0,0.8
4486,freegame,0.0,6.5
4487,freegame,0.0,37.2
4488,freegame,0.0,125.4
4489,freegame,0.0,14.6
4490,freegame,0.0,20.2
4491,freegame,0.0,10.4
4492,freegame,0.0,69.0
4493,freegame,0.0,3.4
4494,freegame,0.0,69.7
4495,freegame,0.0,18.0
4496,freegame,0.0,1.3
4497,freegame,0.3,8.9
4498,freegame,0.0,13.0
4499,freegame,0.0,13.6
4500,freegame,0.0,14.1
4501,freegame,0.0,93.1
4502,freegame,0.0,329.2
4503,freegame,0.0,40.8
4504,freegame,0.0,5.2
4505,freegame,0.0,26.4
4506,freegame,0.0,3.2
4507,freegame,0.0,2.6
4508,freegame,0.0,221.2
4509,freegame,0.0,2.6
4510,freegame,0.0,43.0
4511,freegame,0.0,10.6
4512,freegame,0.0,1.7
4513,freegame,0.1,5.7
4514,freegame,0.1,15.2
4515,freegame,0.0,270.9
4516,freegame,0.0,393.4
4517,freegame,0.3,11.0
4518,freegame,0.0,1.4
4519,freegame,0.0,73.4
4520,freegame,0.0,80.3
4521,freegame,0.0,2.0
4522,freegame,0.0,2.6
4523,freegame,3.0,33.3
4524,freegame,0.0,2.0
4525,freegame,0.3,3.9
4526,freegame,0.3,57.0
4527,freegame,0.0,3.0
4528,freegame,0.0,3.8
4529,freegame,0.0,24.1
4530,freegame,0.0,95.0
4531,freegame,0.0,13.8
4532,freegame,0.0,2.9
4533,freegame,0.2,104.8
4534,freegame,0.0,145.2
4535,freegame,0.0,168.8
4536,freegame,0.0,4.2
4537,freegame,0.0,62.9
4538,freegame,0.0,31.8
4539,freegame,0.0,186.6
4540,freegame,0.2,10.7
4541,freegame,0.0,9.1
4542,freegame,0.0,207.2
4543,freegame,0.0,2.1
4544,freegame,0.0,4.0
4545,freegame,0.0,129.4
4546,freegame,0.0,3.8
4547,freegame,0.0,1.2
4548,freegame,0.0,26.0
4549,freegame,0.0,46.9
4550,freegame,0.0,68.7
4551,freegame,0.0,43.4
4552,freegame,0.0,20.6
4553,freegame,0.0,6.8
4554,freegame,0.0,289.3
4555,freegame,0.0,91.9
4556,freegame,0.0,9.9
4557,freegame,0.0,584.0
4558,freegame,0.0,2.1
4559,freegame,0.0,62.6
4560,freegame,0.0,0.8
4561,freegame,0.0,4.5
4562,freegame,0.2,8.9
4563,freegame,0.0,431.6
4564,freegame,0.0,4.1
4565,freegame,0.0,91.9
4566,freegame,0.0,49.3
4567,freegame,0.0,14.6
4568,freegame,0.0,201.2
4569,freegame,0.0,123.5
4570,freegame,0.0,19.6
4571,freegame,0.0,0.4
4572,freegame,0.0,8.6
4573,freegame,0.0,15.4
4574,freegame,0.0,1.2
4575,freegame,0.0,53.0
4576,freegame,0.3,482.2
4577,freegame,0.0,3.4
4578,freegame,0.0,66.5
4579,freegame,0.0,287.2
4580,freegame,0.0,180.3
4581,freegame,0.0,1358.9
4582,freegame,0.0,7.2
4583,freegame,0.0,6.7
4584,freegame,0.0,1.3
4585,freegame,0.0,140.2
4586,freegame,0.0,1118.4
4587,freegame,0.0,8.5
4588,freegame,0.0,1.0
4589,freegame,0.0,11.4
4590,freegame,0.0,39.2
4591,freegame,0.1,185.2
4592,freegame,0.0,8.3
4593,freegame,0.0,5.3
4594,freegame,0.0,43.6
4595,freegame,0.0,61.3
4596,freegame,0.0,5.1
4597,freegame,0.0,26.7
4598,freegame,0.0,1330.6
4599,freegame,0.0,33.3
4600,freegame,0.0,6.3
4601,freegame,0.0,47.8
4602,freegame,0.0,2.3
4603,freegame,0.0,10.7
4604,freegame,0.0,12.2
4605,freegame,0.0,331.3
4606,freegame,3.0,0.1
4607,freegame,0.0,26.6
4608,freegame,0.0,10.3
4609,freegame,0.6,64.8
4610,freegame,0.0,230.1
4611,freegame,0.4,2.6
4612,freegame,0.0,63.0
4613,freegame,0.0,84.2
4614,freegame,0.0,12.7
4615,freegame,0.0,0.9
4616,freegame,0.4,16.7
4617,freegame,0.0,214.7
4618,freegame,0.0,13.1
4619,freegame,0.0,599.6
4620,freegame,0.0,152.5
4621,freegame,0.0,23.5
4622,freegame,0.5,69.3
4623,freegame,0.0,6.8
4624,freegame,0.0,99.5
4625,freegame,0.0,39.7
4626,freegame,0.0,28.6
4627,freegame,0.0,75.0
4628,wincap,0.0,5000.0
4629,freegame,0.0,195.0
4630,freegame,0.0,13.5
4631,freegame,0.0,5.1
4632,freegame,0.0,8.1
4633,freegame,0.0,49.5
4634,freegame,0.0,24.6
4635,freegame,0.0,398.4
4636,freegame,0.0,63.3
4637,freegame,0.7,0.2
4638,freegame,0.0,5.1
4639,freegame,0.0,1.7
4640,freegame,0.0,96.5
4641,freegame,0.0,0.8
4642,freegame,0.0,2.1
4643,freegame,0.0,21.4
4644,freegame,0.0,4.4
4645,freegame,0.0,2.7
4646,freegame,0.0,137.0
4647,freegame,0.0,373.9
4648,freegame,0.0,451.6
4649,freegame,0.0,18.9
4650,freegame,0.0,0.7
4651,freegame,0.0,38.9
4652,freegame,0.0,3.0
4653,freegame,0.1,17.9
4654,freegame,0.1,14.7
4655,freegame,0.0,13.1
4656,freegame,0.0,42.0
4657,freegame,0.0,23.1
4658,freegame,0.0,157.5
4659,freegame,0.0,3.6
4660,freegame,0.0,34.8
4661,freegame,0.0,20.3
4662,freegame,0.0,14.6
4663,freegame,0.0,71.5
4664,freegame,0.0,40.4
4665,freegame,0.1,35.5
4666,freegame,0.1,13.7
4667,freegame,0.0,0.5
4668,freegame,0.3,0.0
4669,freegame,0.0,12.7
4670,freegame,0.0,95.6
4671,freegame,0.0,6.1
4672,freegame,0.0,50.6
4673,freegame,0.0,16.9
4674,freegame,0.0,342.2
4675,freegame,0.3,29.0
4676,freegame,0.0,40.5
4677,freegame,0.0,72.3
4678,freegame,0.0,15.0
4679,freegame,0.0,16.7
4680,freegame,0.3,18.4
4681,freegame,0.0,3.4
4682,freegame,0.0,6.0
4683,freegame,0.0,78.1
4684,freegame,0.0,4.0
4685,freegame,0.0,71.2
4686,freegame,0.0,264.9
4687,freegame,0.3,4.0
4688,freegame,0.0,0.4
4689,freegame,0.1,30.3
4690,freegame,0.0,6.8
4691,freegame,0.0,2.6
4692,freegame,0.0,388.3
4693,freegame,0.3,104.2
4694,freegame,0.0,262.0
4695,freegame,0.0,20.4
4696,freegame,0.0,115.6
4697,freegame,0.2,233.7
4698,freegame,0.0,27.8
4699,freegame,0.0,7.5
4700,freegame,0.0,52.6
4701,freegame,0.0,18.7
4702,freegame,0.0,3.2
4703,freegame,0.6,6.0
4704,freegame,0.0,3.6
4705,freegame,0.0,110.7
4706,freegame,0.0,25.9
4707,freegame,0.0,13.5
4708,freegame,0.0,69.4
4709,freegame,0.0,31.3
4710,freegame,0.0,231.3
4711,freegame,0.0,239.8
4712,freegame,0.0,27.7
4713,freegame,0.0,26.0
4714,freegame,0.0,50.4
4715,freegame,0.0,164.2
4716,freegame,0.0,16.2
4717,freegame,0.0,12.2
4718,freegame,0.0,98.6
4719,freegame,0.0,38.8
4720,freegame,0.0,22.4
4721,freegame,0.0,3.0
4722,freegame,0.0,7.0
4723,freegame,0.0,0.6
4724,freegame,0.0,25.2
4725,freegame,0.0,22.2
4726,freegame,0.0,50.0
4727,freegame,0.0,89.7
4728,freegame,0.3,53.3
4729,freegame,0.1,60.6
4730,freegame,0.0,84.2
4731,freegame,0.0,35.2
4732,freegame,0.0,46.0
4733,freegame,0.0,89.0
4734,freegame,0.0,19.4
4735,freegame,0.0,12.1
4736,freegame,0.0,13.5
4737,freegame,0.0,100.1
4738,freegame,0.0,17.7
4739,freegame,0.0,1.5
4740,freegame,0.0,54.1
4741,freegame,0.2,13.2
4742,freegame,0.0,9.9
4743,freegame,0.0,1.1
4744,freegame,0.0,49.2
4745,freegame,0.0,55.7
4746,freegame,0.0,52.0
4747,freegame,0.0,126.0
4748,freegame,0.0,10.3
4749,freegame,0.0,11.5
4750,freegame,0.0,485.5
4751,freegame,0.0,12.3
4752,freegame,0.0,94.5
4753,freegame,0.0,111.7
4754,freegame,0.1,0.2
4755,freegame,0.0,18.0
4756,freegame,0.0,0.2
4757,freegame,0.0,88.9
4758,freegame,0.0,2.3
4759,freegame,0.0,90.5
4760,freegame,0.0,0.2
4761,freegame,0.0,2.4
4762,freegame,0.0,3.5
4763,freegame,0.0,246.0
4764,freegame,0.0,0.6
4765,freegame,0.0,8.1
4766,freegame,0.0,67.3
4767,freegame,0.0,181.6
4768,freegame,0.0,2.3
4769,freegame,0.0,40.0
4770,freegame,0.0,66.2
4771,freegame,0.1,12.1
4772,freegame,0.7,43.2
4773,freegame,0.0,30.3
4774,freegame,0.0,111.4
4775,freegame,0.3,38.4
4776,wincap,0.0,5000.0
4777,freegame,0.0,0.2
4778,freegame,0.0,123.5
4779,freegame,0.0,26.2
4780,freegame,0.0,9.0
4781,freegame,0.0,21.5
4782,freegame,0.0,4.7
4783,freegame,0.0,5.7
4784,freegame,0.0,422.9
4785,freegame,0.0,9.9
4786,freegame,0.0,42.7
4787,freegame,0.0,552.6
4788,freegame,0.0,181.0
4789,freegame,0.0,46.4
4790,freegame,0.0,2.6
4791,freegame,0.0,9.8
4792,freegame,0.0,6.1
4793,freegame,0.0,142.8
4794,freegame,0.0,145.3
4795,freegame,0.0,2.5
4796,freegame,0.1,2.8
4797,freegame,0.0,23.7
4798,freegame,0.0,357.9
4799,freegame,0.0,104.9
4800,freegame,0.0,46.4
4801,freegame,0.0,59.7
4802,freegame,0.0,234.4
4803,freegame,0.0,5.1
4804,freegame,0.0,1.0
4805,freegame,0.0,2.1
4806,freegame,0.0,35.9
4807,freegame,0.0,5.8
4808,freegame,0.0,289.3
4809,freegame,0.0,30.0
4810,freegame,0.0,4.1
4811,freegame,0.0,23.5
4812,freegame,0.0,18.1
4813,freegame,0.0,2.6
4814,freegame,0.0,11.8
4815,freegame,0.0,13.8
4816,freegame,0.0,133.0
4817,freegame,0.1,28.8
4818,freegame,0.0,187.1
4819,freegame,0.3,30.6
4820,freegame,1.0,10.1
4821,freegame,0.0,1.1
4822,freegame,0.2,15.5
4823,freegame,0.0,14.9
4824,freegame,0.0,22.6
4825,freegame,0.0,120.8
4826,freegame,0.0,25.5
4827,freegame,0.3,32.2
4828,wincap,0.0,5000.0
4829,freegame,0.6,5.5
4830,freegame,0.0,49.9
4831,freegame,0.0,99.7
4832,freegame,1.0,443.6
4833,freegame,0.0,5.8
4834,freegame,0.0,98.6
4835,freegame,0.0,173.7
4836,freegame,0.0,9.6
4837,freegame,0.0,225.2
4838,freegame,0.0,29.3
4839,freegame,0.0,122.4
4840,freegame,0.0,83.8
4841,freegame,0.0,46.1
4842,freegame,0.0,60.4
4843,freegame,0.0,56.0
4844,freegame,0.0,146.5
4845,freegame,0.0,64.3
4846,freegame,0.0,54.8
4847,freegame,0.0,204.0
4848,freegame,0.0,2.2
4849,freegame,0.0,392.4
4850,freegame,0.1,586.0
4851,freegame,0.0,32.4
4852,freegame,0.0,2.6
4853,freegame,0.0,101.2
4854,freegame,0.0,18.8
4855,freegame,0.0,10.2
4856,freegame,0.0,268.6
4857,freegame,0.0,242.7
4858,freegame,0.0,1.8
4859,freegame,0.0,100.1
4860,freegame,0.0,43.3
4861,freegame,3.0,6.0
4862,freegame,0.0,105.8
4863,freegame,0.0,6.6
4864,freegame,0.0,121.5
4865,freegame,0.0,4.3
4866,freegame,0.0,174.2
4867,freegame,0.1,362.7
4868,freegame,0.0,910.8
4869,freegame,0.0,63.2
4870,freegame,0.0,5.3
4871,freegame,0.1,4.2
4872,freegame,0.0,72.0
4873,freegame,0.0,8.7
4874,wincap,0.1,5000.0
4875,freegame,0.0,149.4
4876,freegame,0.0,2.1
4877,freegame,0.0,1.5
4878,freegame,0.0,3.0
4879,freegame,0.0,38.5
4880,freegame,0.0,64.2
4881,freegame,0.0,64.3
4882,freegame,0.0,1448.3
4883,freegame,0.0,26.5
4884,freegame,0.0,49.3
4885,freegame,0.0,128.2
4886,freegame,0.0,19.8
4887,freegame,0.0,6.9
4888,freegame,0.0,7.0
4889,freegame,0.0,27.1
4890,freegame,0.0,152.0
4891,freegame,0.0,40.2
4892,freegame,0.0,6.3
4893,freegame,0.0,62.6
4894,freegame,0.0,2.3
4895,freegame,0.0,7.1
4896,freegame,0.0,9.6
4897,freegame,0.0,158.2
4898,freegame,0.0,1.8
4899,freegame,0.1,142.3
4900,freegame,0.0,7.8
4901,freegame,0.0,2.3
4902,freegame,0.0,23.5
4903,freegame,0.3,15.5
4904,freegame,0.0,148.2
4905,freegame,0.0,56.8
4906,freegame,0.0,19.7
4907,freegame,0.0,873.6
4908,freegame,0.0,7.2
4909,freegame,0.0,21.4
4910,freegame,0.0,716.1
4911,freegame,0.0,144.7
4912,freegame,0.0,6.5
4913,freegame,0.0,258.5
4914,freegame,0.0,83.8
4915,freegame,0.0,9.2
4916,freegame,0.0,20.7
4917,freegame,0.0,355.6
4918,freegame,0.0,71.6
4919,freegame,0.0,44.9
4920,freegame,0.3,2.0
4921,freegame,0.0,4.9
4922,freegame,0.0,119.3
4923,freegame,0.3,1.9
4924,freegame,0.0,24.7
4925,freegame,0.0,12.1
4926,freegame,0.0,1.0
4927,freegame,0.0,27.8
4928,freegame,0.0,21.0
4929,freegame,0.7,159.8
4930,freegame,0.3,18.9
4931,freegame,0.0,434.6
4932,freegame,0.0,16.8
4933,freegame,0.1,0.2
4934,freegame,0.3,244.9
4935,freegame,0.0,31.2
4936,freegame,0.0,363.9
4937,freegame,0.0,46.7
4938,freegame,0.0,23.0
4939,freegame,0.1,50.6
4940,freegame,0.0,13.0
4941,freegame,0.0,4.4
4942,freegame,0.0,41.9
4943,freegame,0.0,4.4
4944,freegame,0.5,12.3
4945,freegame,0.0,14.0
4946,freegame,0.0,200.9
4947,freegame,0.0,5.5
4948,freegame,0.0,5.2
4949,freegame,0.0,24.7
4950,freegame,0.0,1.2
4951,freegame,0.0,1.9
4952,freegame,0.0,1.0
4953,freegame,0.0,30.5
4954,freegame,0.0,99.5
4955,freegame,0.0,525.9
4956,freegame,0.0,195.4
4957,freegame,0.0,505.4
4958,freegame,0.0,14.6
4959,freegame,0.0,31.2
4960,freegame,0.0,726.0
4961,freegame,0.0,8.9
4962,freegame,0.0,9.8
4963,freegame,0.0,4.4
4964,freegame,0.0,1.7
4965,freegame,0.0,27.7
4966,freegame,0.0,2.3
4967,freegame,0.0,325.5
4968,freegame,0.0,71.1
4969,freegame,0.0,10.6
4970,freegame,0.0,142.5
4971,freegame,0.0,25.4
4972,freegame,0.0,26.9
4973,freegame,0.0,5.2
4974,freegame,0.0,2.8
4975,freegame,0.0,21.6
4976,freegame,0.0,908.0
4977,freegame,0.0,99.4
4978,freegame,0.0,255.0
4979,freegame,0.0,25.9
4980,freegame,0.0,8.9
4981,freegame,0.0,75.3
4982,freegame,0.0,31.0
4983,freegame,0.0,3.1
4984,freegame,0.0,16.9
4985,freegame,0.0,1.5
4986,freegame,0.0,73.1
4987,freegame,0.0,69.1
4988,freegame,0.2,4.7
4989,freegame,0.0,6.9
4990,freegame,0.0,29.0
4991,freegame,3.0,104.7
4992,freegame,0.3,254.7
4993,freegame,0.0,3.6
4994,freegame,0.0,286.9
4995,freegame,0.0,84.0
4996,freegame,0.0,94.4
4997,freegame,0.2,4.9
4998,freegame,0.0,38.8
4999,freegame,0.0,8.0
5000,freegame,0.0,2.8
5001,freegame,0.0,282.6
5002,freegame,0.0,21.0
5003,freegame,0.3,193.1
5004,freegame,0.0,43.1
5005,freegame,0.0,7.5
5006,freegame,0.0,43.8
5007,freegame,0.0,52.8
5008,freegame,0.0,3020.7
5009,freegame,0.0,758.1
5010,freegame,0.0,28.6
5011,freegame,0.3,6.1
5012,freegame,0.0,15.9
5013,freegame,0.0,13.5
5014,freegame,0.0,18.2
5015,freegame,0.0,13.3
5016,freegame,0.0,27.2
5017,freegame,0.0,55.4
5018,freegame,0.0,31.7
5019,freegame,0.0,10.7
5020,freegame,0.0,0.2
5021,freegame,0.0,11.0
5022,freegame,0.2,178.3
5023,freegame,0.0,5.3
5024,freegame,0.2,27.2
5025,freegame,0.0,15.1
5026,freegame,0.0,27.3
5027,freegame,0.0,59.3
5028,freegame,0.3,22.5
5029,freegame,0.0,77.2
5030,freegame,0.0,10.2
5031,freegame,0.0,1.3
5032,freegame,0.0,3.0
5033,freegame,0.0,80.3
5034,freegame,0.0,10.7
5035,freegame,0.0,10.0
5036,freegame,0.0,125.7
5037,freegame,3.0,72.0
5038,freegame,0.1,42.3
5039,freegame,0.0,9.2
5040,freegame,0.0,66.0
5041,freegame,0.0,286.5
5042,freegame,0.0,31.8
5043,freegame,0.0,21.3
5044,freegame,0.0,205.8
5045,freegame,0.0,871.7
5046,freegame,0.1,8.3
5047,freegame,0.0,231.6
5048,freegame,0.0,5.3
5049,freegame,0.0,4.3
5050,freegame,0.0,17.4
5051,freegame,0.0,2.9
5052,freegame,0.0,75.2
5053,freegame,0.0,31.3
5054,freegame,0.0,41.4
5055,freegame,0.0,131.5
5056,freegame,0.0,26.6
5057,freegame,0.0,99.3
5058,freegame,0.0,25.7
5059,freegame,0.0,51.0
5060,freegame,0.0,131.3
5061,freegame,0.2,273.2
5062,freegame,0.0,18.7
5063,freegame,0.0,148.4
5064,freegame,0.0,2.5
5065,freegame,0.0,11.8
5066,freegame,0.0,2.2
5067,freegame,0.0,418.7
5068,freegame,0.0,28.6
5069,freegame,0.0,29.3
5070,freegame,0.0,2.5
5071,freegame,3.2,1.2
5072,freegame,0.0,0.4
5073,wincap,0.0,5000.0
5074,freegame,0.0,451.3
5075,freegame,0.0,76.9
5076,freegame,0.0,146.3
5077,freegame,0.6,33.8
5078,freegame,0.0,144.3
5079,freegame,0.0,12.0
5080,freegame,0.0,298.2
5081,freegame,0.0,18.4
5082,freegame,0.0,6.4
5083,freegame,0.0,12.3
5084,freegame,0.0,6.9
5085,freegame,0.0,42.5
5086,freegame,0.0,202.6
5087,freegame,0.2,10.9
5088,freegame,0.0,7.4
5089,freegame,0.0,281.4
5090,freegame,0.0,10.9
5091,freegame,0.0,10.9
5092,freegame,0.0,1.9
5093,freegame,0.1,0.0
5094,freegame,0.0,5000.0
5095,freegame,0.7,78.9
5096,freegame,0.0,43.2
5097,freegame,0.0,41.0
5098,freegame,0.0,143.0
5099,freegame,0.0,6.4
5100,freegame,0.7,65.1
5101,freegame,0.0,1.1
5102,freegame,6.0,438.2
5103,freegame,0.0,109.3
5104,freegame,0.0,13.0
5105,freegame,0.0,5.0
5106,freegame,0.0,61.3
5107,freegame,0.0,0.8
5108,freegame,0.0,4.8
5109,freegame,0.0,213.2
5110,freegame,0.0,323.2
5111,freegame,0.0,150.0
5112,freegame,0.0,515.9
5113,freegame,0.0,1.2
5114,freegame,0.0,1.7
5115,freegame,0.0,3.7
5116,freegame,0.0,195.1
5117,freegame,0.0,1068.0
5118,freegame,0.0,352.5
5119,freegame,0.0,1.0
5120,wincap,0.0,5000.0
5121,freegame,0.0,161.8
5122,freegame,0.0,4.1
5123,freegame,0.0,4.7
5124,freegame,0.0,5.2
5125,freegame,0.0,14.3
5126,freegame,0.0,43.5
5127,freegame,0.0,193.7
5128,freegame,0.0,17.4
5129,freegame,0.0,56.5
5130,freegame,0.0,418.6
5131,freegame,0.0,57.9
5132,freegame,0.0,43.8
5133,freegame,0.0,0.7
5134,freegame,0.0,1.8
5135,freegame,0.0,292.7
5136,freegame,0.0,861.8
5137,freegame,0.0,25.7
5138,freegame,3.2,0.0
5139,freegame,0.0,8.9
5140,freegame,0.0,4.3
5141,freegame,0.0,19.7
5142,freegame,0.0,7.6
5143,freegame,0.0,0.1
5144,freegame,0.0,2.1
5145,freegame,0.4,13.2
5146,freegame,0.0,207.4
5147,freegame,0.0,53.1
5148,freegame,0.0,78.9
5149,freegame,0.0,86.5
5150,freegame,0.1,9.0
5151,freegame,0.0,26.1
5152,freegame,0.0,26.9
5153,freegame,0.0,9.9
5154,freegame,0.0,17.1
5155,freegame,0.0,60.3
5156,freegame,0.0,17.7
5157,freegame,0.0,154.8
5158,freegame,0.0,164.8
5159,freegame,0.0,37.3
5160,freegame,0.0,41.1
5161,freegame,0.0,3.2
5162,freegame,0.0,20.2
5163,freegame,0.0,43.1
5164,freegame,0.0,7.5
5165,freegame,0.0,1.7
5166,freegame,0.0,2.0
5167,freegame,0.0,10.0
5168,freegame,0.0,111.9
5169,freegame,0.0,4.4
5170,freegame,0.0,11.2
5171,freegame,0.1,26.2
5172,freegame,0.0,5.4
5173,freegame,0.0,333.9
5174,freegame,0.0,255.4
5175,freegame,0.0,0.6
5176,freegame,0.0,6.4
5177,freegame,0.0,329.3
5178,freegame,0.0,255.2
5179,freegame,0.0,151.3
5180,freegame,0.0,16.1
5181,freegame,0.0,451.6
5182,freegame,0.0,8.0
5183,freegame,0.0,8.1
5184,freegame,0.0,347.5
5185,freegame,0.0,129.9
5186,freegame,0.0,211.8
5187,freegame,0.0,77.1
5188,freegame,0.0,3.1
5189,freegame,0.0,6.0
5190,freegame,0.0,8.0
5191,freegame,0.0,27.6
5192,freegame,0.0,50.3
5193,freegame,0.0,92.9
5194,freegame,0.0,251.0
5195,freegame,0.0,22.4
5196,freegame,0.0,65.6
5197,freegame,0.0,809.7
5198,freegame,0.0,1.4
5199,freegame,0.0,43.5
5200,freegame,0.0,1.4
5201,freegame,0.0,115.2
5202,freegame,0.0,68.0
5203,freegame,0.0,0.8
5204,freegame,0.0,2.3
5205,freegame,0.0,2.3
5206,freegame,0.0,50.9
5207,freegame,0.0,32.5
5208,freegame,0.0,132.7
5209,freegame,0.0,26.8
5210,freegame,0.0,15.3
5211,freegame,0.0,473.0
5212,freegame,0.0,297.8
5213,freegame,0.0,330.1
5214,freegame,0.0,2.3
5215,freegame,0.3,0.0
5216,freegame,0.0,2.3
5217,freegame,0.1,646.8
5218,wincap,0.0,5000.0
5219,freegame,0.1,22.3
5220,freegame,0.0,6.5
5221,freegame,0.0,156.7
5222,freegame,0.0,10.9
5223,freegame,0.0,70.9
5224,freegame,0.0,37.9
5225,freegame,0.0,30.7
5226,freegame,0.0,10.2
5227,freegame,0.0,1.6
5228,freegame,0.0,45.2
5229,freegame,0.0,326.1
5230,freegame,0.0,64.2
5231,freegame,0.0,41.8
5232,freegame,0.0,20.0
5233,freegame,0.0,297.9
5234,freegame,0.0,25.7
5235,freegame,0.0,282.4
5236,freegame,0.3,124.2
5237,freegame,0.0,64.9
5238,freegame,0.0,37.5
5239,freegame,0.0,2.4
5240,freegame,0.0,104.2
5241,freegame,0.0,31.8
5242,freegame,0.0,34.2
5243,freegame,0.2,477.4
5244,freegame,0.1,7.0
5245,freegame,0.0,41.5
5246,freegame,0.0,0.6
5247,freegame,0.0,76.1
5248,freegame,0.2,4.5
5249,freegame,0.0,31.6
5250,freegame,0.0,15.5
5251,freegame,1.0,176.8
5252,freegame,0.0,83.2
5253,freegame,0.0,39.6
5254,freegame,0.0,5.6
5255,freegame,0.0,81.2
5256,freegame,0.0,65.2
5257,freegame,0.0,162.3
5258,freegame,0.0,0.9
5259,freegame,0.0,78.2
5260,freegame,0.0,12.0
5261,freegame,0.0,448.9
5262,freegame,0.0,125.4
5263,freegame,0.0,22.8
5264,freegame,0.0,99.1
5265,freegame,0.0,6.3
5266,freegame,0.3,16.9
5267,freegame,0.0,1.7
5268,freegame,0.0,34.9
5269,freegame,0.0,145.5
5270,freegame,0.0,3.5
5271,freegame,0.0,0.8
5272,freegame,0.0,164.9
5273,freegame,0.7,37.5
5274,freegame,0.0,7.7
5275,freegame,0.3,115.2
5276,freegame,0.0,5000.0
5277,freegame,0.0,14.0
5278,freegame,0.0,37.4
5279,freegame,0.0,3.6
5280,freegame,0.0,1948.3
5281,freegame,0.0,1.3
5282,freegame,0.0,3.0
5283,freegame,0.0,57.6
5284,freegame,0.0,7.0
5285,freegame,0.0,4.6
5286,freegame,0.0,96.6
5287,freegame,0.0,1.9
5288,freegame,0.0,53.0
5289,freegame,0.0,3.2
5290,freegame,0.0,24.2
5291,freegame,0.2,0.0
5292,freegame,0.0,163.9
5293,freegame,0.1,14.1
5294,freegame,0.0,11.0
5295,freegame,0.0,14.4
5296,freegame,0.0,11.1
5297,freegame,0.0,4.7
5298,freegame,0.0,21.0
5299,freegame,0.5,11.1
5300,freegame,3.0,44.6
5301,freegame,0.0,17.1
5302,freegame,0.0,14.9
5303,freegame,0.1,2.0
5304,freegame,0.0,0.9
5305,freegame,0.0,331.8
5306,freegame,0.5,0.9
5307,freegame,0.1,9.6
5308,freegame,0.0,0.2
5309,freegame,0.0,22.2
5310,freegame,0.0,6.5
5311,freegame,0.0,50.7
5312,freegame,0.0,17.4
5313,freegame,0.0,1.7
5314,freegame,0.0,7.9
5315,freegame,0.0,14.5
5316,freegame,0.0,21.1
5317,freegame,0.0,79.8
5318,freegame,0.0,0.6
5319,freegame,0.0,1.9
5320,freegame,0.0,0.6
5321,freegame,0.0,129.2
5322,freegame,0.0,22.0
5323,freegame,0.0,16.0
5324,freegame,0.1,487.0
5325,freegame,0.0,5.6
5326,wincap,0.0,5000.0
5327,freegame,0.0,128.4
5328,freegame,0.0,2.3
5329,freegame,0.0,11.6
5330,freegame,0.0,427.9
5331,freegame,0.0,14.4
5332,freegame,0.0,29.9
5333,freegame,0.0,10.3
5334,freegame,0.0,6.5
5335,freegame,0.0,23.8
5336,freegame,0.0,64.5
5337,freegame,0.0,3.8
5338,freegame,0.0,67.0
5339,freegame,0.0,1.0
5340,freegame,0.0,100.0
5341,freegame,0.0,187.7
5342,freegame,0.0,7.6
5343,freegame,0.0,2.5
5344,freegame,0.0,4.8
5345,freegame,0.0,90.0
5346,freegame,0.0,20.2
5347,freegame,0.0,8.5
5348,freegame,0.0,74.0
5349,freegame,0.3,53.0
5350,freegame,0.0,183.1
5351,freegame,0.0,181.3
5352,freegame,0.0,0.2
5353,freegame,0.0,2.6
5354,freegame,0.0,41.6
5355,freegame,0.0,17.9
5356,freegame,0.0,208.8
5357,freegame,0.0,6.6
5358,freegame,0.0,30.3
5359,freegame,0.0,51.5
5360,wincap,0.1,5000.0
5361,freegame,0.0,72.7
5362,freegame,0.0,44.5
5363,freegame,0.0,11.2
5364,freegame,0.0,2382.5
5365,freegame,0.0,1976.7
5366,freegame,0.0,30.6
5367,freegame,0.1,1.2
5368,freegame,0.0,43.8
5369,freegame,0.0,786.7
5370,freegame,0.3,38.3
5371,freegame,0.0,1.9
5372,freegame,0.0,4.0
5373,freegame,0.0,0.6
5374,freegame,0.0,65.2
5375,freegame,0.0,67.2
5376,freegame,0.0,25.3
5377,freegame,0.0,28.8
5378,freegame,0.0,117.8
5379,freegame,0.0,29.5
5380,freegame,0.0,6.8
5381,freegame,0.0,0.2
5382,freegame,0.0,171.2
5383,freegame,0.0,1.5
5384,freegame,0.0,87.6
5385,freegame,0.0,103.4
5386,freegame,0.0,5.3
5387,freegame,0.0,88.1
5388,freegame,0.0,1.3
5389,freegame,0.0,1.0
5390,freegame,0.0,47.5
5391,freegame,0.0,7.5
5392,freegame,0.0,0.3
5393,freegame,0.0,2.4
5394,freegame,0.1,244.6
5395,freegame,0.0,163.2
5396,freegame,0.0,9.7
5397,freegame,0.0,34.5
5398,freegame,0.0,69.7
5399,freegame,0.0,48.1
5400,freegame,0.0,0.3
5401,freegame,0.3,169.6
5402,freegame,0.0,123.6
5403,freegame,0.0,4.7
5404,freegame,0.0,7.0
5405,freegame,0.3,232.5
5406,freegame,0.0,13.0
5407,freegame,0.0,1.7
5408,freegame,0.0,53.7
5409,freegame,0.0,272.8
5410,freegame,0.0,5.0
5411,freegame,0.0,4.3
5412,freegame,0.0,6.0
5413,freegame,0.0,492.2
5414,freegame,0.0,1164.4
5415,freegame,0.0,9.4
5416,freegame,0.0,5.7
5417,freegame,0.1,521.0
5418,freegame,0.0,0.3
5419,freegame,0.0,5.5
5420,freegame,0.1,323.3
5421,freegame,0.0,12.1
5422,freegame,0.0,557.5
5423,freegame,0.1,107.8
5424,freegame,3.0,3.5
5425,freegame,0.0,3.0
5426,freegame,0.0,13.0
5427,freegame,0.0,53.7
5428,freegame,0.0,1.2
5429,freegame,0.0,83.5
5430,freegame,0.0,138.0
5431,freegame,0.0,31.9
5432,freegame,0.0,4.5
5433,freegame,0.0,91.0
5434,freegame,0.0,116.0
5435,freegame,0.1,111.7
5436,freegame,0.0,19.6
5437,freegame,0.0,23.6
5438,freegame,0.0,359.0
5439,freegame,0.0,3.1
5440,freegame,0.0,256.5
5441,freegame,0.0,4.0
5442,freegame,0.0,2.4
5443,freegame,0.0,31.9
5444,freegame,0.0,3.6
5445,freegame,0.0,20.1
5446,freegame,0.0,62.6
5447,freegame,0.0,7.5
5448,freegame,0.0,11.8
5449,freegame,0.0,160.1
5450,freegame,0.0,691.5
5451,freegame,0.0,4.1
5452,freegame,0.0,308.0
5453,freegame,0.0,18.6
5454,freegame,0.0,10.0
5455,freegame,0.0,3.6
5456,freegame,0.0,51.1
5457,freegame,0.0,40.3
5458,freegame,0.0,26.6
5459,freegame,0.0,826.3
5460,freegame,0.0,20.2
5461,freegame,0.0,49.5
5462,freegame,0.0,457.5
5463,freegame,0.0,8.6
5464,freegame,0.0,1.0
5465,freegame,0.0,51.3
5466,freegame,0.1,84.2
5467,freegame,0.1,47.3
5468,freegame,0.0,10.4
5469,freegame,0.0,518.5
5470,freegame,0.0,147.5
5471,freegame,0.0,10.2
5472,freegame,0.0,40.6
5473,freegame,0.0,228.3
5474,freegame,0.0,338.3
5475,freegame,0.0,0.1
5476,freegame,0.0,16.2
5477,freegame,0.0,20.5
5478,freegame,0.2,59.2
5479,freegame,0.3,1.6
5480,freegame,0.0,1.6
5481,freegame,0.0,59.2
5482,freegame,0.0,41.3
5483,wincap,0.0,5000.0
5484,freegame,0.0,41.0
5485,freegame,0.0,15.0
5486,freegame,0.0,121.8
5487,freegame,0.0,14.4
5488,freegame,0.0,53.5
5489,freegame,0.0,63.4
5490,freegame,0.0,4.8
5491,freegame,0.3,11.0
5492,freegame,0.0,272.5
5493,freegame,0.0,28.0
5494,freegame,0.0,1.4
5495,freegame,0.3,416.5
5496,freegame,0.0,1.1
5497,freegame,0.2,0.0
5498,freegame,0.0,1.0
5499,freegame,0.0,729.6
5500,freegame,0.9,7.0
5501,freegame,0.0,2.8
5502,freegame,0.0,7.5
5503,freegame,0.3,1.5
5504,freegame,0.0,13.4
5505,freegame,0.0,3.1
5506,freegame,2.0,90.9
5507,freegame,0.0,72.5
5508,freegame,0.0,15.0
5509,freegame,0.0,15.5
5510,freegame,0.0,36.8
5511,freegame,0.0,5000.0
5512,freegame,0.0,2.7
5513,freegame,0.0,105.3
5514,freegame,0.1,0.3
5515,freegame,0.0,6.4
5516,freegame,0.0,15.6
5517,freegame,0.0,15.5
5518,freegame,0.0,114.0
5519,freegame,0.0,1.1
5520,freegame,0.0,170.5
5521,freegame,0.0,35.6
5522,freegame,0.0,18.9
5523,freegame,0.0,23.8
5524,freegame,0.0,54.2
5525,freegame,0.0,218.8
5526,wincap,0.0,5000.0
5527,freegame,0.0,24.4
5528,freegame,0.0,20.3
5529,freegame,0.0,11.9
5530,wincap,0.0,5000.0
5531,freegame,0.0,154.4
5532,freegame,0.3,37.4
5533,freegame,0.1,0.3
5534,freegame,0.0,3.9
5535,freegame,0.0,51.8
5536,freegame,0.0,1.8
5537,freegame,0.0,61.2
5538,freegame,0.3,0.3
5539,freegame,0.0,58.6
5540,freegame,0.0,10.6
5541,freegame,0.0,22.3
5542,freegame,0.0,50.3
5543,freegame,0.0,34.7
5544,freegame,0.0,3.6
5545,freegame,0.0,7.2
5546,freegame,0.0,124.8
5547,freegame,0.0,13.2
5548,freegame,0.0,110.0
5549,freegame,0.0,163.0
5550,freegame,0.0,24.7
5551,freegame,0.0,4.3
5552,freegame,0.0,26.4
5553,freegame,0.0,50.2
5554,freegame,0.0,324.6
5555,freegame,0.0,61.6
5556,freegame,0.0,1.0
5557,freegame,0.5,2.8
5558,freegame,0.0,0.2
5559,freegame,0.0,1517.4
5560,freegame,0.0,13.1
5561,freegame,0.0,4.0
5562,freegame,0.0,30.2
5563,freegame,0.0,304.6
5564,freegame,0.0,395.3
5565,freegame,0.0,19.1
5566,freegame,0.0,14.6
5567,freegame,0.0,6.8
5568,freegame,0.0,15.2
5569,freegame,0.0,29.0
5570,freegame,0.0,74.2
5571,freegame,0.0,262.6
5572,freegame,0.0,35.1
5573,freegame,0.0,0.6
5574,freegame,0.0,22.9
5575,freegame,0.0,52.5
5576,freegame,0.0,13.0
5577,freegame,0.0,237.8
5578,freegame,0.0,20.4
5579,freegame,0.0,66.8
5580,freegame,0.0,7.5
5581,freegame,0.0,30.2
5582,freegame,0.0,4.6
5583,freegame,0.0,26.0
5584,freegame,0.2,41.1
5585,freegame,0.0,9.9
5586,freegame,0.0,40.2
5587,freegame,0.0,1.9
5588,freegame,0.0,12.6
5589,freegame,0.1,407.6
5590,freegame,0.0,115.6
5591,freegame,0.0,54.3
5592,freegame,0.0,2.8
5593,freegame,0.0,2.6
5594,freegame,0.0,94.3
5595,freegame,3.2,59.0
5596,freegame,0.0,3.2
5597,freegame,0.0,25.0
5598,freegame,0.0,0.8
5599,freegame,0.0,55.9
5600,freegame,0.0,57.6
5601,freegame,0.0,32.0
5602,freegame,0.0,6.3
5603,freegame,0.0,25.3
5604,freegame,0.3,14.7
5605,freegame,0.0,0.8
5606,freegame,0.0,9.1
5607,freegame,0.0,21.0
5608,freegame,0.0,3.6
5609,freegame,0.0,742.1
5610,freegame,0.0,746.1
5611,freegame,0.0,358.0
5612,freegame,0.0,19.1
5613,freegame,0.0,150.2
5614,freegame,0.0,107.4
5615,freegame,0.0,6.0
5616,freegame,0.0,4.2
5617,freegame,0.0,20.7
5618,freegame,0.0,409.0
5619,freegame,0.0,2.3
5620,freegame,0.0,15.9
5621,freegame,0.0,52.0
5622,freegame,0.1,0.3
5623,freegame,0.0,10.3
5624,freegame,0.1,4.1
5625,freegame,0.0,154.4
5626,freegame,0.0,93.0
5627,freegame,0.0,10.6
5628,freegame,0.0,30.5
5629,freegame,0.0,2.5
5630,freegame,0.0,1.2
5631,freegame,0.0,0.5
5632,freegame,0.0,4.0
5633,freegame,0.0,9.8
5634,freegame,0.1,286.7
5635,freegame,0.0,8.4
5636,freegame,0.0,239.7
5637,freegame,0.0,58.5
5638,freegame,0.0,48.7
5639,freegame,0.0,76.8
5640,freegame,0.0,5.3
5641,freegame,0.0,110.3
5642,freegame,0.0,8.5
5643,freegame,0.0,7.2
5644,freegame,0.0,3.1
5645,freegame,0.0,95.9
5646,freegame,0.0,26.5
5647,freegame,0.0,9.0
5648,freegame,0.0,106.8
5649,freegame,0.0,0.2
5650,freegame,0.0,0.1
5651,freegame,0.0,533.7
5652,freegame,0.2,73.2
5653,freegame,0.0,25.0
5654,freegame,0.0,374.3
5655,freegame,0.0,28.0
5656,freegame,0.0,5.0
5657,freegame,0.0,134.6
5658,freegame,0.0,170.3
5659,freegame,0.0,9.7
5660,freegame,0.0,12.6
5661,freegame,0.3,334.7
5662,freegame,0.0,45.5
5663,freegame,0.0,22.8
5664,freegame,0.0,29.2
5665,freegame,0.0,31.4
5666,freegame,0.0,0.8
5667,freegame,0.0,24.0
5668,freegame,0.0,1.4
5669,freegame,0.0,495.7
5670,freegame,0.0,9.1
5671,freegame,0.0,20.0
5672,freegame,0.1,163.2
5673,freegame,0.0,120.7
5674,freegame,0.0,0.6
5675,freegame,0.0,3.3
5676,freegame,0.0,50.7
5677,freegame,0.0,238.4
5678,freegame,0.0,124.0
5679,freegame,0.0,241.0
5680,freegame,0.0,2.1
5681,freegame,0.0,219.4
5682,freegame,0.0,2.3
5683,freegame,0.0,15.3
5684,freegame,1.0,2.1
5685,freegame,0.7,70.6
5686,freegame,0.0,19.3
5687,freegame,0.0,9.9
5688,freegame,0.0,11.6
5689,freegame,0.0,76.0
5690,freegame,0.0,47.7
5691,freegame,0.0,28.4
5692,freegame,0.3,0.7
5693,freegame,0.2,1.8
5694,freegame,0.0,2.1
5695,freegame,0.0,6.6
5696,freegame,0.0,72.8
5697,freegame,0.3,63.9
5698,freegame,0.0,0.6
5699,wincap,0.0,5000.0
5700,freegame,0.0,51.2
5701,freegame,0.0,2.9
5702,freegame,0.0,19.1
5703,freegame,0.1,268.5
5704,freegame,0.0,6.8
5705,freegame,0.2,260.5
5706,freegame,0.0,1.1
5707,freegame,0.0,24.0
5708,freegame,0.0,263.7
5709,freegame,0.1,126.3
5710,freegame,0.0,199.6
5711,freegame,0.0,0.4
5712,freegame,0.0,10.7
5713,freegame,0.0,21.1
5714,freegame,0.0,146.4
5715,freegame,0.0,5.8
5716,freegame,0.0,2.4
5717,freegame,0.0,423.4
5718,freegame,0.0,349.9
5719,freegame,0.0,0.8
5720,freegame,0.0,318.5
5721,freegame,0.0,0.6
5722,freegame,0.0,7.0
5723,freegame,0.0,150.0
5724,freegame,0.0,1112.4
5725,freegame,0.0,136.9
5726,freegame,0.0,96.9
5727,freegame,0.0,62.4
5728,freegame,0.0,14.2
5729,freegame,0.0,41.1
5730,freegame,0.3,0.8
5731,freegame,0.0,0.9
5732,freegame,0.0,39.6
5733,freegame,0.0,8.3
5734,freegame,0.0,47.4
5735,freegame,0.0,24.5
5736,freegame,0.1,610.9
5737,freegame,0.0,15.6
5738,freegame,0.2,1.2
5739,freegame,0.0,1.6
5740,freegame,0.0,4.2
5741,freegame,0.0,5.7
5742,freegame,0.0,18.5
5743,freegame,0.0,1321.1
5744,freegame,0.0,46.3
5745,freegame,0.0,152.8
5746,freegame,0.0,44.9
5747,freegame,0.1,89.0
5748,freegame,0.0,17.2
5749,freegame,0.0,214.4
5750,freegame,0.0,8.2
5751,freegame,0.2,70.6
5752,freegame,0.0,1.5
5753,freegame,0.0,5.3
5754,freegame,0.0,70.6
5755,freegame,0.0,40.0
5756,freegame,0.0,58.3
5757,freegame,0.0,183.2
5758,freegame,0.0,627.2
5759,freegame,0.0,14.4
5760,freegame,0.0,64.9
5761,freegame,2.1,122.5
5762,freegame,0.0,2.0
5763,freegame,0.0,2.0
5764,freegame,0.0,296.0
5765,freegame,0.0,233.4
5766,freegame,0.0,2.3
5767,freegame,0.3,44.2
5768,freegame,0.0,2.3
5769,freegame,0.1,28.4
5770,freegame,0.0,1110.8
5771,freegame,0.0,10.1
5772,freegame,0.0,11.3
5773,freegame,0.0,757.4
5774,freegame,0.0,72.2
5775,freegame,0.0,40.4
5776,freegame,0.0,0.6
5777,freegame,0.0,345.3
5778,freegame,0.0,152.8
5779,freegame,0.3,45.0
5780,freegame,0.0,104.3
5781,freegame,0.0,7.0
5782,freegame,0.0,9.7
5783,freegame,1.4,22.7
5784,freegame,0.0,0.7
5785,freegame,0.0,252.4
5786,freegame,0.0,47.8
5787,freegame,0.0,0.6
5788,freegame,0.0,136.6
5789,freegame,0.0,29.5
5790,freegame,0.0,13.3
5791,freegame,0.0,42.0
5792,freegame,0.1,18.4
5793,freegame,0.0,502.4
5794,freegame,0.0,324.7
5795,freegame,0.0,85.1
5796,freegame,0.0,200.6
5797,wincap,0.0,5000.0
5798,freegame,0.0,38.2
5799,freegame,0.0,15.9
5800,freegame,0.0,269.0
5801,freegame,0.0,54.3
5802,freegame,0.0,3.0
5803,freegame,0.0,29.2
5804,freegame,0.0,10.1
5805,freegame,0.0,101.4
5806,freegame,0.0,8.0
5807,freegame,0.0,171.8
5808,freegame,0.0,15.9
5809,freegame,0.0,13.6
5810,freegame,0.0,1.8
5811,freegame,0.0,5.9
5812,freegame,0.0,41.5
5813,freegame,0.0,1.8
5814,freegame,0.0,44.7
5815,freegame,0.1,39.6
5816,freegame,0.0,46.4
5817,freegame,0.0,32.4
5818,freegame,0.0,7.2
5819,freegame,0.0,16.1
5820,freegame,0.0,8.0
5821,freegame,0.7,134.0
5822,freegame,0.0,90.9
5823,freegame,0.0,7.0
5824,freegame,0.0,2.4
5825,freegame,0.0,6.0
5826,freegame,0.0,194.8
5827,freegame,1.0,52.0
5828,freegame,0.1,5.0
5829,freegame,0.0,39.2
5830,freegame,0.0,19.1
5831,freegame,0.0,51.5
5832,freegame,0.0,9.2
5833,freegame,0.0,60.9
5834,freegame,0.0,639.2
5835,freegame,0.0,1.0
5836,freegame,0.0,54.2
5837,freegame,0.3,16.4
5838,freegame,0.0,16.6
5839,freegame,0.0,81.2
5840,freegame,0.0,30.3
5841,freegame,0.0,489.8
5842,freegame,0.0,25.7
5843,freegame,0.0,34.4
5844,freegame,0.0,459.7
5845,freegame,0.1,50.7
5846,freegame,0.0,38.0
5847,freegame,0.0,63.8
5848,freegame,0.0,33.4
5849,freegame,0.0,62.5
5850,freegame,0.0,328.1
5851,freegame,0.0,781.1
5852,freegame,0.1,1.6
5853,freegame,0.3,1.0
5854,freegame,0.0,342.3
5855,freegame,0.0,208.3
5856,freegame,0.0,1.1
5857,freegame,0.0,30.2
5858,freegame,0.0,13.6
5859,freegame,0.0,30.2
5860,freegame,0.0,131.5
5861,freegame,0.0,4.3
5862,freegame,0.0,111.2
5863,freegame,0.0,27.7
5864,freegame,0.4,195.7
5865,freegame,0.0,20.4
5866,freegame,0.0,190.2
5867,freegame,0.0,12.6
5868,freegame,0.0,0.2
5869,freegame,0.0,193.8
5870,freegame,0.0,94.8
5871,freegame,0.0,15.8
5872,freegame,0.0,54.8
5873,freegame,0.0,104.6
5874,freegame,0.0,143.9
5875,freegame,0.0,22.0
5876,freegame,0.1,246.8
5877,freegame,0.0,8.1
5878,freegame,0.0,1216.0
5879,freegame,0.0,65.6
5880,freegame,0.0,53.7
5881,freegame,0.0,488.1
5882,freegame,3.0,56.2
5883,wincap,0.0,5000.0
5884,freegame,0.1,0.0
5885,freegame,0.0,14.3
5886,freegame,0.0,37.5
5887,freegame,0.0,125.9
5888,freegame,0.0,43.9
5889,freegame,0.0,160.7
5890,freegame,0.2,204.7
5891,freegame,0.3,159.5
5892,freegame,0.0,5.3
5893,freegame,0.0,456.9
5894,freegame,0.0,15.4
5895,freegame,0.0,103.5
5896,freegame,0.0,5.3
5897,freegame,0.0,42.6
5898,freegame,0.0,25.8
5899,freegame,0.0,13.8
5900,freegame,0.0,0.2
5901,freegame,0.1,1.5
5902,freegame,0.0,163.6
5903,freegame,0.0,39.1
5904,freegame,0.0,32.4
5905,freegame,0.0,10.0
5906,freegame,1.0,104.1
5907,freegame,0.0,63.8
5908,freegame,0.0,50.9
5909,freegame,0.0,4.2
5910,freegame,0.0,49.3
5911,freegame,0.0,1.9
5912,freegame,0.0,0.4
5913,freegame,0.1,2.7
5914,freegame,0.5,22.0
5915,freegame,1.0,1.0
5916,freegame,0.0,0.5
5917,freegame,0.0,960.8
5918,freegame,0.0,2.8
5919,freegame,0.0,7.0
5920,freegame,0.0,82.7
5921,freegame,0.0,38.9
5922,freegame,0.0,9.4
5923,freegame,0.0,30.4
5924,freegame,0.0,0.9
5925,freegame,0.0,18.8
5926,freegame,0.0,1.3
5927,freegame,0.0,5.9
5928,freegame,0.0,6.8
5929,freegame,0.0,5.4
5930,freegame,0.0,34.7
5931,freegame,0.0,213.9
5932,freegame,0.0,0.3
5933,freegame,0.0,225.0
5934,freegame,0.3,10.8
5935,freegame,0.0,13.1
5936,freegame,0.0,191.8
5937,freegame,0.1,99.4
5938,wincap,0.0,5000.0
5939,freegame,0.0,0.6
5940,freegame,0.0,6.0
5941,freegame,0.0,1670.8
5942,freegame,0.0,30.2
5943,freegame,0.0,4.2
5944,freegame,0.0,30.0
5945,freegame,0.0,1496.4
5946,freegame,0.1,29.7
5947,freegame,0.0,54.1
5948,freegame,0.0,0.8
5949,freegame,0.1,310.4
5950,freegame,0.0,0.8
5951,freegame,0.0,11.1
5952,freegame,0.0,32.3
5953,freegame,0.0,1.1
5954,freegame,0.0,164.0
5955,freegame,0.0,258.8
5956,freegame,0.0,128.0
5957,freegame,0.0,4.5
5958,freegame,0.0,0.9
5959,freegame,0.2,10.1
5960,freegame,0.3,177.7
5961,freegame,0.0,54.1
5962,wincap,0.0,5000.0
5963,freegame,0.0,63.6
5964,freegame,0.1,0.0
5965,freegame,0.0,3.8
5966,freegame,0.1,102.9
5967,freegame,0.0,16.0
5968,freegame,0.0,79.9
5969,freegame,0.0,105.6
5970,freegame,0.0,431.1
5971,freegame,0.0,0.5
5972,freegame,0.0,10.4
5973,freegame,0.0,18.0
5974,freegame,0.0,6.8
5975,freegame,0.0,34.1
5976,freegame,0.0,8.8
5977,freegame,0.0,343.6
5978,freegame,0.0,244.5
5979,freegame,0.0,3.1
5980,freegame,0.0,351.6
5981,freegame,0.0,0.4
5982,freegame,0.0,31.1
5983,freegame,0.0,2.8
5984,freegame,0.0,4.2
5985,freegame,0.0,305.3
5986,freegame,0.0,58.8
5987,freegame,0.0,7.0
5988,freegame,0.0,10.5
5989,freegame,0.1,39.0
5990,freegame,0.0,42.3
5991,freegame,0.3,39.8
5992,freegame,0.0,26.9
5993,freegame,0.0,15.0
5994,freegame,0.0,28.4
5995,freegame,0.0,181.0
5996,freegame,0.0,149.6
5997,freegame,0.0,49.0
5998,freegame,0.0,122.8
5999,freegame,0.1,6.0
6000,freegame,0.0,5.9
6001,freegame,0.0,18.9
6002,freegame,0.0,12.8
6003,freegame,0.0,0.5
6004,freegame,0.0,1.0
6005,freegame,0.0,631.1
6006,freegame,0.0,16.1
6007,freegame,0.0,6.0
6008,freegame,0.0,0.4
6009,freegame,0.0,1.1
6010,freegame,0.0,54.5
6011,freegame,0.0,26.3
6012,freegame,6.0,46.0
6013,freegame,0.0,1072.0
6014,freegame,0.0,86.2
6015,freegame,0.0,19.4
6016,freegame,0.0,2.2
6017,freegame,0.2,104.8
6018,freegame,0.0,11.0
6019,freegame,0.0,18.1
6020,freegame,0.0,14.9
6021,freegame,0.0,37.0
6022,freegame,0.0,6.7
6023,freegame,0.0,11.1
6024,freegame,0.0,67.8
6025,freegame,0.0,3.8
6026,freegame,0.0,100.3
6027,freegame,0.0,291.6
6028,freegame,0.0,175.8
6029,freegame,0.0,160.3
6030,freegame,0.0,1.0
6031,freegame,0.0,31.0
6032,freegame,0.0,0.8
6033,freegame,0.0,0.6
6034,freegame,0.0,44.7
6035,freegame,0.0,50.2
6036,freegame,0.0,52.5
6037,freegame,0.0,2.3
6038,freegame,0.0,6.5
6039,freegame,0.0,101.7
6040,freegame,0.3,552.6
6041,freegame,0.0,0.4
6042,freegame,0.0,78.1
6043,freegame,0.0,20.0
6044,freegame,0.0,24.5
6045,freegame,0.1,7.2
6046,freegame,0.0,8.5
6047,freegame,0.0,322.6
6048,freegame,0.1,1.8
6049,freegame,0.2,19.0
6050,freegame,0.0,303.9
6051,freegame,0.0,102.9
6052,freegame,0.0,7.0
6053,freegame,0.0,231.7
6054,freegame,0.0,72.6
6055,freegame,0.0,6.5
6056,freegame,0.0,34.5
6057,freegame,0.0,35.7
6058,freegame,0.0,0.1
6059,freegame,0.1,20.9
6060,freegame,0.5,3.6
6061,freegame,0.0,54.0
6062,freegame,0.0,16.6
6063,freegame,0.0,52.8
6064,freegame,0.0,52.5
6065,freegame,0.0,3.9
6066,freegame,0.0,10.0
6067,freegame,0.0,3.7
6068,freegame,0.0,313.8
6069,freegame,0.0,0.2
6070,freegame,0.0,1.3
6071,freegame,0.0,0.1
6072,freegame,0.0,193.4
6073,freegame,0.0,51.4
6074,freegame,0.0,7.2
6075,freegame,0.0,1.9
6076,freegame,0.0,165.2
6077,freegame,0.0,1.2
6078,freegame,0.0,65.5
6079,freegame,0.0,89.6
6080,freegame,0.0,2.0
6081,freegame,0.0,22.1
6082,freegame,0.0,6.4
6083,freegame,0.0,232.5
6084,freegame,0.7,6.2
6085,freegame,0.0,1557.0
6086,freegame,0.0,348.6
6087,freegame,0.0,1.1
6088,freegame,0.0,14.4
6089,freegame,0.3,148.0
6090,freegame,0.0,0.7
6091,freegame,0.0,27.5
6092,freegame,0.0,1.9
6093,freegame,0.0,17.0
6094,freegame,0.0,88.0
6095,freegame,0.0,10.3
6096,freegame,0.0,50.1
6097,freegame,0.0,14.4
6098,freegame,0.0,119.3
6099,freegame,0.0,62.8
6100,freegame,0.0,30.0
6101,freegame,0.5,0.6
6102,freegame,0.0,1.5
6103,freegame,0.7,281.2
6104,freegame,0.0,71.9
6105,freegame,0.1,19.1
6106,freegame,0.0,86.0
6107,freegame,0.0,14.0
6108,freegame,0.0,91.9
6109,freegame,0.0,8.0
6110,freegame,0.0,252.1
6111,freegame,0.1,20.7
6112,freegame,0.0,52.2
6113,freegame,0.0,138.1
6114,freegame,0.0,143.9
6115,freegame,0.0,261.9
6116,freegame,0.0,463.9
6117,freegame,0.0,140.3
6118,freegame,0.0,1.0
6119,freegame,0.2,1.6
6120,freegame,0.0,4.5
6121,freegame,0.3,14.8
6122,freegame,0.0,70.1
6123,freegame,0.3,44.1
6124,freegame,0.3,64.3
6125,freegame,0.0,1.5
6126,freegame,0.0,105.9
6127,freegame,0.0,1.0
6128,freegame,0.0,11.0
6129,freegame,0.0,20.4
6130,freegame,0.5,62.0
6131,freegame,0.3,2.1
6132,freegame,0.0,3.2
6133,freegame,0.3,0.0
6134,freegame,0.0,41.8
6135,freegame,0.0,137.2
6136,freegame,0.0,23.5
6137,freegame,0.0,48.4
6138,freegame,0.0,35.3
6139,freegame,0.0,126.6
6140,freegame,0.0,5.2
6141,freegame,0.0,6.9
6142,freegame,0.0,14.2
6143,freegame,0.0,46.8
6144,freegame,0.0,0.5
6145,freegame,0.0,54.0
6146,freegame,0.0,42.6
6147,freegame,0.0,32.8
6148,freegame,0.0,17.2
6149,freegame,0.0,0.4
6150,freegame,0.0,31.2
6151,freegame,0.0,14.2
6152,freegame,0.0,28.4
6153,freegame,0.0,2.5
6154,freegame,0.0,243.5
6155,freegame,0.0,15.7
6156,freegame,0.0,3.5
6157,freegame,0.0,5.0
6158,wincap,0.0,5000.0
6159,freegame,0.0,1.7
6160,freegame,0.0,81.1
6161,freegame,0.0,5.8
6162,freegame,0.0,11.3
6163,freegame,0.0,80.3
6164,freegame,0.0,11.6
6165,freegame,0.0,0.4
6166,freegame,0.0,3.0
6167,freegame,0.0,102.0
6168,freegame,0.3,0.5
6169,freegame,0.0,10.0
6170,wincap,0.0,5000.0
6171,freegame,0.0,78.4
6172,freegame,0.3,4.4
6173,freegame,0.0,65.6
6174,freegame,0.0,5.3
6175,freegame,0.0,17.3
6176,freegame,0.0,1241.4
6177,freegame,0.0,30.0
6178,freegame,0.0,50.9
6179,freegame,0.2,2.0
6180,freegame,0.0,13.4
6181,freegame,0.0,65.6
6182,freegame,0.0,10.6
6183,freegame,0.1,22.2
6184,freegame,0.0,10.4
6185,freegame,0.2,10.5
6186,freegame,0.0,352.0
6187,freegame,0.0,16.5
6188,freegame,0.0,29.9
6189,freegame,0.0,540.8
6190,freegame,0.0,22.0
6191,freegame,0.0,0.2
6192,freegame,0.0,5.8
6193,freegame,0.0,122.4
6194,freegame,0.2,49.6
6195,freegame,0.0,86.5
6196,freegame,0.0,6.5
6197,freegame,3.0,24.0
6198,freegame,0.3,16.5
6199,freegame,0.1,10.0
6200,freegame,0.0,166.1
6201,freegame,0.0,37.6
6202,freegame,0.0,235.6
6203,freegame,0.0,0.1
6204,freegame,0.0,13.5
6205,freegame,0.0,3.2
6206,freegame,0.0,38.0
6207,freegame,0.0,246.9
6208,freegame,0.0,346.2
6209,freegame,0.0,2.1
6210,freegame,0.0,55.6
6211,freegame,0.3,13.5
6212,freegame,0.3,7.9
6213,freegame,0.0,11.1
6214,freegame,0.0,0.5
6215,freegame,0.0,99.2
6216,freegame,0.0,186.6
6217,freegame,0.0,2.0
6218,freegame,0.0,3.4
6219,freegame,0.0,396.5
6220,freegame,0.0,21.0
6221,freegame,0.0,34.0
6222,freegame,0.0,48.4
6223,freegame,0.0,148.5
6224,freegame,0.0,9.1
6225,freegame,0.0,62.0
6226,freegame,0.0,34.2
6227,freegame,0.0,0.5
6228,freegame,0.0,33.2
6229,freegame,0.0,17.2
6230,freegame,0.0,1.7
6231,freegame,0.0,4.0
6232,freegame,0.0,54.4
6233,freegame,0.0,58.5
6234,freegame,0.0,12.0
6235,freegame,0.0,10.3
6236,freegame,0.3,1.0
6237,freegame,0.0,0.2
6238,freegame,0.0,1121.5
6239,freegame,0.0,13.8
6240,freegame,0.0,2.3
6241,freegame,0.0,128.2
6242,freegame,0.0,3.2
6243,freegame,0.0,664.3
6244,freegame,0.0,46.2
6245,freegame,0.0,15.0
6246,freegame,0.2,8.1
6247,freegame,0.0,3.9
6248,freegame,0.0,592.4
6249,freegame,0.0,15.2
6250,freegame,0.0,253.0
6251,freegame,0.0,64.4
6252,freegame,0.0,1.2
6253,freegame,0.0,1.3
6254,freegame,0.0,12.6
6255,wincap,0.0,5000.0
6256,freegame,0.0,15.2
6257,freegame,0.0,582.0
6258,freegame,0.0,126.0
6259,freegame,0.2,80.3
6260,freegame,0.0,7.9
6261,freegame,0.0,229.3
6262,freegame,0.0,156.4
6263,freegame,0.0,45.4
6264,freegame,0.0,7.1
6265,freegame,0.2,1.4
6266,freegame,0.0,8.3
6267,freegame,0.0,2.9
6268,wincap,0.0,5000.0
6269,freegame,0.0,218.1
6270,freegame,0.0,427.1
6271,freegame,0.0,159.1
6272,freegame,0.0,5.4
6273,freegame,0.0,65.7
6274,freegame,0.0,1881.0
6275,freegame,0.0,90.7
6276,freegame,0.0,42.0
6277,freegame,0.0,1.9
6278,freegame,0.0,15.6
6279,freegame,0.0,38.3
6280,freegame,15.0,301.2
6281,freegame,0.0,11.9
6282,freegame,0.0,42.0
6283,freegame,0.0,22.0
6284,freegame,0.0,131.7
6285,freegame,0.0,4.7
6286,freegame,0.0,17.2
6287,freegame,0.0,33.3
6288,freegame,0.0,30.4
6289,freegame,0.0,26.5
6290,freegame,0.0,71.7
6291,freegame,0.0,12.2
6292,freegame,0.0,0.3
6293,freegame,0.0,10.9
6294,freegame,0.0,123.7
6295,freegame,0.0,67.6
6296,freegame,0.1,31.2
6297,freegame,0.0,93.8
6298,freegame,0.0,0.8
6299,freegame,0.0,0.2
6300,freegame,0.0,17.6
6301,freegame,0.0,589.4
6302,freegame,0.0,16.0
6303,freegame,0.0,13.8
6304,freegame,0.0,5.0
6305,freegame,0.0,108.9
6306,freegame,0.0,10.8
6307,freegame,0.0,210.0
6308,freegame,0.6,34.7
6309,freegame,0.0,2.6
6310,freegame,0.2,0.5
6311,freegame,0.9,7.0
6312,freegame,0.0,2.7
6313,freegame,0.0,0.3
6314,freegame,0.0,74.9
6315,freegame,0.0,3.2
6316,freegame,0.0,86.4
6317,wincap,0.0,5000.0
6318,wincap,0.0,5000.0
6319,freegame,0.0,6.3
6320,freegame,0.0,5.6
6321,freegame,0.0,3.0
6322,freegame,0.0,1.9
6323,freegame,0.0,14.9
6324,freegame,0.0,105.6
6325,freegame,0.0,184.5
6326,freegame,0.0,39.3
6327,freegame,0.0,0.6
6328,freegame,0.0,51.0
6329,freegame,0.0,26.3
6330,freegame,0.0,3.5
6331,freegame,0.0,10.2
6332,freegame,0.0,2.9
6333,freegame,0.0,10.4
6334,freegame,0.0,50.6
6335,freegame,0.0,20.6
6336,freegame,0.0,424.7
6337,freegame,0.7,17.2
6338,freegame,0.0,118.0
6339,freegame,0.0,35.1
6340,freegame,0.0,0.6
6341,freegame,0.0,20.5
6342,freegame,0.0,63.2
6343,freegame,0.0,0.4
6344,freegame,0.0,0.4
6345,freegame,0.0,22.7
6346,freegame,0.0,91.1
6347,freegame,0.0,12.6
6348,freegame,0.0,2.0
6349,freegame,0.0,35.6
6350,freegame,0.0,736.4
6351,freegame,0.0,2.9
6352,freegame,0.5,17.5
6353,freegame,0.0,270.5
6354,freegame,0.0,7.0
6355,freegame,0.0,5.2
6356,freegame,0.0,119.2
6357,freegame,0.7,60.0
6358,freegame,0.0,34.1
6359,freegame,0.0,12.0
6360,freegame,0.0,747.2
6361,freegame,0.0,35.0
6362,freegame,0.0,11.2
6363,freegame,0.0,23.5
6364,freegame,0.0,3.9
6365,freegame,0.0,205.5
6366,freegame,0.0,118.0
6367,freegame,0.0,126.2
6368,freegame,0.2,53.2
6369,freegame,0.0,21.4
6370,freegame,0.0,211.8
6371,freegame,0.0,26.6
6372,freegame,3.0,8.1
6373,freegame,0.0,25.0
6374,freegame,0.0,6.5
6375,freegame,0.0,25.2
6376,freegame,0.0,0.4
6377,freegame,0.0,77.1
6378,freegame,0.0,41.0
6379,freegame,0.0,157.2
6380,freegame,0.2,173.7
6381,freegame,0.0,18.9
6382,freegame,0.0,115.3
6383,freegame,0.0,4.5
6384,freegame,0.0,872.2
6385,freegame,0.0,11.4
6386,freegame,0.0,4.5
6387,freegame,0.0,464.0
6388,freegame,0.5,3.6
6389,freegame,0.0,63.2
6390,freegame,0.0,8.2
6391,freegame,0.0,0.4
6392,freegame,0.0,73.7
6393,freegame,0.0,13.5
6394,freegame,0.0,229.9
6395,freegame,0.0,44.7
6396,freegame,0.0,24.6
6397,freegame,0.0,5.5
6398,freegame,0.0,351.6
6399,freegame,0.1,9.6
6400,freegame,0.0,13.0
6401,freegame,0.0,5.3
6402,freegame,0.0,1.0
6403,freegame,0.1,199.2
6404,freegame,0.0,20.3
6405,freegame,0.0,397.1
6406,freegame,0.1,222.9
6407,freegame,0.0,237.6
6408,freegame,0.0,11.1
6409,freegame,0.0,0.5
6410,freegame,0.0,1134.9
6411,freegame,0.0,6.7
6412,freegame,6.0,1.5
6413,freegame,0.0,5.8
6414,freegame,0.0,17.1
6415,freegame,0.0,21.7
6416,freegame,0.0,9.5
6417,freegame,0.0,177.2
6418,freegame,0.0,12.8
6419,freegame,0.0,12.9
6420,freegame,0.0,373.0
6421,freegame,0.0,3.4
6422,freegame,0.0,5.3
6423,freegame,0.0,25.3
6424,freegame,0.0,619.8
6425,freegame,0.0,403.3
6426,freegame,0.3,0.3
6427,freegame,0.0,142.2
6428,freegame,0.0,30.1
6429,freegame,0.9,273.3
6430,freegame,0.0,3.3
6431,freegame,0.0,6.6
6432,freegame,0.0,2.6
6433,freegame,0.0,10.8
6434,freegame,0.1,128.5
6435,freegame,0.0,909.9
6436,freegame,0.0,165.1
6437,freegame,0.0,191.0
6438,freegame,0.0,76.3
6439,freegame,0.2,243.1
6440,freegame,0.0,13.9
6441,freegame,0.0,30.4
6442,freegame,0.0,31.1
6443,freegame,0.0,72.1
6444,freegame,0.0,30.0
6445,freegame,0.0,4.6
6446,freegame,0.0,240.0
6447,freegame,0.0,3.7
6448,freegame,0.0,92.3
6449,freegame,0.0,11.4
6450,freegame,0.0,35.8
6451,freegame,0.0,16.8
6452,freegame,0.0,2.6
6453,wincap,0.1,5000.0
6454,freegame,0.0,2.1
6455,freegame,0.0,32.5
6456,freegame,0.0,5.3
6457,freegame,0.0,190.7
6458,freegame,0.0,57.0
6459,freegame,0.0,57.7
6460,freegame,0.0,6.6
6461,freegame,0.0,610.1
6462,freegame,0.0,1.1
6463,freegame,0.0,9.8
6464,freegame,0.5,111.5
6465,freegame,0.0,42.0
6466,freegame,0.0,111.2
6467,freegame,0.6,0.0
6468,freegame,0.2,105.5
6469,freegame,0.1,27.0
6470,freegame,0.0,6.9
6471,freegame,0.0,60.8
6472,freegame,0.0,16.0
6473,freegame,0.0,32.7
6474,freegame,0.0,0.5
6475,freegame,0.0,51.8
6476,freegame,0.0,235.0
6477,freegame,0.0,226.6
6478,freegame,0.2,596.9
6479,freegame,0.0,88.6
6480,freegame,0.0,5.5
6481,freegame,0.0,329.8
6482,freegame,0.0,10.0
6483,freegame,0.6,7.4
6484,freegame,0.0,48.0
6485,freegame,0.1,2.5
6486,freegame,0.0,54.3
6487,freegame,0.0,29.6
6488,freegame,0.0,0.5
6489,freegame,0.0,0.9
6490,freegame,0.0,31.7
6491,freegame,0.0,10.5
6492,freegame,0.7,14.6
6493,freegame,0.0,323.1
6494,freegame,0.0,7.9
6495,freegame,0.0,0.3
6496,freegame,0.0,261.5
6497,freegame,0.0,33.8
6498,freegame,0.0,0.4
6499,freegame,0.0,20.9
6500,freegame,0.0,5.6
6501,freegame,0.5,13.5
6502,freegame,0.0,24.6
6503,freegame,0.0,5.3
6504,freegame,0.0,27.5
6505,freegame,0.0,3.4
6506,freegame,0.0,8.4
6507,freegame,0.0,6.0
6508,freegame,0.0,2.3
6509,freegame,0.0,40.5
6510,freegame,0.3,0.5
6511,freegame,0.0,16.8
6512,freegame,0.0,180.9
6513,freegame,0.0,46.4
6514,freegame,0.0,50.3
6515,freegame,0.0,4.8
6516,freegame,0.0,2.5
6517,freegame,0.0,1.1
6518,freegame,0.0,81.3
6519,freegame,0.0,70.0
6520,freegame,0.0,2.0
6521,freegame,0.1,20.3
6522,freegame,0.0,89.9
6523,freegame,0.0,65.0
6524,freegame,0.0,3.8
6525,freegame,0.0,143.9
6526,freegame,0.0,19.0
6527,freegame,0.0,1298.0
6528,freegame,0.0,161.5
6529,freegame,0.0,77.5
6530,freegame,0.0,0.2
6531,freegame,0.0,2.2
6532,freegame,0.0,47.6
6533,freegame,0.0,35.0
6534,freegame,0.0,135.8
6535,freegame,0.0,77.8
6536,freegame,0.0,188.6
6537,freegame,0.0,14.9
6538,freegame,0.0,34.2
6539,wincap,0.0,5000.0
6540,freegame,0.0,48.3
6541,freegame,0.0,6.6
6542,freegame,0.0,23.5
6543,freegame,0.0,24.3
6544,freegame,0.0,85.2
6545,freegame,0.0,6.2
6546,freegame,0.0,63.0
6547,freegame,0.0,18.8
6548,freegame,0.0,13.8
6549,freegame,0.0,0.4
6550,freegame,0.0,3.0
6551,freegame,0.0,69.4
6552,freegame,0.2,12.2
6553,freegame,0.0,12.7
6554,freegame,0.0,8.1
6555,freegame,0.0,124.8
6556,freegame,2.0,30.1
6557,freegame,0.0,12.4
6558,freegame,0.0,0.5
6559,freegame,0.0,5.7
6560,freegame,0.3,3.4
6561,freegame,0.0,13.3
6562,freegame,0.0,8.2
6563,freegame,0.0,2.3
6564,freegame,0.0,15.6
6565,freegame,0.0,48.0
6566,freegame,0.0,279.0
6567,freegame,0.0,8.7
6568,freegame,0.0,4.1
6569,wincap,0.0,5000.0
6570,freegame,0.0,12.3
6571,freegame,0.0,2.3
6572,freegame,0.1,32.4
6573,freegame,0.0,32.2
6574,freegame,0.0,32.3
6575,freegame,0.0,6.4
6576,freegame,0.0,0.3
6577,freegame,0.0,23.0
6578,freegame,0.0,47.2
6579,freegame,0.0,3.8
6580,freegame,0.0,11.0
6581,freegame,0.0,74.0
6582,freegame,0.0,13.3
6583,freegame,0.0,1.0
6584,freegame,0.0,174.5
6585,freegame,0.0,82.9
6586,freegame,0.0,23.5
6587,freegame,0.0,71.3
6588,freegame,0.0,15.8
6589,freegame,0.0,3.3
6590,freegame,0.0,94.3
6591,freegame,0.0,18.4
6592,freegame,0.0,854.2
6593,freegame,0.0,26.4
6594,freegame,0.0,1.6
6595,freegame,0.0,16.8
6596,freegame,0.0,5.0
6597,freegame,0.0,39.5
6598,freegame,0.0,4.2
6599,freegame,0.0,3.0
6600,freegame,0.0,35.6
6601,freegame,0.0,2.7
6602,freegame,0.0,51.5
6603,freegame,0.0,155.8
6604,freegame,0.0,216.9
6605,freegame,0.0,41.9
6606,freegame,0.0,108.6
6607,wincap,0.0,5000.0
6608,freegame,0.0,53.7
6609,freegame,0.0,55.2
6610,freegame,0.0,148.8
6611,freegame,0.0,15.5
6612,freegame,0.7,23.3
6613,freegame,0.0,61.0
6614,freegame,0.0,114.5
6615,freegame,0.3,8.3
6616,freegame,0.0,6.6
6617,freegame,0.0,17.2
6618,freegame,0.0,150.6
6619,freegame,0.0,0.1
6620,freegame,0.0,205.5
6621,freegame,0.0,21.3
6622,freegame,0.0,165.0
6623,freegame,0.0,15.3
6624,freegame,0.0,70.6
6625,freegame,0.0,1.8
6626,freegame,0.0,5.9
6627,freegame,0.0,141.8
6628,freegame,0.0,16.5
6629,freegame,0.0,17.6
6630,freegame,0.0,19.6
6631,freegame,0.0,45.4
6632,freegame,0.0,20.7
6633,freegame,0.0,175.2
6634,freegame,0.0,12.4
6635,freegame,0.0,10.5
6636,freegame,0.0,1.8
6637,freegame,0.3,42.7
6638,freegame,0.0,58.3
6639,freegame,0.0,73.3
6640,freegame,0.7,4.5
6641,freegame,0.0,45.6
6642,freegame,0.3,2.0
6643,freegame,0.0,12.2
6644,freegame,0.0,9.8
6645,freegame,0.0,36.0
6646,freegame,0.0,7.1
6647,freegame,0.0,60.0
6648,freegame,0.0,47.3
6649,freegame,0.3,121.3
6650,freegame,0.0,2.6
6651,freegame,0.1,3.4
6652,freegame,0.0,1.2
6653,freegame,0.0,101.6
6654,freegame,0.0,40.7
6655,freegame,0.2,42.5
6656,freegame,0.0,3.7
6657,freegame,0.0,106.5
6658,freegame,0.0,25.2
6659,freegame,0.0,182.2
6660,freegame,0.0,19.0
6661,freegame,0.0,264.1
6662,freegame,0.0,27.3
6663,freegame,0.0,2.9
6664,freegame,0.0,17.4
6665,freegame,0.0,16.5
6666,freegame,0.0,105.7
6667,freegame,0.0,36.5
6668,freegame,0.0,817.9
6669,freegame,0.0,2.0
6670,freegame,0.0,2.1
6671,freegame,0.0,501.0
6672,freegame,0.0,2.1
6673,freegame,0.2,173.2
6674,freegame,0.0,0.1
6675,freegame,0.0,149.1
6676,freegame,0.0,447.3
6677,freegame,0.2,4.2
6678,freegame,0.0,93.2
6679,freegame,0.0,20.0
6680,freegame,0.0,801.2
6681,freegame,0.0,552.6
6682,freegame,0.0,12.9
6683,freegame,0.0,23.8
6684,freegame,0.0,6.2
6685,freegame,0.0,62.4
6686,freegame,0.0,62.0
6687,freegame,0.0,10.0
6688,freegame,0.0,2.5
6689,freegame,0.0,0.8
6690,freegame,0.5,1.9
6691,freegame,0.0,29.5
6692,freegame,0.0,12.3
6693,freegame,0.0,9.3
6694,freegame,0.2,113.9
6695,freegame,0.0,39.0
6696,freegame,0.0,1.4
6697,freegame,0.0,380.6
6698,freegame,0.0,22.3
6699,freegame,0.0,2.0
6700,freegame,0.0,138.8
6701,freegame,0.0,24.3
6702,freegame,0.0,56.0
6703,freegame,0.0,0.5
6704,freegame,0.0,9.6
6705,freegame,0.0,123.2
6706,freegame,0.3,592.2
6707,freegame,0.0,33.9
6708,freegame,0.0,86.6
6709,freegame,0.0,35.4
6710,freegame,0.0,0.4
6711,freegame,0.0,4.4
6712,freegame,0.0,4.0
6713,freegame,0.0,53.9
6714,freegame,0.0,59.2
6715,freegame,0.0,123.0
6716,freegame,0.0,6.2
6717,freegame,0.0,14.0
6718,freegame,0.0,1.1
6719,freegame,0.0,154.1
6720,freegame,0.0,42.9
6721,freegame,0.0,94.3
6722,freegame,0.0,128.2
6723,wincap,0.0,5000.0
6724,freegame,0.0,304.0
6725,freegame,2.0,1.4
6726,freegame,0.0,27.0
6727,freegame,0.0,336.5
6728,freegame,0.0,8.4
6729,freegame,0.0,91.7
6730,freegame,0.5,6.1
6731,freegame,0.0,746.4
6732,freegame,0.0,84.0
6733,freegame,0.0,15.1
6734,freegame,0.0,3.6
6735,freegame,0.0,124.0
6736,freegame,0.0,37.9
6737,freegame,0.0,66.9
6738,freegame,0.0,12.4
6739,freegame,0.0,0.3
6740,freegame,0.1,0.2
6741,freegame,0.0,39.0
6742,freegame,0.0,22.4
6743,freegame,0.0,172.0
6744,freegame,0.6,7.6
6745,freegame,0.0,2.4
6746,freegame,0.2,0.0
6747,freegame,0.1,4.6
6748,freegame,0.0,433.6
6749,freegame,0.0,186.7
6750,freegame,0.0,24.4
6751,freegame,0.0,11.4
6752,freegame,0.0,0.6
6753,freegame,0.0,7.5
6754,freegame,0.0,17.5
6755,freegame,0.3,82.3
6756,freegame,0.0,488.0
6757,freegame,0.0,462.4
6758,freegame,0.0,95.4
6759,freegame,0.0,4.1
6760,freegame,0.0,26.6
6761,freegame,0.0,15.5
6762,freegame,0.0,0.1
6763,freegame,0.0,8.4
6764,freegame,0.0,46.1
6765,freegame,0.7,114.4
6766,freegame,0.1,1.2
6767,freegame,0.3,29.2
6768,freegame,0.0,25.9
6769,freegame,0.0,37.9
6770,freegame,0.0,323.7
6771,freegame,0.0,89.2
6772,freegame,0.1,162.6
6773,freegame,0.0,3.0
6774,freegame,0.0,42.7
6775,freegame,0.0,94.9
6776,freegame,0.0,7.0
6777,freegame,0.0,20.1
6778,freegame,0.0,19.0
6779,freegame,0.1,55.4
6780,freegame,0.0,4.5
6781,freegame,0.0,2.0
6782,freegame,0.0,19.4
6783,freegame,0.0,10.6
6784,freegame,0.0,69.3
6785,freegame,0.0,30.1
6786,freegame,0.0,0.8
6787,freegame,0.0,20.2
6788,freegame,0.0,1.0
6789,freegame,0.3,0.7
6790,freegame,0.0,80.6
6791,freegame,0.0,25.6
6792,freegame,0.0,7.5
6793,freegame,0.0,2.8
6794,freegame,0.4,40.3
6795,freegame,0.0,48.6
6796,freegame,0.0,19.7
6797,freegame,0.0,23.0
6798,freegame,0.0,20.0
6799,freegame,0.0,221.3
6800,freegame,0.0,1.9
6801,freegame,0.1,7.8
6802,freegame,0.0,2.6
6803,freegame,0.2,14.9
6804,freegame,0.0,161.5
6805,freegame,0.1,471.1
6806,freegame,0.0,135.8
6807,freegame,0.0,508.1
6808,freegame,0.3,3.3
6809,freegame,0.0,2949.9
6810,freegame,0.5,440.8
6811,freegame,0.0,81.4
6812,freegame,0.0,5.1
6813,freegame,0.0,40.9
6814,freegame,0.3,20.4
6815,freegame,0.0,7.1
6816,freegame,0.0,23.2
6817,freegame,0.0,7.5
6818,freegame,0.1,225.3
6819,freegame,0.0,392.6
6820,freegame,0.1,39.7
6821,freegame,0.2,25.0
6822,freegame,0.0,47.8
6823,freegame,0.0,2.2
6824,freegame,0.0,20.5
6825,freegame,0.0,41.7
6826,freegame,0.0,14.9
6827,freegame,0.0,1.5
6828,wincap,0.0,5000.0
6829,freegame,0.0,1363.0
6830,freegame,0.1,35.6
6831,freegame,0.0,90.3
6832,freegame,0.0,563.1
6833,freegame,0.0,310.3
6834,freegame,0.0,19.1
6835,freegame,0.3,64.2
6836,freegame,0.0,3.4
6837,freegame,0.0,29.4
6838,freegame,0.0,12.3
6839,freegame,0.0,0.7
6840,freegame,0.0,3159.4
6841,freegame,0.3,2.3
6842,freegame,0.0,45.2
6843,freegame,0.0,161.9
6844,freegame,0.0,4.4
6845,freegame,0.0,28.2
6846,freegame,0.0,50.7
6847,freegame,0.0,246.2
6848,freegame,0.3,0.5
6849,freegame,0.0,25.9
6850,freegame,0.0,10.6
6851,freegame,0.0,114.5
6852,freegame,0.0,7.8
6853,freegame,0.0,2.0
6854,freegame,0.0,29.0
6855,freegame,0.0,299.0
6856,freegame,0.0,3.7
6857,freegame,0.0,3.1
6858,freegame,0.0,40.1
6859,freegame,0.0,5.3
6860,freegame,0.5,47.5
6861,freegame,0.0,2.4
6862,freegame,0.0,408.1
6863,freegame,0.0,14.6
6864,freegame,0.0,98.9
6865,freegame,0.0,21.0
6866,freegame,0.0,156.5
6867,freegame,0.0,37.9
6868,freegame,0.0,2.2
6869,freegame,0.0,81.0
6870,freegame,0.0,1.1
6871,freegame,0.0,3.2
6872,freegame,0.0,61.0
6873,freegame,0.0,18.6
6874,freegame,0.0,34.6
6875,freegame,0.0,1.5
6876,freegame,0.3,44.9
6877,freegame,0.0,0.1
6878,freegame,0.0,54.9
6879,freegame,0.2,63.3
6880,freegame,0.0,238.4
6881,freegame,0.3,676.9
6882,freegame,0.0,1.5
6883,freegame,2.1,81.8
6884,freegame,0.0,8.3
6885,freegame,0.0,5.3
6886,freegame,0.0,96.7
6887,freegame,0.0,50.2
6888,freegame,0.0,25.6
6889,freegame,0.0,3.0
6890,freegame,0.0,2.8
6891,freegame,0.0,75.4
6892,freegame,0.0,66.0
6893,freegame,0.2,4.1
6894,freegame,0.0,2.7
6895,freegame,0.0,3602.0
6896,freegame,0.0,1.5
6897,freegame,0.0,0.9
6898,freegame,0.0,12.9
6899,freegame,0.1,6.8
6900,freegame,0.0,18.1
6901,freegame,0.0,91.0
6902,freegame,0.0,260.2
6903,freegame,0.1,16.8
6904,freegame,0.0,8.2
6905,freegame,0.0,44.4
6906,freegame,0.0,393.2
6907,freegame,0.0,24.2
6908,freegame,0.0,232.1
6909,freegame,0.0,13.0
6910,freegame,0.0,6.5
6911,freegame,0.0,59.0
6912,freegame,0.0,6.8
6913,freegame,0.2,20.0
6914,freegame,0.0,0.6
6915,freegame,0.0,8.2
6916,freegame,0.0,13.0
6917,freegame,0.0,46.2
6918,freegame,0.0,10.0
6919,freegame,0.0,263.8
6920,freegame,0.0,974.7
6921,freegame,0.3,17.6
6922,freegame,0.0,18.0
6923,freegame,0.0,1097.6
6924,freegame,0.0,195.6
6925,freegame,0.0,34.2
6926,freegame,0.0,11.3
6927,freegame,0.3,21.1
6928,freegame,0.0,72.1
6929,freegame,0.1,59.8
6930,freegame,0.0,60.9
6931,freegame,0.2,1018.2
6932,freegame,0.0,6.2
6933,freegame,0.0,3.0
6934,wincap,0.0,5000.0
6935,freegame,0.0,30.2
6936,freegame,0.0,80.4
6937,freegame,0.0,24.8
6938,freegame,0.0,74.7
6939,freegame,0.0,25.2
6940,freegame,0.3,20.0
6941,freegame,0.5,73.2
6942,freegame,0.0,46.2
6943,freegame,0.0,75.7
6944,freegame,0.0,6.1
6945,freegame,0.0,183.8
6946,freegame,0.0,17.8
6947,freegame,0.0,16.6
6948,freegame,0.0,118.6
6949,freegame,0.3,7.6
6950,freegame,0.0,11.3
6951,freegame,0.1,66.7
6952,freegame,0.3,37.2
6953,freegame,0.1,35.0
6954,freegame,0.0,63.0
6955,freegame,0.0,42.5
6956,freegame,0.7,0.4
6957,freegame,0.0,92.5
6958,freegame,0.0,12.1
6959,freegame,0.0,1.8
6960,freegame,0.0,99.4
6961,freegame,0.0,37.2
6962,freegame,0.0,2.1
6963,freegame,0.2,1.4
6964,freegame,0.0,5.8
6965,freegame,0.0,73.5
6966,freegame,0.0,16.4
6967,freegame,0.0,170.8
6968,freegame,0.0,23.2
6969,freegame,0.2,246.5
6970,freegame,0.0,24.0
6971,freegame,0.3,3.6
6972,freegame,0.0,2.7
6973,freegame,0.0,46.7
6974,freegame,0.0,1.5
6975,freegame,0.0,1300.5
6976,freegame,0.0,27.1
6977,freegame,0.0,52.3
6978,freegame,0.0,31.7
6979,freegame,0.0,45.5
6980,freegame,0.0,4.6
6981,freegame,0.0,95.1
6982,freegame,0.0,44.8
6983,freegame,0.0,62.9
6984,freegame,0.0,2.3
6985,freegame,0.0,70.6
6986,freegame,0.0,3.1
6987,freegame,0.0,9.6
6988,freegame,0.0,0.4
6989,freegame,0.0,7.0
6990,freegame,0.0,12.0
6991,freegame,0.1,31.1
6992,freegame,0.0,78.5
6993,freegame,0.0,9.3
6994,freegame,0.0,57.6
6995,freegame,0.0,2697.7
6996,freegame,0.0,609.5
6997,freegame,0.0,3.7
6998,freegame,0.0,0.3
6999,freegame,0.0,117.8
7000,freegame,0.0,8.1
7001,freegame,0.0,36.0
7002,freegame,0.0,3.5
7003,freegame,0.0,0.7
7004,freegame,0.0,9.0
7005,freegame,0.0,49.9
7006,freegame,0.1,260.4
7007,freegame,0.0,78.0
7008,freegame,0.0,142.1
7009,freegame,0.1,22.8
7010,freegame,0.0,11.5
7011,freegame,0.0,60.1
7012,freegame,0.0,52.0
7013,freegame,0.0,15.0
7014,freegame,0.0,2.6
7015,freegame,0.0,27.3
7016,freegame,0.0,2.0
7017,freegame,0.0,52.0
7018,freegame,0.0,63.5
7019,freegame,0.0,42.2
7020,freegame,0.0,174.7
7021,freegame,0.0,49.6
7022,freegame,0.0,1.0
7023,freegame,0.0,74.3
7024,freegame,0.0,83.0
7025,freegame,0.0,1799.7
7026,freegame,0.3,0.4
7027,freegame,0.0,11.2
7028,freegame,0.0,13.8
7029,freegame,0.0,2310.0
7030,freegame,0.0,1.0
7031,freegame,0.0,120.9
7032,freegame,0.0,104.6
7033,freegame,0.0,348.5
7034,freegame,0.0,81.8
7035,freegame,0.0,279.4
7036,freegame,0.0,29.5
7037,freegame,0.0,13.2
7038,freegame,0.0,8.7
7039,freegame,0.0,6.2
7040,freegame,0.0,3.5
7041,freegame,0.3,319.5
7042,freegame,0.1,58.0
7043,freegame,0.0,31.3
7044,freegame,0.0,292.6
7045,freegame,0.3,0.0
7046,freegame,0.0,11.1
7047,freegame,0.0,4.0
7048,freegame,0.0,21.5
7049,freegame,0.0,2.3
7050,freegame,0.0,76.2
7051,freegame,0.0,16.6
7052,freegame,0.0,82.0
7053,freegame,0.0,42.8
7054,freegame,0.0,35.6
7055,freegame,0.0,8.9
7056,freegame,0.0,45.3
7057,freegame,0.1,9.9
7058,freegame,0.0,71.1
7059,freegame,0.0,251.1
7060,freegame,0.0,1.6
7061,freegame,0.0,150.2
7062,freegame,0.2,50.6
7063,freegame,0.0,287.5
7064,freegame,0.0,4.0
7065,freegame,0.0,10.2
7066,freegame,0.3,35.4
7067,freegame,0.3,0.0
7068,freegame,0.0,0.7
7069,freegame,0.0,0.9
7070,freegame,0.0,73.1
7071,freegame,0.0,139.6
7072,freegame,0.0,6.0
7073,freegame,0.2,23.7
7074,freegame,0.0,37.7
7075,freegame,0.1,46.8
7076,freegame,0.0,1314.4
7077,freegame,1.0,2.0
7078,freegame,0.0,32.6
7079,freegame,0.0,82.8
7080,freegame,0.1,3401.2
7081,freegame,0.0,0.7
7082,freegame,0.0,84.2
7083,freegame,0.0,141.5
7084,freegame,0.3,4.4
7085,freegame,0.0,8.5
7086,freegame,0.0,48.0
7087,freegame,0.0,13.9
7088,freegame,0.0,26.0
7089,freegame,0.0,37.1
7090,freegame,0.0,2038.2
7091,freegame,0.0,23.0
7092,freegame,0.0,28.2
7093,freegame,0.0,0.5
7094,freegame,0.0,4.6
7095,freegame,0.0,30.9
7096,freegame,0.2,2.1
7097,freegame,0.0,17.0
7098,freegame,0.0,29.8
7099,freegame,0.0,41.9
7100,freegame,0.0,26.0
7101,freegame,0.0,54.1
7102,freegame,0.0,10.8
7103,freegame,0.0,46.6
7104,freegame,0.0,0.5
7105,freegame,0.0,30.7
7106,freegame,0.0,46.2
7107,freegame,0.0,56.6
7108,freegame,0.0,31.3
7109,freegame,0.0,1.6
7110,freegame,0.0,88.4
7111,freegame,0.0,61.1
7112,freegame,0.0,0.4
7113,freegame,0.0,34.1
7114,freegame,0.0,123.1
7115,freegame,0.0,6.3
7116,freegame,0.0,9.8
7117,freegame,0.0,16.2
7118,freegame,0.0,64.1
7119,wincap,0.0,5000.0
7120,freegame,0.0,86.0
7121,freegame,0.0,2.2
7122,freegame,0.0,33.3
7123,freegame,0.0,711.9
7124,freegame,0.0,6.2
7125,freegame,0.0,13.6
7126,freegame,0.0,0.2
7127,freegame,0.0,69.2
7128,freegame,0.0,10.0
7129,freegame,0.3,25.5
7130,freegame,0.0,417.7
7131,freegame,0.0,113.0
7132,freegame,0.0,1.5
7133,freegame,0.0,0.7
7134,freegame,0.0,151.2
7135,freegame,3.0,395.4
7136,freegame,0.0,36.4
7137,freegame,0.0,31.9
7138,freegame,0.0,8.7
7139,freegame,3.0,10.9
7140,freegame,0.0,142.1
7141,freegame,0.0,555.0
7142,freegame,0.0,1018.4
7143,freegame,0.0,13.8
7144,freegame,0.0,124.2
7145,freegame,0.0,20.2
7146,freegame,0.0,682.4
7147,freegame,0.0,159.6
7148,freegame,0.0,2.3
7149,freegame,0.0,4.2
7150,freegame,0.0,230.4
7151,freegame,0.0,20.6
7152,freegame,0.0,22.5
7153,freegame,0.0,24.4
7154,freegame,0.0,84.3
7155,freegame,0.0,1.8
7156,freegame,0.0,745.7
7157,freegame,0.0,1.9
7158,freegame,0.0,1.9
7159,freegame,0.0,142.7
7160,freegame,0.0,20.0
7161,freegame,0.0,1016.6
7162,freegame,0.0,20.8
7163,freegame,0.1,12.5
7164,freegame,0.0,2.0
7165,freegame,0.0,7.1
7166,freegame,0.0,18.2
7167,freegame,0.0,193.9
7168,freegame,0.0,0.9
7169,freegame,0.0,116.0
7170,freegame,0.0,8.5
7171,freegame,0.0,8.3
7172,freegame,0.0,943.7
7173,freegame,0.0,48.3
7174,freegame,0.0,12.3
7175,freegame,0.0,4.8
7176,freegame,0.0,22.6
7177,freegame,0.0,61.8
7178,freegame,0.2,31.4
7179,freegame,0.2,700.5
7180,freegame,0.0,11.0
7181,freegame,0.0,5.7
7182,freegame,0.0,16.0
7183,freegame,0.0,1.4
7184,freegame,0.0,841.5
7185,freegame,0.0,460.8
7186,freegame,0.1,11.0
7187,freegame,0.1,500.0
7188,freegame,0.0,17.2
7189,wincap,0.0,5000.0
7190,freegame,0.0,8.3
7191,freegame,0.0,1352.0
7192,freegame,0.0,1.0
7193,freegame,0.0,5.3
7194,freegame,0.0,64.2
7195,freegame,0.0,3.7
7196,wincap,0.0,5000.0
7197,freegame,0.0,7.0
7198,freegame,0.0,13.5
7199,freegame,0.0,30.6
7200,freegame,0.0,23.5
7201,freegame,0.0,2.4
7202,freegame,0.0,3.6
7203,freegame,0.1,14.9
7204,freegame,0.0,46.5
7205,freegame,0.0,2.8
7206,freegame,0.0,33.8
7207,freegame,0.0,44.8
7208,freegame,0.0,2.6
7209,freegame,0.0,135.0
7210,freegame,0.0,6.1
7211,freegame,3.0,8.3
7212,freegame,0.0,24.1
7213,freegame,0.0,363.0
7214,freegame,0.0,129.8
7215,freegame,0.0,62.0
7216,freegame,0.0,35.3
7217,freegame,0.0,40.5
7218,freegame,0.0,5.6
7219,freegame,0.0,10.1
7220,freegame,0.0,31.3
7221,freegame,0.0,10.2
7222,freegame,0.0,3.1
7223,freegame,0.3,20.5
7224,freegame,0.0,102.1
7225,freegame,0.0,13.5
7226,freegame,0.0,13.2
7227,freegame,0.3,3.0
7228,freegame,0.0,98.9
7229,freegame,0.0,320.0
7230,freegame,0.0,19.5
7231,freegame,0.4,75.0
7232,freegame,0.3,890.0
7233,freegame,0.0,84.2
7234,freegame,0.0,16.7
7235,freegame,0.0,109.6
7236,freegame,0.0,13.3
7237,freegame,0.0,34.1
7238,freegame,0.1,6.0
7239,freegame,0.0,258.3
7240,freegame,0.0,61.2
7241,freegame,0.0,73.0
7242,freegame,0.0,313.2
7243,freegame,0.0,20.5
7244,freegame,0.0,100.1
7245,freegame,0.0,26.1
7246,freegame,0.0,173.5
7247,freegame,0.0,200.9
7248,freegame,0.0,4.5
7249,freegame,0.0,6.5
7250,wincap,0.0,5000.0
7251,freegame,0.0,330.5
7252,freegame,0.0,404.0
7253,freegame,0.0,290.8
7254,freegame,0.0,2.6
7255,wincap,0.0,5000.0
7256,freegame,0.0,7.0
7257,freegame,0.0,12.9
7258,freegame,0.0,43.0
7259,freegame,0.0,655.1
7260,freegame,0.0,0.6
7261,freegame,0.0,130.3
7262,freegame,0.0,185.2
7263,freegame,0.0,41.9
7264,freegame,0.0,103.7
7265,freegame,0.0,147.0
7266,freegame,0.0,49.8
7267,freegame,0.0,88.4
7268,freegame,0.0,35.1
7269,freegame,0.0,9.4
7270,freegame,0.0,68.7
7271,freegame,0.5,9.3
7272,freegame,0.0,346.2
7273,freegame,0.0,557.7
7274,freegame,0.0,24.8
7275,freegame,0.3,7.0
7276,freegame,0.0,0.6
7277,freegame,0.0,5.4
7278,freegame,0.0,25.8
7279,freegame,0.0,80.7
7280,freegame,0.0,52.0
7281,freegame,0.0,3.9
7282,freegame,0.0,58.4
7283,freegame,0.0,85.4
7284,freegame,0.0,8.8
7285,freegame,0.0,13.9
7286,freegame,0.0,40.6
7287,freegame,0.0,119.5
7288,freegame,0.0,21.2
7289,freegame,0.0,4.5
7290,freegame,0.0,81.0
7291,freegame,0.0,7.0
7292,freegame,0.4,0.0
7293,freegame,0.2,200.3
7294,freegame,0.0,1055.0
7295,freegame,0.3,71.7
7296,freegame,0.0,346.4
7297,freegame,0.0,13.8
7298,freegame,0.0,3.0
7299,freegame,3.0,6.9
7300,freegame,0.0,0.4
7301,freegame,0.0,351.9
7302,freegame,0.0,11.7
7303,freegame,0.0,206.1
7304,freegame,0.0,22.7
7305,freegame,0.0,1006.9
7306,freegame,0.0,34.5
7307,freegame,0.0,19.3
7308,freegame,0.0,116.2
7309,freegame,0.0,7.7
7310,freegame,0.0,60.0
7311,freegame,0.0,3.0
7312,freegame,0.0,10.4
7313,freegame,0.0,412.1
7314,freegame,0.0,88.9
7315,freegame,0.3,619.3
7316,freegame,0.0,5.5
7317,freegame,0.0,5.5
7318,freegame,0.0,61.8
7319,freegame,0.7,41.4
7320,freegame,0.0,44.4
7321,freegame,0.0,38.0
7322,freegame,0.0,5.4
7323,freegame,0.0,72.2
7324,freegame,0.0,2.4
7325,wincap,0.0,5000.0
7326,freegame,0.0,190.8
7327,freegame,0.0,155.1
7328,freegame,0.0,5.3
7329,freegame,0.0,74.5
7330,freegame,0.0,50.0
7331,freegame,0.0,0.1
7332,freegame,0.0,61.0
7333,freegame,0.0,75.4
7334,freegame,0.0,9.6
7335,freegame,0.0,31.0
7336,freegame,0.0,42.0
7337,freegame,0.0,89.5
7338,freegame,0.1,591.9
7339,freegame,0.0,2.5
7340,freegame,0.0,121.1
7341,freegame,0.0,1.4
7342,freegame,0.0,257.5
7343,freegame,0.0,98.7
7344,freegame,0.0,262.1
7345,freegame,0.0,34.7
7346,freegame,0.0,83.1
7347,freegame,0.0,27.4
7348,freegame,0.0,2.0
7349,freegame,0.0,141.3
7350,freegame,0.0,0.9
7351,freegame,0.0,3.6
7352,freegame,6.0,6.7
7353,freegame,0.0,79.2
7354,freegame,0.0,418.3
7355,freegame,0.0,3.0
7356,freegame,0.0,67.2
7357,freegame,0.0,9.9
7358,freegame,0.0,365.6
7359,freegame,0.1,20.0
7360,freegame,0.3,113.0
7361,freegame,0.0,20.2
7362,freegame,0.0,20.1
7363,freegame,0.0,76.5
7364,freegame,0.0,3.8
7365,freegame,0.0,50.7
7366,freegame,0.0,2.3
7367,freegame,0.0,34.0
7368,freegame,0.0,14.5
7369,freegame,0.0,180.8
7370,freegame,0.0,3500.8
7371,freegame,0.0,34.9
7372,freegame,0.0,21.2
7373,freegame,0.0,60.3
7374,freegame,0.0,16.3
7375,freegame,0.0,28.0
7376,freegame,0.1,13.8
7377,freegame,0.0,211.0
7378,freegame,0.0,3.9
7379,freegame,0.0,6.2
7380,freegame,0.0,1.5
7381,freegame,0.2,222.3
7382,freegame,0.0,1.4
7383,freegame,0.0,5.4
7384,freegame,0.0,44.9
7385,freegame,0.0,41.4
7386,freegame,0.0,170.5
7387,freegame,0.0,10.9
7388,freegame,0.0,55.9
7389,freegame,0.0,27.3
7390,freegame,0.0,9.7
7391,freegame,0.0,1.3
7392,freegame,0.0,5.8
7393,freegame,0.0,15.0
7394,freegame,0.0,6.5
7395,freegame,0.0,225.8
7396,freegame,0.3,5.5
7397,freegame,0.0,10.2
7398,freegame,0.0,637.2
7399,freegame,0.0,23.8
7400,freegame,0.0,0.7
7401,freegame,0.0,42.1
7402,freegame,0.5,0.7
7403,freegame,0.0,220.0
7404,freegame,0.0,4.9
7405,freegame,0.0,26.3
7406,freegame,0.1,0.6
7407,freegame,0.0,5.4
7408,freegame,0.0,883.8
7409,freegame,0.0,30.6
7410,freegame,0.0,1.9
7411,freegame,0.0,0.4
7412,freegame,0.0,264.7
7413,freegame,0.0,714.7
7414,freegame,0.0,0.9
7415,freegame,0.0,12.5
7416,freegame,0.0,14.1
7417,freegame,0.0,70.8
7418,freegame,0.0,4.3
7419,freegame,0.0,54.0
7420,freegame,0.0,392.6
7421,freegame,0.0,31.4
7422,freegame,0.0,61.8
7423,freegame,0.0,26.1
7424,freegame,0.0,6.0
7425,freegame,0.0,3.0
7426,freegame,0.0,302.8
7427,freegame,0.0,85.2
7428,freegame,0.0,6.1
7429,freegame,0.0,35.9
7430,freegame,0.0,579.5
7431,freegame,0.0,3234.2
7432,freegame,0.0,25.2
7433,freegame,0.0,43.0
7434,freegame,0.0,50.4
7435,freegame,0.0,558.0
7436,freegame,0.0,2.0
7437,freegame,0.0,1.2
7438,freegame,0.0,13.6
7439,freegame,0.0,3.7
7440,freegame,0.0,15.2
7441,freegame,0.0,7.3
7442,freegame,0.0,0.9
7443,freegame,0.0,105.0
7444,freegame,0.0,307.6
7445,freegame,0.2,49.6
7446,freegame,0.0,250.5
7447,freegame,0.0,5.4
7448,freegame,0.7,26.2
7449,freegame,0.0,25.2
7450,freegame,0.0,224.6
7451,freegame,0.0,1.3
7452,freegame,0.0,6.4
7453,freegame,0.0,16.6
7454,freegame,0.0,21.3
7455,freegame,0.3,25.9
7456,freegame,0.0,6.7
7457,freegame,0.0,3.0
7458,freegame,0.3,5.9
7459,freegame,0.0,135.2
7460,freegame,0.0,372.0
7461,freegame,0.0,0.8
7462,freegame,0.0,84.3
7463,freegame,0.0,207.6
7464,freegame,0.0,1.4
7465,freegame,0.0,43.0
7466,freegame,0.0,86.7
7467,freegame,0.0,11.4
7468,freegame,0.0,24.8
7469,freegame,0.0,66.0
7470,freegame,0.0,4.0
7471,freegame,0.0,803.0
7472,freegame,0.0,80.0
7473,freegame,0.3,0.5
7474,freegame,0.0,1.5
7475,freegame,0.0,38.2
7476,freegame,0.0,36.0
7477,freegame,0.0,27.3
7478,wincap,0.3,5000.0
7479,freegame,0.0,93.2
7480,freegame,0.1,34.4
7481,freegame,0.0,58.7
7482,freegame,0.0,88.2
7483,freegame,0.0,8.8
7484,freegame,0.0,137.8
7485,freegame,0.0,3.6
7486,freegame,0.1,0.6
7487,freegame,0.0,29.4
7488,freegame,0.0,5.7
7489,freegame,0.0,8.1
7490,freegame,0.0,9.4
7491,freegame,0.0,0.1
7492,freegame,0.0,1.2
7493,freegame,0.0,8.9
7494,freegame,0.0,208.0
7495,freegame,0.0,4.0
7496,freegame,0.0,8.4
7497,freegame,0.0,99.3
7498,freegame,0.0,3.5
7499,freegame,0.0,1.5
7500,freegame,0.2,233.9
7501,freegame,0.1,23.2
7502,freegame,0.0,86.2
7503,freegame,0.0,55.0
7504,freegame,0.0,210.0
7505,freegame,0.0,15.3
7506,freegame,0.0,13.8
7507,freegame,0.0,27.3
7508,freegame,0.0,29.3
7509,freegame,0.0,26.3
7510,freegame,0.6,58.1
7511,freegame,0.0,28.9
7512,freegame,0.0,3.7
7513,freegame,0.0,57.9
7514,freegame,0.0,15.5
7515,freegame,0.0,93.0
7516,freegame,0.0,395.2
7517,freegame,0.0,3.8
7518,freegame,0.0,98.2
7519,freegame,0.0,120.6
7520,freegame,0.0,13.4
7521,freegame,0.0,70.7
7522,freegame,0.0,4.9
7523,freegame,0.0,15.3
7524,freegame,0.0,4.3
7525,freegame,0.2,4.8
7526,freegame,0.0,263.5
7527,freegame,0.0,202.2
7528,freegame,0.0,214.5
7529,freegame,0.0,0.8
7530,freegame,0.0,500.0
7531,freegame,0.0,55.1
7532,freegame,0.0,1.0
7533,freegame,0.0,0.9
7534,freegame,0.0,20.5
7535,freegame,0.0,189.5
7536,freegame,0.0,72.0
7537,freegame,0.1,109.2
7538,freegame,0.0,4.0
7539,freegame,0.0,66.5
7540,freegame,0.0,237.2
7541,freegame,0.0,8.4
7542,freegame,0.0,43.2
7543,freegame,0.0,16.6
7544,freegame,0.0,21.6
7545,freegame,0.0,183.4
7546,freegame,0.4,0.5
7547,freegame,0.0,6.6
7548,freegame,0.0,117.3
7549,freegame,0.0,1.0
7550,freegame,0.0,138.6
7551,freegame,0.0,13.7
7552,freegame,0.0,20.0
7553,freegame,0.0,255.5
7554,freegame,0.0,16.1
7555,freegame,0.0,18.1
7556,freegame,0.0,44.9
7557,freegame,0.0,1324.0
7558,freegame,0.0,228.0
7559,freegame,0.0,8.3
7560,freegame,0.0,271.0
7561,freegame,0.0,7.2
7562,freegame,0.0,2.8
7563,freegame,0.0,106.5
7564,freegame,0.0,13.0
7565,freegame,0.0,154.4
7566,freegame,0.0,13.0
7567,freegame,0.0,6.0
7568,freegame,0.0,6.1
7569,freegame,0.0,86.6
7570,freegame,0.3,7.7
7571,freegame,0.0,29.8
7572,freegame,0.0,14.4
7573,freegame,0.0,108.5
7574,freegame,0.3,113.9
7575,freegame,0.0,1.8
7576,freegame,0.0,2.5
7577,freegame,0.0,75.9
7578,freegame,0.0,55.6
7579,freegame,0.0,146.9
7580,freegame,0.0,428.2
7581,freegame,0.6,81.3
7582,freegame,0.0,200.3
7583,freegame,0.0,10.1
7584,freegame,0.0,154.4
7585,freegame,0.1,0.9
7586,freegame,0.0,225.8
7587,freegame,0.0,61.8
7588,freegame,0.0,10.8
7589,freegame,0.0,30.4
7590,freegame,0.0,3.0
7591,freegame,0.3,0.0
7592,freegame,0.0,18.3
7593,freegame,0.1,1.0
7594,freegame,0.0,660.9
7595,freegame,0.0,78.1
7596,freegame,0.0,1348.8
7597,freegame,0.0,4.2
7598,freegame,0.0,121.1
7599,freegame,0.0,63.9
7600,freegame,0.0,74.5
7601,freegame,0.0,16.1
7602,freegame,0.3,1.1
7603,freegame,0.0,103.7
7604,freegame,3.0,30.1
7605,freegame,0.3,287.9
7606,freegame,0.0,1.1
7607,freegame,0.0,26.1
7608,freegame,0.0,22.5
7609,freegame,0.0,914.9
7610,freegame,0.0,1.2
7611,freegame,0.0,8.2
7612,freegame,0.0,44.0
7613,freegame,0.0,72.0
7614,freegame,0.1,1.8
7615,freegame,0.0,67.0
7616,freegame,0.7,169.9
7617,freegame,0.1,134.2
7618,freegame,0.0,4.5
7619,freegame,0.0,98.8
7620,freegame,0.0,53.9
7621,freegame,0.0,349.2
7622,freegame,0.0,156.2
7623,freegame,0.0,3.2
7624,freegame,0.0,90.5
7625,freegame,0.0,8.7
7626,freegame,3.3,165.4
7627,freegame,0.0,60.0
7628,freegame,0.0,5.5
7629,freegame,0.0,16.0
7630,freegame,0.0,89.6
7631,freegame,0.0,103.5
7632,freegame,0.0,241.3
7633,freegame,0.0,0.6
7634,freegame,0.0,164.7
7635,freegame,0.0,3.6
7636,freegame,0.0,33.2
7637,freegame,0.0,0.4
7638,freegame,0.0,0.3
7639,freegame,0.0,32.8
7640,freegame,0.0,280.7
7641,freegame,0.0,12.3
7642,freegame,0.0,15.8
7643,freegame,0.0,116.2
7644,freegame,0.0,42.2
7645,freegame,0.0,43.4
7646,freegame,0.0,131.5
7647,freegame,0.0,36.1
7648,freegame,0.0,0.9
7649,freegame,0.0,546.8
7650,freegame,0.0,11.7
7651,freegame,0.0,3.4
7652,freegame,0.0,37.4
7653,freegame,0.0,112.5
7654,freegame,1.0,51.2
7655,freegame,0.0,1.3
7656,freegame,0.0,34.3
7657,freegame,0.0,23.1
7658,freegame,0.0,6.8
7659,freegame,0.0,80.0
7660,freegame,0.0,430.2
7661,freegame,0.0,147.0
7662,freegame,0.0,10.1
7663,freegame,0.0,136.4
7664,freegame,0.0,49.7
7665,freegame,0.0,27.8
7666,freegame,0.0,46.2
7667,freegame,0.0,32.7
7668,freegame,0.0,142.4
7669,freegame,0.0,274.1
7670,freegame,0.5,12.8
7671,freegame,0.5,1.0
7672,freegame,0.0,280.9
7673,freegame,0.0,2.8
7674,freegame,0.0,29.3
7675,freegame,0.0,274.9
7676,freegame,0.0,0.1
7677,freegame,0.0,309.0
7678,freegame,0.0,28.6
7679,freegame,0.0,3.3
7680,freegame,0.0,142.6
7681,freegame,0.0,32.3
7682,freegame,0.0,2660.6
7683,freegame,0.0,5.0
7684,freegame,0.0,26.0
7685,freegame,0.0,337.6
7686,freegame,0.0,328.1
7687,freegame,0.0,17.2
7688,freegame,0.0,39.7
7689,freegame,0.0,5.0
7690,freegame,0.0,2246.4
7691,freegame,0.0,173.8
7692,freegame,0.0,2.2
7693,freegame,0.0,59.3
7694,freegame,0.0,32.1
7695,freegame,0.0,3.3
7696,freegame,0.0,216.5
7697,freegame,0.5,213.3
7698,freegame,0.0,1.1
7699,wincap,0.0,5000.0
7700,freegame,0.0,295.3
7701,freegame,0.0,10.0
7702,freegame,0.0,229.7
7703,freegame,0.0,8.0
7704,freegame,0.0,78.5
7705,freegame,0.1,0.0
7706,freegame,0.0,72.1
7707,freegame,0.0,4.1
7708,freegame,0.0,19.7
7709,freegame,0.0,5.0
7710,freegame,0.0,7.4
7711,freegame,0.0,548.7
7712,freegame,0.0,42.1
7713,freegame,0.0,47.5
7714,freegame,0.0,2.8
7715,freegame,0.0,8.9
7716,freegame,0.0,295.1
7717,freegame,0.0,27.4
7718,freegame,0.0,348.7
7719,freegame,0.0,0.6
7720,freegame,0.3,60.6
7721,freegame,0.0,9.4
7722,freegame,0.0,470.0
7723,freegame,0.0,31.2
7724,freegame,0.0,0.8
7725,freegame,0.0,13.0
7726,freegame,0.0,14.4
7727,freegame,0.0,45.1
7728,freegame,0.0,11.6
7729,freegame,0.0,0.6
7730,freegame,0.0,8.9
7731,freegame,0.0,6.0
7732,freegame,0.0,35.1
7733,freegame,0.0,4.7
7734,freegame,0.0,0.4
7735,freegame,0.0,108.5
7736,freegame,0.0,26.3
7737,freegame,0.0,15.0
7738,freegame,0.0,1.1
7739,freegame,0.1,1.5
7740,freegame,0.0,387.0
7741,freegame,0.0,81.5
7742,freegame,0.0,104.0
7743,freegame,0.0,204.0
7744,freegame,0.0,4.7
7745,freegame,0.0,2.8
7746,freegame,0.0,24.4
7747,freegame,0.0,321.0
7748,freegame,0.0,0.6
7749,freegame,0.0,22.0
7750,freegame,0.0,16.0
7751,freegame,0.0,218.7
7752,freegame,0.0,3.0
7753,freegame,0.0,0.3
7754,freegame,0.0,4.2
7755,freegame,0.0,34.3
7756,freegame,0.0,34.3
7757,freegame,0.0,2.3
7758,freegame,0.0,60.0
7759,freegame,0.0,50.1
7760,freegame,0.0,3.1
7761,freegame,0.0,265.6
7762,freegame,0.0,5.2
7763,freegame,0.0,16.8
7764,freegame,0.3,10.6
7765,freegame,0.0,2.2
7766,freegame,0.0,6.0
7767,freegame,0.0,60.8
7768,freegame,0.0,98.8
7769,freegame,0.0,12.0
7770,freegame,0.0,19.6
7771,freegame,0.1,104.4
7772,freegame,0.0,9.5
7773,freegame,0.0,647.0
7774,freegame,0.0,74.6
7775,freegame,0.0,22.1
7776,freegame,0.0,306.0
7777,freegame,0.0,61.8
7778,freegame,0.0,22.7
7779,freegame,0.0,342.1
7780,freegame,0.0,9.0
7781,freegame,0.0,5.8
7782,freegame,0.0,32.8
7783,freegame,0.0,2.9
7784,freegame,0.0,3.3
7785,freegame,0.0,169.4
7786,freegame,0.0,16.3
7787,freegame,0.0,1261.2
7788,freegame,0.0,11.8
7789,freegame,0.0,86.1
7790,freegame,0.0,16.1
7791,freegame,0.0,22.1
7792,freegame,0.0,66.0
7793,freegame,0.0,1047.4
7794,freegame,0.1,175.1
7795,freegame,0.0,3.9
7796,freegame,0.0,1177.0
7797,freegame,0.0,9.4
7798,freegame,0.3,9.0
7799,freegame,0.0,200.6
7800,freegame,0.0,5.1
7801,freegame,0.0,32.2
7802,freegame,0.0,57.1
7803,freegame,0.0,36.8
7804,freegame,0.0,248.9
7805,freegame,0.0,97.5
7806,freegame,0.0,3.1
7807,freegame,0.1,179.0
7808,freegame,0.0,0.9
7809,freegame,0.0,0.2
7810,freegame,0.0,537.5
7811,freegame,0.0,0.5
7812,freegame,0.0,16.8
7813,freegame,0.0,55.0
7814,freegame,0.0,141.8
7815,freegame,0.3,45.3
7816,freegame,0.0,56.6
7817,freegame,0.0,2.7
7818,freegame,0.0,15.6
7819,freegame,0.0,53.9
7820,freegame,0.0,30.8
7821,freegame,0.0,0.9
7822,freegame,0.0,22.6
7823,freegame,0.3,337.6
7824,freegame,0.3,363.2
7825,freegame,0.2,132.7
7826,freegame,0.1,3.4
7827,freegame,0.0,71.1
7828,freegame,0.0,8.5
7829,freegame,0.0,21.9
7830,freegame,0.0,59.9
7831,freegame,0.0,2.1
7832,freegame,0.0,3.5
7833,freegame,0.0,15.4
7834,freegame,0.0,18.6
7835,freegame,0.0,157.2
7836,freegame,0.0,751.6
7837,freegame,0.1,16.5
7838,freegame,0.0,13.9
7839,freegame,0.1,107.5
7840,freegame,0.0,3.4
7841,freegame,30.0,65.9
7842,freegame,0.0,52.7
7843,freegame,0.0,121.5
7844,freegame,0.0,35.0
7845,freegame,0.0,73.3
7846,freegame,0.6,152.8
7847,freegame,0.3,0.2
7848,freegame,0.0,17.1
7849,freegame,0.0,2.5
7850,freegame,0.0,0.5
7851,freegame,0.0,180.3
7852,freegame,0.0,65.0
7853,freegame,0.0,87.6
7854,freegame,0.0,4.9
7855,freegame,0.0,6.0
7856,freegame,0.0,4.9
7857,freegame,0.0,2.0
7858,freegame,0.1,43.6
7859,freegame,0.0,12.2
7860,freegame,0.0,1.0
7861,freegame,0.0,714.8
7862,freegame,0.1,10.0
7863,freegame,0.0,10.7
7864,freegame,0.3,2.9
7865,freegame,0.0,0.3
7866,freegame,0.0,1.6
7867,freegame,0.0,10.0
7868,freegame,0.2,21.7
7869,freegame,0.0,6.4
7870,freegame,0.0,727.7
7871,freegame,0.0,3.0
7872,freegame,0.0,9.6
7873,freegame,0.0,21.8
7874,freegame,0.0,6.2
7875,freegame,0.0,45.5
7876,freegame,0.0,0.8
7877,freegame,0.0,19.7
7878,freegame,0.0,105.8
7879,freegame,0.0,15.5
7880,freegame,0.0,22.0
7881,freegame,0.0,65.8
7882,freegame,0.0,859.9
7883,freegame,0.0,325.4
7884,freegame,0.0,10.0
7885,freegame,0.0,132.0
7886,freegame,0.0,0.9
7887,freegame,0.0,52.8
7888,freegame,0.0,76.8
7889,freegame,0.0,42.0
7890,freegame,0.0,12.7
7891,freegame,0.0,4.3
7892,freegame,0.0,15.2
7893,freegame,0.0,1.4
7894,freegame,0.0,595.1
7895,freegame,0.0,502.7
7896,freegame,0.0,200.8
7897,freegame,0.0,13.5
7898,freegame,0.0,2.3
7899,freegame,0.0,136.2
7900,freegame,0.0,127.8
7901,freegame,0.0,31.3
7902,freegame,0.0,31.5
7903,freegame,0.0,32.3
7904,freegame,0.0,20.4
7905,freegame,0.0,87.6
7906,freegame,0.0,0.4
7907,freegame,0.0,1104.1
7908,freegame,0.0,41.8
7909,freegame,0.0,19.6
7910,freegame,0.0,37.1
7911,freegame,0.0,10.7
7912,freegame,0.0,1187.5
7913,freegame,0.0,36.9
7914,freegame,0.0,57.4
7915,freegame,0.0,10.2
7916,freegame,0.0,6.8
7917,freegame,0.0,11.6
7918,freegame,0.0,0.1
7919,freegame,0.0,156.6
7920,freegame,0.0,11.0
7921,freegame,0.0,75.7
7922,freegame,0.0,3.7
7923,freegame,0.0,212.4
7924,freegame,0.0,39.3
7925,freegame,0.0,1.1
7926,freegame,0.2,62.7
7927,freegame,0.0,183.0
7928,freegame,0.0,144.5
7929,freegame,0.2,24.5
7930,freegame,0.0,2.9
7931,freegame,0.0,10.3
7932,freegame,0.0,76.6
7933,freegame,0.0,199.2
7934,freegame,0.3,0.8
7935,freegame,0.0,8.8
7936,freegame,0.0,116.5
7937,freegame,0.0,28.1
7938,freegame,0.0,12.3
7939,freegame,0.0,56.5
7940,freegame,0.0,2.5
7941,freegame,0.0,1.7
7942,freegame,0.1,6.3
7943,freegame,1.0,131.7
7944,freegame,0.0,33.9
7945,freegame,0.7,75.4
7946,freegame,0.0,36.1
7947,freegame,0.0,0.3
7948,freegame,0.0,67.4
7949,freegame,0.0,0.5
7950,freegame,0.0,1404.6
7951,freegame,0.0,147.6
7952,freegame,0.0,0.8
7953,freegame,0.0,2.1
7954,freegame,0.0,0.9
7955,freegame,0.0,9.0
7956,freegame,5.5,24.8
7957,freegame,0.0,4.2
7958,freegame,0.1,4.2
7959,freegame,0.0,21.2
7960,freegame,0.0,265.5
7961,freegame,0.0,280.4
7962,freegame,0.0,13.2
7963,freegame,0.0,124.5
7964,freegame,0.0,786.7
7965,freegame,0.0,13.2
7966,freegame,0.0,89.6
7967,freegame,0.0,383.5
7968,freegame,0.3,162.4
7969,freegame,0.0,219.4
7970,freegame,0.0,17.9
7971,freegame,0.0,30.9
7972,freegame,0.0,35.0
7973,freegame,0.0,37.0
7974,freegame,0.0,4.1
7975,freegame,0.0,33.8
7976,freegame,0.0,1.7
7977,freegame,0.0,3796.6
7978,freegame,0.0,40.0
7979,freegame,0.0,6.3
7980,freegame,0.0,48.6
7981,freegame,0.0,3.0
7982,freegame,0.0,9.2
7983,freegame,0.0,149.9
7984,freegame,0.0,5.2
7985,freegame,0.1,0.8
7986,freegame,0.0,10.1
7987,freegame,0.0,6.6
7988,freegame,0.0,2.6
7989,freegame,0.0,37.1
7990,freegame,0.0,3.3
7991,freegame,0.0,42.6
7992,freegame,0.0,817.4
7993,freegame,0.0,219.6
7994,freegame,0.0,1009.0
7995,freegame,0.0,0.8
7996,freegame,0.0,60.0
7997,freegame,0.0,24.8
7998,freegame,0.0,6.7
7999,freegame,0.0,2.6
8000,freegame,0.0,1.2
8001,freegame,0.0,28.0
8002,freegame,0.0,6.4
8003,freegame,0.0,24.0
8004,freegame,0.0,13.5
8005,freegame,0.0,148.6
8006,freegame,0.2,18.4
8007,freegame,0.0,6.5
8008,freegame,0.0,8.7
8009,freegame,0.0,24.4
8010,freegame,0.1,2.3
8011,freegame,0.0,8.4
8012,freegame,0.0,6.6
8013,freegame,3.0,44.2
8014,freegame,0.0,1.0
8015,freegame,0.0,45.2
8016,freegame,0.0,255.4
8017,freegame,0.0,12.1
8018,freegame,0.0,4.5
8019,freegame,0.0,499.5
8020,freegame,0.0,0.9
8021,freegame,0.0,4.0
8022,freegame,0.0,55.6
8023,freegame,0.0,244.0
8024,freegame,0.4,2.4
8025,freegame,0.2,8.0
8026,freegame,0.0,200.3
8027,freegame,0.0,131.8
8028,freegame,0.1,1.6
8029,freegame,0.0,10.1
8030,freegame,0.0,14.7
8031,freegame,0.0,31.5
8032,freegame,0.0,0.7
8033,freegame,0.0,12.5
8034,freegame,0.0,94.8
8035,freegame,0.0,59.5
8036,freegame,0.0,37.5
8037,freegame,0.0,56.6
8038,freegame,0.0,25.6
8039,freegame,0.0,22.5
8040,freegame,0.0,334.0
8041,freegame,0.0,17.1
8042,freegame,0.0,8.8
8043,freegame,0.0,62.9
8044,freegame,0.0,11.1
8045,freegame,0.0,68.4
8046,freegame,0.0,2.6
8047,freegame,0.0,4.1
8048,freegame,0.0,50.3
8049,freegame,0.0,1034.5
8050,freegame,0.0,45.6
8051,freegame,0.0,18.8
8052,freegame,0.0,68.3
8053,freegame,0.3,94.4
8054,freegame,3.0,32.7
8055,freegame,0.0,24.1
8056,freegame,0.0,29.0
8057,freegame,0.3,109.7
8058,freegame,0.1,89.2
8059,freegame,0.0,1.8
8060,freegame,0.0,27.3
8061,freegame,0.1,54.8
8062,freegame,0.0,423.5
8063,freegame,0.0,66.3
8064,freegame,0.0,138.4
8065,freegame,0.0,17.0
8066,freegame,0.0,22.4
8067,freegame,0.3,241.1
8068,freegame,0.0,1.5
8069,freegame,0.0,263.6
8070,freegame,0.0,12.3
8071,freegame,0.0,1.8
8072,freegame,0.3,25.1
8073,freegame,0.0,96.4
8074,freegame,0.0,7.8
8075,freegame,0.0,183.2
8076,freegame,0.0,26.9
8077,freegame,0.0,16.2
8078,freegame,0.0,71.6
8079,freegame,0.0,10.1
8080,freegame,0.0,16.0
8081,freegame,0.0,25.9
8082,freegame,0.0,73.7
8083,freegame,0.0,124.3
8084,freegame,0.0,12.2
8085,freegame,0.0,106.8
8086,wincap,0.0,5000.0
8087,freegame,0.0,42.0
8088,freegame,0.0,0.4
8089,freegame,0.0,260.0
8090,freegame,0.0,191.0
8091,freegame,0.0,8.5
8092,freegame,0.3,45.8
8093,freegame,0.0,0.3
8094,freegame,0.0,0.3
8095,freegame,0.0,23.4
8096,freegame,0.0,9.2
8097,freegame,0.0,73.4
8098,freegame,0.0,2.8
8099,freegame,0.0,70.0
8100,freegame,0.0,28.2
8101,freegame,0.0,36.3
8102,freegame,0.0,304.2
8103,freegame,0.0,2.0
8104,freegame,0.0,90.5
8105,freegame,0.0,31.6
8106,freegame,0.0,0.1
8107,freegame,0.0,46.8
8108,freegame,0.0,1.0
8109,freegame,0.0,177.9
8110,freegame,0.0,2.3
8111,freegame,0.0,13.9
8112,freegame,0.0,177.8
8113,freegame,0.0,1.7
8114,freegame,0.0,15.3
8115,freegame,0.0,189.6
8116,freegame,0.0,19.4
8117,freegame,0.0,5.2
8118,freegame,0.0,4.9
8119,freegame,0.0,3.0
8120,freegame,0.3,3.0
8121,freegame,0.0,0.3
8122,freegame,0.0,172.1
8123,freegame,0.0,1.4
8124,freegame,0.0,33.6
8125,freegame,0.0,8.1
8126,freegame,0.3,1.1
8127,freegame,0.0,14.0
8128,freegame,0.0,22.8
8129,freegame,0.0,1.5
8130,freegame,0.0,114.5
8131,freegame,0.0,0.4
8132,freegame,3.0,69.3
8133,freegame,0.0,18.4
8134,freegame,0.0,20.4
8135,freegame,0.0,6.7
8136,freegame,0.0,1.8
8137,freegame,0.0,2.6
8138,freegame,0.0,91.4
8139,freegame,0.0,73.0
8140,freegame,0.0,16.6
8141,freegame,0.0,6.3
8142,freegame,0.1,24.2
8143,freegame,0.0,23.2
8144,freegame,0.0,224.2
8145,freegame,0.0,16.5
8146,freegame,0.0,2.7
8147,freegame,0.0,10.2
8148,freegame,0.0,2.3
8149,freegame,0.0,14.1
8150,freegame,0.0,3.4
8151,freegame,0.3,246.0
8152,freegame,0.0,66.0
8153,freegame,0.0,85.3
8154,freegame,0.0,47.8
8155,freegame,0.0,107.5
8156,freegame,0.0,435.1
8157,freegame,0.0,94.7
8158,freegame,0.0,888.0
8159,freegame,0.0,0.7
8160,freegame,0.0,6.1
8161,freegame,0.0,4.3
8162,freegame,0.0,14.6
8163,freegame,0.0,20.4
8164,freegame,0.0,54.1
8165,freegame,0.0,2.6
8166,freegame,0.0,8.2
8167,freegame,0.0,14.0
8168,freegame,0.0,52.4
8169,freegame,0.3,0.1
8170,freegame,0.0,9.5
8171,freegame,0.0,10.1
8172,freegame,0.0,2.3
8173,freegame,0.0,642.8
8174,freegame,0.0,45.8
8175,freegame,0.0,81.8
8176,freegame,0.0,343.1
8177,freegame,0.0,795.8
8178,freegame,0.0,10.4
8179,freegame,0.0,39.2
8180,freegame,0.0,8.1
8181,freegame,0.0,19.9
8182,freegame,0.0,77.0
8183,freegame,0.0,85.6
8184,freegame,0.0,25.4
8185,freegame,0.0,80.5
8186,freegame,0.0,6.4
8187,freegame,0.3,28.6
8188,freegame,0.0,14.5
8189,freegame,0.3,0.0
8190,freegame,0.0,125.3
8191,freegame,0.0,35.3
8192,freegame,0.0,67.3
8193,freegame,0.0,250.1
8194,freegame,0.0,77.0
8195,freegame,0.0,4.2
8196,freegame,0.0,296.8
8197,freegame,0.0,119.0
8198,freegame,0.5,0.3
8199,freegame,0.0,9.9
8200,freegame,0.0,19.8
8201,freegame,0.0,128.1
8202,freegame,0.0,2.5
8203,freegame,0.0,120.2
8204,freegame,0.0,801.4
8205,freegame,0.0,163.7
8206,freegame,0.0,23.6
8207,freegame,0.2,0.0
8208,freegame,0.6,30.0
8209,freegame,0.0,4.3
8210,freegame,0.0,32.3
8211,freegame,0.1,10.4
8212,wincap,0.0,5000.0
8213,freegame,0.0,17.1
8214,freegame,0.0,224.6
8215,freegame,0.0,14.6
8216,freegame,0.0,395.0
8217,freegame,0.0,1186.0
8218,freegame,0.0,2.9
8219,freegame,0.0,11.9
8220,freegame,0.0,72.8
8221,freegame,0.0,4668.6
8222,freegame,0.0,94.1
8223,freegame,0.0,6.7
8224,freegame,3.0,3.0
8225,freegame,0.0,26.8
8226,freegame,0.0,404.2
8227,freegame,0.0,98.2
8228,freegame,0.0,28.3
8229,freegame,0.0,65.5
8230,freegame,0.0,5.9
8231,freegame,0.1,23.2
8232,freegame,0.0,147.9
8233,freegame,0.0,115.5
8234,freegame,0.0,98.3
8235,freegame,0.0,24.6
8236,freegame,0.0,42.6
8237,freegame,0.0,158.1
8238,freegame,0.0,428.0
8239,freegame,0.5,136.5
8240,freegame,0.0,252.9
8241,freegame,0.0,15.3
8242,freegame,0.0,2.0
8243,freegame,0.0,104.6
8244,freegame,0.0,13.3
8245,freegame,0.0,8.6
8246,freegame,0.0,1.5
8247,freegame,0.0,56.0
8248,freegame,0.0,20.6
8249,freegame,0.0,25.8
8250,freegame,0.0,8.3
8251,freegame,0.0,143.9
8252,freegame,1.0,17.5
8253,freegame,0.0,10.6
8254,freegame,0.0,5.2
8255,freegame,0.0,52.9
8256,freegame,0.3,25.1
8257,freegame,0.0,16.1
8258,freegame,0.0,9.6
8259,freegame,0.0,306.6
8260,freegame,0.0,2.2
8261,freegame,0.0,2.1
8262,freegame,0.0,95.4
8263,freegame,0.1,677.7
8264,freegame,0.0,250.5
8265,freegame,0.0,169.6
8266,freegame,0.0,44.6
8267,freegame,0.0,7.1
8268,freegame,0.0,51.2
8269,freegame,0.0,48.6
8270,freegame,0.0,782.2
8271,freegame,0.0,219.9
8272,freegame,0.0,211.1
8273,freegame,0.0,3.4
8274,freegame,0.3,1.0
8275,freegame,0.0,0.3
8276,freegame,0.3,145.7
8277,freegame,0.0,10.6
8278,freegame,0.0,11.0
8279,freegame,0.0,45.1
8280,freegame,0.0,0.9
8281,freegame,0.0,22.8
8282,freegame,0.0,52.8
8283,freegame,0.0,7.8
8284,freegame,0.0,12.8
8285,freegame,0.0,12.6
8286,freegame,0.0,27.9
8287,freegame,0.0,9.3
8288,freegame,0.0,196.0
8289,freegame,0.0,66.3
8290,freegame,0.0,4.6
8291,freegame,0.0,3.1
8292,freegame,0.0,32.8
8293,freegame,0.0,2.2
8294,freegame,0.0,1411.7
8295,freegame,0.0,27.2
8296,freegame,0.0,228.5
8297,freegame,0.0,67.9
8298,freegame,0.0,15.3
8299,freegame,0.0,36.3
8300,freegame,0.0,79.3
8301,wincap,0.0,5000.0
8302,freegame,0.0,1.2
8303,freegame,0.0,65.5
8304,freegame,0.0,21.3
8305,freegame,0.0,21.6
8306,freegame,0.0,80.0
8307,freegame,0.0,116.8
8308,freegame,0.0,0.4
8309,freegame,0.0,113.0
8310,freegame,0.0,200.0
8311,freegame,0.0,167.4
8312,freegame,0.0,4.4
8313,freegame,0.0,6.2
8314,freegame,0.0,16.9
8315,freegame,0.0,16.4
8316,freegame,0.0,31.2
8317,freegame,0.0,1.7
8318,freegame,0.0,35.5
8319,freegame,0.0,267.1
8320,freegame,0.0,7.8
8321,freegame,0.0,208.1
8322,freegame,0.0,57.5
8323,freegame,0.0,125.2
8324,freegame,0.0,30.0
8325,freegame,0.0,557.8
8326,freegame,0.0,6.4
8327,freegame,0.0,6.4
8328,freegame,0.0,46.6
8329,freegame,0.0,4.6
8330,freegame,0.1,201.0
8331,freegame,0.0,66.5
8332,freegame,0.0,22.7
8333,freegame,0.0,250.2
8334,freegame,0.0,19.9
8335,freegame,0.0,45.0
8336,freegame,0.0,120.3
8337,freegame,0.0,20.0
8338,freegame,0.0,6.6
8339,freegame,0.0,95.0
8340,freegame,0.0,22.2
8341,freegame,0.0,346.9
8342,freegame,0.0,172.2
8343,freegame,0.0,354.0
8344,freegame,0.0,9.7
8345,freegame,0.0,2.7
8346,freegame,0.0,20.4
8347,freegame,0.0,137.3
8348,freegame,0.0,45.9
8349,freegame,0.0,21.7
8350,freegame,0.0,63.4
8351,freegame,0.0,0.8
8352,freegame,0.0,3.0
8353,freegame,0.0,59.9
8354,freegame,0.0,24.5
8355,freegame,0.0,17.4
8356,freegame,0.0,349.7
8357,freegame,0.0,11.5
8358,freegame,0.0,2.6
8359,freegame,0.0,201.0
8360,freegame,0.5,0.0
8361,freegame,0.0,64.6
8362,freegame,0.5,7.8
8363,freegame,0.0,2.5
8364,freegame,0.0,0.7
8365,freegame,0.0,72.5
8366,freegame,0.0,0.6
8367,freegame,0.0,512.1
8368,freegame,0.0,2.5
8369,freegame,0.0,22.9
8370,freegame,0.0,64.3
8371,freegame,0.7,10.6
8372,freegame,0.0,10.3
8373,freegame,0.0,5.0
8374,freegame,0.0,45.7
8375,freegame,0.0,297.1
8376,freegame,0.0,73.3
8377,freegame,0.0,30.7
8378,freegame,0.0,18.6
8379,freegame,0.0,19.4
8380,freegame,0.0,91.6
8381,freegame,0.1,0.0
8382,freegame,0.0,1027.5
8383,freegame,0.0,2.4
8384,freegame,0.0,105.7
8385,freegame,0.0,4.2
8386,freegame,0.0,5.6
8387,freegame,0.0,261.0
8388,freegame,0.0,5.3
8389,wincap,0.0,5000.0
8390,freegame,0.0,461.8
8391,freegame,0.0,347.5
8392,freegame,0.0,1.2
8393,freegame,0.0,120.0
8394,freegame,3.0,19.2
8395,freegame,0.0,17.4
8396,freegame,0.0,8.4
8397,freegame,0.0,3.2
8398,freegame,0.0,153.2
8399,freegame,0.0,267.2
8400,freegame,0.0,1.7
8401,freegame,0.0,351.5
8402,freegame,0.0,1.1
8403,freegame,0.1,325.1
8404,freegame,0.0,5.9
8405,freegame,6.0,12.5
8406,freegame,0.0,13.5
8407,freegame,0.0,12.6
8408,freegame,0.0,174.5
8409,freegame,0.0,82.2
8410,freegame,0.0,282.2
8411,freegame,0.0,0.2
8412,freegame,0.0,1.3
8413,freegame,0.0,7.7
8414,freegame,0.0,726.6
8415,freegame,0.0,31.8
8416,freegame,0.0,155.6
8417,freegame,0.0,36.3
8418,freegame,0.0,3.5
8419,freegame,0.0,117.7
8420,freegame,0.7,0.1
8421,freegame,0.1,3.9
8422,freegame,0.0,193.5
8423,freegame,0.0,11.4
8424,freegame,0.0,285.5
8425,freegame,0.0,388.4
8426,freegame,0.0,86.1
8427,freegame,0.0,15.7
8428,freegame,0.0,1.8
8429,freegame,0.0,5.5
8430,freegame,0.0,17.4
8431,freegame,0.0,33.8
8432,freegame,0.0,252.9
8433,freegame,0.3,41.8
8434,freegame,0.5,528.1
8435,freegame,0.0,125.2
8436,freegame,0.0,604.0
8437,freegame,0.0,33.0
8438,freegame,0.0,1.9
8439,freegame,0.0,39.8
8440,freegame,0.0,32.8
8441,freegame,0.0,180.1
8442,freegame,0.0,1398.6
8443,freegame,0.0,0.6
8444,freegame,0.1,66.5
8445,freegame,0.0,19.8
8446,freegame,0.0,20.5
8447,freegame,0.0,350.0
8448,freegame,0.0,5.4
8449,freegame,0.7,2.2
8450,freegame,0.0,29.8
8451,freegame,0.0,10.2
8452,freegame,0.0,63.8
8453,freegame,0.0,3.5
8454,freegame,0.0,123.1
8455,freegame,0.0,34.7
8456,freegame,0.0,90.4
8457,freegame,0.0,2.4
8458,freegame,0.0,20.2
8459,freegame,0.0,5.6
8460,freegame,0.0,1604.5
8461,freegame,0.0,11.2
8462,freegame,0.1,17.9
8463,freegame,0.0,6.7
8464,wincap,0.0,5000.0
8465,freegame,0.0,20.3
8466,freegame,0.0,2.0
8467,freegame,0.0,170.4
8468,freegame,0.3,7.6
8469,freegame,0.0,1.7
8470,freegame,1.4,0.7
8471,freegame,0.0,105.2
8472,freegame,0.0,320.8
8473,freegame,0.0,25.7
8474,freegame,0.0,635.0
8475,freegame,0.0,97.8
8476,freegame,0.0,5.5
8477,freegame,0.0,1137.2
8478,freegame,0.0,136.3
8479,freegame,0.0,41.7
8480,freegame,0.1,174.1
8481,freegame,3.3,7.5
8482,freegame,0.0,33.4
8483,freegame,0.0,355.7
8484,freegame,0.0,2.0
8485,freegame,0.0,142.8
8486,freegame,0.0,223.1
8487,freegame,0.0,104.7
8488,freegame,0.0,7.9
8489,freegame,0.0,2.6
8490,freegame,0.0,233.5
8491,freegame,0.0,124.5
8492,freegame,0.0,2.6
8493,freegame,0.0,8.0
8494,freegame,0.0,4.9
8495,freegame,0.0,9.4
8496,freegame,0.0,126.1
8497,freegame,0.0,435.4
8498,freegame,0.0,23.0
8499,freegame,0.0,30.5
8500,freegame,0.0,21.0
8501,freegame,0.0,4.4
8502,freegame,0.0,42.4
8503,freegame,0.1,6.9
8504,freegame,0.0,628.4
8505,freegame,0.0,31.8
8506,freegame,0.0,4.1
8507,freegame,0.0,8.4
8508,freegame,0.0,28.7
8509,freegame,0.0,98.3
8510,freegame,0.0,224.1
8511,freegame,0.0,1.4
8512,freegame,0.9,26.8
8513,freegame,0.0,210.5
8514,freegame,0.0,18.3
8515,freegame,0.0,211.2
8516,freegame,0.0,3.1
8517,freegame,0.0,22.8
8518,freegame,0.0,32.7
8519,freegame,0.0,19.8
8520,freegame,0.0,12.3
8521,freegame,0.0,527.3
8522,freegame,0.0,0.3
8523,freegame,0.0,10.5
8524,freegame,0.0,10.4
8525,freegame,0.0,1175.5
8526,freegame,0.0,83.9
8527,freegame,0.0,28.8
8528,freegame,0.6,267.4
8529,freegame,0.0,219.8
8530,freegame,0.0,0.3
8531,freegame,0.0,8.2
8532,freegame,0.0,56.8
8533,freegame,0.0,2.9
8534,freegame,0.0,176.5
8535,freegame,0.0,0.2
8536,freegame,0.0,71.0
8537,freegame,0.0,2.3
8538,freegame,0.0,11.8
8539,freegame,0.0,20.6
8540,freegame,0.0,16.7
8541,freegame,0.0,2.0
8542,freegame,0.0,252.6
8543,freegame,0.0,0.2
8544,freegame,0.2,12.6
8545,freegame,0.0,7.0
8546,freegame,0.0,18.4
8547,freegame,0.0,78.3
8548,freegame,0.0,54.0
8549,freegame,0.0,70.1
8550,freegame,0.0,4.2
8551,freegame,0.0,148.2
8552,freegame,0.0,9.3
8553,freegame,0.0,27.8
8554,freegame,0.0,1.6
8555,freegame,0.0,4.1
8556,freegame,0.0,396.9
8557,freegame,0.0,34.5
8558,freegame,0.0,1.2
8559,freegame,0.1,77.2
8560,freegame,0.0,23.7
8561,freegame,0.0,16.0
8562,freegame,0.0,0.7
8563,freegame,0.0,10.0
8564,freegame,0.0,557.1
8565,freegame,0.4,0.0
8566,freegame,0.0,146.4
8567,freegame,0.0,1.3
8568,freegame,0.0,45.1
8569,freegame,0.0,35.7
8570,freegame,0.0,11.7
8571,freegame,0.0,4.6
8572,freegame,0.1,130.4
8573,freegame,0.0,10.0
8574,freegame,0.0,82.3
8575,freegame,0.0,75.0
8576,freegame,0.1,6.2
8577,freegame,0.0,8.5
8578,freegame,0.3,22.0
8579,freegame,0.0,29.7
8580,freegame,0.3,83.1
8581,freegame,0.1,12.3
8582,freegame,0.0,354.7
8583,freegame,3.0,24.7
8584,freegame,0.2,9.5
8585,freegame,0.0,3.3
8586,freegame,0.0,103.3
8587,freegame,0.0,62.7
8588,freegame,0.1,6.7
8589,freegame,0.0,88.1
8590,freegame,0.0,49.8
8591,wincap,0.0,5000.0
8592,freegame,0.0,0.8
8593,freegame,0.0,301.0
8594,freegame,0.1,76.0
8595,freegame,0.0,50.4
8596,freegame,0.0,15.3
8597,freegame,0.0,242.1
8598,freegame,0.0,29.6
8599,freegame,0.0,46.8
8600,freegame,1.3,51.7
8601,freegame,0.0,18.0
8602,freegame,0.0,9.2
8603,freegame,0.0,40.7
8604,freegame,0.0,22.7
8605,freegame,0.0,0.9
8606,freegame,0.0,73.6
8607,freegame,0.0,6.9
8608,freegame,0.0,41.4
8609,freegame,0.0,26.4
8610,freegame,0.0,24.1
8611,freegame,0.1,106.1
8612,freegame,0.0,5000.0
8613,freegame,0.0,90.3
8614,freegame,0.0,271.7
8615,freegame,0.0,22.0
8616,freegame,0.1,25.4
8617,freegame,0.0,45.1
8618,freegame,0.1,3.4
8619,wincap,0.0,5000.0
8620,freegame,0.0,108.7
8621,freegame,0.0,5.4
8622,freegame,0.0,37.9
8623,freegame,0.0,107.4
8624,freegame,0.0,140.1
8625,freegame,0.0,167.0
8626,freegame,0.0,3.2
8627,freegame,0.1,219.6
8628,freegame,0.0,19.3
8629,freegame,3.0,0.3
8630,freegame,0.0,4.3
8631,freegame,0.0,691.9
8632,freegame,0.0,10.0
8633,freegame,0.0,25.6
8634,freegame,0.0,26.2
8635,freegame,0.0,12.4
8636,freegame,0.0,21.2
8637,freegame,0.0,5.4
8638,freegame,0.0,15.9
8639,freegame,0.1,47.0
8640,freegame,0.0,1.0
8641,freegame,0.0,2.5
8642,freegame,0.3,64.2
8643,freegame,0.0,69.2
8644,freegame,0.0,7.8
8645,freegame,0.0,16.4
8646,freegame,0.0,9.0
8647,freegame,0.0,233.1
8648,freegame,0.0,3.3
8649,freegame,0.0,56.1
8650,freegame,0.0,30.0
8651,freegame,0.0,49.8
8652,freegame,0.0,32.2
8653,freegame,0.0,1.1
8654,freegame,0.0,98.4
8655,freegame,3.0,2.4
8656,freegame,0.0,4.6
8657,freegame,0.0,118.6
8658,freegame,0.0,354.0
8659,freegame,0.0,162.1
8660,freegame,0.0,170.5
8661,freegame,0.0,25.4
8662,freegame,0.0,200.2
8663,freegame,0.0,24.7
8664,freegame,0.0,4.9
8665,freegame,0.0,21.3
8666,freegame,0.0,4.0
8667,freegame,0.0,91.0
8668,freegame,0.0,485.8
8669,freegame,0.0,76.2
8670,freegame,0.0,145.2
8671,wincap,0.0,5000.0
8672,freegame,0.0,21.1
8673,freegame,0.3,13.9
8674,freegame,0.0,45.9
8675,freegame,0.3,3.7
8676,freegame,0.0,129.7
8677,freegame,0.0,1.5
8678,freegame,0.0,32.3
8679,freegame,0.0,573.8
8680,freegame,0.0,66.9
8681,freegame,0.0,17.1
8682,freegame,0.0,0.1
8683,freegame,0.0,1.9
8684,freegame,0.0,1.0
8685,freegame,0.0,10.8
8686,freegame,0.0,4.6
8687,freegame,0.0,144.3
8688,freegame,0.0,19.3
8689,freegame,0.0,6.3
8690,freegame,0.0,46.4
8691,freegame,0.0,4.0
8692,freegame,0.0,49.0
8693,freegame,0.0,485.4
8694,freegame,0.0,0.1
8695,freegame,0.0,0.7
8696,freegame,0.0,12.3
8697,freegame,0.0,925.8
8698,freegame,0.0,1.2
8699,freegame,0.0,233.4
8700,freegame,0.0,105.5
8701,freegame,0.0,2.6
8702,freegame,0.0,281.4
8703,freegame,0.0,1.0
8704,freegame,0.0,1.9
8705,freegame,0.0,24.2
8706,freegame,0.0,242.7
8707,freegame,0.0,59.2
8708,freegame,0.0,23.8
8709,freegame,0.1,133.8
8710,freegame,0.0,12.0
8711,freegame,0.0,18.4
8712,freegame,0.0,5.1
8713,freegame,0.0,4.1
8714,freegame,0.0,39.3
8715,freegame,0.3,56.3
8716,freegame,0.0,4.2
8717,freegame,0.0,202.2
8718,freegame,0.0,5.8
8719,freegame,0.0,170.1
8720,freegame,0.0,100.3
8721,freegame,0.0,79.0
8722,freegame,0.0,26.2
8723,freegame,0.0,285.5
8724,freegame,0.0,26.1
8725,freegame,0.0,269.7
8726,freegame,0.0,16.7
8727,freegame,0.0,16.0
8728,freegame,0.0,5.0
8729,freegame,0.0,80.3
8730,freegame,0.0,574.7
8731,wincap,0.0,5000.0
8732,freegame,0.0,191.9
8733,freegame,0.0,47.6
8734,freegame,0.0,44.4
8735,freegame,0.0,0.8
8736,freegame,0.0,10.5
8737,freegame,0.0,8.2
8738,freegame,0.0,4.0
8739,freegame,0.0,0.3
8740,freegame,0.0,119.1
8741,freegame,0.0,30.7
8742,freegame,0.0,15.5
8743,freegame,0.0,136.0
8744,freegame,0.0,3.9
8745,freegame,0.0,0.7
8746,freegame,0.0,70.2
8747,freegame,0.0,36.4
8748,wincap,0.0,5000.0
8749,freegame,0.0,5.7
8750,freegame,0.0,10.0
8751,freegame,0.0,22.1
8752,freegame,0.0,23.0
8753,freegame,0.3,179.4
8754,freegame,3.0,36.8
8755,freegame,0.0,304.5
8756,freegame,0.0,15.2
8757,freegame,0.0,36.6
8758,freegame,0.0,67.1
8759,freegame,0.0,8.9
8760,freegame,0.0,1252.7
8761,freegame,0.0,1.5
8762,freegame,0.0,10.3
8763,freegame,0.0,10.8
8764,freegame,0.0,3.3
8765,freegame,0.0,8.2
8766,freegame,0.0,8.9
8767,freegame,0.2,4.3
8768,freegame,0.0,10.3
8769,freegame,0.0,0.1
8770,freegame,0.0,211.4
8771,freegame,0.0,0.3
8772,freegame,0.0,200.2
8773,freegame,0.0,93.4
8774,freegame,0.0,0.9
8775,freegame,0.0,1.4
8776,freegame,0.0,19.1
8777,freegame,0.0,2.7
8778,freegame,0.0,12.0
8779,freegame,0.0,10.6
8780,freegame,0.0,2.0
8781,freegame,0.0,5.8
8782,freegame,0.0,103.4
8783,freegame,0.0,24.7
8784,freegame,0.0,263.6
8785,freegame,0.0,0.8
8786,freegame,0.0,297.9
8787,freegame,0.0,9.2
8788,freegame,0.0,38.6
8789,freegame,0.0,24.4
8790,freegame,0.0,89.5
8791,freegame,0.0,64.1
8792,freegame,0.0,30.5
8793,freegame,0.0,557.2
8794,freegame,0.3,45.3
8795,freegame,0.0,15.5
8796,freegame,0.0,181.6
8797,freegame,0.0,27.7
8798,freegame,0.0,45.8
8799,freegame,0.0,104.9
8800,freegame,0.0,45.2
8801,freegame,0.0,299.4
8802,freegame,0.0,3.9
8803,freegame,0.0,29.8
8804,freegame,0.0,4.0
8805,freegame,0.0,5.2
8806,freegame,0.0,20.0
8807,freegame,2.0,0.3
8808,freegame,0.0,134.0
8809,freegame,0.0,68.9
8810,freegame,0.0,12.8
8811,freegame,0.0,1.1
8812,freegame,0.0,114.6
8813,freegame,0.0,1.5
8814,freegame,0.0,1.5
8815,freegame,0.0,242.7
8816,freegame,0.0,188.0
8817,freegame,0.0,38.3
8818,wincap,0.0,5000.0
8819,freegame,0.1,553.3
8820,freegame,0.0,596.5
8821,freegame,0.0,96.8
8822,freegame,0.0,9.0
8823,freegame,0.0,77.0
8824,freegame,0.0,10.0
8825,freegame,0.0,157.9
8826,freegame,0.0,1.4
8827,freegame,0.0,25.8
8828,freegame,0.0,95.2
8829,freegame,0.0,18.4
8830,freegame,0.0,30.0
8831,freegame,0.0,440.4
8832,freegame,0.0,51.3
8833,freegame,0.0,446.4
8834,freegame,0.0,36.3
8835,freegame,0.0,7.5
8836,freegame,0.2,97.6
8837,freegame,0.0,75.0
8838,freegame,0.0,20.1
8839,freegame,0.0,80.2
8840,freegame,0.0,114.7
8841,freegame,0.0,4.6
8842,freegame,0.0,46.3
8843,freegame,0.0,37.8
8844,freegame,0.0,99.3
8845,freegame,0.0,97.2
8846,freegame,0.0,22.2
8847,freegame,0.0,51.2
8848,freegame,0.0,64.7
8849,freegame,0.0,22.6
8850,freegame,0.0,66.0
8851,freegame,0.0,192.1
8852,freegame,0.3,36.6
8853,freegame,0.0,0.6
8854,freegame,0.0,21.9
8855,freegame,0.0,5.8
8856,freegame,0.0,243.8
8857,freegame,0.0,5.4
8858,freegame,0.0,14.1
8859,freegame,0.0,6.2
8860,freegame,0.0,21.0
8861,freegame,0.0,8.9
8862,freegame,0.0,16.7
8863,freegame,0.1,10.2
8864,freegame,0.0,86.2
8865,freegame,0.0,1218.5
8866,freegame,0.0,270.2
8867,freegame,0.3,0.2
8868,freegame,0.1,824.9
8869,freegame,0.0,125.5
8870,freegame,0.0,51.6
8871,freegame,0.0,78.2
8872,freegame,0.1,23.9
8873,freegame,0.0,212.4
8874,freegame,0.0,1949.6
8875,freegame,0.0,127.2
8876,freegame,0.0,45.4
8877,freegame,0.0,5.9
8878,freegame,0.4,25.3
8879,freegame,0.0,4.5
8880,freegame,0.0,1.0
8881,freegame,0.0,123.5
8882,freegame,0.0,30.3
8883,freegame,0.2,17.1
8884,freegame,0.0,17.9
8885,freegame,0.0,81.3
8886,freegame,0.1,20.3
8887,freegame,0.0,75.0
8888,freegame,0.0,165.0
8889,freegame,0.0,1363.5
8890,freegame,0.0,81.5
8891,freegame,0.0,9.4
8892,freegame,0.0,2.0
8893,freegame,0.0,242.9
8894,freegame,0.0,86.4
8895,freegame,0.0,5.1
8896,freegame,0.0,2.0
8897,freegame,0.0,656.6
8898,freegame,0.0,60.5
8899,freegame,0.0,6.1
8900,freegame,0.0,44.7
8901,freegame,0.0,11.4
8902,freegame,0.0,10.6
8903,freegame,0.0,2.5
8904,freegame,0.0,92.1
8905,freegame,0.2,4.8
8906,freegame,0.0,10.9
8907,freegame,0.0,43.9
8908,freegame,0.0,1.1
8909,freegame,0.0,133.6
8910,freegame,0.0,7.0
8911,freegame,0.0,218.0
8912,freegame,0.0,50.3
8913,freegame,0.0,20.2
8914,freegame,0.0,76.1
8915,freegame,0.0,1.5
8916,freegame,0.0,10.2
8917,freegame,0.0,1.6
8918,freegame,0.0,14.0
8919,freegame,0.0,8.6
8920,freegame,0.0,11.4
8921,freegame,0.0,85.0
8922,freegame,1.0,5.0
8923,freegame,0.0,1.3
8924,freegame,0.0,457.1
8925,freegame,0.6,8.5
8926,freegame,0.0,431.5
8927,freegame,0.0,34.0
8928,freegame,0.0,69.6
8929,freegame,0.0,51.4
8930,freegame,0.0,1.4
8931,freegame,0.4,39.5
8932,freegame,0.0,1.1
8933,freegame,0.0,6.3
8934,freegame,0.0,1.0
8935,freegame,0.0,1.0
8936,freegame,0.0,181.7
8937,freegame,0.0,1.8
8938,freegame,0.0,4.0
8939,freegame,0.0,151.3
8940,freegame,0.0,2.5
8941,freegame,0.0,180.0
8942,freegame,0.0,0.6
8943,freegame,0.0,58.4
8944,freegame,0.0,9.7
8945,freegame,1.0,219.7
8946,freegame,0.0,0.4
8947,freegame,0.0,21.2
8948,freegame,0.0,48.8
8949,wincap,0.1,5000.0
8950,freegame,0.2,68.7
8951,freegame,0.0,57.0
8952,freegame,0.0,0.7
8953,freegame,0.0,7.2
8954,freegame,0.0,4.4
8955,freegame,0.0,12.7
8956,freegame,0.0,8.5
8957,freegame,0.0,3.2
8958,freegame,0.0,6.5
8959,freegame,0.0,227.1
8960,freegame,0.0,1.5
8961,freegame,0.1,45.1
8962,freegame,0.0,14.8
8963,freegame,0.0,75.4
8964,freegame,0.2,70.3
8965,freegame,0.0,40.3
8966,freegame,0.0,33.0
8967,freegame,0.0,36.2
8968,freegame,0.3,12.5
8969,freegame,0.0,11.4
8970,freegame,0.0,20.9
8971,freegame,0.0,3.7
8972,freegame,0.0,0.3
8973,freegame,0.0,25.0
8974,freegame,0.0,12.4
8975,freegame,0.0,2.6
8976,freegame,0.0,0.3
8977,wincap,0.0,5000.0
8978,freegame,0.0,26.5
8979,freegame,0.0,4.8
8980,freegame,0.0,10.8
8981,freegame,0.0,178.7
8982,freegame,0.0,9.8
8983,freegame,0.0,13.1
8984,freegame,0.0,246.9
8985,freegame,0.0,15.1
8986,freegame,0.0,0.9
8987,freegame,0.0,25.5
8988,freegame,0.0,691.4
8989,freegame,0.0,9.1
8990,freegame,0.0,3.2
8991,freegame,0.0,26.3
8992,freegame,0.0,512.9
8993,freegame,0.0,1.3
8994,freegame,0.0,312.6
8995,freegame,0.0,143.7
8996,freegame,0.0,46.6
8997,freegame,0.0,90.1
8998,freegame,0.0,4.2
8999,freegame,0.0,1.0
9000,freegame,0.0,42.4
9001,freegame,0.0,28.2
9002,freegame,0.0,781.4
9003,freegame,0.0,1003.1
9004,freegame,0.0,27.9
9005,freegame,0.0,3.6
9006,freegame,0.0,52.1
9007,freegame,0.8,104.0
9008,freegame,0.0,22.7
9009,freegame,0.0,6.5
9010,freegame,0.0,14.3
9011,freegame,0.0,28.7
9012,freegame,0.0,144.4
9013,freegame,0.0,2.3
9014,freegame,0.0,5.8
9015,freegame,0.0,367.5
9016,freegame,0.2,102.8
9017,freegame,0.0,3.2
9018,freegame,0.0,150.5
9019,freegame,0.0,17.2
9020,freegame,0.0,1.2
9021,freegame,0.0,6.1
9022,freegame,0.0,90.2
9023,freegame,0.0,64.8
9024,freegame,0.0,13.9
9025,freegame,0.0,15.5
9026,freegame,0.0,9.9
9027,freegame,0.0,90.2
9028,freegame,0.0,400.1
9029,freegame,0.0,140.3
9030,freegame,0.0,42.0
9031,freegame,0.0,38.9
9032,freegame,0.0,130.3
9033,freegame,0.0,58.0
9034,freegame,0.0,0.9
9035,freegame,0.0,1.6
9036,freegame,0.0,1.5
9037,freegame,0.0,206.2
9038,freegame,0.0,38.5
9039,freegame,0.0,2.0
9040,freegame,0.0,55.8
9041,freegame,0.0,175.1
9042,freegame,0.3,165.9
9043,freegame,0.0,49.0
9044,freegame,0.0,17.9
9045,freegame,0.0,5.1
9046,freegame,0.0,3.0
9047,freegame,0.0,0.2
9048,freegame,0.0,28.0
9049,freegame,0.0,223.9
9050,wincap,0.0,5000.0
9051,freegame,0.0,117.2
9052,freegame,0.0,1.2
9053,freegame,0.0,93.2
9054,freegame,0.0,19.7
9055,freegame,0.0,37.0
9056,freegame,0.0,4.6
9057,freegame,0.0,1.6
9058,freegame,0.0,1664.6
9059,freegame,0.0,48.2
9060,freegame,0.0,28.0
9061,freegame,0.0,11.2
9062,freegame,0.0,18.6
9063,freegame,0.0,34.9
9064,freegame,0.0,0.8
9065,freegame,0.0,3.9
9066,freegame,0.0,1.3
9067,freegame,0.0,23.1
9068,freegame,0.0,26.1
9069,freegame,0.0,5.2
9070,freegame,0.0,35.3
9071,freegame,0.0,10.7
9072,freegame,0.0,6.4
9073,freegame,0.0,179.7
9074,freegame,0.0,35.5
9075,freegame,0.0,62.3
9076,freegame,0.0,6.8
9077,freegame,0.0,24.1
9078,freegame,0.0,2.4
9079,freegame,0.0,86.7
9080,freegame,0.1,43.9
9081,freegame,0.0,17.7
9082,freegame,0.0,2.8
9083,freegame,0.0,65.5
9084,freegame,0.0,1.2
9085,freegame,0.0,16.3
9086,freegame,0.0,63.6
9087,freegame,0.0,92.6
9088,freegame,0.0,8.3
9089,freegame,0.0,5.1
9090,freegame,0.0,22.5
9091,freegame,0.0,60.8
9092,freegame,0.0,171.1
9093,freegame,0.0,20.5
9094,freegame,0.0,160.6
9095,freegame,0.0,20.6
9096,freegame,0.0,4.7
9097,freegame,0.0,7.0
9098,freegame,0.3,8.5
9099,freegame,0.0,30.4
9100,freegame,0.0,830.8
9101,freegame,0.0,6.7
9102,freegame,0.0,466.5
9103,freegame,0.0,9.5
9104,freegame,0.0,132.0
9105,freegame,0.1,1.9
9106,freegame,0.0,0.1
9107,freegame,0.0,206.3
9108,freegame,0.0,0.3
9109,freegame,0.0,69.8
9110,freegame,0.0,3.1
9111,freegame,0.0,4.7
9112,freegame,0.0,220.6
9113,freegame,0.0,6.0
9114,freegame,0.0,29.0
9115,freegame,0.0,9.4
9116,freegame,0.0,10.5
9117,freegame,0.0,201.5
9118,freegame,0.3,24.3
9119,freegame,0.0,88.1
9120,freegame,0.0,46.8
9121,freegame,0.0,3.2
9122,freegame,0.0,762.8
9123,freegame,0.0,81.1
9124,freegame,0.0,3.4
9125,freegame,0.0,4.2
9126,freegame,0.0,139.8
9127,freegame,0.0,3.6
9128,freegame,0.0,42.5
9129,freegame,0.0,107.5
9130,freegame,0.0,260.8
9131,freegame,0.0,55.5
9132,freegame,0.0,7.1
9133,freegame,0.0,192.0
9134,freegame,0.0,54.5
9135,freegame,0.0,1.1
9136,freegame,0.0,144.2
9137,freegame,0.0,8.7
9138,freegame,0.0,30.2
9139,freegame,0.0,63.5
9140,freegame,0.0,79.5
9141,freegame,0.0,2.4
9142,freegame,0.0,7.3
9143,freegame,0.0,75.0
9144,freegame,0.2,141.3
9145,freegame,0.0,4.7
9146,freegame,0.0,405.3
9147,freegame,0.0,21.6
9148,freegame,0.0,173.7
9149,freegame,0.0,12.6
9150,freegame,0.0,43.0
9151,freegame,0.0,19.7
9152,freegame,0.0,11.6
9153,freegame,0.0,96.6
9154,freegame,0.0,3.4
9155,freegame,0.0,24.2
9156,freegame,0.0,2.8
9157,freegame,0.0,0.3
9158,freegame,1.0,4.2
9159,freegame,0.0,166.0
9160,freegame,0.0,1.0
9161,freegame,0.0,9.8
9162,freegame,0.1,69.1
9163,freegame,0.3,123.1
9164,freegame,0.0,267.5
9165,freegame,0.0,145.4
9166,freegame,0.0,12.7
9167,freegame,0.0,64.5
9168,freegame,0.0,74.4
9169,freegame,0.0,167.0
9170,freegame,0.0,22.3
9171,freegame,0.0,70.8
9172,freegame,0.3,10.5
9173,freegame,0.0,0.1
9174,freegame,0.0,6.5
9175,freegame,0.1,34.6
9176,freegame,0.0,11.8
9177,freegame,0.0,83.2
9178,freegame,0.0,392.6
9179,freegame,0.0,34.1
9180,freegame,0.0,6.4
9181,freegame,0.0,9.0
9182,freegame,0.0,93.2
9183,freegame,0.0,16.1
9184,freegame,0.0,202.7
9185,freegame,0.0,43.3
9186,freegame,0.0,49.3
9187,freegame,0.0,52.5
9188,freegame,0.0,19.2
9189,freegame,0.0,0.5
9190,freegame,0.0,25.4
9191,freegame,0.0,9.0
9192,freegame,0.0,5.0
9193,freegame,0.0,183.0
9194,freegame,0.0,23.5
9195,freegame,0.0,440.4
9196,freegame,0.0,332.0
9197,freegame,0.5,87.1
9198,freegame,0.3,12.9
9199,freegame,0.0,88.9
9200,freegame,0.0,72.5
9201,freegame,0.0,48.9
9202,freegame,0.0,353.9
9203,freegame,0.0,148.8
9204,freegame,0.0,151.0
9205,freegame,0.0,10.0
9206,freegame,0.0,44.3
9207,freegame,0.0,224.5
9208,freegame,0.0,1.4
9209,freegame,0.0,38.6
9210,freegame,0.0,1995.1
9211,freegame,0.3,279.1
9212,freegame,0.0,61.0
9213,freegame,0.0,38.2
9214,freegame,0.0,2.8
9215,freegame,0.2,3.0
9216,freegame,0.0,31.6
9217,freegame,0.0,0.8
9218,freegame,0.0,138.3
9219,freegame,0.2,53.2
9220,freegame,0.0,35.7
9221,freegame,0.0,1.4
9222,freegame,0.0,120.6
9223,freegame,0.0,53.5
9224,freegame,0.0,1.5
9225,freegame,0.0,138.8
9226,freegame,3.0,2.0
9227,freegame,0.0,167.6
9228,freegame,0.0,58.9
9229,freegame,0.0,32.0
9230,freegame,0.0,2.2
9231,freegame,0.0,30.3
9232,freegame,0.0,9.2
9233,freegame,0.0,188.7
9234,freegame,0.0,1.3
9235,freegame,0.0,722.8
9236,freegame,0.0,3.5
9237,freegame,0.0,95.1
9238,freegame,0.0,18.9
9239,freegame,0.0,2.0
9240,freegame,0.0,5.0
9241,freegame,0.0,1401.8
9242,freegame,0.0,28.2
9243,freegame,0.0,6.8
9244,freegame,0.0,14.9
9245,freegame,0.0,17.2
9246,freegame,0.0,3.1
9247,freegame,0.0,89.1
9248,freegame,0.0,24.3
9249,freegame,0.0,89.0
9250,freegame,0.0,34.7
9251,freegame,0.0,63.2
9252,freegame,0.0,897.7
9253,freegame,0.0,23.1
9254,freegame,0.0,55.1
9255,freegame,0.0,100.6
9256,freegame,0.0,6.1
9257,freegame,0.0,27.0
9258,freegame,0.0,6.6
9259,freegame,0.0,21.5
9260,freegame,0.0,1.0
9261,freegame,0.0,10.2
9262,freegame,0.0,17.6
9263,freegame,0.0,5.7
9264,freegame,0.0,0.5
9265,freegame,0.0,20.7
9266,freegame,0.0,2.8
9267,freegame,0.0,34.3
9268,wincap,0.3,5000.0
9269,freegame,0.0,402.9
9270,freegame,0.0,13.0
9271,freegame,0.0,7.8
9272,freegame,0.0,276.6
9273,freegame,0.0,567.3
9274,freegame,0.0,132.5
9275,freegame,0.0,12.0
9276,freegame,0.0,7.5
9277,freegame,0.0,422.3
9278,freegame,0.0,40.6
9279,freegame,0.0,233.1
9280,freegame,0.0,4.0
9281,freegame,0.0,5.2
9282,freegame,0.0,1.6
9283,freegame,0.0,90.2
9284,freegame,0.0,11.4
9285,freegame,0.0,96.4
9286,freegame,0.0,122.7
9287,freegame,0.0,11.7
9288,freegame,0.0,1104.4
9289,freegame,0.0,119.8
9290,freegame,0.0,11.9
9291,freegame,0.0,50.8
9292,freegame,0.0,0.4
9293,freegame,0.0,13.5
9294,freegame,0.0,54.6
9295,freegame,0.0,2.0
9296,freegame,0.0,11.6
9297,freegame,0.0,77.2
9298,freegame,0.0,1.9
9299,freegame,0.0,2.2
9300,freegame,0.0,25.1
9301,freegame,0.0,3.0
9302,freegame,0.0,1078.6
9303,freegame,0.0,111.8
9304,freegame,0.0,28.9
9305,freegame,3.0,43.4
9306,freegame,0.0,0.7
9307,freegame,0.0,13.7
9308,freegame,0.0,3.4
9309,freegame,0.0,19.4
9310,freegame,0.0,133.8
9311,freegame,0.0,3.0
9312,freegame,0.0,21.2
9313,freegame,0.0,8.4
9314,freegame,0.0,442.2
9315,freegame,0.0,11.1
9316,freegame,0.2,2.3
9317,freegame,0.0,26.3
9318,freegame,0.0,3.5
9319,freegame,0.0,5.1
9320,freegame,0.0,0.5
9321,freegame,0.0,99.5
9322,freegame,0.0,51.6
9323,freegame,0.0,0.7
9324,freegame,0.0,13.2
9325,freegame,0.1,88.6
9326,freegame,0.0,91.8
9327,freegame,0.0,20.0
9328,freegame,0.0,38.7
9329,freegame,0.0,7.1
9330,freegame,0.0,928.5
9331,freegame,0.0,160.2
9332,freegame,0.3,36.2
9333,freegame,0.0,7.9
9334,freegame,0.0,290.1
9335,freegame,0.0,18.3
9336,freegame,0.0,3.6
9337,freegame,0.0,17.9
9338,freegame,0.0,4.4
9339,freegame,0.0,0.2
9340,freegame,0.0,84.6
9341,freegame,0.0,9.3
9342,freegame,0.0,113.4
9343,freegame,0.0,5.8
9344,freegame,0.0,69.4
9345,freegame,0.0,71.0
9346,freegame,0.0,32.2
9347,freegame,40.0,22.7
9348,freegame,0.0,3.2
9349,freegame,0.0,187.4
9350,freegame,0.0,13.0
9351,freegame,1.0,5.7
9352,freegame,0.0,30.5
9353,freegame,0.0,9.2
9354,freegame,0.0,46.7
9355,freegame,0.0,1.3
9356,freegame,0.0,2354.1
9357,freegame,0.0,36.0
9358,freegame,0.3,1.6
9359,freegame,0.0,21.6
9360,freegame,0.0,15.5
9361,freegame,0.0,8.7
9362,freegame,0.0,7.7
9363,freegame,0.0,135.1
9364,freegame,0.0,60.3
9365,freegame,0.0,3.4
9366,freegame,0.0,2.2
9367,freegame,0.0,284.2
9368,freegame,0.1,31.9
9369,freegame,0.0,29.4
9370,freegame,0.3,184.0
9371,freegame,0.0,1131.1
9372,freegame,0.0,18.9
9373,freegame,0.0,4.0
9374,freegame,0.0,41.9
9375,freegame,0.0,225.3
9376,freegame,0.0,40.9
9377,freegame,0.0,137.9
9378,freegame,0.0,5.3
9379,freegame,0.0,27.7
9380,freegame,0.0,323.1
9381,freegame,0.0,914.3
9382,freegame,0.0,24.2
9383,freegame,0.0,67.1
9384,freegame,0.0,0.9
9385,freegame,0.0,22.0
9386,freegame,0.0,5.4
9387,freegame,0.0,2.9
9388,freegame,0.1,11.4
9389,freegame,0.0,3.7
9390,wincap,0.0,5000.0
9391,freegame,0.0,12.0
9392,freegame,0.0,38.8
9393,freegame,0.0,700.6
9394,freegame,0.0,7.0
9395,freegame,0.0,227.3
9396,freegame,0.0,3.0
9397,freegame,0.0,57.7
9398,freegame,0.0,80.0
9399,freegame,0.0,40.0
9400,freegame,0.0,14.7
9401,freegame,0.0,91.0
9402,freegame,0.0,27.4
9403,freegame,0.0,1.0
9404,freegame,0.0,131.4
9405,freegame,0.0,12.8
9406,freegame,0.0,1.0
9407,freegame,0.0,44.3
9408,freegame,0.0,10.5
9409,freegame,0.0,12.3
9410,freegame,0.0,9.5
9411,freegame,0.0,4.8
9412,freegame,0.0,2.3
9413,freegame,0.0,32.6
9414,freegame,0.0,125.5
9415,freegame,0.0,14.6
9416,freegame,0.0,60.6
9417,freegame,0.8,2.2
9418,freegame,0.0,269.9
9419,freegame,0.6,13.4
9420,freegame,0.0,1.0
9421,freegame,0.0,1.5
9422,freegame,0.0,11.0
9423,freegame,0.0,152.2
9424,freegame,0.0,9.8
9425,freegame,0.0,337.2
9426,freegame,0.0,27.5
9427,freegame,0.1,95.0
9428,freegame,0.0,261.2
9429,freegame,0.0,139.8
9430,freegame,0.0,67.7
9431,freegame,0.0,0.6
9432,freegame,0.0,65.3
9433,freegame,0.0,13.0
9434,freegame,0.0,47.5
9435,freegame,0.0,20.0
9436,freegame,0.1,15.0
9437,freegame,0.0,3.1
9438,freegame,0.0,0.3
9439,freegame,0.0,1110.5
9440,freegame,0.0,503.3
9441,freegame,0.0,447.0
9442,freegame,0.0,3.3
9443,freegame,0.0,9.6
9444,freegame,0.1,16.6
9445,freegame,0.0,36.4
9446,freegame,0.0,56.3
9447,wincap,0.1,5000.0
9448,freegame,0.0,186.6
9449,freegame,0.0,108.0
9450,freegame,0.0,241.5
9451,freegame,0.0,31.1
9452,freegame,0.0,148.5
9453,freegame,0.0,44.6
9454,freegame,0.0,93.5
9455,freegame,0.0,5.0
9456,freegame,0.0,126.1
9457,freegame,0.0,16.3
9458,freegame,0.0,0.7
9459,freegame,0.0,65.7
9460,freegame,0.0,54.5
9461,freegame,0.0,0.9
9462,freegame,0.0,27.7
9463,freegame,0.0,0.4
9464,freegame,0.0,10.9
9465,freegame,0.0,45.8
9466,freegame,0.0,110.6
9467,freegame,0.1,104.4
9468,freegame,0.0,34.1
9469,freegame,0.0,0.4
9470,freegame,0.0,4.6
9471,freegame,0.0,4.1
9472,freegame,0.0,196.9
9473,freegame,0.0,0.1
9474,freegame,0.0,4.8
9475,freegame,0.0,41.8
9476,freegame,0.0,1.4
9477,freegame,0.0,20.0
9478,freegame,0.0,977.7
9479,freegame,0.0,8.7
9480,freegame,0.0,18.3
9481,freegame,0.0,185.8
9482,freegame,0.0,18.8
9483,freegame,0.0,76.7
9484,freegame,0.0,170.6
9485,freegame,0.0,33.2
9486,freegame,0.0,2.0
9487,freegame,0.0,6.0
9488,freegame,0.0,278.4
9489,freegame,0.0,10.4
9490,freegame,0.0,6.7
9491,freegame,0.0,115.6
9492,freegame,0.0,135.1
9493,freegame,0.2,3.0
9494,freegame,0.0,302.4
9495,freegame,0.0,6.0
9496,freegame,0.0,113.8
9497,freegame,0.0,88.4
9498,freegame,0.0,3.0
9499,freegame,0.0,0.3
9500,freegame,0.0,29.8
9501,freegame,0.0,17.1
9502,freegame,0.0,732.4
9503,freegame,0.0,3.0
9504,freegame,0.0,32.6
9505,wincap,0.0,5000.0
9506,freegame,0.0,710.3
9507,freegame,0.0,584.4
9508,freegame,0.0,37.7
9509,freegame,0.0,97.5
9510,freegame,0.0,12.4
9511,freegame,0.0,27.7
9512,freegame,0.0,57.4
9513,freegame,0.0,4.7
9514,freegame,0.0,2.5
9515,freegame,0.3,62.7
9516,freegame,0.0,163.6
9517,freegame,0.0,29.1
9518,freegame,0.0,6.8
9519,freegame,0.0,6.8
9520,freegame,0.0,24.0
9521,freegame,0.0,0.6
9522,freegame,0.0,31.1
9523,freegame,0.0,4.3
9524,freegame,0.0,1.7
9525,freegame,0.0,227.3
9526,freegame,0.0,133.6
9527,freegame,0.0,2.3
9528,freegame,0.1,47.5
9529,freegame,0.2,40.2
9530,freegame,0.0,98.4
9531,freegame,0.0,23.6
9532,freegame,0.0,42.0
9533,freegame,0.0,13.5
9534,freegame,0.0,1160.1
9535,freegame,0.0,11.5
9536,freegame,0.0,10.5
9537,freegame,0.0,8.4
9538,freegame,0.0,21.9
9539,freegame,0.0,2.0
9540,freegame,0.0,4.2
9541,freegame,0.0,15.3
9542,freegame,0.0,300.0
9543,freegame,0.3,0.0
9544,freegame,0.0,99.5
9545,freegame,0.0,0.5
9546,freegame,0.3,181.8
9547,freegame,0.5,9.5
9548,freegame,0.0,79.0
9549,freegame,0.0,2.0
9550,freegame,0.7,6.5
9551,freegame,0.0,135.0
9552,freegame,0.0,38.0
9553,freegame,0.0,1.2
9554,freegame,0.0,117.6
9555,freegame,0.0,24.0
9556,freegame,0.0,0.3
9557,freegame,0.0,282.4
9558,freegame,0.4,185.2
9559,freegame,0.0,51.6
9560,freegame,0.1,15.3
9561,freegame,0.0,0.2
9562,wincap,0.0,5000.0
9563,freegame,0.0,223.3
9564,freegame,0.0,80.4
9565,freegame,0.0,32.4
9566,freegame,0.0,18.2
9567,freegame,0.0,91.8
9568,freegame,0.0,11.6
9569,freegame,0.0,333.9
9570,freegame,0.0,3.9
9571,freegame,0.0,1.5
9572,freegame,0.0,59.3
9573,freegame,0.0,3.3
9574,freegame,0.0,297.8
9575,freegame,0.0,12.0
9576,freegame,0.1,56.6
9577,freegame,0.0,64.5
9578,freegame,0.0,1092.7
9579,freegame,0.0,146.5
9580,freegame,0.0,117.3
9581,freegame,0.0,19.3
9582,freegame,0.0,63.8
9583,freegame,0.0,6.7
9584,freegame,0.0,1.0
9585,freegame,0.7,30.6
9586,freegame,0.0,30.3
9587,freegame,0.0,88.9
9588,freegame,0.0,17.1
9589,freegame,0.0,11.7
9590,freegame,0.2,7.5
9591,freegame,0.0,9.0
9592,freegame,0.0,0.8
9593,freegame,0.0,10.1
9594,freegame,0.0,40.8
9595,freegame,0.0,39.7
9596,freegame,0.1,239.3
9597,freegame,0.0,5.6
9598,freegame,0.0,6.8
9599,freegame,0.0,44.3
9600,freegame,0.0,180.8
9601,freegame,0.0,16.9
9602,freegame,0.1,9.6
9603,freegame,0.0,87.5
9604,freegame,0.0,2040.2
9605,freegame,0.0,330.8
9606,freegame,0.0,31.2
9607,freegame,0.0,125.6
9608,freegame,0.0,12.4
9609,freegame,0.0,155.3
9610,freegame,0.0,107.4
9611,freegame,0.0,0.6
9612,freegame,0.0,125.0
9613,freegame,0.0,7.5
9614,freegame,0.0,48.7
9615,freegame,0.0,0.7
9616,freegame,0.0,631.2
9617,freegame,0.1,32.8
9618,freegame,0.0,0.3
9619,freegame,0.0,49.0
9620,freegame,0.0,3.0
9621,freegame,0.0,60.3
9622,freegame,0.0,55.1
9623,freegame,0.0,46.7
9624,freegame,0.0,1.1
9625,freegame,0.2,60.2
9626,wincap,0.0,5000.0
9627,freegame,0.0,713.1
9628,freegame,0.0,7.6
9629,freegame,0.0,261.0
9630,freegame,0.0,501.0
9631,freegame,0.0,2.0
9632,freegame,0.0,347.9
9633,freegame,0.0,0.6
9634,freegame,0.0,3.1
9635,freegame,0.0,2.7
9636,freegame,0.0,6.6
9637,freegame,0.0,49.0
9638,freegame,0.0,8.2
9639,freegame,0.0,1.9
9640,freegame,0.2,25.7
9641,wincap,0.0,5000.0
9642,freegame,0.0,81.5
9643,freegame,0.0,60.9
9644,freegame,0.0,248.7
9645,wincap,0.0,5000.0
9646,freegame,0.0,175.2
9647,freegame,0.0,0.3
9648,freegame,0.0,0.6
9649,freegame,0.0,7.2
9650,freegame,0.0,1.6
9651,freegame,0.1,399.6
9652,freegame,0.0,14.6
9653,freegame,0.0,35.9
9654,freegame,0.0,1.9
9655,freegame,0.0,8.8
9656,freegame,0.0,182.7
9657,freegame,0.0,70.0
9658,freegame,0.0,1.0
9659,freegame,0.0,0.2
9660,freegame,0.0,61.1
9661,freegame,0.4,175.7
9662,freegame,0.0,3.9
9663,freegame,0.0,256.8
9664,freegame,0.0,11.4
9665,freegame,0.0,2.4
9666,freegame,0.0,235.0
9667,freegame,0.0,16.0
9668,freegame,0.0,133.7
9669,freegame,0.0,56.3
9670,freegame,0.0,2.8
9671,freegame,0.1,68.8
9672,freegame,0.0,19.0
9673,freegame,0.0,4.0
9674,freegame,0.0,12.6
9675,freegame,0.0,6.8
9676,freegame,1.0,3.0
9677,freegame,0.0,332.4
9678,freegame,0.0,66.6
9679,freegame,0.0,17.3
9680,freegame,0.0,247.5
9681,freegame,0.0,1.6
9682,freegame,0.0,812.2
9683,freegame,0.0,36.1
9684,freegame,0.1,34.4
9685,freegame,0.0,343.8
9686,freegame,0.0,10.4
9687,freegame,0.0,1.0
9688,freegame,0.0,40.8
9689,freegame,0.0,2.3
9690,freegame,0.1,0.0
9691,freegame,0.1,187.0
9692,freegame,0.0,471.2
9693,freegame,0.0,15.0
9694,freegame,0.0,14.8
9695,freegame,0.0,12.2
9696,freegame,0.0,5.6
9697,freegame,0.0,316.0
9698,freegame,0.1,121.6
9699,freegame,0.0,38.3
9700,freegame,0.0,59.0
9701,freegame,0.0,1.1
9702,freegame,0.0,10.9
9703,freegame,0.0,210.4
9704,freegame,0.2,12.1
9705,freegame,0.3,497.1
9706,freegame,0.0,49.0
9707,freegame,0.0,711.1
9708,freegame,0.0,181.2
9709,freegame,0.0,350.5
9710,freegame,0.0,352.6
9711,freegame,0.1,38.0
9712,freegame,0.0,40.0
9713,freegame,0.0,18.4
9714,freegame,0.0,61.9
9715,freegame,0.0,80.0
9716,freegame,0.3,0.7
9717,freegame,0.0,3.0
9718,freegame,0.0,19.8
9719,freegame,0.0,51.3
9720,freegame,0.0,1.2
9721,freegame,0.1,0.9
9722,freegame,0.0,16.8
9723,freegame,0.0,193.1
9724,freegame,0.0,0.2
9725,freegame,0.0,34.5
9726,freegame,0.0,1.8
9727,freegame,0.0,5.8
9728,freegame,0.1,55.1
9729,freegame,0.0,203.7
9730,freegame,0.0,17.3
9731,freegame,0.0,40.2
9732,freegame,0.0,1.3
9733,freegame,0.7,0.4
9734,freegame,0.0,60.4
9735,freegame,0.0,0.3
9736,freegame,0.0,3.1
9737,freegame,0.0,0.4
9738,freegame,0.0,27.7
9739,freegame,0.0,2.8
9740,freegame,0.0,285.4
9741,freegame,0.0,1.3
9742,freegame,0.0,70.8
9743,freegame,0.1,29.9
9744,freegame,0.0,6.4
9745,freegame,0.0,36.3
9746,freegame,0.2,20.3
9747,freegame,0.0,6.6
9748,freegame,0.0,148.8
9749,freegame,0.0,5.1
9750,freegame,0.0,184.0
9751,freegame,0.0,1.3
9752,freegame,0.1,22.9
9753,freegame,0.0,2118.8
9754,freegame,0.0,46.1
9755,freegame,0.0,87.7
9756,freegame,0.0,0.2
9757,freegame,0.0,4.9
9758,freegame,0.0,130.0
9759,freegame,0.0,2.6
9760,freegame,0.0,2.2
9761,freegame,0.0,1030.7
9762,freegame,0.0,2.6
9763,freegame,0.3,41.7
9764,freegame,0.0,198.1
9765,freegame,0.0,171.5
9766,freegame,0.0,26.4
9767,freegame,0.0,8.4
9768,freegame,0.2,39.6
9769,freegame,0.0,4.6
9770,freegame,0.0,210.6
9771,freegame,0.0,14.0
9772,freegame,0.0,8.2
9773,freegame,0.0,61.5
9774,freegame,0.3,927.7
9775,freegame,0.0,19.0
9776,freegame,0.0,31.6
9777,freegame,0.0,4.5
9778,freegame,0.0,15.5
9779,freegame,0.0,137.7
9780,freegame,0.0,2.4
9781,freegame,0.0,2.0
9782,freegame,0.0,65.3
9783,freegame,0.0,371.5
9784,freegame,0.0,11.0
9785,freegame,0.0,1.0
9786,freegame,0.0,9.1
9787,freegame,0.0,34.1
9788,freegame,0.0,10.0
9789,freegame,0.0,5.3
9790,freegame,0.0,14.1
9791,freegame,0.0,405.3
9792,freegame,0.0,101.9
9793,freegame,0.0,181.7
9794,freegame,0.0,363.8
9795,freegame,0.1,0.4
9796,freegame,0.0,531.4
9797,freegame,0.3,6.3
9798,freegame,0.1,1513.7
9799,freegame,0.3,3.2
9800,freegame,0.0,10.7
9801,freegame,0.0,10.7
9802,freegame,0.3,20.3
9803,freegame,0.0,1.0
9804,freegame,0.3,13.3
9805,freegame,0.0,40.6
9806,freegame,0.2,335.2
9807,freegame,0.0,51.4
9808,freegame,0.0,0.3
9809,freegame,1.0,1.9
9810,freegame,0.0,216.4
9811,freegame,0.0,2.9
9812,freegame,0.0,64.4
9813,freegame,0.0,82.5
9814,freegame,0.0,2520.8
9815,freegame,0.0,10.1
9816,freegame,0.0,37.0
9817,freegame,0.7,10.1
9818,freegame,0.0,163.4
9819,freegame,0.0,20.4
9820,freegame,0.0,45.1
9821,freegame,0.0,45.2
9822,freegame,0.0,2.9
9823,freegame,0.2,146.5
9824,freegame,0.0,221.4
9825,freegame,0.0,121.0
9826,freegame,0.0,9.5
9827,freegame,0.2,12.0
9828,freegame,0.0,5.0
9829,freegame,0.0,20.6
9830,freegame,0.0,5.3
9831,freegame,0.0,495.7
9832,freegame,0.0,6.7
9833,freegame,0.0,92.9
9834,freegame,0.0,5.3
9835,freegame,0.0,4.6
9836,freegame,0.0,479.7
9837,freegame,0.0,57.4
9838,freegame,0.0,496.0
9839,freegame,0.2,38.4
9840,freegame,0.0,13.3
9841,freegame,1.1,43.4
9842,freegame,3.0,1.5
9843,freegame,0.1,234.2
9844,freegame,0.0,4.4
9845,freegame,0.3,457.8
9846,freegame,0.0,371.8
9847,freegame,0.0,33.2
9848,freegame,0.1,148.5
9849,freegame,0.0,6.8
9850,freegame,0.0,58.3
9851,freegame,0.0,245.9
9852,freegame,0.0,179.7
9853,freegame,0.0,2.5
9854,freegame,0.1,40.8
9855,freegame,0.0,10.0
9856,freegame,0.0,7.2
9857,freegame,0.0,185.3
9858,freegame,0.0,51.0
9859,freegame,0.0,158.4
9860,freegame,0.0,3.5
9861,freegame,0.0,250.6
9862,freegame,0.0,24.5
9863,freegame,0.0,0.3
9864,freegame,0.0,0.8
9865,freegame,0.0,41.5
9866,freegame,0.0,62.3
9867,freegame,0.0,0.6
9868,freegame,0.0,691.9
9869,freegame,0.0,3.7
9870,freegame,0.0,12.5
9871,freegame,0.0,4.8
9872,freegame,0.0,13.1
9873,freegame,0.0,138.6
9874,freegame,0.0,1.7
9875,freegame,0.0,10.8
9876,freegame,0.0,26.9
9877,freegame,0.0,1.0
9878,freegame,0.5,1.7
9879,freegame,0.0,29.5
9880,freegame,0.3,16.0
9881,freegame,0.0,1.5
9882,freegame,0.7,338.6
9883,freegame,0.0,1012.1
9884,freegame,0.1,3851.6
9885,freegame,0.0,625.8
9886,freegame,0.0,6.1
9887,freegame,0.0,4.1
9888,freegame,0.0,224.3
9889,freegame,0.0,100.5
9890,freegame,0.0,29.7
9891,freegame,0.1,236.2
9892,freegame,0.0,53.0
9893,freegame,0.3,66.2
9894,freegame,0.0,18.4
9895,freegame,0.0,587.2
9896,freegame,3.0,75.9
9897,freegame,0.1,10.6
9898,freegame,0.0,2.8
9899,freegame,0.0,479.2
9900,freegame,0.0,2.3
9901,freegame,0.1,47.5
9902,freegame,0.0,135.0
9903,freegame,0.0,3.4
9904,freegame,0.0,2.4
9905,freegame,0.3,310.3
9906,freegame,0.1,3.1
9907,freegame,0.0,61.4
9908,freegame,0.0,16.2
9909,freegame,0.0,29.7
9910,freegame,0.0,221.4
9911,freegame,0.0,10.0
9912,freegame,0.1,31.9
9913,freegame,0.1,2.8
9914,freegame,0.0,29.9
9915,freegame,0.0,598.8
9916,freegame,0.0,29.2
9917,freegame,0.0,4.3
9918,freegame,0.0,17.8
9919,freegame,0.0,10.6
9920,freegame,0.0,24.3
9921,freegame,0.0,13.1
9922,freegame,0.0,100.3
9923,freegame,0.0,0.2
9924,freegame,0.0,511.1
9925,freegame,0.0,67.4
9926,freegame,0.0,10.9
9927,freegame,0.0,27.6
9928,freegame,0.0,10.2
9929,freegame,0.0,122.9
9930,freegame,0.3,118.8
9931,freegame,0.0,39.2
9932,freegame,0.0,13.1
9933,freegame,0.0,7.0
9934,freegame,0.0,27.9
9935,freegame,0.0,173.7
9936,freegame,0.0,0.6
9937,freegame,0.0,14.9
9938,freegame,0.1,91.0
9939,freegame,0.0,9.7
9940,freegame,0.0,4.6
9941,freegame,0.0,251.9
9942,freegame,0.1,16.0
9943,freegame,0.0,413.1
9944,freegame,0.0,515.7
9945,freegame,0.0,2.1
9946,freegame,0.0,32.1
9947,freegame,0.0,157.8
9948,freegame,0.0,15.9
9949,freegame,0.0,19.3
9950,freegame,0.0,100.0
9951,freegame,0.7,33.2
9952,freegame,0.0,211.9
9953,freegame,0.0,2.0
9954,freegame,0.0,0.4
9955,freegame,0.0,22.6
9956,freegame,0.1,0.0
9957,freegame,0.0,35.0
9958,freegame,0.0,2710.6
9959,freegame,0.0,64.7
9960,freegame,0.3,15.0
9961,freegame,0.0,11.2
9962,freegame,0.0,11.0
9963,freegame,0.0,94.2
9964,freegame,0.0,39.4
9965,freegame,0.0,44.9
9966,freegame,0.0,77.7
9967,freegame,0.0,199.1
9968,freegame,0.0,78.6
9969,freegame,0.3,17.6
9970,freegame,0.0,227.7
9971,freegame,0.0,17.6
9972,freegame,0.0,41.3
9973,freegame,0.0,16.1
9974,freegame,0.0,202.1
9975,freegame,0.0,841.3
9976,freegame,0.0,22.4
9977,freegame,1.0,4.2
9978,freegame,0.5,5.5
9979,freegame,0.0,7.8
9980,freegame,0.0,16.4
9981,freegame,0.1,48.6
9982,freegame,0.0,0.4
9983,freegame,0.0,4.6
9984,freegame,0.0,0.5
9985,freegame,0.0,12.9
9986,freegame,0.7,17.6
9987,freegame,0.0,14.8
9988,freegame,0.1,481.2
9989,freegame,0.0,122.9
9990,freegame,0.0,10.2
9991,freegame,0.0,90.3
9992,freegame,0.0,0.9
9993,freegame,3.0,0.0
9994,freegame,0.0,51.2
9995,freegame,0.0,3.8
9996,freegame,0.0,11.3
9997,freegame,0.0,24.5
9998,freegame,0.0,1.1
9999,freegame,0.0,15.1
